Running test_mmu_translation_sanity, seed=random
cd /home/st-wangjun/project/mmu_verification/mmu_verification/output && ./simv \
	+UVM_TESTNAME=test_mmu_translation_sanity +UVM_VERBOSITY=UVM_MEDIUM +TIMEOUT=10000000  +UVM_CONFIG_DB_TRACE \
	+ntb_random_seed_automatic \
	+fsdbfile+/home/st-wangjun/project/mmu_verification/mmu_verification/output/waves/test_mmu_translation_sanity.fsdb +fsdb+autoflush +fsdb+functions +fsdb+mda \
	-l /home/st-wangjun/project/mmu_verification/mmu_verification/output/logs/test_mmu_translation_sanity_random.log
Chronologic VCS simulator copyright 1991-2022
Contains Synopsys proprietary information.
Compiler version T-2022.06_Full64; Runtime version T-2022.06_Full64;  Apr 24 23:21 2026
NOTE: automatic random seed used: 3474967379
UVM_INFO /usr/tools/synopsys/VCS2022/vcs/T-2022.06/etc/uvm-1.2/base/uvm_root.svh(402) @ 0: reporter [UVM/RELNOTES] 
----------------------------------------------------------------
UVM-1.2.Synopsys
(C) 2007-2014 Mentor Graphics Corporation
(C) 2007-2014 Cadence Design Systems, Inc.
(C) 2006-2014 Synopsys, Inc.
(C) 2011-2013 Cypress Semiconductor Corp.
(C) 2013-2014 NVIDIA Corporation
----------------------------------------------------------------

  ***********       IMPORTANT RELEASE NOTES         ************

  You are using a version of the UVM library that has been compiled
  with `UVM_NO_DEPRECATED undefined.
  See http://www.eda.org/svdb/view.php?id=3313 for more details.

  You are using a version of the UVM library that has been compiled
  with `UVM_OBJECT_DO_NOT_NEED_CONSTRUCTOR undefined.
  See http://www.eda.org/svdb/view.php?id=3770 for more details.

      (Specify +UVM_NO_RELNOTES to turn off this notice)

*Verdi* WARNING: Use VERDI_HOME to replace NOVAS_HOME because NOVAS_HOME will not be supported in future releases.
*Verdi* Loading libsscore_vcs202206.so
FSDB Dumper for VCS, Release Verdi_T-2022.06, Linux x86_64/64bit, 05/29/2022
(C) 1996 - 2022 by Synopsys, Inc.
*Verdi* FSDB WARNING: The FSDB file already exists. Overwriting the FSDB file may crash the programs that are using this file.
*Verdi* : Create FSDB file '/home/st-wangjun/project/mmu_verification/mmu_verification/output/waves/test_mmu_translation_sanity.fsdb'
*Verdi* : Begin traversing the scopes, layer (0).
*Verdi* : Enable +mda and +functions dumping.
*Verdi* : End of traversing.
UVM_INFO /usr/tools/synopsys/VCS2022/vcs/T-2022.06/etc/uvm-1.2/base/uvm_resource_db.svh(121) @ 0: reporter [CFGDB/SET] Configuration '*.IFU_VIF' (type virtual interface ifu_if) set by  = (virtual interface ifu_if) tb_top.ifu_if_inst : '{clk_i:'h0, rst_ni:'h0, ifu_mmu_va_vld:'hx, ifu_mmu_va:'hxxxxxxxxxxxxxxxx, ifu_mmu_abort:'hx, mmu_ifu_pavld:'hx, mmu_ifu_pa:'hxxxxxxx, mmu_ifu_buf:'hx, mmu_ifu_ca:'hx, mmu_ifu_deny:'hx, mmu_ifu_pgflt:'hx, mmu_ifu_sec:'hx}
UVM_INFO /usr/tools/synopsys/VCS2022/vcs/T-2022.06/etc/uvm-1.2/base/uvm_resource_db.svh(121) @ 0: reporter [CFGDB/SET] Configuration '*.LSU_VIF' (type virtual interface lsu_if) set by  = (virtual interface lsu_if) tb_top.lsu_if_inst : '{clk_i:'h0, rst_ni:'h0, lsu_mmu_va0_vld:'hx, lsu_mmu_id0:'hxx, lsu_mmu_va0:'hxxxxxxxxxxxxxxxx, lsu_mmu_st_inst0:'hx, lsu_mmu_abort0:'hx, lsu_mmu_vabuf0:'hxxxxxxx, mmu_lsu_pa0_vld:'hx, mmu_lsu_pa0:'hxxxxxxx, mmu_lsu_page_fault0:'hx, mmu_lsu_access_fault0:'hx, mmu_lsu_stall0:'h0, mmu_lsu_sec0:'hx, mmu_lsu_sh0:'hx, mmu_lsu_so0:'hx, mmu_lsu_buf0:'hx, mmu_lsu_ca0:'hx, lsu_mmu_va1_vld:'hx, lsu_mmu_id1:'hxx, lsu_mmu_va1:'hxxxxxxxxxxxxxxxx, lsu_mmu_st_inst1:'hx, lsu_mmu_abort1:'hx, lsu_mmu_vabuf1:'hxxxxxxx, mmu_lsu_pa1_vld:'hx, mmu_lsu_pa1:'hxxxxxxx, mmu_lsu_page_fault1:'hx, mmu_lsu_access_fault1:'hx, mmu_lsu_stall1:'h0, mmu_lsu_sec1:'hx, mmu_lsu_sh1:'hx, mmu_lsu_so1:'hx, mmu_lsu_buf1:'hx, mmu_lsu_ca1:'hx, lsu_mmu_va2_vld:'hx, lsu_mmu_va2:'hxxxxxxx, mmu_lsu_pa2_vld:'hx, mmu_lsu_pa2:'hxxxxxxx, mmu_lsu_sec2:'hx, mmu_lsu_pa2_err:'hx, mmu_lsu_share2:'hx, lsu_mmu_stamo_vld:'hx, lsu_mmu_stamo_pa:'hxxxxxxx, lsu_mmu_tlb_va_all_inv:'hx, lsu_mmu_tlb_all_inv:'hx, lsu_mmu_tlb_va_asid_inv:'hx, lsu_mmu_tlb_asid_all_inv:'hx, lsu_mmu_tlb_va:'hxxxxxxx, lsu_mmu_tlb_asid:'hxxxx, mmu_lsu_tlb_inv_done:'hx, mmu_lsu_tlb_busy:'hx, mmu_lsu_tlb_wakeup:'hxxx, mmu_lsu_mmu_en:'hx}
UVM_INFO /usr/tools/synopsys/VCS2022/vcs/T-2022.06/etc/uvm-1.2/base/uvm_resource_db.svh(121) @ 0: reporter [CFGDB/SET] Configuration '*.CP0_VIF' (type virtual interface cp0_if) set by  = (virtual interface cp0_if) tb_top.cp0_if_inst : '{clk_i:'h0, rst_ni:'h0, cp0_mmu_wreg:'hx, cp0_mmu_reg_num:'hx, cp0_mmu_satp_sel:'hx, cp0_mmu_wdata:'hxxxxxxxxxxxxxxxx, cp0_mmu_cskyee:'hx, cp0_mmu_icg_en:'hx, cp0_mmu_maee:'hx, cp0_mmu_mpp:'hx, cp0_mmu_mprv:'hx, cp0_mmu_mxr:'hx, cp0_mmu_no_op_req:'hx, cp0_mmu_ptw_en:'hx, cp0_mmu_sum:'hx, cp0_mmu_tlb_all_inv:'hx, cp0_yy_priv_mode:'hx, mmu_cp0_cmplt:'hx, mmu_cp0_data:'hxxxxxxxxxxxxxxxx, mmu_cp0_satp_data:'hxxxxxxxxxxxxxxxx, mmu_cp0_tlb_done:'hx, mmu_xx_mmu_en:'hx, mmu_yy_xx_no_op:'hx}
UVM_INFO /usr/tools/synopsys/VCS2022/vcs/T-2022.06/etc/uvm-1.2/base/uvm_resource_db.svh(121) @ 0: reporter [CFGDB/SET] Configuration '*.PTW_MEM_VIF' (type virtual interface ptw_mem_if) set by  = (virtual interface ptw_mem_if) tb_top.ptw_mem_if_inst : '{clk_i:'h0, rst_ni:'h0, mmu_lsu_data_req:'hx, mmu_lsu_data_req_addr:'hxxxxxxxxxx, mmu_lsu_data_req_size:'h1, lsu_mmu_data_vld:'hx, lsu_mmu_data:'hxxxxxxxxxxxxxxxx, lsu_mmu_bus_error:'hx}
UVM_INFO /usr/tools/synopsys/VCS2022/vcs/T-2022.06/etc/uvm-1.2/base/uvm_resource_db.svh(121) @ 0: reporter [CFGDB/SET] Configuration '*.PMP_VIF' (type virtual interface pmp_if) set by  = (virtual interface pmp_if) tb_top.pmp_if_inst : '{clk_i:'h0, rst_ni:'h0, mmu_pmp_pa0:'hxxxxxxx, mmu_pmp_pa1:'hxxxxxxx, mmu_pmp_pa2:'hxxxxxxx, mmu_pmp_pa3:'hxxxxxxx, mmu_pmp_pa4:'hxxxxxxx, mmu_pmp_pa5:'hxxxxxxx, mmu_pmp_pa6:'hxxxxxxx, mmu_pmp_pa7:'hxxxxxxx, mmu_pmp_fetch3:'hx, mmu_pmp_fetch5:'hx, mmu_pmp_fetch6:'hx, mmu_pmp_fetch7:'hx, pmp_mmu_flg0:'hx, pmp_mmu_flg1:'hx, pmp_mmu_flg2:'hx, pmp_mmu_flg3:'hx, pmp_mmu_flg4:'hx, pmp_mmu_flg5:'hx, pmp_mmu_flg6:'hx, pmp_mmu_flg7:'hx}
UVM_INFO /usr/tools/synopsys/VCS2022/vcs/T-2022.06/etc/uvm-1.2/base/uvm_resource_db.svh(121) @ 0: reporter [CFGDB/SET] Configuration '*.SYSMAP_CFG_VIF' (type virtual interface sysmap_cfg_if) set by  = (virtual interface sysmap_cfg_if) tb_top.sysmap_cfg_if_inst : '{clk_i:'h0, rst_ni:'h0, cfg_base:'{'h0, 'h0, 'h0, 'h0, 'h0, 'h0, 'h0, 'h0} , cfg_mask:'{'h0, 'h0, 'h0, 'h0, 'h0, 'h0, 'h0, 'h0} , cfg_flg:'{'h0, 'h0, 'h0, 'h0, 'h0, 'h0, 'h0, 'h0} , cfg_enable:'{'h0, 'h0, 'h0, 'h0, 'h0, 'h0, 'h0, 'h0} }
UVM_INFO /usr/tools/synopsys/VCS2022/vcs/T-2022.06/etc/uvm-1.2/base/uvm_resource_db.svh(121) @ 0: reporter [CFGDB/SET] Configuration '*.MISC_VIF' (type virtual interface misc_if) set by  = (virtual interface misc_if) tb_top.misc_if_inst : '{clk_i:'h0, rst_ni:'h0, rtu_mmu_bad_vpn:'hxxxxxxx, rtu_mmu_expt_vld:'hx, rtu_yy_xx_flush:'hx, hpcp_mmu_cnt_en:'hx, mmu_hpcp_dutlb_miss:'hx, mmu_hpcp_iutlb_miss:'hx, mmu_hpcp_jtlb_miss:'hx, pad_yy_icg_scan_en:'hx, biu_mmu_smp_disable:'hx, mmu_had_debug_info:'hxxxxxxxxx}
UVM_INFO /usr/tools/synopsys/VCS2022/vcs/T-2022.06/etc/uvm-1.2/base/uvm_resource_db.svh(121) @ 0: reporter [CFGDB/SET] Configuration '*.timeout' (type int) set by  = (int) 100000
UVM_INFO /usr/tools/synopsys/VCS2022/vcs/T-2022.06/etc/uvm-1.2/base/uvm_resource_db.svh(121) @ 0: reporter [CFGDB/GET] Configuration 'uvm_test_top.recording_detail' (type logic signed[4095:0]) read by uvm_test_top = null (failed lookup)
UVM_INFO /usr/tools/synopsys/VCS2022/vcs/T-2022.06/etc/uvm-1.2/base/uvm_resource_db.svh(121) @ 0: reporter [CFGDB/GET] Configuration 'uvm_test_top.recording_detail' (type int) read by uvm_test_top = null (failed lookup)
UVM_INFO @ 0: reporter [RNTST] Running test test_mmu_translation_sanity...
UVM_INFO /usr/tools/synopsys/VCS2022/vcs/T-2022.06/etc/uvm-1.2/base/uvm_resource_db.svh(121) @ 0: reporter [CFGDB/GET] Configuration 'uvm_test_top.m_cfg' (type class mmu_env_pkg::mmu_top_cfg) read by uvm_test_top = null (failed lookup)
UVM_INFO /home/st-wangjun/project/mmu_verification/mmu_verification/testbench/test/test_base.svh(41) @ 0: uvm_test_top [test_mmu_translation_sanity] mmu_top_cfg not in config_db — creating default instance
UVM_INFO /usr/tools/synopsys/VCS2022/vcs/T-2022.06/etc/uvm-1.2/base/uvm_resource_db.svh(121) @ 0: reporter [CFGDB/SET] Configuration 'uvm_test_top.*.m_cfg' (type class mmu_env_pkg::mmu_top_cfg) set by uvm_test_top = (class mmu_env_pkg::mmu_top_cfg) '{use_uvm_seeding:'h1, m_leaf_name:"m_cfg", m_inst_id:418, m_inst_count:422, __m_uvm_status_container:{ ref to class uvm_status_container}, uvm_global_copy_map:'{}, type_name:"mmu_top_cfg", ifu_agent_mode:UVM_ACTIVE, lsu_agent_mode:UVM_ACTIVE, cp0_agent_mode:UVM_ACTIVE, ptw_mem_agent_mode:UVM_ACTIVE, pmp_agent_mode:UVM_ACTIVE, sysmap_cfg_agent_mode:UVM_ACTIVE, misc_agent_mode:UVM_ACTIVE, en_translation_sb:'h1, en_invalidate_sb:'h1, en_credit_sb:'h1, en_perf_mon:'h1, ref_model_strict:'h1, en_sva_arb:'h1, en_sva_rrpv:'h1, en_sva_plru:'h1, en_sva_credit:'h1}
UVM_INFO /usr/tools/synopsys/VCS2022/vcs/T-2022.06/etc/uvm-1.2/base/uvm_resource_db.svh(121) @ 0: reporter [CFGDB/GET] Configuration 'uvm_test_top.m_env.recording_detail' (type logic signed[4095:0]) read by uvm_test_top.m_env = null (failed lookup)
UVM_INFO /usr/tools/synopsys/VCS2022/vcs/T-2022.06/etc/uvm-1.2/base/uvm_resource_db.svh(121) @ 0: reporter [CFGDB/GET] Configuration 'uvm_test_top.m_env.recording_detail' (type int) read by uvm_test_top.m_env = null (failed lookup)
UVM_INFO /usr/tools/synopsys/VCS2022/vcs/T-2022.06/etc/uvm-1.2/base/uvm_resource_db.svh(121) @ 0: reporter [CFGDB/GET] Configuration 'uvm_test_top.m_env.m_cfg' (type class mmu_env_pkg::mmu_top_cfg) read by uvm_test_top.m_env = (class mmu_env_pkg::mmu_top_cfg) '{use_uvm_seeding:'h1, m_leaf_name:"m_cfg", m_inst_id:418, m_inst_count:438, __m_uvm_status_container:{ ref to class uvm_status_container}, uvm_global_copy_map:'{}, type_name:"mmu_top_cfg", ifu_agent_mode:UVM_ACTIVE, lsu_agent_mode:UVM_ACTIVE, cp0_agent_mode:UVM_ACTIVE, ptw_mem_agent_mode:UVM_ACTIVE, pmp_agent_mode:UVM_ACTIVE, sysmap_cfg_agent_mode:UVM_ACTIVE, misc_agent_mode:UVM_ACTIVE, en_translation_sb:'h1, en_invalidate_sb:'h1, en_credit_sb:'h1, en_perf_mon:'h1, ref_model_strict:'h1, en_sva_arb:'h1, en_sva_rrpv:'h1, en_sva_plru:'h1, en_sva_credit:'h1}
UVM_INFO /usr/tools/synopsys/VCS2022/vcs/T-2022.06/etc/uvm-1.2/base/uvm_resource_db.svh(121) @ 0: reporter [CFGDB/GET] Configuration 'uvm_test_top.m_env.m_cp0.recording_detail' (type logic signed[4095:0]) read by uvm_test_top.m_env.m_cp0 = null (failed lookup)
UVM_INFO /usr/tools/synopsys/VCS2022/vcs/T-2022.06/etc/uvm-1.2/base/uvm_resource_db.svh(121) @ 0: reporter [CFGDB/GET] Configuration 'uvm_test_top.m_env.m_cp0.recording_detail' (type int) read by uvm_test_top.m_env.m_cp0 = null (failed lookup)
UVM_INFO /usr/tools/synopsys/VCS2022/vcs/T-2022.06/etc/uvm-1.2/base/uvm_resource_db.svh(121) @ 0: reporter [CFGDB/GET] Configuration 'uvm_test_top.m_env.m_pmp.recording_detail' (type logic signed[4095:0]) read by uvm_test_top.m_env.m_pmp = null (failed lookup)
UVM_INFO /usr/tools/synopsys/VCS2022/vcs/T-2022.06/etc/uvm-1.2/base/uvm_resource_db.svh(121) @ 0: reporter [CFGDB/GET] Configuration 'uvm_test_top.m_env.m_pmp.recording_detail' (type int) read by uvm_test_top.m_env.m_pmp = null (failed lookup)
UVM_INFO /usr/tools/synopsys/VCS2022/vcs/T-2022.06/etc/uvm-1.2/base/uvm_resource_db.svh(121) @ 0: reporter [CFGDB/GET] Configuration 'uvm_test_top.m_env.m_sysmap_cfg.recording_detail' (type logic signed[4095:0]) read by uvm_test_top.m_env.m_sysmap_cfg = null (failed lookup)
UVM_INFO /usr/tools/synopsys/VCS2022/vcs/T-2022.06/etc/uvm-1.2/base/uvm_resource_db.svh(121) @ 0: reporter [CFGDB/GET] Configuration 'uvm_test_top.m_env.m_sysmap_cfg.recording_detail' (type int) read by uvm_test_top.m_env.m_sysmap_cfg = null (failed lookup)
UVM_INFO /usr/tools/synopsys/VCS2022/vcs/T-2022.06/etc/uvm-1.2/base/uvm_resource_db.svh(121) @ 0: reporter [CFGDB/GET] Configuration 'uvm_test_top.m_env.m_ifu.recording_detail' (type logic signed[4095:0]) read by uvm_test_top.m_env.m_ifu = null (failed lookup)
UVM_INFO /usr/tools/synopsys/VCS2022/vcs/T-2022.06/etc/uvm-1.2/base/uvm_resource_db.svh(121) @ 0: reporter [CFGDB/GET] Configuration 'uvm_test_top.m_env.m_ifu.recording_detail' (type int) read by uvm_test_top.m_env.m_ifu = null (failed lookup)
UVM_INFO /usr/tools/synopsys/VCS2022/vcs/T-2022.06/etc/uvm-1.2/base/uvm_resource_db.svh(121) @ 0: reporter [CFGDB/GET] Configuration 'uvm_test_top.m_env.m_lsu.recording_detail' (type logic signed[4095:0]) read by uvm_test_top.m_env.m_lsu = null (failed lookup)
UVM_INFO /usr/tools/synopsys/VCS2022/vcs/T-2022.06/etc/uvm-1.2/base/uvm_resource_db.svh(121) @ 0: reporter [CFGDB/GET] Configuration 'uvm_test_top.m_env.m_lsu.recording_detail' (type int) read by uvm_test_top.m_env.m_lsu = null (failed lookup)
UVM_INFO /usr/tools/synopsys/VCS2022/vcs/T-2022.06/etc/uvm-1.2/base/uvm_resource_db.svh(121) @ 0: reporter [CFGDB/GET] Configuration 'uvm_test_top.m_env.m_ptw_mem.recording_detail' (type logic signed[4095:0]) read by uvm_test_top.m_env.m_ptw_mem = null (failed lookup)
UVM_INFO /usr/tools/synopsys/VCS2022/vcs/T-2022.06/etc/uvm-1.2/base/uvm_resource_db.svh(121) @ 0: reporter [CFGDB/GET] Configuration 'uvm_test_top.m_env.m_ptw_mem.recording_detail' (type int) read by uvm_test_top.m_env.m_ptw_mem = null (failed lookup)
UVM_INFO /home/st-wangjun/project/mmu_verification/mmu_verification/testbench/env/mmu_page_table_mem.svh(29) @ 0: reporter [mmu_page_table_mem] mmu_page_table_mem initialised
UVM_INFO /usr/tools/synopsys/VCS2022/vcs/T-2022.06/etc/uvm-1.2/base/uvm_resource_db.svh(121) @ 0: reporter [CFGDB/GET] Configuration 'uvm_test_top.m_env.m_ref.recording_detail' (type logic signed[4095:0]) read by uvm_test_top.m_env.m_ref = null (failed lookup)
UVM_INFO /usr/tools/synopsys/VCS2022/vcs/T-2022.06/etc/uvm-1.2/base/uvm_resource_db.svh(121) @ 0: reporter [CFGDB/GET] Configuration 'uvm_test_top.m_env.m_ref.recording_detail' (type int) read by uvm_test_top.m_env.m_ref = null (failed lookup)
UVM_INFO /usr/tools/synopsys/VCS2022/vcs/T-2022.06/etc/uvm-1.2/base/uvm_resource_db.svh(121) @ 0: reporter [CFGDB/GET] Configuration 'uvm_test_top.m_env.m_translation_sb.recording_detail' (type logic signed[4095:0]) read by uvm_test_top.m_env.m_translation_sb = null (failed lookup)
UVM_INFO /usr/tools/synopsys/VCS2022/vcs/T-2022.06/etc/uvm-1.2/base/uvm_resource_db.svh(121) @ 0: reporter [CFGDB/GET] Configuration 'uvm_test_top.m_env.m_translation_sb.recording_detail' (type int) read by uvm_test_top.m_env.m_translation_sb = null (failed lookup)
UVM_INFO /usr/tools/synopsys/VCS2022/vcs/T-2022.06/etc/uvm-1.2/base/uvm_resource_db.svh(121) @ 0: reporter [CFGDB/GET] Configuration 'uvm_test_top.m_env.m_misc.recording_detail' (type logic signed[4095:0]) read by uvm_test_top.m_env.m_misc = null (failed lookup)
UVM_INFO /usr/tools/synopsys/VCS2022/vcs/T-2022.06/etc/uvm-1.2/base/uvm_resource_db.svh(121) @ 0: reporter [CFGDB/GET] Configuration 'uvm_test_top.m_env.m_misc.recording_detail' (type int) read by uvm_test_top.m_env.m_misc = null (failed lookup)
UVM_INFO /usr/tools/synopsys/VCS2022/vcs/T-2022.06/etc/uvm-1.2/base/uvm_resource_db.svh(121) @ 0: reporter [CFGDB/GET] Configuration 'uvm_test_top.m_env.m_credit_sb.recording_detail' (type logic signed[4095:0]) read by uvm_test_top.m_env.m_credit_sb = null (failed lookup)
UVM_INFO /usr/tools/synopsys/VCS2022/vcs/T-2022.06/etc/uvm-1.2/base/uvm_resource_db.svh(121) @ 0: reporter [CFGDB/GET] Configuration 'uvm_test_top.m_env.m_credit_sb.recording_detail' (type int) read by uvm_test_top.m_env.m_credit_sb = null (failed lookup)
UVM_INFO /usr/tools/synopsys/VCS2022/vcs/T-2022.06/etc/uvm-1.2/base/uvm_resource_db.svh(121) @ 0: reporter [CFGDB/GET] Configuration 'uvm_test_top.m_env.m_perf.recording_detail' (type logic signed[4095:0]) read by uvm_test_top.m_env.m_perf = null (failed lookup)
UVM_INFO /usr/tools/synopsys/VCS2022/vcs/T-2022.06/etc/uvm-1.2/base/uvm_resource_db.svh(121) @ 0: reporter [CFGDB/GET] Configuration 'uvm_test_top.m_env.m_perf.recording_detail' (type int) read by uvm_test_top.m_env.m_perf = null (failed lookup)
UVM_INFO /usr/tools/synopsys/VCS2022/vcs/T-2022.06/etc/uvm-1.2/base/uvm_resource_db.svh(121) @ 0: reporter [CFGDB/GET] Configuration 'uvm_test_top.m_env.m_cp0.CP0_VIF' (type virtual interface cp0_if) read by uvm_test_top.m_env.m_cp0 = (virtual interface cp0_if) tb_top.cp0_if_inst : '{clk_i:'h0, rst_ni:'h0, cp0_mmu_wreg:'hx, cp0_mmu_reg_num:'hx, cp0_mmu_satp_sel:'hx, cp0_mmu_wdata:'hxxxxxxxxxxxxxxxx, cp0_mmu_cskyee:'hx, cp0_mmu_icg_en:'hx, cp0_mmu_maee:'hx, cp0_mmu_mpp:'hx, cp0_mmu_mprv:'hx, cp0_mmu_mxr:'hx, cp0_mmu_no_op_req:'hx, cp0_mmu_ptw_en:'hx, cp0_mmu_sum:'hx, cp0_mmu_tlb_all_inv:'hx, cp0_yy_priv_mode:'hx, mmu_cp0_cmplt:'hx, mmu_cp0_data:'h0, mmu_cp0_satp_data:'hxxxxx0000xxxxxxx, mmu_cp0_tlb_done:'hx, mmu_xx_mmu_en:'hx, mmu_yy_xx_no_op:'hx}
UVM_INFO /usr/tools/synopsys/VCS2022/vcs/T-2022.06/etc/uvm-1.2/base/uvm_resource_db.svh(121) @ 0: reporter [CFGDB/GET] Configuration 'uvm_test_top.m_env.m_cp0.m_monitor.recording_detail' (type logic signed[4095:0]) read by uvm_test_top.m_env.m_cp0.m_monitor = null (failed lookup)
UVM_INFO /usr/tools/synopsys/VCS2022/vcs/T-2022.06/etc/uvm-1.2/base/uvm_resource_db.svh(121) @ 0: reporter [CFGDB/GET] Configuration 'uvm_test_top.m_env.m_cp0.m_monitor.recording_detail' (type int) read by uvm_test_top.m_env.m_cp0.m_monitor = null (failed lookup)
UVM_INFO /usr/tools/synopsys/VCS2022/vcs/T-2022.06/etc/uvm-1.2/base/uvm_resource_db.svh(121) @ 0: reporter [CFGDB/GET] Configuration 'uvm_test_top.m_env.m_cp0.m_cg.recording_detail' (type logic signed[4095:0]) read by uvm_test_top.m_env.m_cp0.m_cg = null (failed lookup)
UVM_INFO /usr/tools/synopsys/VCS2022/vcs/T-2022.06/etc/uvm-1.2/base/uvm_resource_db.svh(121) @ 0: reporter [CFGDB/GET] Configuration 'uvm_test_top.m_env.m_cp0.m_cg.recording_detail' (type int) read by uvm_test_top.m_env.m_cp0.m_cg = null (failed lookup)
UVM_INFO /usr/tools/synopsys/VCS2022/vcs/T-2022.06/etc/uvm-1.2/base/uvm_resource_db.svh(121) @ 0: reporter [CFGDB/GET] Configuration 'uvm_test_top.m_env.m_cp0.m_sequencer.recording_detail' (type logic signed[4095:0]) read by uvm_test_top.m_env.m_cp0.m_sequencer = null (failed lookup)
UVM_INFO /usr/tools/synopsys/VCS2022/vcs/T-2022.06/etc/uvm-1.2/base/uvm_resource_db.svh(121) @ 0: reporter [CFGDB/GET] Configuration 'uvm_test_top.m_env.m_cp0.m_sequencer.recording_detail' (type int) read by uvm_test_top.m_env.m_cp0.m_sequencer = null (failed lookup)
UVM_INFO /usr/tools/synopsys/VCS2022/vcs/T-2022.06/etc/uvm-1.2/base/uvm_resource_db.svh(121) @ 0: reporter [CFGDB/GET] Configuration 'uvm_test_top.m_env.m_cp0.m_sequencer.rsp_export.recording_detail' (type logic signed[4095:0]) read by uvm_test_top.m_env.m_cp0.m_sequencer.rsp_export = null (failed lookup)
UVM_INFO /usr/tools/synopsys/VCS2022/vcs/T-2022.06/etc/uvm-1.2/base/uvm_resource_db.svh(121) @ 0: reporter [CFGDB/GET] Configuration 'uvm_test_top.m_env.m_cp0.m_sequencer.rsp_export.recording_detail' (type int) read by uvm_test_top.m_env.m_cp0.m_sequencer.rsp_export = null (failed lookup)
UVM_INFO /usr/tools/synopsys/VCS2022/vcs/T-2022.06/etc/uvm-1.2/base/uvm_resource_db.svh(121) @ 0: reporter [CFGDB/GET] Configuration 'uvm_test_top.m_env.m_cp0.m_sequencer.rsp_export.check_connection_relationships' (type logic signed[4095:0]) read by uvm_test_top.m_env.m_cp0.m_sequencer.rsp_export = null (failed lookup)
UVM_INFO /usr/tools/synopsys/VCS2022/vcs/T-2022.06/etc/uvm-1.2/base/uvm_resource_db.svh(121) @ 0: reporter [CFGDB/GET] Configuration 'uvm_test_top.m_env.m_cp0.m_sequencer.sqr_rsp_analysis_fifo.recording_detail' (type logic signed[4095:0]) read by uvm_test_top.m_env.m_cp0.m_sequencer.sqr_rsp_analysis_fifo = null (failed lookup)
UVM_INFO /usr/tools/synopsys/VCS2022/vcs/T-2022.06/etc/uvm-1.2/base/uvm_resource_db.svh(121) @ 0: reporter [CFGDB/GET] Configuration 'uvm_test_top.m_env.m_cp0.m_sequencer.sqr_rsp_analysis_fifo.recording_detail' (type int) read by uvm_test_top.m_env.m_cp0.m_sequencer.sqr_rsp_analysis_fifo = null (failed lookup)
UVM_INFO /usr/tools/synopsys/VCS2022/vcs/T-2022.06/etc/uvm-1.2/base/uvm_resource_db.svh(121) @ 0: reporter [CFGDB/GET] Configuration 'uvm_test_top.m_env.m_cp0.m_sequencer.sqr_rsp_analysis_fifo.put_export.recording_detail' (type logic signed[4095:0]) read by uvm_test_top.m_env.m_cp0.m_sequencer.sqr_rsp_analysis_fifo.put_export = null (failed lookup)
UVM_INFO /usr/tools/synopsys/VCS2022/vcs/T-2022.06/etc/uvm-1.2/base/uvm_resource_db.svh(121) @ 0: reporter [CFGDB/GET] Configuration 'uvm_test_top.m_env.m_cp0.m_sequencer.sqr_rsp_analysis_fifo.put_export.recording_detail' (type int) read by uvm_test_top.m_env.m_cp0.m_sequencer.sqr_rsp_analysis_fifo.put_export = null (failed lookup)
UVM_INFO /usr/tools/synopsys/VCS2022/vcs/T-2022.06/etc/uvm-1.2/base/uvm_resource_db.svh(121) @ 0: reporter [CFGDB/GET] Configuration 'uvm_test_top.m_env.m_cp0.m_sequencer.sqr_rsp_analysis_fifo.put_export.check_connection_relationships' (type logic signed[4095:0]) read by uvm_test_top.m_env.m_cp0.m_sequencer.sqr_rsp_analysis_fifo.put_export = null (failed lookup)
UVM_INFO /usr/tools/synopsys/VCS2022/vcs/T-2022.06/etc/uvm-1.2/base/uvm_resource_db.svh(121) @ 0: reporter [CFGDB/GET] Configuration 'uvm_test_top.m_env.m_cp0.m_sequencer.sqr_rsp_analysis_fifo.get_peek_export.recording_detail' (type logic signed[4095:0]) read by uvm_test_top.m_env.m_cp0.m_sequencer.sqr_rsp_analysis_fifo.get_peek_export = null (failed lookup)
UVM_INFO /usr/tools/synopsys/VCS2022/vcs/T-2022.06/etc/uvm-1.2/base/uvm_resource_db.svh(121) @ 0: reporter [CFGDB/GET] Configuration 'uvm_test_top.m_env.m_cp0.m_sequencer.sqr_rsp_analysis_fifo.get_peek_export.recording_detail' (type int) read by uvm_test_top.m_env.m_cp0.m_sequencer.sqr_rsp_analysis_fifo.get_peek_export = null (failed lookup)
UVM_INFO /usr/tools/synopsys/VCS2022/vcs/T-2022.06/etc/uvm-1.2/base/uvm_resource_db.svh(121) @ 0: reporter [CFGDB/GET] Configuration 'uvm_test_top.m_env.m_cp0.m_sequencer.sqr_rsp_analysis_fifo.get_peek_export.check_connection_relationships' (type logic signed[4095:0]) read by uvm_test_top.m_env.m_cp0.m_sequencer.sqr_rsp_analysis_fifo.get_peek_export = null (failed lookup)
UVM_INFO /usr/tools/synopsys/VCS2022/vcs/T-2022.06/etc/uvm-1.2/base/uvm_resource_db.svh(121) @ 0: reporter [CFGDB/GET] Configuration 'uvm_test_top.m_env.m_cp0.m_sequencer.sqr_rsp_analysis_fifo.put_ap.recording_detail' (type logic signed[4095:0]) read by uvm_test_top.m_env.m_cp0.m_sequencer.sqr_rsp_analysis_fifo.put_ap = null (failed lookup)
UVM_INFO /usr/tools/synopsys/VCS2022/vcs/T-2022.06/etc/uvm-1.2/base/uvm_resource_db.svh(121) @ 0: reporter [CFGDB/GET] Configuration 'uvm_test_top.m_env.m_cp0.m_sequencer.sqr_rsp_analysis_fifo.put_ap.recording_detail' (type int) read by uvm_test_top.m_env.m_cp0.m_sequencer.sqr_rsp_analysis_fifo.put_ap = null (failed lookup)
UVM_INFO /usr/tools/synopsys/VCS2022/vcs/T-2022.06/etc/uvm-1.2/base/uvm_resource_db.svh(121) @ 0: reporter [CFGDB/GET] Configuration 'uvm_test_top.m_env.m_cp0.m_sequencer.sqr_rsp_analysis_fifo.put_ap.check_connection_relationships' (type logic signed[4095:0]) read by uvm_test_top.m_env.m_cp0.m_sequencer.sqr_rsp_analysis_fifo.put_ap = null (failed lookup)
UVM_INFO /usr/tools/synopsys/VCS2022/vcs/T-2022.06/etc/uvm-1.2/base/uvm_resource_db.svh(121) @ 0: reporter [CFGDB/GET] Configuration 'uvm_test_top.m_env.m_cp0.m_sequencer.sqr_rsp_analysis_fifo.get_ap.recording_detail' (type logic signed[4095:0]) read by uvm_test_top.m_env.m_cp0.m_sequencer.sqr_rsp_analysis_fifo.get_ap = null (failed lookup)
UVM_INFO /usr/tools/synopsys/VCS2022/vcs/T-2022.06/etc/uvm-1.2/base/uvm_resource_db.svh(121) @ 0: reporter [CFGDB/GET] Configuration 'uvm_test_top.m_env.m_cp0.m_sequencer.sqr_rsp_analysis_fifo.get_ap.recording_detail' (type int) read by uvm_test_top.m_env.m_cp0.m_sequencer.sqr_rsp_analysis_fifo.get_ap = null (failed lookup)
UVM_INFO /usr/tools/synopsys/VCS2022/vcs/T-2022.06/etc/uvm-1.2/base/uvm_resource_db.svh(121) @ 0: reporter [CFGDB/GET] Configuration 'uvm_test_top.m_env.m_cp0.m_sequencer.sqr_rsp_analysis_fifo.get_ap.check_connection_relationships' (type logic signed[4095:0]) read by uvm_test_top.m_env.m_cp0.m_sequencer.sqr_rsp_analysis_fifo.get_ap = null (failed lookup)
UVM_INFO /usr/tools/synopsys/VCS2022/vcs/T-2022.06/etc/uvm-1.2/base/uvm_resource_db.svh(121) @ 0: reporter [CFGDB/GET] Configuration 'uvm_test_top.m_env.m_cp0.m_sequencer.sqr_rsp_analysis_fifo.analysis_export.recording_detail' (type logic signed[4095:0]) read by uvm_test_top.m_env.m_cp0.m_sequencer.sqr_rsp_analysis_fifo.analysis_export = null (failed lookup)
UVM_INFO /usr/tools/synopsys/VCS2022/vcs/T-2022.06/etc/uvm-1.2/base/uvm_resource_db.svh(121) @ 0: reporter [CFGDB/GET] Configuration 'uvm_test_top.m_env.m_cp0.m_sequencer.sqr_rsp_analysis_fifo.analysis_export.recording_detail' (type int) read by uvm_test_top.m_env.m_cp0.m_sequencer.sqr_rsp_analysis_fifo.analysis_export = null (failed lookup)
UVM_INFO /usr/tools/synopsys/VCS2022/vcs/T-2022.06/etc/uvm-1.2/base/uvm_resource_db.svh(121) @ 0: reporter [CFGDB/GET] Configuration 'uvm_test_top.m_env.m_cp0.m_sequencer.sqr_rsp_analysis_fifo.analysis_export.check_connection_relationships' (type logic signed[4095:0]) read by uvm_test_top.m_env.m_cp0.m_sequencer.sqr_rsp_analysis_fifo.analysis_export = null (failed lookup)
UVM_INFO /usr/tools/synopsys/VCS2022/vcs/T-2022.06/etc/uvm-1.2/base/uvm_resource_db.svh(121) @ 0: reporter [CFGDB/GET] Configuration 'uvm_test_top.m_env.m_cp0.m_sequencer.req_fifo.recording_detail' (type logic signed[4095:0]) read by uvm_test_top.m_env.m_cp0.m_sequencer.req_fifo = null (failed lookup)
UVM_INFO /usr/tools/synopsys/VCS2022/vcs/T-2022.06/etc/uvm-1.2/base/uvm_resource_db.svh(121) @ 0: reporter [CFGDB/GET] Configuration 'uvm_test_top.m_env.m_cp0.m_sequencer.req_fifo.recording_detail' (type int) read by uvm_test_top.m_env.m_cp0.m_sequencer.req_fifo = null (failed lookup)
UVM_INFO /usr/tools/synopsys/VCS2022/vcs/T-2022.06/etc/uvm-1.2/base/uvm_resource_db.svh(121) @ 0: reporter [CFGDB/GET] Configuration 'uvm_test_top.m_env.m_cp0.m_sequencer.req_fifo.put_export.recording_detail' (type logic signed[4095:0]) read by uvm_test_top.m_env.m_cp0.m_sequencer.req_fifo.put_export = null (failed lookup)
UVM_INFO /usr/tools/synopsys/VCS2022/vcs/T-2022.06/etc/uvm-1.2/base/uvm_resource_db.svh(121) @ 0: reporter [CFGDB/GET] Configuration 'uvm_test_top.m_env.m_cp0.m_sequencer.req_fifo.put_export.recording_detail' (type int) read by uvm_test_top.m_env.m_cp0.m_sequencer.req_fifo.put_export = null (failed lookup)
UVM_INFO /usr/tools/synopsys/VCS2022/vcs/T-2022.06/etc/uvm-1.2/base/uvm_resource_db.svh(121) @ 0: reporter [CFGDB/GET] Configuration 'uvm_test_top.m_env.m_cp0.m_sequencer.req_fifo.put_export.check_connection_relationships' (type logic signed[4095:0]) read by uvm_test_top.m_env.m_cp0.m_sequencer.req_fifo.put_export = null (failed lookup)
UVM_INFO /usr/tools/synopsys/VCS2022/vcs/T-2022.06/etc/uvm-1.2/base/uvm_resource_db.svh(121) @ 0: reporter [CFGDB/GET] Configuration 'uvm_test_top.m_env.m_cp0.m_sequencer.req_fifo.get_peek_export.recording_detail' (type logic signed[4095:0]) read by uvm_test_top.m_env.m_cp0.m_sequencer.req_fifo.get_peek_export = null (failed lookup)
UVM_INFO /usr/tools/synopsys/VCS2022/vcs/T-2022.06/etc/uvm-1.2/base/uvm_resource_db.svh(121) @ 0: reporter [CFGDB/GET] Configuration 'uvm_test_top.m_env.m_cp0.m_sequencer.req_fifo.get_peek_export.recording_detail' (type int) read by uvm_test_top.m_env.m_cp0.m_sequencer.req_fifo.get_peek_export = null (failed lookup)
UVM_INFO /usr/tools/synopsys/VCS2022/vcs/T-2022.06/etc/uvm-1.2/base/uvm_resource_db.svh(121) @ 0: reporter [CFGDB/GET] Configuration 'uvm_test_top.m_env.m_cp0.m_sequencer.req_fifo.get_peek_export.check_connection_relationships' (type logic signed[4095:0]) read by uvm_test_top.m_env.m_cp0.m_sequencer.req_fifo.get_peek_export = null (failed lookup)
UVM_INFO /usr/tools/synopsys/VCS2022/vcs/T-2022.06/etc/uvm-1.2/base/uvm_resource_db.svh(121) @ 0: reporter [CFGDB/GET] Configuration 'uvm_test_top.m_env.m_cp0.m_sequencer.req_fifo.put_ap.recording_detail' (type logic signed[4095:0]) read by uvm_test_top.m_env.m_cp0.m_sequencer.req_fifo.put_ap = null (failed lookup)
UVM_INFO /usr/tools/synopsys/VCS2022/vcs/T-2022.06/etc/uvm-1.2/base/uvm_resource_db.svh(121) @ 0: reporter [CFGDB/GET] Configuration 'uvm_test_top.m_env.m_cp0.m_sequencer.req_fifo.put_ap.recording_detail' (type int) read by uvm_test_top.m_env.m_cp0.m_sequencer.req_fifo.put_ap = null (failed lookup)
UVM_INFO /usr/tools/synopsys/VCS2022/vcs/T-2022.06/etc/uvm-1.2/base/uvm_resource_db.svh(121) @ 0: reporter [CFGDB/GET] Configuration 'uvm_test_top.m_env.m_cp0.m_sequencer.req_fifo.put_ap.check_connection_relationships' (type logic signed[4095:0]) read by uvm_test_top.m_env.m_cp0.m_sequencer.req_fifo.put_ap = null (failed lookup)
UVM_INFO /usr/tools/synopsys/VCS2022/vcs/T-2022.06/etc/uvm-1.2/base/uvm_resource_db.svh(121) @ 0: reporter [CFGDB/GET] Configuration 'uvm_test_top.m_env.m_cp0.m_sequencer.req_fifo.get_ap.recording_detail' (type logic signed[4095:0]) read by uvm_test_top.m_env.m_cp0.m_sequencer.req_fifo.get_ap = null (failed lookup)
UVM_INFO /usr/tools/synopsys/VCS2022/vcs/T-2022.06/etc/uvm-1.2/base/uvm_resource_db.svh(121) @ 0: reporter [CFGDB/GET] Configuration 'uvm_test_top.m_env.m_cp0.m_sequencer.req_fifo.get_ap.recording_detail' (type int) read by uvm_test_top.m_env.m_cp0.m_sequencer.req_fifo.get_ap = null (failed lookup)
UVM_INFO /usr/tools/synopsys/VCS2022/vcs/T-2022.06/etc/uvm-1.2/base/uvm_resource_db.svh(121) @ 0: reporter [CFGDB/GET] Configuration 'uvm_test_top.m_env.m_cp0.m_sequencer.req_fifo.get_ap.check_connection_relationships' (type logic signed[4095:0]) read by uvm_test_top.m_env.m_cp0.m_sequencer.req_fifo.get_ap = null (failed lookup)
UVM_INFO /usr/tools/synopsys/VCS2022/vcs/T-2022.06/etc/uvm-1.2/base/uvm_resource_db.svh(121) @ 0: reporter [CFGDB/GET] Configuration 'uvm_test_top.m_env.m_cp0.m_sequencer.seq_item_export.recording_detail' (type logic signed[4095:0]) read by uvm_test_top.m_env.m_cp0.m_sequencer.seq_item_export = null (failed lookup)
UVM_INFO /usr/tools/synopsys/VCS2022/vcs/T-2022.06/etc/uvm-1.2/base/uvm_resource_db.svh(121) @ 0: reporter [CFGDB/GET] Configuration 'uvm_test_top.m_env.m_cp0.m_sequencer.seq_item_export.recording_detail' (type int) read by uvm_test_top.m_env.m_cp0.m_sequencer.seq_item_export = null (failed lookup)
UVM_INFO /usr/tools/synopsys/VCS2022/vcs/T-2022.06/etc/uvm-1.2/base/uvm_resource_db.svh(121) @ 0: reporter [CFGDB/GET] Configuration 'uvm_test_top.m_env.m_cp0.m_sequencer.seq_item_export.check_connection_relationships' (type logic signed[4095:0]) read by uvm_test_top.m_env.m_cp0.m_sequencer.seq_item_export = null (failed lookup)
UVM_INFO /usr/tools/synopsys/VCS2022/vcs/T-2022.06/etc/uvm-1.2/base/uvm_resource_db.svh(121) @ 0: reporter [CFGDB/GET] Configuration 'uvm_test_top.m_env.m_cp0.m_driver.recording_detail' (type logic signed[4095:0]) read by uvm_test_top.m_env.m_cp0.m_driver = null (failed lookup)
UVM_INFO /usr/tools/synopsys/VCS2022/vcs/T-2022.06/etc/uvm-1.2/base/uvm_resource_db.svh(121) @ 0: reporter [CFGDB/GET] Configuration 'uvm_test_top.m_env.m_cp0.m_driver.recording_detail' (type int) read by uvm_test_top.m_env.m_cp0.m_driver = null (failed lookup)
UVM_INFO /usr/tools/synopsys/VCS2022/vcs/T-2022.06/etc/uvm-1.2/base/uvm_resource_db.svh(121) @ 0: reporter [CFGDB/GET] Configuration 'uvm_test_top.m_env.m_cp0.m_driver.seq_item_port.recording_detail' (type logic signed[4095:0]) read by uvm_test_top.m_env.m_cp0.m_driver.seq_item_port = null (failed lookup)
UVM_INFO /usr/tools/synopsys/VCS2022/vcs/T-2022.06/etc/uvm-1.2/base/uvm_resource_db.svh(121) @ 0: reporter [CFGDB/GET] Configuration 'uvm_test_top.m_env.m_cp0.m_driver.seq_item_port.recording_detail' (type int) read by uvm_test_top.m_env.m_cp0.m_driver.seq_item_port = null (failed lookup)
UVM_INFO /usr/tools/synopsys/VCS2022/vcs/T-2022.06/etc/uvm-1.2/base/uvm_resource_db.svh(121) @ 0: reporter [CFGDB/GET] Configuration 'uvm_test_top.m_env.m_cp0.m_driver.seq_item_port.check_connection_relationships' (type logic signed[4095:0]) read by uvm_test_top.m_env.m_cp0.m_driver.seq_item_port = null (failed lookup)
UVM_INFO /usr/tools/synopsys/VCS2022/vcs/T-2022.06/etc/uvm-1.2/base/uvm_resource_db.svh(121) @ 0: reporter [CFGDB/GET] Configuration 'uvm_test_top.m_env.m_cp0.m_driver.rsp_port.recording_detail' (type logic signed[4095:0]) read by uvm_test_top.m_env.m_cp0.m_driver.rsp_port = null (failed lookup)
UVM_INFO /usr/tools/synopsys/VCS2022/vcs/T-2022.06/etc/uvm-1.2/base/uvm_resource_db.svh(121) @ 0: reporter [CFGDB/GET] Configuration 'uvm_test_top.m_env.m_cp0.m_driver.rsp_port.recording_detail' (type int) read by uvm_test_top.m_env.m_cp0.m_driver.rsp_port = null (failed lookup)
UVM_INFO /usr/tools/synopsys/VCS2022/vcs/T-2022.06/etc/uvm-1.2/base/uvm_resource_db.svh(121) @ 0: reporter [CFGDB/GET] Configuration 'uvm_test_top.m_env.m_cp0.m_driver.rsp_port.check_connection_relationships' (type logic signed[4095:0]) read by uvm_test_top.m_env.m_cp0.m_driver.rsp_port = null (failed lookup)
UVM_INFO /usr/tools/synopsys/VCS2022/vcs/T-2022.06/etc/uvm-1.2/base/uvm_resource_db.svh(121) @ 0: reporter [CFGDB/GET] Configuration 'uvm_test_top.m_env.m_cp0.m_driver.CP0_VIF' (type virtual interface cp0_if) read by uvm_test_top.m_env.m_cp0.m_driver = (virtual interface cp0_if) tb_top.cp0_if_inst : '{clk_i:'h0, rst_ni:'h0, cp0_mmu_wreg:'hx, cp0_mmu_reg_num:'hx, cp0_mmu_satp_sel:'hx, cp0_mmu_wdata:'hxxxxxxxxxxxxxxxx, cp0_mmu_cskyee:'hx, cp0_mmu_icg_en:'hx, cp0_mmu_maee:'hx, cp0_mmu_mpp:'hx, cp0_mmu_mprv:'hx, cp0_mmu_mxr:'hx, cp0_mmu_no_op_req:'hx, cp0_mmu_ptw_en:'hx, cp0_mmu_sum:'hx, cp0_mmu_tlb_all_inv:'hx, cp0_yy_priv_mode:'hx, mmu_cp0_cmplt:'hx, mmu_cp0_data:'h0, mmu_cp0_satp_data:'hxxxxx0000xxxxxxx, mmu_cp0_tlb_done:'hx, mmu_xx_mmu_en:'hx, mmu_yy_xx_no_op:'hx}
UVM_INFO /usr/tools/synopsys/VCS2022/vcs/T-2022.06/etc/uvm-1.2/base/uvm_resource_db.svh(121) @ 0: reporter [CFGDB/GET] Configuration 'uvm_test_top.m_env.m_cp0.m_monitor.CP0_VIF' (type virtual interface cp0_if) read by uvm_test_top.m_env.m_cp0.m_monitor = (virtual interface cp0_if) tb_top.cp0_if_inst : '{clk_i:'h0, rst_ni:'h0, cp0_mmu_wreg:'hx, cp0_mmu_reg_num:'hx, cp0_mmu_satp_sel:'hx, cp0_mmu_wdata:'hxxxxxxxxxxxxxxxx, cp0_mmu_cskyee:'hx, cp0_mmu_icg_en:'hx, cp0_mmu_maee:'hx, cp0_mmu_mpp:'hx, cp0_mmu_mprv:'hx, cp0_mmu_mxr:'hx, cp0_mmu_no_op_req:'hx, cp0_mmu_ptw_en:'hx, cp0_mmu_sum:'hx, cp0_mmu_tlb_all_inv:'hx, cp0_yy_priv_mode:'hx, mmu_cp0_cmplt:'hx, mmu_cp0_data:'h0, mmu_cp0_satp_data:'hxxxxx0000xxxxxxx, mmu_cp0_tlb_done:'hx, mmu_xx_mmu_en:'hx, mmu_yy_xx_no_op:'hx}
UVM_INFO /usr/tools/synopsys/VCS2022/vcs/T-2022.06/etc/uvm-1.2/base/uvm_resource_db.svh(121) @ 0: reporter [CFGDB/GET] Configuration 'uvm_test_top.m_env.m_cp0.m_monitor.ap.recording_detail' (type logic signed[4095:0]) read by uvm_test_top.m_env.m_cp0.m_monitor.ap = null (failed lookup)
UVM_INFO /usr/tools/synopsys/VCS2022/vcs/T-2022.06/etc/uvm-1.2/base/uvm_resource_db.svh(121) @ 0: reporter [CFGDB/GET] Configuration 'uvm_test_top.m_env.m_cp0.m_monitor.ap.recording_detail' (type int) read by uvm_test_top.m_env.m_cp0.m_monitor.ap = null (failed lookup)
UVM_INFO /usr/tools/synopsys/VCS2022/vcs/T-2022.06/etc/uvm-1.2/base/uvm_resource_db.svh(121) @ 0: reporter [CFGDB/GET] Configuration 'uvm_test_top.m_env.m_cp0.m_monitor.ap.check_connection_relationships' (type logic signed[4095:0]) read by uvm_test_top.m_env.m_cp0.m_monitor.ap = null (failed lookup)
UVM_INFO /usr/tools/synopsys/VCS2022/vcs/T-2022.06/etc/uvm-1.2/base/uvm_resource_db.svh(121) @ 0: reporter [CFGDB/GET] Configuration 'uvm_test_top.m_env.m_cp0.m_sequencer.default_sequence' (type string) read by uvm_test_top.m_env.m_cp0.m_sequencer = null (failed lookup)
UVM_INFO /usr/tools/synopsys/VCS2022/vcs/T-2022.06/etc/uvm-1.2/base/uvm_resource_db.svh(121) @ 0: reporter [CFGDB/GET] Configuration 'uvm_test_top.m_env.m_cp0.m_sequencer.count' (type logic signed[4095:0]) read by uvm_test_top.m_env.m_cp0.m_sequencer = null (failed lookup)
UVM_INFO /usr/tools/synopsys/VCS2022/vcs/T-2022.06/etc/uvm-1.2/base/uvm_resource_db.svh(121) @ 0: reporter [CFGDB/GET] Configuration 'uvm_test_top.m_env.m_cp0.m_sequencer.max_random_count' (type logic signed[4095:0]) read by uvm_test_top.m_env.m_cp0.m_sequencer = null (failed lookup)
UVM_INFO /usr/tools/synopsys/VCS2022/vcs/T-2022.06/etc/uvm-1.2/base/uvm_resource_db.svh(121) @ 0: reporter [CFGDB/GET] Configuration 'uvm_test_top.m_env.m_cp0.m_sequencer.max_random_depth' (type logic signed[4095:0]) read by uvm_test_top.m_env.m_cp0.m_sequencer = null (failed lookup)
UVM_INFO /usr/tools/synopsys/VCS2022/vcs/T-2022.06/etc/uvm-1.2/base/uvm_resource_db.svh(121) @ 0: reporter [CFGDB/GET] Configuration 'uvm_test_top.m_env.m_cp0.m_sequencer.pound_zero_count' (type logic signed[4095:0]) read by uvm_test_top.m_env.m_cp0.m_sequencer = null (failed lookup)
UVM_INFO /usr/tools/synopsys/VCS2022/vcs/T-2022.06/etc/uvm-1.2/base/uvm_resource_db.svh(121) @ 0: reporter [CFGDB/GET] Configuration 'uvm_test_top.m_env.m_credit_sb.af_ifu_req.recording_detail' (type logic signed[4095:0]) read by uvm_test_top.m_env.m_credit_sb.af_ifu_req = null (failed lookup)
UVM_INFO /usr/tools/synopsys/VCS2022/vcs/T-2022.06/etc/uvm-1.2/base/uvm_resource_db.svh(121) @ 0: reporter [CFGDB/GET] Configuration 'uvm_test_top.m_env.m_credit_sb.af_ifu_req.recording_detail' (type int) read by uvm_test_top.m_env.m_credit_sb.af_ifu_req = null (failed lookup)
UVM_INFO /usr/tools/synopsys/VCS2022/vcs/T-2022.06/etc/uvm-1.2/base/uvm_resource_db.svh(121) @ 0: reporter [CFGDB/GET] Configuration 'uvm_test_top.m_env.m_credit_sb.af_ifu_req.put_export.recording_detail' (type logic signed[4095:0]) read by uvm_test_top.m_env.m_credit_sb.af_ifu_req.put_export = null (failed lookup)
UVM_INFO /usr/tools/synopsys/VCS2022/vcs/T-2022.06/etc/uvm-1.2/base/uvm_resource_db.svh(121) @ 0: reporter [CFGDB/GET] Configuration 'uvm_test_top.m_env.m_credit_sb.af_ifu_req.put_export.recording_detail' (type int) read by uvm_test_top.m_env.m_credit_sb.af_ifu_req.put_export = null (failed lookup)
UVM_INFO /usr/tools/synopsys/VCS2022/vcs/T-2022.06/etc/uvm-1.2/base/uvm_resource_db.svh(121) @ 0: reporter [CFGDB/GET] Configuration 'uvm_test_top.m_env.m_credit_sb.af_ifu_req.put_export.check_connection_relationships' (type logic signed[4095:0]) read by uvm_test_top.m_env.m_credit_sb.af_ifu_req.put_export = null (failed lookup)
UVM_INFO /usr/tools/synopsys/VCS2022/vcs/T-2022.06/etc/uvm-1.2/base/uvm_resource_db.svh(121) @ 0: reporter [CFGDB/GET] Configuration 'uvm_test_top.m_env.m_credit_sb.af_ifu_req.get_peek_export.recording_detail' (type logic signed[4095:0]) read by uvm_test_top.m_env.m_credit_sb.af_ifu_req.get_peek_export = null (failed lookup)
UVM_INFO /usr/tools/synopsys/VCS2022/vcs/T-2022.06/etc/uvm-1.2/base/uvm_resource_db.svh(121) @ 0: reporter [CFGDB/GET] Configuration 'uvm_test_top.m_env.m_credit_sb.af_ifu_req.get_peek_export.recording_detail' (type int) read by uvm_test_top.m_env.m_credit_sb.af_ifu_req.get_peek_export = null (failed lookup)
UVM_INFO /usr/tools/synopsys/VCS2022/vcs/T-2022.06/etc/uvm-1.2/base/uvm_resource_db.svh(121) @ 0: reporter [CFGDB/GET] Configuration 'uvm_test_top.m_env.m_credit_sb.af_ifu_req.get_peek_export.check_connection_relationships' (type logic signed[4095:0]) read by uvm_test_top.m_env.m_credit_sb.af_ifu_req.get_peek_export = null (failed lookup)
UVM_INFO /usr/tools/synopsys/VCS2022/vcs/T-2022.06/etc/uvm-1.2/base/uvm_resource_db.svh(121) @ 0: reporter [CFGDB/GET] Configuration 'uvm_test_top.m_env.m_credit_sb.af_ifu_req.put_ap.recording_detail' (type logic signed[4095:0]) read by uvm_test_top.m_env.m_credit_sb.af_ifu_req.put_ap = null (failed lookup)
UVM_INFO /usr/tools/synopsys/VCS2022/vcs/T-2022.06/etc/uvm-1.2/base/uvm_resource_db.svh(121) @ 0: reporter [CFGDB/GET] Configuration 'uvm_test_top.m_env.m_credit_sb.af_ifu_req.put_ap.recording_detail' (type int) read by uvm_test_top.m_env.m_credit_sb.af_ifu_req.put_ap = null (failed lookup)
UVM_INFO /usr/tools/synopsys/VCS2022/vcs/T-2022.06/etc/uvm-1.2/base/uvm_resource_db.svh(121) @ 0: reporter [CFGDB/GET] Configuration 'uvm_test_top.m_env.m_credit_sb.af_ifu_req.put_ap.check_connection_relationships' (type logic signed[4095:0]) read by uvm_test_top.m_env.m_credit_sb.af_ifu_req.put_ap = null (failed lookup)
UVM_INFO /usr/tools/synopsys/VCS2022/vcs/T-2022.06/etc/uvm-1.2/base/uvm_resource_db.svh(121) @ 0: reporter [CFGDB/GET] Configuration 'uvm_test_top.m_env.m_credit_sb.af_ifu_req.get_ap.recording_detail' (type logic signed[4095:0]) read by uvm_test_top.m_env.m_credit_sb.af_ifu_req.get_ap = null (failed lookup)
UVM_INFO /usr/tools/synopsys/VCS2022/vcs/T-2022.06/etc/uvm-1.2/base/uvm_resource_db.svh(121) @ 0: reporter [CFGDB/GET] Configuration 'uvm_test_top.m_env.m_credit_sb.af_ifu_req.get_ap.recording_detail' (type int) read by uvm_test_top.m_env.m_credit_sb.af_ifu_req.get_ap = null (failed lookup)
UVM_INFO /usr/tools/synopsys/VCS2022/vcs/T-2022.06/etc/uvm-1.2/base/uvm_resource_db.svh(121) @ 0: reporter [CFGDB/GET] Configuration 'uvm_test_top.m_env.m_credit_sb.af_ifu_req.get_ap.check_connection_relationships' (type logic signed[4095:0]) read by uvm_test_top.m_env.m_credit_sb.af_ifu_req.get_ap = null (failed lookup)
UVM_INFO /usr/tools/synopsys/VCS2022/vcs/T-2022.06/etc/uvm-1.2/base/uvm_resource_db.svh(121) @ 0: reporter [CFGDB/GET] Configuration 'uvm_test_top.m_env.m_credit_sb.af_ifu_req.analysis_export.recording_detail' (type logic signed[4095:0]) read by uvm_test_top.m_env.m_credit_sb.af_ifu_req.analysis_export = null (failed lookup)
UVM_INFO /usr/tools/synopsys/VCS2022/vcs/T-2022.06/etc/uvm-1.2/base/uvm_resource_db.svh(121) @ 0: reporter [CFGDB/GET] Configuration 'uvm_test_top.m_env.m_credit_sb.af_ifu_req.analysis_export.recording_detail' (type int) read by uvm_test_top.m_env.m_credit_sb.af_ifu_req.analysis_export = null (failed lookup)
UVM_INFO /usr/tools/synopsys/VCS2022/vcs/T-2022.06/etc/uvm-1.2/base/uvm_resource_db.svh(121) @ 0: reporter [CFGDB/GET] Configuration 'uvm_test_top.m_env.m_credit_sb.af_ifu_req.analysis_export.check_connection_relationships' (type logic signed[4095:0]) read by uvm_test_top.m_env.m_credit_sb.af_ifu_req.analysis_export = null (failed lookup)
UVM_INFO /usr/tools/synopsys/VCS2022/vcs/T-2022.06/etc/uvm-1.2/base/uvm_resource_db.svh(121) @ 0: reporter [CFGDB/GET] Configuration 'uvm_test_top.m_env.m_credit_sb.af_ifu_rsp.recording_detail' (type logic signed[4095:0]) read by uvm_test_top.m_env.m_credit_sb.af_ifu_rsp = null (failed lookup)
UVM_INFO /usr/tools/synopsys/VCS2022/vcs/T-2022.06/etc/uvm-1.2/base/uvm_resource_db.svh(121) @ 0: reporter [CFGDB/GET] Configuration 'uvm_test_top.m_env.m_credit_sb.af_ifu_rsp.recording_detail' (type int) read by uvm_test_top.m_env.m_credit_sb.af_ifu_rsp = null (failed lookup)
UVM_INFO /usr/tools/synopsys/VCS2022/vcs/T-2022.06/etc/uvm-1.2/base/uvm_resource_db.svh(121) @ 0: reporter [CFGDB/GET] Configuration 'uvm_test_top.m_env.m_credit_sb.af_ifu_rsp.put_export.recording_detail' (type logic signed[4095:0]) read by uvm_test_top.m_env.m_credit_sb.af_ifu_rsp.put_export = null (failed lookup)
UVM_INFO /usr/tools/synopsys/VCS2022/vcs/T-2022.06/etc/uvm-1.2/base/uvm_resource_db.svh(121) @ 0: reporter [CFGDB/GET] Configuration 'uvm_test_top.m_env.m_credit_sb.af_ifu_rsp.put_export.recording_detail' (type int) read by uvm_test_top.m_env.m_credit_sb.af_ifu_rsp.put_export = null (failed lookup)
UVM_INFO /usr/tools/synopsys/VCS2022/vcs/T-2022.06/etc/uvm-1.2/base/uvm_resource_db.svh(121) @ 0: reporter [CFGDB/GET] Configuration 'uvm_test_top.m_env.m_credit_sb.af_ifu_rsp.put_export.check_connection_relationships' (type logic signed[4095:0]) read by uvm_test_top.m_env.m_credit_sb.af_ifu_rsp.put_export = null (failed lookup)
UVM_INFO /usr/tools/synopsys/VCS2022/vcs/T-2022.06/etc/uvm-1.2/base/uvm_resource_db.svh(121) @ 0: reporter [CFGDB/GET] Configuration 'uvm_test_top.m_env.m_credit_sb.af_ifu_rsp.get_peek_export.recording_detail' (type logic signed[4095:0]) read by uvm_test_top.m_env.m_credit_sb.af_ifu_rsp.get_peek_export = null (failed lookup)
UVM_INFO /usr/tools/synopsys/VCS2022/vcs/T-2022.06/etc/uvm-1.2/base/uvm_resource_db.svh(121) @ 0: reporter [CFGDB/GET] Configuration 'uvm_test_top.m_env.m_credit_sb.af_ifu_rsp.get_peek_export.recording_detail' (type int) read by uvm_test_top.m_env.m_credit_sb.af_ifu_rsp.get_peek_export = null (failed lookup)
UVM_INFO /usr/tools/synopsys/VCS2022/vcs/T-2022.06/etc/uvm-1.2/base/uvm_resource_db.svh(121) @ 0: reporter [CFGDB/GET] Configuration 'uvm_test_top.m_env.m_credit_sb.af_ifu_rsp.get_peek_export.check_connection_relationships' (type logic signed[4095:0]) read by uvm_test_top.m_env.m_credit_sb.af_ifu_rsp.get_peek_export = null (failed lookup)
UVM_INFO /usr/tools/synopsys/VCS2022/vcs/T-2022.06/etc/uvm-1.2/base/uvm_resource_db.svh(121) @ 0: reporter [CFGDB/GET] Configuration 'uvm_test_top.m_env.m_credit_sb.af_ifu_rsp.put_ap.recording_detail' (type logic signed[4095:0]) read by uvm_test_top.m_env.m_credit_sb.af_ifu_rsp.put_ap = null (failed lookup)
UVM_INFO /usr/tools/synopsys/VCS2022/vcs/T-2022.06/etc/uvm-1.2/base/uvm_resource_db.svh(121) @ 0: reporter [CFGDB/GET] Configuration 'uvm_test_top.m_env.m_credit_sb.af_ifu_rsp.put_ap.recording_detail' (type int) read by uvm_test_top.m_env.m_credit_sb.af_ifu_rsp.put_ap = null (failed lookup)
UVM_INFO /usr/tools/synopsys/VCS2022/vcs/T-2022.06/etc/uvm-1.2/base/uvm_resource_db.svh(121) @ 0: reporter [CFGDB/GET] Configuration 'uvm_test_top.m_env.m_credit_sb.af_ifu_rsp.put_ap.check_connection_relationships' (type logic signed[4095:0]) read by uvm_test_top.m_env.m_credit_sb.af_ifu_rsp.put_ap = null (failed lookup)
UVM_INFO /usr/tools/synopsys/VCS2022/vcs/T-2022.06/etc/uvm-1.2/base/uvm_resource_db.svh(121) @ 0: reporter [CFGDB/GET] Configuration 'uvm_test_top.m_env.m_credit_sb.af_ifu_rsp.get_ap.recording_detail' (type logic signed[4095:0]) read by uvm_test_top.m_env.m_credit_sb.af_ifu_rsp.get_ap = null (failed lookup)
UVM_INFO /usr/tools/synopsys/VCS2022/vcs/T-2022.06/etc/uvm-1.2/base/uvm_resource_db.svh(121) @ 0: reporter [CFGDB/GET] Configuration 'uvm_test_top.m_env.m_credit_sb.af_ifu_rsp.get_ap.recording_detail' (type int) read by uvm_test_top.m_env.m_credit_sb.af_ifu_rsp.get_ap = null (failed lookup)
UVM_INFO /usr/tools/synopsys/VCS2022/vcs/T-2022.06/etc/uvm-1.2/base/uvm_resource_db.svh(121) @ 0: reporter [CFGDB/GET] Configuration 'uvm_test_top.m_env.m_credit_sb.af_ifu_rsp.get_ap.check_connection_relationships' (type logic signed[4095:0]) read by uvm_test_top.m_env.m_credit_sb.af_ifu_rsp.get_ap = null (failed lookup)
UVM_INFO /usr/tools/synopsys/VCS2022/vcs/T-2022.06/etc/uvm-1.2/base/uvm_resource_db.svh(121) @ 0: reporter [CFGDB/GET] Configuration 'uvm_test_top.m_env.m_credit_sb.af_ifu_rsp.analysis_export.recording_detail' (type logic signed[4095:0]) read by uvm_test_top.m_env.m_credit_sb.af_ifu_rsp.analysis_export = null (failed lookup)
UVM_INFO /usr/tools/synopsys/VCS2022/vcs/T-2022.06/etc/uvm-1.2/base/uvm_resource_db.svh(121) @ 0: reporter [CFGDB/GET] Configuration 'uvm_test_top.m_env.m_credit_sb.af_ifu_rsp.analysis_export.recording_detail' (type int) read by uvm_test_top.m_env.m_credit_sb.af_ifu_rsp.analysis_export = null (failed lookup)
UVM_INFO /usr/tools/synopsys/VCS2022/vcs/T-2022.06/etc/uvm-1.2/base/uvm_resource_db.svh(121) @ 0: reporter [CFGDB/GET] Configuration 'uvm_test_top.m_env.m_credit_sb.af_ifu_rsp.analysis_export.check_connection_relationships' (type logic signed[4095:0]) read by uvm_test_top.m_env.m_credit_sb.af_ifu_rsp.analysis_export = null (failed lookup)
UVM_INFO /usr/tools/synopsys/VCS2022/vcs/T-2022.06/etc/uvm-1.2/base/uvm_resource_db.svh(121) @ 0: reporter [CFGDB/GET] Configuration 'uvm_test_top.m_env.m_credit_sb.af_lsu_p0_req.recording_detail' (type logic signed[4095:0]) read by uvm_test_top.m_env.m_credit_sb.af_lsu_p0_req = null (failed lookup)
UVM_INFO /usr/tools/synopsys/VCS2022/vcs/T-2022.06/etc/uvm-1.2/base/uvm_resource_db.svh(121) @ 0: reporter [CFGDB/GET] Configuration 'uvm_test_top.m_env.m_credit_sb.af_lsu_p0_req.recording_detail' (type int) read by uvm_test_top.m_env.m_credit_sb.af_lsu_p0_req = null (failed lookup)
UVM_INFO /usr/tools/synopsys/VCS2022/vcs/T-2022.06/etc/uvm-1.2/base/uvm_resource_db.svh(121) @ 0: reporter [CFGDB/GET] Configuration 'uvm_test_top.m_env.m_credit_sb.af_lsu_p0_req.put_export.recording_detail' (type logic signed[4095:0]) read by uvm_test_top.m_env.m_credit_sb.af_lsu_p0_req.put_export = null (failed lookup)
UVM_INFO /usr/tools/synopsys/VCS2022/vcs/T-2022.06/etc/uvm-1.2/base/uvm_resource_db.svh(121) @ 0: reporter [CFGDB/GET] Configuration 'uvm_test_top.m_env.m_credit_sb.af_lsu_p0_req.put_export.recording_detail' (type int) read by uvm_test_top.m_env.m_credit_sb.af_lsu_p0_req.put_export = null (failed lookup)
UVM_INFO /usr/tools/synopsys/VCS2022/vcs/T-2022.06/etc/uvm-1.2/base/uvm_resource_db.svh(121) @ 0: reporter [CFGDB/GET] Configuration 'uvm_test_top.m_env.m_credit_sb.af_lsu_p0_req.put_export.check_connection_relationships' (type logic signed[4095:0]) read by uvm_test_top.m_env.m_credit_sb.af_lsu_p0_req.put_export = null (failed lookup)
UVM_INFO /usr/tools/synopsys/VCS2022/vcs/T-2022.06/etc/uvm-1.2/base/uvm_resource_db.svh(121) @ 0: reporter [CFGDB/GET] Configuration 'uvm_test_top.m_env.m_credit_sb.af_lsu_p0_req.get_peek_export.recording_detail' (type logic signed[4095:0]) read by uvm_test_top.m_env.m_credit_sb.af_lsu_p0_req.get_peek_export = null (failed lookup)
UVM_INFO /usr/tools/synopsys/VCS2022/vcs/T-2022.06/etc/uvm-1.2/base/uvm_resource_db.svh(121) @ 0: reporter [CFGDB/GET] Configuration 'uvm_test_top.m_env.m_credit_sb.af_lsu_p0_req.get_peek_export.recording_detail' (type int) read by uvm_test_top.m_env.m_credit_sb.af_lsu_p0_req.get_peek_export = null (failed lookup)
UVM_INFO /usr/tools/synopsys/VCS2022/vcs/T-2022.06/etc/uvm-1.2/base/uvm_resource_db.svh(121) @ 0: reporter [CFGDB/GET] Configuration 'uvm_test_top.m_env.m_credit_sb.af_lsu_p0_req.get_peek_export.check_connection_relationships' (type logic signed[4095:0]) read by uvm_test_top.m_env.m_credit_sb.af_lsu_p0_req.get_peek_export = null (failed lookup)
UVM_INFO /usr/tools/synopsys/VCS2022/vcs/T-2022.06/etc/uvm-1.2/base/uvm_resource_db.svh(121) @ 0: reporter [CFGDB/GET] Configuration 'uvm_test_top.m_env.m_credit_sb.af_lsu_p0_req.put_ap.recording_detail' (type logic signed[4095:0]) read by uvm_test_top.m_env.m_credit_sb.af_lsu_p0_req.put_ap = null (failed lookup)
UVM_INFO /usr/tools/synopsys/VCS2022/vcs/T-2022.06/etc/uvm-1.2/base/uvm_resource_db.svh(121) @ 0: reporter [CFGDB/GET] Configuration 'uvm_test_top.m_env.m_credit_sb.af_lsu_p0_req.put_ap.recording_detail' (type int) read by uvm_test_top.m_env.m_credit_sb.af_lsu_p0_req.put_ap = null (failed lookup)
UVM_INFO /usr/tools/synopsys/VCS2022/vcs/T-2022.06/etc/uvm-1.2/base/uvm_resource_db.svh(121) @ 0: reporter [CFGDB/GET] Configuration 'uvm_test_top.m_env.m_credit_sb.af_lsu_p0_req.put_ap.check_connection_relationships' (type logic signed[4095:0]) read by uvm_test_top.m_env.m_credit_sb.af_lsu_p0_req.put_ap = null (failed lookup)
UVM_INFO /usr/tools/synopsys/VCS2022/vcs/T-2022.06/etc/uvm-1.2/base/uvm_resource_db.svh(121) @ 0: reporter [CFGDB/GET] Configuration 'uvm_test_top.m_env.m_credit_sb.af_lsu_p0_req.get_ap.recording_detail' (type logic signed[4095:0]) read by uvm_test_top.m_env.m_credit_sb.af_lsu_p0_req.get_ap = null (failed lookup)
UVM_INFO /usr/tools/synopsys/VCS2022/vcs/T-2022.06/etc/uvm-1.2/base/uvm_resource_db.svh(121) @ 0: reporter [CFGDB/GET] Configuration 'uvm_test_top.m_env.m_credit_sb.af_lsu_p0_req.get_ap.recording_detail' (type int) read by uvm_test_top.m_env.m_credit_sb.af_lsu_p0_req.get_ap = null (failed lookup)
UVM_INFO /usr/tools/synopsys/VCS2022/vcs/T-2022.06/etc/uvm-1.2/base/uvm_resource_db.svh(121) @ 0: reporter [CFGDB/GET] Configuration 'uvm_test_top.m_env.m_credit_sb.af_lsu_p0_req.get_ap.check_connection_relationships' (type logic signed[4095:0]) read by uvm_test_top.m_env.m_credit_sb.af_lsu_p0_req.get_ap = null (failed lookup)
UVM_INFO /usr/tools/synopsys/VCS2022/vcs/T-2022.06/etc/uvm-1.2/base/uvm_resource_db.svh(121) @ 0: reporter [CFGDB/GET] Configuration 'uvm_test_top.m_env.m_credit_sb.af_lsu_p0_req.analysis_export.recording_detail' (type logic signed[4095:0]) read by uvm_test_top.m_env.m_credit_sb.af_lsu_p0_req.analysis_export = null (failed lookup)
UVM_INFO /usr/tools/synopsys/VCS2022/vcs/T-2022.06/etc/uvm-1.2/base/uvm_resource_db.svh(121) @ 0: reporter [CFGDB/GET] Configuration 'uvm_test_top.m_env.m_credit_sb.af_lsu_p0_req.analysis_export.recording_detail' (type int) read by uvm_test_top.m_env.m_credit_sb.af_lsu_p0_req.analysis_export = null (failed lookup)
UVM_INFO /usr/tools/synopsys/VCS2022/vcs/T-2022.06/etc/uvm-1.2/base/uvm_resource_db.svh(121) @ 0: reporter [CFGDB/GET] Configuration 'uvm_test_top.m_env.m_credit_sb.af_lsu_p0_req.analysis_export.check_connection_relationships' (type logic signed[4095:0]) read by uvm_test_top.m_env.m_credit_sb.af_lsu_p0_req.analysis_export = null (failed lookup)
UVM_INFO /usr/tools/synopsys/VCS2022/vcs/T-2022.06/etc/uvm-1.2/base/uvm_resource_db.svh(121) @ 0: reporter [CFGDB/GET] Configuration 'uvm_test_top.m_env.m_credit_sb.af_lsu_p0_rsp.recording_detail' (type logic signed[4095:0]) read by uvm_test_top.m_env.m_credit_sb.af_lsu_p0_rsp = null (failed lookup)
UVM_INFO /usr/tools/synopsys/VCS2022/vcs/T-2022.06/etc/uvm-1.2/base/uvm_resource_db.svh(121) @ 0: reporter [CFGDB/GET] Configuration 'uvm_test_top.m_env.m_credit_sb.af_lsu_p0_rsp.recording_detail' (type int) read by uvm_test_top.m_env.m_credit_sb.af_lsu_p0_rsp = null (failed lookup)
UVM_INFO /usr/tools/synopsys/VCS2022/vcs/T-2022.06/etc/uvm-1.2/base/uvm_resource_db.svh(121) @ 0: reporter [CFGDB/GET] Configuration 'uvm_test_top.m_env.m_credit_sb.af_lsu_p0_rsp.put_export.recording_detail' (type logic signed[4095:0]) read by uvm_test_top.m_env.m_credit_sb.af_lsu_p0_rsp.put_export = null (failed lookup)
UVM_INFO /usr/tools/synopsys/VCS2022/vcs/T-2022.06/etc/uvm-1.2/base/uvm_resource_db.svh(121) @ 0: reporter [CFGDB/GET] Configuration 'uvm_test_top.m_env.m_credit_sb.af_lsu_p0_rsp.put_export.recording_detail' (type int) read by uvm_test_top.m_env.m_credit_sb.af_lsu_p0_rsp.put_export = null (failed lookup)
UVM_INFO /usr/tools/synopsys/VCS2022/vcs/T-2022.06/etc/uvm-1.2/base/uvm_resource_db.svh(121) @ 0: reporter [CFGDB/GET] Configuration 'uvm_test_top.m_env.m_credit_sb.af_lsu_p0_rsp.put_export.check_connection_relationships' (type logic signed[4095:0]) read by uvm_test_top.m_env.m_credit_sb.af_lsu_p0_rsp.put_export = null (failed lookup)
UVM_INFO /usr/tools/synopsys/VCS2022/vcs/T-2022.06/etc/uvm-1.2/base/uvm_resource_db.svh(121) @ 0: reporter [CFGDB/GET] Configuration 'uvm_test_top.m_env.m_credit_sb.af_lsu_p0_rsp.get_peek_export.recording_detail' (type logic signed[4095:0]) read by uvm_test_top.m_env.m_credit_sb.af_lsu_p0_rsp.get_peek_export = null (failed lookup)
UVM_INFO /usr/tools/synopsys/VCS2022/vcs/T-2022.06/etc/uvm-1.2/base/uvm_resource_db.svh(121) @ 0: reporter [CFGDB/GET] Configuration 'uvm_test_top.m_env.m_credit_sb.af_lsu_p0_rsp.get_peek_export.recording_detail' (type int) read by uvm_test_top.m_env.m_credit_sb.af_lsu_p0_rsp.get_peek_export = null (failed lookup)
UVM_INFO /usr/tools/synopsys/VCS2022/vcs/T-2022.06/etc/uvm-1.2/base/uvm_resource_db.svh(121) @ 0: reporter [CFGDB/GET] Configuration 'uvm_test_top.m_env.m_credit_sb.af_lsu_p0_rsp.get_peek_export.check_connection_relationships' (type logic signed[4095:0]) read by uvm_test_top.m_env.m_credit_sb.af_lsu_p0_rsp.get_peek_export = null (failed lookup)
UVM_INFO /usr/tools/synopsys/VCS2022/vcs/T-2022.06/etc/uvm-1.2/base/uvm_resource_db.svh(121) @ 0: reporter [CFGDB/GET] Configuration 'uvm_test_top.m_env.m_credit_sb.af_lsu_p0_rsp.put_ap.recording_detail' (type logic signed[4095:0]) read by uvm_test_top.m_env.m_credit_sb.af_lsu_p0_rsp.put_ap = null (failed lookup)
UVM_INFO /usr/tools/synopsys/VCS2022/vcs/T-2022.06/etc/uvm-1.2/base/uvm_resource_db.svh(121) @ 0: reporter [CFGDB/GET] Configuration 'uvm_test_top.m_env.m_credit_sb.af_lsu_p0_rsp.put_ap.recording_detail' (type int) read by uvm_test_top.m_env.m_credit_sb.af_lsu_p0_rsp.put_ap = null (failed lookup)
UVM_INFO /usr/tools/synopsys/VCS2022/vcs/T-2022.06/etc/uvm-1.2/base/uvm_resource_db.svh(121) @ 0: reporter [CFGDB/GET] Configuration 'uvm_test_top.m_env.m_credit_sb.af_lsu_p0_rsp.put_ap.check_connection_relationships' (type logic signed[4095:0]) read by uvm_test_top.m_env.m_credit_sb.af_lsu_p0_rsp.put_ap = null (failed lookup)
UVM_INFO /usr/tools/synopsys/VCS2022/vcs/T-2022.06/etc/uvm-1.2/base/uvm_resource_db.svh(121) @ 0: reporter [CFGDB/GET] Configuration 'uvm_test_top.m_env.m_credit_sb.af_lsu_p0_rsp.get_ap.recording_detail' (type logic signed[4095:0]) read by uvm_test_top.m_env.m_credit_sb.af_lsu_p0_rsp.get_ap = null (failed lookup)
UVM_INFO /usr/tools/synopsys/VCS2022/vcs/T-2022.06/etc/uvm-1.2/base/uvm_resource_db.svh(121) @ 0: reporter [CFGDB/GET] Configuration 'uvm_test_top.m_env.m_credit_sb.af_lsu_p0_rsp.get_ap.recording_detail' (type int) read by uvm_test_top.m_env.m_credit_sb.af_lsu_p0_rsp.get_ap = null (failed lookup)
UVM_INFO /usr/tools/synopsys/VCS2022/vcs/T-2022.06/etc/uvm-1.2/base/uvm_resource_db.svh(121) @ 0: reporter [CFGDB/GET] Configuration 'uvm_test_top.m_env.m_credit_sb.af_lsu_p0_rsp.get_ap.check_connection_relationships' (type logic signed[4095:0]) read by uvm_test_top.m_env.m_credit_sb.af_lsu_p0_rsp.get_ap = null (failed lookup)
UVM_INFO /usr/tools/synopsys/VCS2022/vcs/T-2022.06/etc/uvm-1.2/base/uvm_resource_db.svh(121) @ 0: reporter [CFGDB/GET] Configuration 'uvm_test_top.m_env.m_credit_sb.af_lsu_p0_rsp.analysis_export.recording_detail' (type logic signed[4095:0]) read by uvm_test_top.m_env.m_credit_sb.af_lsu_p0_rsp.analysis_export = null (failed lookup)
UVM_INFO /usr/tools/synopsys/VCS2022/vcs/T-2022.06/etc/uvm-1.2/base/uvm_resource_db.svh(121) @ 0: reporter [CFGDB/GET] Configuration 'uvm_test_top.m_env.m_credit_sb.af_lsu_p0_rsp.analysis_export.recording_detail' (type int) read by uvm_test_top.m_env.m_credit_sb.af_lsu_p0_rsp.analysis_export = null (failed lookup)
UVM_INFO /usr/tools/synopsys/VCS2022/vcs/T-2022.06/etc/uvm-1.2/base/uvm_resource_db.svh(121) @ 0: reporter [CFGDB/GET] Configuration 'uvm_test_top.m_env.m_credit_sb.af_lsu_p0_rsp.analysis_export.check_connection_relationships' (type logic signed[4095:0]) read by uvm_test_top.m_env.m_credit_sb.af_lsu_p0_rsp.analysis_export = null (failed lookup)
UVM_INFO /usr/tools/synopsys/VCS2022/vcs/T-2022.06/etc/uvm-1.2/base/uvm_resource_db.svh(121) @ 0: reporter [CFGDB/GET] Configuration 'uvm_test_top.m_env.m_credit_sb.af_lsu_p1_req.recording_detail' (type logic signed[4095:0]) read by uvm_test_top.m_env.m_credit_sb.af_lsu_p1_req = null (failed lookup)
UVM_INFO /usr/tools/synopsys/VCS2022/vcs/T-2022.06/etc/uvm-1.2/base/uvm_resource_db.svh(121) @ 0: reporter [CFGDB/GET] Configuration 'uvm_test_top.m_env.m_credit_sb.af_lsu_p1_req.recording_detail' (type int) read by uvm_test_top.m_env.m_credit_sb.af_lsu_p1_req = null (failed lookup)
UVM_INFO /usr/tools/synopsys/VCS2022/vcs/T-2022.06/etc/uvm-1.2/base/uvm_resource_db.svh(121) @ 0: reporter [CFGDB/GET] Configuration 'uvm_test_top.m_env.m_credit_sb.af_lsu_p1_req.put_export.recording_detail' (type logic signed[4095:0]) read by uvm_test_top.m_env.m_credit_sb.af_lsu_p1_req.put_export = null (failed lookup)
UVM_INFO /usr/tools/synopsys/VCS2022/vcs/T-2022.06/etc/uvm-1.2/base/uvm_resource_db.svh(121) @ 0: reporter [CFGDB/GET] Configuration 'uvm_test_top.m_env.m_credit_sb.af_lsu_p1_req.put_export.recording_detail' (type int) read by uvm_test_top.m_env.m_credit_sb.af_lsu_p1_req.put_export = null (failed lookup)
UVM_INFO /usr/tools/synopsys/VCS2022/vcs/T-2022.06/etc/uvm-1.2/base/uvm_resource_db.svh(121) @ 0: reporter [CFGDB/GET] Configuration 'uvm_test_top.m_env.m_credit_sb.af_lsu_p1_req.put_export.check_connection_relationships' (type logic signed[4095:0]) read by uvm_test_top.m_env.m_credit_sb.af_lsu_p1_req.put_export = null (failed lookup)
UVM_INFO /usr/tools/synopsys/VCS2022/vcs/T-2022.06/etc/uvm-1.2/base/uvm_resource_db.svh(121) @ 0: reporter [CFGDB/GET] Configuration 'uvm_test_top.m_env.m_credit_sb.af_lsu_p1_req.get_peek_export.recording_detail' (type logic signed[4095:0]) read by uvm_test_top.m_env.m_credit_sb.af_lsu_p1_req.get_peek_export = null (failed lookup)
UVM_INFO /usr/tools/synopsys/VCS2022/vcs/T-2022.06/etc/uvm-1.2/base/uvm_resource_db.svh(121) @ 0: reporter [CFGDB/GET] Configuration 'uvm_test_top.m_env.m_credit_sb.af_lsu_p1_req.get_peek_export.recording_detail' (type int) read by uvm_test_top.m_env.m_credit_sb.af_lsu_p1_req.get_peek_export = null (failed lookup)
UVM_INFO /usr/tools/synopsys/VCS2022/vcs/T-2022.06/etc/uvm-1.2/base/uvm_resource_db.svh(121) @ 0: reporter [CFGDB/GET] Configuration 'uvm_test_top.m_env.m_credit_sb.af_lsu_p1_req.get_peek_export.check_connection_relationships' (type logic signed[4095:0]) read by uvm_test_top.m_env.m_credit_sb.af_lsu_p1_req.get_peek_export = null (failed lookup)
UVM_INFO /usr/tools/synopsys/VCS2022/vcs/T-2022.06/etc/uvm-1.2/base/uvm_resource_db.svh(121) @ 0: reporter [CFGDB/GET] Configuration 'uvm_test_top.m_env.m_credit_sb.af_lsu_p1_req.put_ap.recording_detail' (type logic signed[4095:0]) read by uvm_test_top.m_env.m_credit_sb.af_lsu_p1_req.put_ap = null (failed lookup)
UVM_INFO /usr/tools/synopsys/VCS2022/vcs/T-2022.06/etc/uvm-1.2/base/uvm_resource_db.svh(121) @ 0: reporter [CFGDB/GET] Configuration 'uvm_test_top.m_env.m_credit_sb.af_lsu_p1_req.put_ap.recording_detail' (type int) read by uvm_test_top.m_env.m_credit_sb.af_lsu_p1_req.put_ap = null (failed lookup)
UVM_INFO /usr/tools/synopsys/VCS2022/vcs/T-2022.06/etc/uvm-1.2/base/uvm_resource_db.svh(121) @ 0: reporter [CFGDB/GET] Configuration 'uvm_test_top.m_env.m_credit_sb.af_lsu_p1_req.put_ap.check_connection_relationships' (type logic signed[4095:0]) read by uvm_test_top.m_env.m_credit_sb.af_lsu_p1_req.put_ap = null (failed lookup)
UVM_INFO /usr/tools/synopsys/VCS2022/vcs/T-2022.06/etc/uvm-1.2/base/uvm_resource_db.svh(121) @ 0: reporter [CFGDB/GET] Configuration 'uvm_test_top.m_env.m_credit_sb.af_lsu_p1_req.get_ap.recording_detail' (type logic signed[4095:0]) read by uvm_test_top.m_env.m_credit_sb.af_lsu_p1_req.get_ap = null (failed lookup)
UVM_INFO /usr/tools/synopsys/VCS2022/vcs/T-2022.06/etc/uvm-1.2/base/uvm_resource_db.svh(121) @ 0: reporter [CFGDB/GET] Configuration 'uvm_test_top.m_env.m_credit_sb.af_lsu_p1_req.get_ap.recording_detail' (type int) read by uvm_test_top.m_env.m_credit_sb.af_lsu_p1_req.get_ap = null (failed lookup)
UVM_INFO /usr/tools/synopsys/VCS2022/vcs/T-2022.06/etc/uvm-1.2/base/uvm_resource_db.svh(121) @ 0: reporter [CFGDB/GET] Configuration 'uvm_test_top.m_env.m_credit_sb.af_lsu_p1_req.get_ap.check_connection_relationships' (type logic signed[4095:0]) read by uvm_test_top.m_env.m_credit_sb.af_lsu_p1_req.get_ap = null (failed lookup)
UVM_INFO /usr/tools/synopsys/VCS2022/vcs/T-2022.06/etc/uvm-1.2/base/uvm_resource_db.svh(121) @ 0: reporter [CFGDB/GET] Configuration 'uvm_test_top.m_env.m_credit_sb.af_lsu_p1_req.analysis_export.recording_detail' (type logic signed[4095:0]) read by uvm_test_top.m_env.m_credit_sb.af_lsu_p1_req.analysis_export = null (failed lookup)
UVM_INFO /usr/tools/synopsys/VCS2022/vcs/T-2022.06/etc/uvm-1.2/base/uvm_resource_db.svh(121) @ 0: reporter [CFGDB/GET] Configuration 'uvm_test_top.m_env.m_credit_sb.af_lsu_p1_req.analysis_export.recording_detail' (type int) read by uvm_test_top.m_env.m_credit_sb.af_lsu_p1_req.analysis_export = null (failed lookup)
UVM_INFO /usr/tools/synopsys/VCS2022/vcs/T-2022.06/etc/uvm-1.2/base/uvm_resource_db.svh(121) @ 0: reporter [CFGDB/GET] Configuration 'uvm_test_top.m_env.m_credit_sb.af_lsu_p1_req.analysis_export.check_connection_relationships' (type logic signed[4095:0]) read by uvm_test_top.m_env.m_credit_sb.af_lsu_p1_req.analysis_export = null (failed lookup)
UVM_INFO /usr/tools/synopsys/VCS2022/vcs/T-2022.06/etc/uvm-1.2/base/uvm_resource_db.svh(121) @ 0: reporter [CFGDB/GET] Configuration 'uvm_test_top.m_env.m_credit_sb.af_lsu_p1_rsp.recording_detail' (type logic signed[4095:0]) read by uvm_test_top.m_env.m_credit_sb.af_lsu_p1_rsp = null (failed lookup)
UVM_INFO /usr/tools/synopsys/VCS2022/vcs/T-2022.06/etc/uvm-1.2/base/uvm_resource_db.svh(121) @ 0: reporter [CFGDB/GET] Configuration 'uvm_test_top.m_env.m_credit_sb.af_lsu_p1_rsp.recording_detail' (type int) read by uvm_test_top.m_env.m_credit_sb.af_lsu_p1_rsp = null (failed lookup)
UVM_INFO /usr/tools/synopsys/VCS2022/vcs/T-2022.06/etc/uvm-1.2/base/uvm_resource_db.svh(121) @ 0: reporter [CFGDB/GET] Configuration 'uvm_test_top.m_env.m_credit_sb.af_lsu_p1_rsp.put_export.recording_detail' (type logic signed[4095:0]) read by uvm_test_top.m_env.m_credit_sb.af_lsu_p1_rsp.put_export = null (failed lookup)
UVM_INFO /usr/tools/synopsys/VCS2022/vcs/T-2022.06/etc/uvm-1.2/base/uvm_resource_db.svh(121) @ 0: reporter [CFGDB/GET] Configuration 'uvm_test_top.m_env.m_credit_sb.af_lsu_p1_rsp.put_export.recording_detail' (type int) read by uvm_test_top.m_env.m_credit_sb.af_lsu_p1_rsp.put_export = null (failed lookup)
UVM_INFO /usr/tools/synopsys/VCS2022/vcs/T-2022.06/etc/uvm-1.2/base/uvm_resource_db.svh(121) @ 0: reporter [CFGDB/GET] Configuration 'uvm_test_top.m_env.m_credit_sb.af_lsu_p1_rsp.put_export.check_connection_relationships' (type logic signed[4095:0]) read by uvm_test_top.m_env.m_credit_sb.af_lsu_p1_rsp.put_export = null (failed lookup)
UVM_INFO /usr/tools/synopsys/VCS2022/vcs/T-2022.06/etc/uvm-1.2/base/uvm_resource_db.svh(121) @ 0: reporter [CFGDB/GET] Configuration 'uvm_test_top.m_env.m_credit_sb.af_lsu_p1_rsp.get_peek_export.recording_detail' (type logic signed[4095:0]) read by uvm_test_top.m_env.m_credit_sb.af_lsu_p1_rsp.get_peek_export = null (failed lookup)
UVM_INFO /usr/tools/synopsys/VCS2022/vcs/T-2022.06/etc/uvm-1.2/base/uvm_resource_db.svh(121) @ 0: reporter [CFGDB/GET] Configuration 'uvm_test_top.m_env.m_credit_sb.af_lsu_p1_rsp.get_peek_export.recording_detail' (type int) read by uvm_test_top.m_env.m_credit_sb.af_lsu_p1_rsp.get_peek_export = null (failed lookup)
UVM_INFO /usr/tools/synopsys/VCS2022/vcs/T-2022.06/etc/uvm-1.2/base/uvm_resource_db.svh(121) @ 0: reporter [CFGDB/GET] Configuration 'uvm_test_top.m_env.m_credit_sb.af_lsu_p1_rsp.get_peek_export.check_connection_relationships' (type logic signed[4095:0]) read by uvm_test_top.m_env.m_credit_sb.af_lsu_p1_rsp.get_peek_export = null (failed lookup)
UVM_INFO /usr/tools/synopsys/VCS2022/vcs/T-2022.06/etc/uvm-1.2/base/uvm_resource_db.svh(121) @ 0: reporter [CFGDB/GET] Configuration 'uvm_test_top.m_env.m_credit_sb.af_lsu_p1_rsp.put_ap.recording_detail' (type logic signed[4095:0]) read by uvm_test_top.m_env.m_credit_sb.af_lsu_p1_rsp.put_ap = null (failed lookup)
UVM_INFO /usr/tools/synopsys/VCS2022/vcs/T-2022.06/etc/uvm-1.2/base/uvm_resource_db.svh(121) @ 0: reporter [CFGDB/GET] Configuration 'uvm_test_top.m_env.m_credit_sb.af_lsu_p1_rsp.put_ap.recording_detail' (type int) read by uvm_test_top.m_env.m_credit_sb.af_lsu_p1_rsp.put_ap = null (failed lookup)
UVM_INFO /usr/tools/synopsys/VCS2022/vcs/T-2022.06/etc/uvm-1.2/base/uvm_resource_db.svh(121) @ 0: reporter [CFGDB/GET] Configuration 'uvm_test_top.m_env.m_credit_sb.af_lsu_p1_rsp.put_ap.check_connection_relationships' (type logic signed[4095:0]) read by uvm_test_top.m_env.m_credit_sb.af_lsu_p1_rsp.put_ap = null (failed lookup)
UVM_INFO /usr/tools/synopsys/VCS2022/vcs/T-2022.06/etc/uvm-1.2/base/uvm_resource_db.svh(121) @ 0: reporter [CFGDB/GET] Configuration 'uvm_test_top.m_env.m_credit_sb.af_lsu_p1_rsp.get_ap.recording_detail' (type logic signed[4095:0]) read by uvm_test_top.m_env.m_credit_sb.af_lsu_p1_rsp.get_ap = null (failed lookup)
UVM_INFO /usr/tools/synopsys/VCS2022/vcs/T-2022.06/etc/uvm-1.2/base/uvm_resource_db.svh(121) @ 0: reporter [CFGDB/GET] Configuration 'uvm_test_top.m_env.m_credit_sb.af_lsu_p1_rsp.get_ap.recording_detail' (type int) read by uvm_test_top.m_env.m_credit_sb.af_lsu_p1_rsp.get_ap = null (failed lookup)
UVM_INFO /usr/tools/synopsys/VCS2022/vcs/T-2022.06/etc/uvm-1.2/base/uvm_resource_db.svh(121) @ 0: reporter [CFGDB/GET] Configuration 'uvm_test_top.m_env.m_credit_sb.af_lsu_p1_rsp.get_ap.check_connection_relationships' (type logic signed[4095:0]) read by uvm_test_top.m_env.m_credit_sb.af_lsu_p1_rsp.get_ap = null (failed lookup)
UVM_INFO /usr/tools/synopsys/VCS2022/vcs/T-2022.06/etc/uvm-1.2/base/uvm_resource_db.svh(121) @ 0: reporter [CFGDB/GET] Configuration 'uvm_test_top.m_env.m_credit_sb.af_lsu_p1_rsp.analysis_export.recording_detail' (type logic signed[4095:0]) read by uvm_test_top.m_env.m_credit_sb.af_lsu_p1_rsp.analysis_export = null (failed lookup)
UVM_INFO /usr/tools/synopsys/VCS2022/vcs/T-2022.06/etc/uvm-1.2/base/uvm_resource_db.svh(121) @ 0: reporter [CFGDB/GET] Configuration 'uvm_test_top.m_env.m_credit_sb.af_lsu_p1_rsp.analysis_export.recording_detail' (type int) read by uvm_test_top.m_env.m_credit_sb.af_lsu_p1_rsp.analysis_export = null (failed lookup)
UVM_INFO /usr/tools/synopsys/VCS2022/vcs/T-2022.06/etc/uvm-1.2/base/uvm_resource_db.svh(121) @ 0: reporter [CFGDB/GET] Configuration 'uvm_test_top.m_env.m_credit_sb.af_lsu_p1_rsp.analysis_export.check_connection_relationships' (type logic signed[4095:0]) read by uvm_test_top.m_env.m_credit_sb.af_lsu_p1_rsp.analysis_export = null (failed lookup)
UVM_INFO /usr/tools/synopsys/VCS2022/vcs/T-2022.06/etc/uvm-1.2/base/uvm_resource_db.svh(121) @ 0: reporter [CFGDB/GET] Configuration 'uvm_test_top.m_env.m_credit_sb.af_ptw_req.recording_detail' (type logic signed[4095:0]) read by uvm_test_top.m_env.m_credit_sb.af_ptw_req = null (failed lookup)
UVM_INFO /usr/tools/synopsys/VCS2022/vcs/T-2022.06/etc/uvm-1.2/base/uvm_resource_db.svh(121) @ 0: reporter [CFGDB/GET] Configuration 'uvm_test_top.m_env.m_credit_sb.af_ptw_req.recording_detail' (type int) read by uvm_test_top.m_env.m_credit_sb.af_ptw_req = null (failed lookup)
UVM_INFO /usr/tools/synopsys/VCS2022/vcs/T-2022.06/etc/uvm-1.2/base/uvm_resource_db.svh(121) @ 0: reporter [CFGDB/GET] Configuration 'uvm_test_top.m_env.m_credit_sb.af_ptw_req.put_export.recording_detail' (type logic signed[4095:0]) read by uvm_test_top.m_env.m_credit_sb.af_ptw_req.put_export = null (failed lookup)
UVM_INFO /usr/tools/synopsys/VCS2022/vcs/T-2022.06/etc/uvm-1.2/base/uvm_resource_db.svh(121) @ 0: reporter [CFGDB/GET] Configuration 'uvm_test_top.m_env.m_credit_sb.af_ptw_req.put_export.recording_detail' (type int) read by uvm_test_top.m_env.m_credit_sb.af_ptw_req.put_export = null (failed lookup)
UVM_INFO /usr/tools/synopsys/VCS2022/vcs/T-2022.06/etc/uvm-1.2/base/uvm_resource_db.svh(121) @ 0: reporter [CFGDB/GET] Configuration 'uvm_test_top.m_env.m_credit_sb.af_ptw_req.put_export.check_connection_relationships' (type logic signed[4095:0]) read by uvm_test_top.m_env.m_credit_sb.af_ptw_req.put_export = null (failed lookup)
UVM_INFO /usr/tools/synopsys/VCS2022/vcs/T-2022.06/etc/uvm-1.2/base/uvm_resource_db.svh(121) @ 0: reporter [CFGDB/GET] Configuration 'uvm_test_top.m_env.m_credit_sb.af_ptw_req.get_peek_export.recording_detail' (type logic signed[4095:0]) read by uvm_test_top.m_env.m_credit_sb.af_ptw_req.get_peek_export = null (failed lookup)
UVM_INFO /usr/tools/synopsys/VCS2022/vcs/T-2022.06/etc/uvm-1.2/base/uvm_resource_db.svh(121) @ 0: reporter [CFGDB/GET] Configuration 'uvm_test_top.m_env.m_credit_sb.af_ptw_req.get_peek_export.recording_detail' (type int) read by uvm_test_top.m_env.m_credit_sb.af_ptw_req.get_peek_export = null (failed lookup)
UVM_INFO /usr/tools/synopsys/VCS2022/vcs/T-2022.06/etc/uvm-1.2/base/uvm_resource_db.svh(121) @ 0: reporter [CFGDB/GET] Configuration 'uvm_test_top.m_env.m_credit_sb.af_ptw_req.get_peek_export.check_connection_relationships' (type logic signed[4095:0]) read by uvm_test_top.m_env.m_credit_sb.af_ptw_req.get_peek_export = null (failed lookup)
UVM_INFO /usr/tools/synopsys/VCS2022/vcs/T-2022.06/etc/uvm-1.2/base/uvm_resource_db.svh(121) @ 0: reporter [CFGDB/GET] Configuration 'uvm_test_top.m_env.m_credit_sb.af_ptw_req.put_ap.recording_detail' (type logic signed[4095:0]) read by uvm_test_top.m_env.m_credit_sb.af_ptw_req.put_ap = null (failed lookup)
UVM_INFO /usr/tools/synopsys/VCS2022/vcs/T-2022.06/etc/uvm-1.2/base/uvm_resource_db.svh(121) @ 0: reporter [CFGDB/GET] Configuration 'uvm_test_top.m_env.m_credit_sb.af_ptw_req.put_ap.recording_detail' (type int) read by uvm_test_top.m_env.m_credit_sb.af_ptw_req.put_ap = null (failed lookup)
UVM_INFO /usr/tools/synopsys/VCS2022/vcs/T-2022.06/etc/uvm-1.2/base/uvm_resource_db.svh(121) @ 0: reporter [CFGDB/GET] Configuration 'uvm_test_top.m_env.m_credit_sb.af_ptw_req.put_ap.check_connection_relationships' (type logic signed[4095:0]) read by uvm_test_top.m_env.m_credit_sb.af_ptw_req.put_ap = null (failed lookup)
UVM_INFO /usr/tools/synopsys/VCS2022/vcs/T-2022.06/etc/uvm-1.2/base/uvm_resource_db.svh(121) @ 0: reporter [CFGDB/GET] Configuration 'uvm_test_top.m_env.m_credit_sb.af_ptw_req.get_ap.recording_detail' (type logic signed[4095:0]) read by uvm_test_top.m_env.m_credit_sb.af_ptw_req.get_ap = null (failed lookup)
UVM_INFO /usr/tools/synopsys/VCS2022/vcs/T-2022.06/etc/uvm-1.2/base/uvm_resource_db.svh(121) @ 0: reporter [CFGDB/GET] Configuration 'uvm_test_top.m_env.m_credit_sb.af_ptw_req.get_ap.recording_detail' (type int) read by uvm_test_top.m_env.m_credit_sb.af_ptw_req.get_ap = null (failed lookup)
UVM_INFO /usr/tools/synopsys/VCS2022/vcs/T-2022.06/etc/uvm-1.2/base/uvm_resource_db.svh(121) @ 0: reporter [CFGDB/GET] Configuration 'uvm_test_top.m_env.m_credit_sb.af_ptw_req.get_ap.check_connection_relationships' (type logic signed[4095:0]) read by uvm_test_top.m_env.m_credit_sb.af_ptw_req.get_ap = null (failed lookup)
UVM_INFO /usr/tools/synopsys/VCS2022/vcs/T-2022.06/etc/uvm-1.2/base/uvm_resource_db.svh(121) @ 0: reporter [CFGDB/GET] Configuration 'uvm_test_top.m_env.m_credit_sb.af_ptw_req.analysis_export.recording_detail' (type logic signed[4095:0]) read by uvm_test_top.m_env.m_credit_sb.af_ptw_req.analysis_export = null (failed lookup)
UVM_INFO /usr/tools/synopsys/VCS2022/vcs/T-2022.06/etc/uvm-1.2/base/uvm_resource_db.svh(121) @ 0: reporter [CFGDB/GET] Configuration 'uvm_test_top.m_env.m_credit_sb.af_ptw_req.analysis_export.recording_detail' (type int) read by uvm_test_top.m_env.m_credit_sb.af_ptw_req.analysis_export = null (failed lookup)
UVM_INFO /usr/tools/synopsys/VCS2022/vcs/T-2022.06/etc/uvm-1.2/base/uvm_resource_db.svh(121) @ 0: reporter [CFGDB/GET] Configuration 'uvm_test_top.m_env.m_credit_sb.af_ptw_req.analysis_export.check_connection_relationships' (type logic signed[4095:0]) read by uvm_test_top.m_env.m_credit_sb.af_ptw_req.analysis_export = null (failed lookup)
UVM_INFO /usr/tools/synopsys/VCS2022/vcs/T-2022.06/etc/uvm-1.2/base/uvm_resource_db.svh(121) @ 0: reporter [CFGDB/GET] Configuration 'uvm_test_top.m_env.m_credit_sb.af_ptw_rsp.recording_detail' (type logic signed[4095:0]) read by uvm_test_top.m_env.m_credit_sb.af_ptw_rsp = null (failed lookup)
UVM_INFO /usr/tools/synopsys/VCS2022/vcs/T-2022.06/etc/uvm-1.2/base/uvm_resource_db.svh(121) @ 0: reporter [CFGDB/GET] Configuration 'uvm_test_top.m_env.m_credit_sb.af_ptw_rsp.recording_detail' (type int) read by uvm_test_top.m_env.m_credit_sb.af_ptw_rsp = null (failed lookup)
UVM_INFO /usr/tools/synopsys/VCS2022/vcs/T-2022.06/etc/uvm-1.2/base/uvm_resource_db.svh(121) @ 0: reporter [CFGDB/GET] Configuration 'uvm_test_top.m_env.m_credit_sb.af_ptw_rsp.put_export.recording_detail' (type logic signed[4095:0]) read by uvm_test_top.m_env.m_credit_sb.af_ptw_rsp.put_export = null (failed lookup)
UVM_INFO /usr/tools/synopsys/VCS2022/vcs/T-2022.06/etc/uvm-1.2/base/uvm_resource_db.svh(121) @ 0: reporter [CFGDB/GET] Configuration 'uvm_test_top.m_env.m_credit_sb.af_ptw_rsp.put_export.recording_detail' (type int) read by uvm_test_top.m_env.m_credit_sb.af_ptw_rsp.put_export = null (failed lookup)
UVM_INFO /usr/tools/synopsys/VCS2022/vcs/T-2022.06/etc/uvm-1.2/base/uvm_resource_db.svh(121) @ 0: reporter [CFGDB/GET] Configuration 'uvm_test_top.m_env.m_credit_sb.af_ptw_rsp.put_export.check_connection_relationships' (type logic signed[4095:0]) read by uvm_test_top.m_env.m_credit_sb.af_ptw_rsp.put_export = null (failed lookup)
UVM_INFO /usr/tools/synopsys/VCS2022/vcs/T-2022.06/etc/uvm-1.2/base/uvm_resource_db.svh(121) @ 0: reporter [CFGDB/GET] Configuration 'uvm_test_top.m_env.m_credit_sb.af_ptw_rsp.get_peek_export.recording_detail' (type logic signed[4095:0]) read by uvm_test_top.m_env.m_credit_sb.af_ptw_rsp.get_peek_export = null (failed lookup)
UVM_INFO /usr/tools/synopsys/VCS2022/vcs/T-2022.06/etc/uvm-1.2/base/uvm_resource_db.svh(121) @ 0: reporter [CFGDB/GET] Configuration 'uvm_test_top.m_env.m_credit_sb.af_ptw_rsp.get_peek_export.recording_detail' (type int) read by uvm_test_top.m_env.m_credit_sb.af_ptw_rsp.get_peek_export = null (failed lookup)
UVM_INFO /usr/tools/synopsys/VCS2022/vcs/T-2022.06/etc/uvm-1.2/base/uvm_resource_db.svh(121) @ 0: reporter [CFGDB/GET] Configuration 'uvm_test_top.m_env.m_credit_sb.af_ptw_rsp.get_peek_export.check_connection_relationships' (type logic signed[4095:0]) read by uvm_test_top.m_env.m_credit_sb.af_ptw_rsp.get_peek_export = null (failed lookup)
UVM_INFO /usr/tools/synopsys/VCS2022/vcs/T-2022.06/etc/uvm-1.2/base/uvm_resource_db.svh(121) @ 0: reporter [CFGDB/GET] Configuration 'uvm_test_top.m_env.m_credit_sb.af_ptw_rsp.put_ap.recording_detail' (type logic signed[4095:0]) read by uvm_test_top.m_env.m_credit_sb.af_ptw_rsp.put_ap = null (failed lookup)
UVM_INFO /usr/tools/synopsys/VCS2022/vcs/T-2022.06/etc/uvm-1.2/base/uvm_resource_db.svh(121) @ 0: reporter [CFGDB/GET] Configuration 'uvm_test_top.m_env.m_credit_sb.af_ptw_rsp.put_ap.recording_detail' (type int) read by uvm_test_top.m_env.m_credit_sb.af_ptw_rsp.put_ap = null (failed lookup)
UVM_INFO /usr/tools/synopsys/VCS2022/vcs/T-2022.06/etc/uvm-1.2/base/uvm_resource_db.svh(121) @ 0: reporter [CFGDB/GET] Configuration 'uvm_test_top.m_env.m_credit_sb.af_ptw_rsp.put_ap.check_connection_relationships' (type logic signed[4095:0]) read by uvm_test_top.m_env.m_credit_sb.af_ptw_rsp.put_ap = null (failed lookup)
UVM_INFO /usr/tools/synopsys/VCS2022/vcs/T-2022.06/etc/uvm-1.2/base/uvm_resource_db.svh(121) @ 0: reporter [CFGDB/GET] Configuration 'uvm_test_top.m_env.m_credit_sb.af_ptw_rsp.get_ap.recording_detail' (type logic signed[4095:0]) read by uvm_test_top.m_env.m_credit_sb.af_ptw_rsp.get_ap = null (failed lookup)
UVM_INFO /usr/tools/synopsys/VCS2022/vcs/T-2022.06/etc/uvm-1.2/base/uvm_resource_db.svh(121) @ 0: reporter [CFGDB/GET] Configuration 'uvm_test_top.m_env.m_credit_sb.af_ptw_rsp.get_ap.recording_detail' (type int) read by uvm_test_top.m_env.m_credit_sb.af_ptw_rsp.get_ap = null (failed lookup)
UVM_INFO /usr/tools/synopsys/VCS2022/vcs/T-2022.06/etc/uvm-1.2/base/uvm_resource_db.svh(121) @ 0: reporter [CFGDB/GET] Configuration 'uvm_test_top.m_env.m_credit_sb.af_ptw_rsp.get_ap.check_connection_relationships' (type logic signed[4095:0]) read by uvm_test_top.m_env.m_credit_sb.af_ptw_rsp.get_ap = null (failed lookup)
UVM_INFO /usr/tools/synopsys/VCS2022/vcs/T-2022.06/etc/uvm-1.2/base/uvm_resource_db.svh(121) @ 0: reporter [CFGDB/GET] Configuration 'uvm_test_top.m_env.m_credit_sb.af_ptw_rsp.analysis_export.recording_detail' (type logic signed[4095:0]) read by uvm_test_top.m_env.m_credit_sb.af_ptw_rsp.analysis_export = null (failed lookup)
UVM_INFO /usr/tools/synopsys/VCS2022/vcs/T-2022.06/etc/uvm-1.2/base/uvm_resource_db.svh(121) @ 0: reporter [CFGDB/GET] Configuration 'uvm_test_top.m_env.m_credit_sb.af_ptw_rsp.analysis_export.recording_detail' (type int) read by uvm_test_top.m_env.m_credit_sb.af_ptw_rsp.analysis_export = null (failed lookup)
UVM_INFO /usr/tools/synopsys/VCS2022/vcs/T-2022.06/etc/uvm-1.2/base/uvm_resource_db.svh(121) @ 0: reporter [CFGDB/GET] Configuration 'uvm_test_top.m_env.m_credit_sb.af_ptw_rsp.analysis_export.check_connection_relationships' (type logic signed[4095:0]) read by uvm_test_top.m_env.m_credit_sb.af_ptw_rsp.analysis_export = null (failed lookup)
UVM_INFO /usr/tools/synopsys/VCS2022/vcs/T-2022.06/etc/uvm-1.2/base/uvm_resource_db.svh(121) @ 0: reporter [CFGDB/GET] Configuration 'uvm_test_top.m_env.m_ifu.IFU_VIF' (type virtual interface ifu_if) read by uvm_test_top.m_env.m_ifu = (virtual interface ifu_if) tb_top.ifu_if_inst : '{clk_i:'h0, rst_ni:'h0, ifu_mmu_va_vld:'hx, ifu_mmu_va:'hxxxxxxxxxxxxxxxx, ifu_mmu_abort:'hx, mmu_ifu_pavld:'hx, mmu_ifu_pa:'hxxxxxxx, mmu_ifu_buf:'hx, mmu_ifu_ca:'hx, mmu_ifu_deny:'hx, mmu_ifu_pgflt:'hx, mmu_ifu_sec:'hx}
UVM_INFO /usr/tools/synopsys/VCS2022/vcs/T-2022.06/etc/uvm-1.2/base/uvm_resource_db.svh(121) @ 0: reporter [CFGDB/GET] Configuration 'uvm_test_top.m_env.m_ifu.m_monitor.recording_detail' (type logic signed[4095:0]) read by uvm_test_top.m_env.m_ifu.m_monitor = null (failed lookup)
UVM_INFO /usr/tools/synopsys/VCS2022/vcs/T-2022.06/etc/uvm-1.2/base/uvm_resource_db.svh(121) @ 0: reporter [CFGDB/GET] Configuration 'uvm_test_top.m_env.m_ifu.m_monitor.recording_detail' (type int) read by uvm_test_top.m_env.m_ifu.m_monitor = null (failed lookup)
UVM_INFO /usr/tools/synopsys/VCS2022/vcs/T-2022.06/etc/uvm-1.2/base/uvm_resource_db.svh(121) @ 0: reporter [CFGDB/GET] Configuration 'uvm_test_top.m_env.m_ifu.m_cg.recording_detail' (type logic signed[4095:0]) read by uvm_test_top.m_env.m_ifu.m_cg = null (failed lookup)
UVM_INFO /usr/tools/synopsys/VCS2022/vcs/T-2022.06/etc/uvm-1.2/base/uvm_resource_db.svh(121) @ 0: reporter [CFGDB/GET] Configuration 'uvm_test_top.m_env.m_ifu.m_cg.recording_detail' (type int) read by uvm_test_top.m_env.m_ifu.m_cg = null (failed lookup)
UVM_INFO /usr/tools/synopsys/VCS2022/vcs/T-2022.06/etc/uvm-1.2/base/uvm_resource_db.svh(121) @ 0: reporter [CFGDB/GET] Configuration 'uvm_test_top.m_env.m_ifu.m_sequencer.recording_detail' (type logic signed[4095:0]) read by uvm_test_top.m_env.m_ifu.m_sequencer = null (failed lookup)
UVM_INFO /usr/tools/synopsys/VCS2022/vcs/T-2022.06/etc/uvm-1.2/base/uvm_resource_db.svh(121) @ 0: reporter [CFGDB/GET] Configuration 'uvm_test_top.m_env.m_ifu.m_sequencer.recording_detail' (type int) read by uvm_test_top.m_env.m_ifu.m_sequencer = null (failed lookup)
UVM_INFO /usr/tools/synopsys/VCS2022/vcs/T-2022.06/etc/uvm-1.2/base/uvm_resource_db.svh(121) @ 0: reporter [CFGDB/GET] Configuration 'uvm_test_top.m_env.m_ifu.m_sequencer.rsp_export.recording_detail' (type logic signed[4095:0]) read by uvm_test_top.m_env.m_ifu.m_sequencer.rsp_export = null (failed lookup)
UVM_INFO /usr/tools/synopsys/VCS2022/vcs/T-2022.06/etc/uvm-1.2/base/uvm_resource_db.svh(121) @ 0: reporter [CFGDB/GET] Configuration 'uvm_test_top.m_env.m_ifu.m_sequencer.rsp_export.recording_detail' (type int) read by uvm_test_top.m_env.m_ifu.m_sequencer.rsp_export = null (failed lookup)
UVM_INFO /usr/tools/synopsys/VCS2022/vcs/T-2022.06/etc/uvm-1.2/base/uvm_resource_db.svh(121) @ 0: reporter [CFGDB/GET] Configuration 'uvm_test_top.m_env.m_ifu.m_sequencer.rsp_export.check_connection_relationships' (type logic signed[4095:0]) read by uvm_test_top.m_env.m_ifu.m_sequencer.rsp_export = null (failed lookup)
UVM_INFO /usr/tools/synopsys/VCS2022/vcs/T-2022.06/etc/uvm-1.2/base/uvm_resource_db.svh(121) @ 0: reporter [CFGDB/GET] Configuration 'uvm_test_top.m_env.m_ifu.m_sequencer.sqr_rsp_analysis_fifo.recording_detail' (type logic signed[4095:0]) read by uvm_test_top.m_env.m_ifu.m_sequencer.sqr_rsp_analysis_fifo = null (failed lookup)
UVM_INFO /usr/tools/synopsys/VCS2022/vcs/T-2022.06/etc/uvm-1.2/base/uvm_resource_db.svh(121) @ 0: reporter [CFGDB/GET] Configuration 'uvm_test_top.m_env.m_ifu.m_sequencer.sqr_rsp_analysis_fifo.recording_detail' (type int) read by uvm_test_top.m_env.m_ifu.m_sequencer.sqr_rsp_analysis_fifo = null (failed lookup)
UVM_INFO /usr/tools/synopsys/VCS2022/vcs/T-2022.06/etc/uvm-1.2/base/uvm_resource_db.svh(121) @ 0: reporter [CFGDB/GET] Configuration 'uvm_test_top.m_env.m_ifu.m_sequencer.sqr_rsp_analysis_fifo.put_export.recording_detail' (type logic signed[4095:0]) read by uvm_test_top.m_env.m_ifu.m_sequencer.sqr_rsp_analysis_fifo.put_export = null (failed lookup)
UVM_INFO /usr/tools/synopsys/VCS2022/vcs/T-2022.06/etc/uvm-1.2/base/uvm_resource_db.svh(121) @ 0: reporter [CFGDB/GET] Configuration 'uvm_test_top.m_env.m_ifu.m_sequencer.sqr_rsp_analysis_fifo.put_export.recording_detail' (type int) read by uvm_test_top.m_env.m_ifu.m_sequencer.sqr_rsp_analysis_fifo.put_export = null (failed lookup)
UVM_INFO /usr/tools/synopsys/VCS2022/vcs/T-2022.06/etc/uvm-1.2/base/uvm_resource_db.svh(121) @ 0: reporter [CFGDB/GET] Configuration 'uvm_test_top.m_env.m_ifu.m_sequencer.sqr_rsp_analysis_fifo.put_export.check_connection_relationships' (type logic signed[4095:0]) read by uvm_test_top.m_env.m_ifu.m_sequencer.sqr_rsp_analysis_fifo.put_export = null (failed lookup)
UVM_INFO /usr/tools/synopsys/VCS2022/vcs/T-2022.06/etc/uvm-1.2/base/uvm_resource_db.svh(121) @ 0: reporter [CFGDB/GET] Configuration 'uvm_test_top.m_env.m_ifu.m_sequencer.sqr_rsp_analysis_fifo.get_peek_export.recording_detail' (type logic signed[4095:0]) read by uvm_test_top.m_env.m_ifu.m_sequencer.sqr_rsp_analysis_fifo.get_peek_export = null (failed lookup)
UVM_INFO /usr/tools/synopsys/VCS2022/vcs/T-2022.06/etc/uvm-1.2/base/uvm_resource_db.svh(121) @ 0: reporter [CFGDB/GET] Configuration 'uvm_test_top.m_env.m_ifu.m_sequencer.sqr_rsp_analysis_fifo.get_peek_export.recording_detail' (type int) read by uvm_test_top.m_env.m_ifu.m_sequencer.sqr_rsp_analysis_fifo.get_peek_export = null (failed lookup)
UVM_INFO /usr/tools/synopsys/VCS2022/vcs/T-2022.06/etc/uvm-1.2/base/uvm_resource_db.svh(121) @ 0: reporter [CFGDB/GET] Configuration 'uvm_test_top.m_env.m_ifu.m_sequencer.sqr_rsp_analysis_fifo.get_peek_export.check_connection_relationships' (type logic signed[4095:0]) read by uvm_test_top.m_env.m_ifu.m_sequencer.sqr_rsp_analysis_fifo.get_peek_export = null (failed lookup)
UVM_INFO /usr/tools/synopsys/VCS2022/vcs/T-2022.06/etc/uvm-1.2/base/uvm_resource_db.svh(121) @ 0: reporter [CFGDB/GET] Configuration 'uvm_test_top.m_env.m_ifu.m_sequencer.sqr_rsp_analysis_fifo.put_ap.recording_detail' (type logic signed[4095:0]) read by uvm_test_top.m_env.m_ifu.m_sequencer.sqr_rsp_analysis_fifo.put_ap = null (failed lookup)
UVM_INFO /usr/tools/synopsys/VCS2022/vcs/T-2022.06/etc/uvm-1.2/base/uvm_resource_db.svh(121) @ 0: reporter [CFGDB/GET] Configuration 'uvm_test_top.m_env.m_ifu.m_sequencer.sqr_rsp_analysis_fifo.put_ap.recording_detail' (type int) read by uvm_test_top.m_env.m_ifu.m_sequencer.sqr_rsp_analysis_fifo.put_ap = null (failed lookup)
UVM_INFO /usr/tools/synopsys/VCS2022/vcs/T-2022.06/etc/uvm-1.2/base/uvm_resource_db.svh(121) @ 0: reporter [CFGDB/GET] Configuration 'uvm_test_top.m_env.m_ifu.m_sequencer.sqr_rsp_analysis_fifo.put_ap.check_connection_relationships' (type logic signed[4095:0]) read by uvm_test_top.m_env.m_ifu.m_sequencer.sqr_rsp_analysis_fifo.put_ap = null (failed lookup)
UVM_INFO /usr/tools/synopsys/VCS2022/vcs/T-2022.06/etc/uvm-1.2/base/uvm_resource_db.svh(121) @ 0: reporter [CFGDB/GET] Configuration 'uvm_test_top.m_env.m_ifu.m_sequencer.sqr_rsp_analysis_fifo.get_ap.recording_detail' (type logic signed[4095:0]) read by uvm_test_top.m_env.m_ifu.m_sequencer.sqr_rsp_analysis_fifo.get_ap = null (failed lookup)
UVM_INFO /usr/tools/synopsys/VCS2022/vcs/T-2022.06/etc/uvm-1.2/base/uvm_resource_db.svh(121) @ 0: reporter [CFGDB/GET] Configuration 'uvm_test_top.m_env.m_ifu.m_sequencer.sqr_rsp_analysis_fifo.get_ap.recording_detail' (type int) read by uvm_test_top.m_env.m_ifu.m_sequencer.sqr_rsp_analysis_fifo.get_ap = null (failed lookup)
UVM_INFO /usr/tools/synopsys/VCS2022/vcs/T-2022.06/etc/uvm-1.2/base/uvm_resource_db.svh(121) @ 0: reporter [CFGDB/GET] Configuration 'uvm_test_top.m_env.m_ifu.m_sequencer.sqr_rsp_analysis_fifo.get_ap.check_connection_relationships' (type logic signed[4095:0]) read by uvm_test_top.m_env.m_ifu.m_sequencer.sqr_rsp_analysis_fifo.get_ap = null (failed lookup)
UVM_INFO /usr/tools/synopsys/VCS2022/vcs/T-2022.06/etc/uvm-1.2/base/uvm_resource_db.svh(121) @ 0: reporter [CFGDB/GET] Configuration 'uvm_test_top.m_env.m_ifu.m_sequencer.sqr_rsp_analysis_fifo.analysis_export.recording_detail' (type logic signed[4095:0]) read by uvm_test_top.m_env.m_ifu.m_sequencer.sqr_rsp_analysis_fifo.analysis_export = null (failed lookup)
UVM_INFO /usr/tools/synopsys/VCS2022/vcs/T-2022.06/etc/uvm-1.2/base/uvm_resource_db.svh(121) @ 0: reporter [CFGDB/GET] Configuration 'uvm_test_top.m_env.m_ifu.m_sequencer.sqr_rsp_analysis_fifo.analysis_export.recording_detail' (type int) read by uvm_test_top.m_env.m_ifu.m_sequencer.sqr_rsp_analysis_fifo.analysis_export = null (failed lookup)
UVM_INFO /usr/tools/synopsys/VCS2022/vcs/T-2022.06/etc/uvm-1.2/base/uvm_resource_db.svh(121) @ 0: reporter [CFGDB/GET] Configuration 'uvm_test_top.m_env.m_ifu.m_sequencer.sqr_rsp_analysis_fifo.analysis_export.check_connection_relationships' (type logic signed[4095:0]) read by uvm_test_top.m_env.m_ifu.m_sequencer.sqr_rsp_analysis_fifo.analysis_export = null (failed lookup)
UVM_INFO /usr/tools/synopsys/VCS2022/vcs/T-2022.06/etc/uvm-1.2/base/uvm_resource_db.svh(121) @ 0: reporter [CFGDB/GET] Configuration 'uvm_test_top.m_env.m_ifu.m_sequencer.req_fifo.recording_detail' (type logic signed[4095:0]) read by uvm_test_top.m_env.m_ifu.m_sequencer.req_fifo = null (failed lookup)
UVM_INFO /usr/tools/synopsys/VCS2022/vcs/T-2022.06/etc/uvm-1.2/base/uvm_resource_db.svh(121) @ 0: reporter [CFGDB/GET] Configuration 'uvm_test_top.m_env.m_ifu.m_sequencer.req_fifo.recording_detail' (type int) read by uvm_test_top.m_env.m_ifu.m_sequencer.req_fifo = null (failed lookup)
UVM_INFO /usr/tools/synopsys/VCS2022/vcs/T-2022.06/etc/uvm-1.2/base/uvm_resource_db.svh(121) @ 0: reporter [CFGDB/GET] Configuration 'uvm_test_top.m_env.m_ifu.m_sequencer.req_fifo.put_export.recording_detail' (type logic signed[4095:0]) read by uvm_test_top.m_env.m_ifu.m_sequencer.req_fifo.put_export = null (failed lookup)
UVM_INFO /usr/tools/synopsys/VCS2022/vcs/T-2022.06/etc/uvm-1.2/base/uvm_resource_db.svh(121) @ 0: reporter [CFGDB/GET] Configuration 'uvm_test_top.m_env.m_ifu.m_sequencer.req_fifo.put_export.recording_detail' (type int) read by uvm_test_top.m_env.m_ifu.m_sequencer.req_fifo.put_export = null (failed lookup)
UVM_INFO /usr/tools/synopsys/VCS2022/vcs/T-2022.06/etc/uvm-1.2/base/uvm_resource_db.svh(121) @ 0: reporter [CFGDB/GET] Configuration 'uvm_test_top.m_env.m_ifu.m_sequencer.req_fifo.put_export.check_connection_relationships' (type logic signed[4095:0]) read by uvm_test_top.m_env.m_ifu.m_sequencer.req_fifo.put_export = null (failed lookup)
UVM_INFO /usr/tools/synopsys/VCS2022/vcs/T-2022.06/etc/uvm-1.2/base/uvm_resource_db.svh(121) @ 0: reporter [CFGDB/GET] Configuration 'uvm_test_top.m_env.m_ifu.m_sequencer.req_fifo.get_peek_export.recording_detail' (type logic signed[4095:0]) read by uvm_test_top.m_env.m_ifu.m_sequencer.req_fifo.get_peek_export = null (failed lookup)
UVM_INFO /usr/tools/synopsys/VCS2022/vcs/T-2022.06/etc/uvm-1.2/base/uvm_resource_db.svh(121) @ 0: reporter [CFGDB/GET] Configuration 'uvm_test_top.m_env.m_ifu.m_sequencer.req_fifo.get_peek_export.recording_detail' (type int) read by uvm_test_top.m_env.m_ifu.m_sequencer.req_fifo.get_peek_export = null (failed lookup)
UVM_INFO /usr/tools/synopsys/VCS2022/vcs/T-2022.06/etc/uvm-1.2/base/uvm_resource_db.svh(121) @ 0: reporter [CFGDB/GET] Configuration 'uvm_test_top.m_env.m_ifu.m_sequencer.req_fifo.get_peek_export.check_connection_relationships' (type logic signed[4095:0]) read by uvm_test_top.m_env.m_ifu.m_sequencer.req_fifo.get_peek_export = null (failed lookup)
UVM_INFO /usr/tools/synopsys/VCS2022/vcs/T-2022.06/etc/uvm-1.2/base/uvm_resource_db.svh(121) @ 0: reporter [CFGDB/GET] Configuration 'uvm_test_top.m_env.m_ifu.m_sequencer.req_fifo.put_ap.recording_detail' (type logic signed[4095:0]) read by uvm_test_top.m_env.m_ifu.m_sequencer.req_fifo.put_ap = null (failed lookup)
UVM_INFO /usr/tools/synopsys/VCS2022/vcs/T-2022.06/etc/uvm-1.2/base/uvm_resource_db.svh(121) @ 0: reporter [CFGDB/GET] Configuration 'uvm_test_top.m_env.m_ifu.m_sequencer.req_fifo.put_ap.recording_detail' (type int) read by uvm_test_top.m_env.m_ifu.m_sequencer.req_fifo.put_ap = null (failed lookup)
UVM_INFO /usr/tools/synopsys/VCS2022/vcs/T-2022.06/etc/uvm-1.2/base/uvm_resource_db.svh(121) @ 0: reporter [CFGDB/GET] Configuration 'uvm_test_top.m_env.m_ifu.m_sequencer.req_fifo.put_ap.check_connection_relationships' (type logic signed[4095:0]) read by uvm_test_top.m_env.m_ifu.m_sequencer.req_fifo.put_ap = null (failed lookup)
UVM_INFO /usr/tools/synopsys/VCS2022/vcs/T-2022.06/etc/uvm-1.2/base/uvm_resource_db.svh(121) @ 0: reporter [CFGDB/GET] Configuration 'uvm_test_top.m_env.m_ifu.m_sequencer.req_fifo.get_ap.recording_detail' (type logic signed[4095:0]) read by uvm_test_top.m_env.m_ifu.m_sequencer.req_fifo.get_ap = null (failed lookup)
UVM_INFO /usr/tools/synopsys/VCS2022/vcs/T-2022.06/etc/uvm-1.2/base/uvm_resource_db.svh(121) @ 0: reporter [CFGDB/GET] Configuration 'uvm_test_top.m_env.m_ifu.m_sequencer.req_fifo.get_ap.recording_detail' (type int) read by uvm_test_top.m_env.m_ifu.m_sequencer.req_fifo.get_ap = null (failed lookup)
UVM_INFO /usr/tools/synopsys/VCS2022/vcs/T-2022.06/etc/uvm-1.2/base/uvm_resource_db.svh(121) @ 0: reporter [CFGDB/GET] Configuration 'uvm_test_top.m_env.m_ifu.m_sequencer.req_fifo.get_ap.check_connection_relationships' (type logic signed[4095:0]) read by uvm_test_top.m_env.m_ifu.m_sequencer.req_fifo.get_ap = null (failed lookup)
UVM_INFO /usr/tools/synopsys/VCS2022/vcs/T-2022.06/etc/uvm-1.2/base/uvm_resource_db.svh(121) @ 0: reporter [CFGDB/GET] Configuration 'uvm_test_top.m_env.m_ifu.m_sequencer.seq_item_export.recording_detail' (type logic signed[4095:0]) read by uvm_test_top.m_env.m_ifu.m_sequencer.seq_item_export = null (failed lookup)
UVM_INFO /usr/tools/synopsys/VCS2022/vcs/T-2022.06/etc/uvm-1.2/base/uvm_resource_db.svh(121) @ 0: reporter [CFGDB/GET] Configuration 'uvm_test_top.m_env.m_ifu.m_sequencer.seq_item_export.recording_detail' (type int) read by uvm_test_top.m_env.m_ifu.m_sequencer.seq_item_export = null (failed lookup)
UVM_INFO /usr/tools/synopsys/VCS2022/vcs/T-2022.06/etc/uvm-1.2/base/uvm_resource_db.svh(121) @ 0: reporter [CFGDB/GET] Configuration 'uvm_test_top.m_env.m_ifu.m_sequencer.seq_item_export.check_connection_relationships' (type logic signed[4095:0]) read by uvm_test_top.m_env.m_ifu.m_sequencer.seq_item_export = null (failed lookup)
UVM_INFO /usr/tools/synopsys/VCS2022/vcs/T-2022.06/etc/uvm-1.2/base/uvm_resource_db.svh(121) @ 0: reporter [CFGDB/GET] Configuration 'uvm_test_top.m_env.m_ifu.m_driver.recording_detail' (type logic signed[4095:0]) read by uvm_test_top.m_env.m_ifu.m_driver = null (failed lookup)
UVM_INFO /usr/tools/synopsys/VCS2022/vcs/T-2022.06/etc/uvm-1.2/base/uvm_resource_db.svh(121) @ 0: reporter [CFGDB/GET] Configuration 'uvm_test_top.m_env.m_ifu.m_driver.recording_detail' (type int) read by uvm_test_top.m_env.m_ifu.m_driver = null (failed lookup)
UVM_INFO /usr/tools/synopsys/VCS2022/vcs/T-2022.06/etc/uvm-1.2/base/uvm_resource_db.svh(121) @ 0: reporter [CFGDB/GET] Configuration 'uvm_test_top.m_env.m_ifu.m_driver.seq_item_port.recording_detail' (type logic signed[4095:0]) read by uvm_test_top.m_env.m_ifu.m_driver.seq_item_port = null (failed lookup)
UVM_INFO /usr/tools/synopsys/VCS2022/vcs/T-2022.06/etc/uvm-1.2/base/uvm_resource_db.svh(121) @ 0: reporter [CFGDB/GET] Configuration 'uvm_test_top.m_env.m_ifu.m_driver.seq_item_port.recording_detail' (type int) read by uvm_test_top.m_env.m_ifu.m_driver.seq_item_port = null (failed lookup)
UVM_INFO /usr/tools/synopsys/VCS2022/vcs/T-2022.06/etc/uvm-1.2/base/uvm_resource_db.svh(121) @ 0: reporter [CFGDB/GET] Configuration 'uvm_test_top.m_env.m_ifu.m_driver.seq_item_port.check_connection_relationships' (type logic signed[4095:0]) read by uvm_test_top.m_env.m_ifu.m_driver.seq_item_port = null (failed lookup)
UVM_INFO /usr/tools/synopsys/VCS2022/vcs/T-2022.06/etc/uvm-1.2/base/uvm_resource_db.svh(121) @ 0: reporter [CFGDB/GET] Configuration 'uvm_test_top.m_env.m_ifu.m_driver.rsp_port.recording_detail' (type logic signed[4095:0]) read by uvm_test_top.m_env.m_ifu.m_driver.rsp_port = null (failed lookup)
UVM_INFO /usr/tools/synopsys/VCS2022/vcs/T-2022.06/etc/uvm-1.2/base/uvm_resource_db.svh(121) @ 0: reporter [CFGDB/GET] Configuration 'uvm_test_top.m_env.m_ifu.m_driver.rsp_port.recording_detail' (type int) read by uvm_test_top.m_env.m_ifu.m_driver.rsp_port = null (failed lookup)
UVM_INFO /usr/tools/synopsys/VCS2022/vcs/T-2022.06/etc/uvm-1.2/base/uvm_resource_db.svh(121) @ 0: reporter [CFGDB/GET] Configuration 'uvm_test_top.m_env.m_ifu.m_driver.rsp_port.check_connection_relationships' (type logic signed[4095:0]) read by uvm_test_top.m_env.m_ifu.m_driver.rsp_port = null (failed lookup)
UVM_INFO /usr/tools/synopsys/VCS2022/vcs/T-2022.06/etc/uvm-1.2/base/uvm_resource_db.svh(121) @ 0: reporter [CFGDB/GET] Configuration 'uvm_test_top.m_env.m_ifu.m_driver.IFU_VIF' (type virtual interface ifu_if) read by uvm_test_top.m_env.m_ifu.m_driver = (virtual interface ifu_if) tb_top.ifu_if_inst : '{clk_i:'h0, rst_ni:'h0, ifu_mmu_va_vld:'hx, ifu_mmu_va:'hxxxxxxxxxxxxxxxx, ifu_mmu_abort:'hx, mmu_ifu_pavld:'hx, mmu_ifu_pa:'hxxxxxxx, mmu_ifu_buf:'hx, mmu_ifu_ca:'hx, mmu_ifu_deny:'hx, mmu_ifu_pgflt:'hx, mmu_ifu_sec:'hx}
UVM_INFO /usr/tools/synopsys/VCS2022/vcs/T-2022.06/etc/uvm-1.2/base/uvm_resource_db.svh(121) @ 0: reporter [CFGDB/GET] Configuration 'uvm_test_top.m_env.m_ifu.m_monitor.IFU_VIF' (type virtual interface ifu_if) read by uvm_test_top.m_env.m_ifu.m_monitor = (virtual interface ifu_if) tb_top.ifu_if_inst : '{clk_i:'h0, rst_ni:'h0, ifu_mmu_va_vld:'hx, ifu_mmu_va:'hxxxxxxxxxxxxxxxx, ifu_mmu_abort:'hx, mmu_ifu_pavld:'hx, mmu_ifu_pa:'hxxxxxxx, mmu_ifu_buf:'hx, mmu_ifu_ca:'hx, mmu_ifu_deny:'hx, mmu_ifu_pgflt:'hx, mmu_ifu_sec:'hx}
UVM_INFO /usr/tools/synopsys/VCS2022/vcs/T-2022.06/etc/uvm-1.2/base/uvm_resource_db.svh(121) @ 0: reporter [CFGDB/GET] Configuration 'uvm_test_top.m_env.m_ifu.m_monitor.ap_req.recording_detail' (type logic signed[4095:0]) read by uvm_test_top.m_env.m_ifu.m_monitor.ap_req = null (failed lookup)
UVM_INFO /usr/tools/synopsys/VCS2022/vcs/T-2022.06/etc/uvm-1.2/base/uvm_resource_db.svh(121) @ 0: reporter [CFGDB/GET] Configuration 'uvm_test_top.m_env.m_ifu.m_monitor.ap_req.recording_detail' (type int) read by uvm_test_top.m_env.m_ifu.m_monitor.ap_req = null (failed lookup)
UVM_INFO /usr/tools/synopsys/VCS2022/vcs/T-2022.06/etc/uvm-1.2/base/uvm_resource_db.svh(121) @ 0: reporter [CFGDB/GET] Configuration 'uvm_test_top.m_env.m_ifu.m_monitor.ap_req.check_connection_relationships' (type logic signed[4095:0]) read by uvm_test_top.m_env.m_ifu.m_monitor.ap_req = null (failed lookup)
UVM_INFO /usr/tools/synopsys/VCS2022/vcs/T-2022.06/etc/uvm-1.2/base/uvm_resource_db.svh(121) @ 0: reporter [CFGDB/GET] Configuration 'uvm_test_top.m_env.m_ifu.m_monitor.ap_rsp.recording_detail' (type logic signed[4095:0]) read by uvm_test_top.m_env.m_ifu.m_monitor.ap_rsp = null (failed lookup)
UVM_INFO /usr/tools/synopsys/VCS2022/vcs/T-2022.06/etc/uvm-1.2/base/uvm_resource_db.svh(121) @ 0: reporter [CFGDB/GET] Configuration 'uvm_test_top.m_env.m_ifu.m_monitor.ap_rsp.recording_detail' (type int) read by uvm_test_top.m_env.m_ifu.m_monitor.ap_rsp = null (failed lookup)
UVM_INFO /usr/tools/synopsys/VCS2022/vcs/T-2022.06/etc/uvm-1.2/base/uvm_resource_db.svh(121) @ 0: reporter [CFGDB/GET] Configuration 'uvm_test_top.m_env.m_ifu.m_monitor.ap_rsp.check_connection_relationships' (type logic signed[4095:0]) read by uvm_test_top.m_env.m_ifu.m_monitor.ap_rsp = null (failed lookup)
UVM_INFO /usr/tools/synopsys/VCS2022/vcs/T-2022.06/etc/uvm-1.2/base/uvm_resource_db.svh(121) @ 0: reporter [CFGDB/GET] Configuration 'uvm_test_top.m_env.m_ifu.m_sequencer.default_sequence' (type string) read by uvm_test_top.m_env.m_ifu.m_sequencer = null (failed lookup)
UVM_INFO /usr/tools/synopsys/VCS2022/vcs/T-2022.06/etc/uvm-1.2/base/uvm_resource_db.svh(121) @ 0: reporter [CFGDB/GET] Configuration 'uvm_test_top.m_env.m_ifu.m_sequencer.count' (type logic signed[4095:0]) read by uvm_test_top.m_env.m_ifu.m_sequencer = null (failed lookup)
UVM_INFO /usr/tools/synopsys/VCS2022/vcs/T-2022.06/etc/uvm-1.2/base/uvm_resource_db.svh(121) @ 0: reporter [CFGDB/GET] Configuration 'uvm_test_top.m_env.m_ifu.m_sequencer.max_random_count' (type logic signed[4095:0]) read by uvm_test_top.m_env.m_ifu.m_sequencer = null (failed lookup)
UVM_INFO /usr/tools/synopsys/VCS2022/vcs/T-2022.06/etc/uvm-1.2/base/uvm_resource_db.svh(121) @ 0: reporter [CFGDB/GET] Configuration 'uvm_test_top.m_env.m_ifu.m_sequencer.max_random_depth' (type logic signed[4095:0]) read by uvm_test_top.m_env.m_ifu.m_sequencer = null (failed lookup)
UVM_INFO /usr/tools/synopsys/VCS2022/vcs/T-2022.06/etc/uvm-1.2/base/uvm_resource_db.svh(121) @ 0: reporter [CFGDB/GET] Configuration 'uvm_test_top.m_env.m_ifu.m_sequencer.pound_zero_count' (type logic signed[4095:0]) read by uvm_test_top.m_env.m_ifu.m_sequencer = null (failed lookup)
UVM_INFO /usr/tools/synopsys/VCS2022/vcs/T-2022.06/etc/uvm-1.2/base/uvm_resource_db.svh(121) @ 0: reporter [CFGDB/GET] Configuration 'uvm_test_top.m_env.m_lsu.LSU_VIF' (type virtual interface lsu_if) read by uvm_test_top.m_env.m_lsu = (virtual interface lsu_if) tb_top.lsu_if_inst : '{clk_i:'h0, rst_ni:'h0, lsu_mmu_va0_vld:'hx, lsu_mmu_id0:'hxx, lsu_mmu_va0:'hxxxxxxxxxxxxxxxx, lsu_mmu_st_inst0:'hx, lsu_mmu_abort0:'hx, lsu_mmu_vabuf0:'hxxxxxxx, mmu_lsu_pa0_vld:'hx, mmu_lsu_pa0:'hxxxxxxx, mmu_lsu_page_fault0:'hx, mmu_lsu_access_fault0:'hx, mmu_lsu_stall0:'h0, mmu_lsu_sec0:'hx, mmu_lsu_sh0:'hx, mmu_lsu_so0:'hx, mmu_lsu_buf0:'hx, mmu_lsu_ca0:'hx, lsu_mmu_va1_vld:'hx, lsu_mmu_id1:'hxx, lsu_mmu_va1:'hxxxxxxxxxxxxxxxx, lsu_mmu_st_inst1:'hx, lsu_mmu_abort1:'hx, lsu_mmu_vabuf1:'hxxxxxxx, mmu_lsu_pa1_vld:'hx, mmu_lsu_pa1:'hxxxxxxx, mmu_lsu_page_fault1:'hx, mmu_lsu_access_fault1:'hx, mmu_lsu_stall1:'h0, mmu_lsu_sec1:'hx, mmu_lsu_sh1:'hx, mmu_lsu_so1:'hx, mmu_lsu_buf1:'hx, mmu_lsu_ca1:'hx, lsu_mmu_va2_vld:'hx, lsu_mmu_va2:'hxxxxxxx, mmu_lsu_pa2_vld:'hx, mmu_lsu_pa2:'hxxxxxxx, mmu_lsu_sec2:'hx, mmu_lsu_pa2_err:'hx, mmu_lsu_share2:'hx, lsu_mmu_stamo_vld:'hx, lsu_mmu_stamo_pa:'hxxxxxxx, lsu_mmu_tlb_va_all_inv:'hx, lsu_mmu_tlb_all_inv:'hx, lsu_mmu_tlb_va_asid_inv:'hx, lsu_mmu_tlb_asid_all_inv:'hx, lsu_mmu_tlb_va:'hxxxxxxx, lsu_mmu_tlb_asid:'hxxxx, mmu_lsu_tlb_inv_done:'hx, mmu_lsu_tlb_busy:'hx, mmu_lsu_tlb_wakeup:'hxxx, mmu_lsu_mmu_en:'hx}
UVM_INFO /usr/tools/synopsys/VCS2022/vcs/T-2022.06/etc/uvm-1.2/base/uvm_resource_db.svh(121) @ 0: reporter [CFGDB/GET] Configuration 'uvm_test_top.m_env.m_lsu.m_monitor.recording_detail' (type logic signed[4095:0]) read by uvm_test_top.m_env.m_lsu.m_monitor = null (failed lookup)
UVM_INFO /usr/tools/synopsys/VCS2022/vcs/T-2022.06/etc/uvm-1.2/base/uvm_resource_db.svh(121) @ 0: reporter [CFGDB/GET] Configuration 'uvm_test_top.m_env.m_lsu.m_monitor.recording_detail' (type int) read by uvm_test_top.m_env.m_lsu.m_monitor = null (failed lookup)
UVM_INFO /usr/tools/synopsys/VCS2022/vcs/T-2022.06/etc/uvm-1.2/base/uvm_resource_db.svh(121) @ 0: reporter [CFGDB/GET] Configuration 'uvm_test_top.m_env.m_lsu.m_cg.recording_detail' (type logic signed[4095:0]) read by uvm_test_top.m_env.m_lsu.m_cg = null (failed lookup)
UVM_INFO /usr/tools/synopsys/VCS2022/vcs/T-2022.06/etc/uvm-1.2/base/uvm_resource_db.svh(121) @ 0: reporter [CFGDB/GET] Configuration 'uvm_test_top.m_env.m_lsu.m_cg.recording_detail' (type int) read by uvm_test_top.m_env.m_lsu.m_cg = null (failed lookup)
UVM_INFO /usr/tools/synopsys/VCS2022/vcs/T-2022.06/etc/uvm-1.2/base/uvm_resource_db.svh(121) @ 0: reporter [CFGDB/GET] Configuration 'uvm_test_top.m_env.m_lsu.m_sequencer.recording_detail' (type logic signed[4095:0]) read by uvm_test_top.m_env.m_lsu.m_sequencer = null (failed lookup)
UVM_INFO /usr/tools/synopsys/VCS2022/vcs/T-2022.06/etc/uvm-1.2/base/uvm_resource_db.svh(121) @ 0: reporter [CFGDB/GET] Configuration 'uvm_test_top.m_env.m_lsu.m_sequencer.recording_detail' (type int) read by uvm_test_top.m_env.m_lsu.m_sequencer = null (failed lookup)
UVM_INFO /usr/tools/synopsys/VCS2022/vcs/T-2022.06/etc/uvm-1.2/base/uvm_resource_db.svh(121) @ 0: reporter [CFGDB/GET] Configuration 'uvm_test_top.m_env.m_lsu.m_sequencer.rsp_export.recording_detail' (type logic signed[4095:0]) read by uvm_test_top.m_env.m_lsu.m_sequencer.rsp_export = null (failed lookup)
UVM_INFO /usr/tools/synopsys/VCS2022/vcs/T-2022.06/etc/uvm-1.2/base/uvm_resource_db.svh(121) @ 0: reporter [CFGDB/GET] Configuration 'uvm_test_top.m_env.m_lsu.m_sequencer.rsp_export.recording_detail' (type int) read by uvm_test_top.m_env.m_lsu.m_sequencer.rsp_export = null (failed lookup)
UVM_INFO /usr/tools/synopsys/VCS2022/vcs/T-2022.06/etc/uvm-1.2/base/uvm_resource_db.svh(121) @ 0: reporter [CFGDB/GET] Configuration 'uvm_test_top.m_env.m_lsu.m_sequencer.rsp_export.check_connection_relationships' (type logic signed[4095:0]) read by uvm_test_top.m_env.m_lsu.m_sequencer.rsp_export = null (failed lookup)
UVM_INFO /usr/tools/synopsys/VCS2022/vcs/T-2022.06/etc/uvm-1.2/base/uvm_resource_db.svh(121) @ 0: reporter [CFGDB/GET] Configuration 'uvm_test_top.m_env.m_lsu.m_sequencer.sqr_rsp_analysis_fifo.recording_detail' (type logic signed[4095:0]) read by uvm_test_top.m_env.m_lsu.m_sequencer.sqr_rsp_analysis_fifo = null (failed lookup)
UVM_INFO /usr/tools/synopsys/VCS2022/vcs/T-2022.06/etc/uvm-1.2/base/uvm_resource_db.svh(121) @ 0: reporter [CFGDB/GET] Configuration 'uvm_test_top.m_env.m_lsu.m_sequencer.sqr_rsp_analysis_fifo.recording_detail' (type int) read by uvm_test_top.m_env.m_lsu.m_sequencer.sqr_rsp_analysis_fifo = null (failed lookup)
UVM_INFO /usr/tools/synopsys/VCS2022/vcs/T-2022.06/etc/uvm-1.2/base/uvm_resource_db.svh(121) @ 0: reporter [CFGDB/GET] Configuration 'uvm_test_top.m_env.m_lsu.m_sequencer.sqr_rsp_analysis_fifo.put_export.recording_detail' (type logic signed[4095:0]) read by uvm_test_top.m_env.m_lsu.m_sequencer.sqr_rsp_analysis_fifo.put_export = null (failed lookup)
UVM_INFO /usr/tools/synopsys/VCS2022/vcs/T-2022.06/etc/uvm-1.2/base/uvm_resource_db.svh(121) @ 0: reporter [CFGDB/GET] Configuration 'uvm_test_top.m_env.m_lsu.m_sequencer.sqr_rsp_analysis_fifo.put_export.recording_detail' (type int) read by uvm_test_top.m_env.m_lsu.m_sequencer.sqr_rsp_analysis_fifo.put_export = null (failed lookup)
UVM_INFO /usr/tools/synopsys/VCS2022/vcs/T-2022.06/etc/uvm-1.2/base/uvm_resource_db.svh(121) @ 0: reporter [CFGDB/GET] Configuration 'uvm_test_top.m_env.m_lsu.m_sequencer.sqr_rsp_analysis_fifo.put_export.check_connection_relationships' (type logic signed[4095:0]) read by uvm_test_top.m_env.m_lsu.m_sequencer.sqr_rsp_analysis_fifo.put_export = null (failed lookup)
UVM_INFO /usr/tools/synopsys/VCS2022/vcs/T-2022.06/etc/uvm-1.2/base/uvm_resource_db.svh(121) @ 0: reporter [CFGDB/GET] Configuration 'uvm_test_top.m_env.m_lsu.m_sequencer.sqr_rsp_analysis_fifo.get_peek_export.recording_detail' (type logic signed[4095:0]) read by uvm_test_top.m_env.m_lsu.m_sequencer.sqr_rsp_analysis_fifo.get_peek_export = null (failed lookup)
UVM_INFO /usr/tools/synopsys/VCS2022/vcs/T-2022.06/etc/uvm-1.2/base/uvm_resource_db.svh(121) @ 0: reporter [CFGDB/GET] Configuration 'uvm_test_top.m_env.m_lsu.m_sequencer.sqr_rsp_analysis_fifo.get_peek_export.recording_detail' (type int) read by uvm_test_top.m_env.m_lsu.m_sequencer.sqr_rsp_analysis_fifo.get_peek_export = null (failed lookup)
UVM_INFO /usr/tools/synopsys/VCS2022/vcs/T-2022.06/etc/uvm-1.2/base/uvm_resource_db.svh(121) @ 0: reporter [CFGDB/GET] Configuration 'uvm_test_top.m_env.m_lsu.m_sequencer.sqr_rsp_analysis_fifo.get_peek_export.check_connection_relationships' (type logic signed[4095:0]) read by uvm_test_top.m_env.m_lsu.m_sequencer.sqr_rsp_analysis_fifo.get_peek_export = null (failed lookup)
UVM_INFO /usr/tools/synopsys/VCS2022/vcs/T-2022.06/etc/uvm-1.2/base/uvm_resource_db.svh(121) @ 0: reporter [CFGDB/GET] Configuration 'uvm_test_top.m_env.m_lsu.m_sequencer.sqr_rsp_analysis_fifo.put_ap.recording_detail' (type logic signed[4095:0]) read by uvm_test_top.m_env.m_lsu.m_sequencer.sqr_rsp_analysis_fifo.put_ap = null (failed lookup)
UVM_INFO /usr/tools/synopsys/VCS2022/vcs/T-2022.06/etc/uvm-1.2/base/uvm_resource_db.svh(121) @ 0: reporter [CFGDB/GET] Configuration 'uvm_test_top.m_env.m_lsu.m_sequencer.sqr_rsp_analysis_fifo.put_ap.recording_detail' (type int) read by uvm_test_top.m_env.m_lsu.m_sequencer.sqr_rsp_analysis_fifo.put_ap = null (failed lookup)
UVM_INFO /usr/tools/synopsys/VCS2022/vcs/T-2022.06/etc/uvm-1.2/base/uvm_resource_db.svh(121) @ 0: reporter [CFGDB/GET] Configuration 'uvm_test_top.m_env.m_lsu.m_sequencer.sqr_rsp_analysis_fifo.put_ap.check_connection_relationships' (type logic signed[4095:0]) read by uvm_test_top.m_env.m_lsu.m_sequencer.sqr_rsp_analysis_fifo.put_ap = null (failed lookup)
UVM_INFO /usr/tools/synopsys/VCS2022/vcs/T-2022.06/etc/uvm-1.2/base/uvm_resource_db.svh(121) @ 0: reporter [CFGDB/GET] Configuration 'uvm_test_top.m_env.m_lsu.m_sequencer.sqr_rsp_analysis_fifo.get_ap.recording_detail' (type logic signed[4095:0]) read by uvm_test_top.m_env.m_lsu.m_sequencer.sqr_rsp_analysis_fifo.get_ap = null (failed lookup)
UVM_INFO /usr/tools/synopsys/VCS2022/vcs/T-2022.06/etc/uvm-1.2/base/uvm_resource_db.svh(121) @ 0: reporter [CFGDB/GET] Configuration 'uvm_test_top.m_env.m_lsu.m_sequencer.sqr_rsp_analysis_fifo.get_ap.recording_detail' (type int) read by uvm_test_top.m_env.m_lsu.m_sequencer.sqr_rsp_analysis_fifo.get_ap = null (failed lookup)
UVM_INFO /usr/tools/synopsys/VCS2022/vcs/T-2022.06/etc/uvm-1.2/base/uvm_resource_db.svh(121) @ 0: reporter [CFGDB/GET] Configuration 'uvm_test_top.m_env.m_lsu.m_sequencer.sqr_rsp_analysis_fifo.get_ap.check_connection_relationships' (type logic signed[4095:0]) read by uvm_test_top.m_env.m_lsu.m_sequencer.sqr_rsp_analysis_fifo.get_ap = null (failed lookup)
UVM_INFO /usr/tools/synopsys/VCS2022/vcs/T-2022.06/etc/uvm-1.2/base/uvm_resource_db.svh(121) @ 0: reporter [CFGDB/GET] Configuration 'uvm_test_top.m_env.m_lsu.m_sequencer.sqr_rsp_analysis_fifo.analysis_export.recording_detail' (type logic signed[4095:0]) read by uvm_test_top.m_env.m_lsu.m_sequencer.sqr_rsp_analysis_fifo.analysis_export = null (failed lookup)
UVM_INFO /usr/tools/synopsys/VCS2022/vcs/T-2022.06/etc/uvm-1.2/base/uvm_resource_db.svh(121) @ 0: reporter [CFGDB/GET] Configuration 'uvm_test_top.m_env.m_lsu.m_sequencer.sqr_rsp_analysis_fifo.analysis_export.recording_detail' (type int) read by uvm_test_top.m_env.m_lsu.m_sequencer.sqr_rsp_analysis_fifo.analysis_export = null (failed lookup)
UVM_INFO /usr/tools/synopsys/VCS2022/vcs/T-2022.06/etc/uvm-1.2/base/uvm_resource_db.svh(121) @ 0: reporter [CFGDB/GET] Configuration 'uvm_test_top.m_env.m_lsu.m_sequencer.sqr_rsp_analysis_fifo.analysis_export.check_connection_relationships' (type logic signed[4095:0]) read by uvm_test_top.m_env.m_lsu.m_sequencer.sqr_rsp_analysis_fifo.analysis_export = null (failed lookup)
UVM_INFO /usr/tools/synopsys/VCS2022/vcs/T-2022.06/etc/uvm-1.2/base/uvm_resource_db.svh(121) @ 0: reporter [CFGDB/GET] Configuration 'uvm_test_top.m_env.m_lsu.m_sequencer.req_fifo.recording_detail' (type logic signed[4095:0]) read by uvm_test_top.m_env.m_lsu.m_sequencer.req_fifo = null (failed lookup)
UVM_INFO /usr/tools/synopsys/VCS2022/vcs/T-2022.06/etc/uvm-1.2/base/uvm_resource_db.svh(121) @ 0: reporter [CFGDB/GET] Configuration 'uvm_test_top.m_env.m_lsu.m_sequencer.req_fifo.recording_detail' (type int) read by uvm_test_top.m_env.m_lsu.m_sequencer.req_fifo = null (failed lookup)
UVM_INFO /usr/tools/synopsys/VCS2022/vcs/T-2022.06/etc/uvm-1.2/base/uvm_resource_db.svh(121) @ 0: reporter [CFGDB/GET] Configuration 'uvm_test_top.m_env.m_lsu.m_sequencer.req_fifo.put_export.recording_detail' (type logic signed[4095:0]) read by uvm_test_top.m_env.m_lsu.m_sequencer.req_fifo.put_export = null (failed lookup)
UVM_INFO /usr/tools/synopsys/VCS2022/vcs/T-2022.06/etc/uvm-1.2/base/uvm_resource_db.svh(121) @ 0: reporter [CFGDB/GET] Configuration 'uvm_test_top.m_env.m_lsu.m_sequencer.req_fifo.put_export.recording_detail' (type int) read by uvm_test_top.m_env.m_lsu.m_sequencer.req_fifo.put_export = null (failed lookup)
UVM_INFO /usr/tools/synopsys/VCS2022/vcs/T-2022.06/etc/uvm-1.2/base/uvm_resource_db.svh(121) @ 0: reporter [CFGDB/GET] Configuration 'uvm_test_top.m_env.m_lsu.m_sequencer.req_fifo.put_export.check_connection_relationships' (type logic signed[4095:0]) read by uvm_test_top.m_env.m_lsu.m_sequencer.req_fifo.put_export = null (failed lookup)
UVM_INFO /usr/tools/synopsys/VCS2022/vcs/T-2022.06/etc/uvm-1.2/base/uvm_resource_db.svh(121) @ 0: reporter [CFGDB/GET] Configuration 'uvm_test_top.m_env.m_lsu.m_sequencer.req_fifo.get_peek_export.recording_detail' (type logic signed[4095:0]) read by uvm_test_top.m_env.m_lsu.m_sequencer.req_fifo.get_peek_export = null (failed lookup)
UVM_INFO /usr/tools/synopsys/VCS2022/vcs/T-2022.06/etc/uvm-1.2/base/uvm_resource_db.svh(121) @ 0: reporter [CFGDB/GET] Configuration 'uvm_test_top.m_env.m_lsu.m_sequencer.req_fifo.get_peek_export.recording_detail' (type int) read by uvm_test_top.m_env.m_lsu.m_sequencer.req_fifo.get_peek_export = null (failed lookup)
UVM_INFO /usr/tools/synopsys/VCS2022/vcs/T-2022.06/etc/uvm-1.2/base/uvm_resource_db.svh(121) @ 0: reporter [CFGDB/GET] Configuration 'uvm_test_top.m_env.m_lsu.m_sequencer.req_fifo.get_peek_export.check_connection_relationships' (type logic signed[4095:0]) read by uvm_test_top.m_env.m_lsu.m_sequencer.req_fifo.get_peek_export = null (failed lookup)
UVM_INFO /usr/tools/synopsys/VCS2022/vcs/T-2022.06/etc/uvm-1.2/base/uvm_resource_db.svh(121) @ 0: reporter [CFGDB/GET] Configuration 'uvm_test_top.m_env.m_lsu.m_sequencer.req_fifo.put_ap.recording_detail' (type logic signed[4095:0]) read by uvm_test_top.m_env.m_lsu.m_sequencer.req_fifo.put_ap = null (failed lookup)
UVM_INFO /usr/tools/synopsys/VCS2022/vcs/T-2022.06/etc/uvm-1.2/base/uvm_resource_db.svh(121) @ 0: reporter [CFGDB/GET] Configuration 'uvm_test_top.m_env.m_lsu.m_sequencer.req_fifo.put_ap.recording_detail' (type int) read by uvm_test_top.m_env.m_lsu.m_sequencer.req_fifo.put_ap = null (failed lookup)
UVM_INFO /usr/tools/synopsys/VCS2022/vcs/T-2022.06/etc/uvm-1.2/base/uvm_resource_db.svh(121) @ 0: reporter [CFGDB/GET] Configuration 'uvm_test_top.m_env.m_lsu.m_sequencer.req_fifo.put_ap.check_connection_relationships' (type logic signed[4095:0]) read by uvm_test_top.m_env.m_lsu.m_sequencer.req_fifo.put_ap = null (failed lookup)
UVM_INFO /usr/tools/synopsys/VCS2022/vcs/T-2022.06/etc/uvm-1.2/base/uvm_resource_db.svh(121) @ 0: reporter [CFGDB/GET] Configuration 'uvm_test_top.m_env.m_lsu.m_sequencer.req_fifo.get_ap.recording_detail' (type logic signed[4095:0]) read by uvm_test_top.m_env.m_lsu.m_sequencer.req_fifo.get_ap = null (failed lookup)
UVM_INFO /usr/tools/synopsys/VCS2022/vcs/T-2022.06/etc/uvm-1.2/base/uvm_resource_db.svh(121) @ 0: reporter [CFGDB/GET] Configuration 'uvm_test_top.m_env.m_lsu.m_sequencer.req_fifo.get_ap.recording_detail' (type int) read by uvm_test_top.m_env.m_lsu.m_sequencer.req_fifo.get_ap = null (failed lookup)
UVM_INFO /usr/tools/synopsys/VCS2022/vcs/T-2022.06/etc/uvm-1.2/base/uvm_resource_db.svh(121) @ 0: reporter [CFGDB/GET] Configuration 'uvm_test_top.m_env.m_lsu.m_sequencer.req_fifo.get_ap.check_connection_relationships' (type logic signed[4095:0]) read by uvm_test_top.m_env.m_lsu.m_sequencer.req_fifo.get_ap = null (failed lookup)
UVM_INFO /usr/tools/synopsys/VCS2022/vcs/T-2022.06/etc/uvm-1.2/base/uvm_resource_db.svh(121) @ 0: reporter [CFGDB/GET] Configuration 'uvm_test_top.m_env.m_lsu.m_sequencer.seq_item_export.recording_detail' (type logic signed[4095:0]) read by uvm_test_top.m_env.m_lsu.m_sequencer.seq_item_export = null (failed lookup)
UVM_INFO /usr/tools/synopsys/VCS2022/vcs/T-2022.06/etc/uvm-1.2/base/uvm_resource_db.svh(121) @ 0: reporter [CFGDB/GET] Configuration 'uvm_test_top.m_env.m_lsu.m_sequencer.seq_item_export.recording_detail' (type int) read by uvm_test_top.m_env.m_lsu.m_sequencer.seq_item_export = null (failed lookup)
UVM_INFO /usr/tools/synopsys/VCS2022/vcs/T-2022.06/etc/uvm-1.2/base/uvm_resource_db.svh(121) @ 0: reporter [CFGDB/GET] Configuration 'uvm_test_top.m_env.m_lsu.m_sequencer.seq_item_export.check_connection_relationships' (type logic signed[4095:0]) read by uvm_test_top.m_env.m_lsu.m_sequencer.seq_item_export = null (failed lookup)
UVM_INFO /usr/tools/synopsys/VCS2022/vcs/T-2022.06/etc/uvm-1.2/base/uvm_resource_db.svh(121) @ 0: reporter [CFGDB/GET] Configuration 'uvm_test_top.m_env.m_lsu.m_driver.recording_detail' (type logic signed[4095:0]) read by uvm_test_top.m_env.m_lsu.m_driver = null (failed lookup)
UVM_INFO /usr/tools/synopsys/VCS2022/vcs/T-2022.06/etc/uvm-1.2/base/uvm_resource_db.svh(121) @ 0: reporter [CFGDB/GET] Configuration 'uvm_test_top.m_env.m_lsu.m_driver.recording_detail' (type int) read by uvm_test_top.m_env.m_lsu.m_driver = null (failed lookup)
UVM_INFO /usr/tools/synopsys/VCS2022/vcs/T-2022.06/etc/uvm-1.2/base/uvm_resource_db.svh(121) @ 0: reporter [CFGDB/GET] Configuration 'uvm_test_top.m_env.m_lsu.m_driver.seq_item_port.recording_detail' (type logic signed[4095:0]) read by uvm_test_top.m_env.m_lsu.m_driver.seq_item_port = null (failed lookup)
UVM_INFO /usr/tools/synopsys/VCS2022/vcs/T-2022.06/etc/uvm-1.2/base/uvm_resource_db.svh(121) @ 0: reporter [CFGDB/GET] Configuration 'uvm_test_top.m_env.m_lsu.m_driver.seq_item_port.recording_detail' (type int) read by uvm_test_top.m_env.m_lsu.m_driver.seq_item_port = null (failed lookup)
UVM_INFO /usr/tools/synopsys/VCS2022/vcs/T-2022.06/etc/uvm-1.2/base/uvm_resource_db.svh(121) @ 0: reporter [CFGDB/GET] Configuration 'uvm_test_top.m_env.m_lsu.m_driver.seq_item_port.check_connection_relationships' (type logic signed[4095:0]) read by uvm_test_top.m_env.m_lsu.m_driver.seq_item_port = null (failed lookup)
UVM_INFO /usr/tools/synopsys/VCS2022/vcs/T-2022.06/etc/uvm-1.2/base/uvm_resource_db.svh(121) @ 0: reporter [CFGDB/GET] Configuration 'uvm_test_top.m_env.m_lsu.m_driver.rsp_port.recording_detail' (type logic signed[4095:0]) read by uvm_test_top.m_env.m_lsu.m_driver.rsp_port = null (failed lookup)
UVM_INFO /usr/tools/synopsys/VCS2022/vcs/T-2022.06/etc/uvm-1.2/base/uvm_resource_db.svh(121) @ 0: reporter [CFGDB/GET] Configuration 'uvm_test_top.m_env.m_lsu.m_driver.rsp_port.recording_detail' (type int) read by uvm_test_top.m_env.m_lsu.m_driver.rsp_port = null (failed lookup)
UVM_INFO /usr/tools/synopsys/VCS2022/vcs/T-2022.06/etc/uvm-1.2/base/uvm_resource_db.svh(121) @ 0: reporter [CFGDB/GET] Configuration 'uvm_test_top.m_env.m_lsu.m_driver.rsp_port.check_connection_relationships' (type logic signed[4095:0]) read by uvm_test_top.m_env.m_lsu.m_driver.rsp_port = null (failed lookup)
UVM_INFO /usr/tools/synopsys/VCS2022/vcs/T-2022.06/etc/uvm-1.2/base/uvm_resource_db.svh(121) @ 0: reporter [CFGDB/GET] Configuration 'uvm_test_top.m_env.m_lsu.m_driver.LSU_VIF' (type virtual interface lsu_if) read by uvm_test_top.m_env.m_lsu.m_driver = (virtual interface lsu_if) tb_top.lsu_if_inst : '{clk_i:'h0, rst_ni:'h0, lsu_mmu_va0_vld:'hx, lsu_mmu_id0:'hxx, lsu_mmu_va0:'hxxxxxxxxxxxxxxxx, lsu_mmu_st_inst0:'hx, lsu_mmu_abort0:'hx, lsu_mmu_vabuf0:'hxxxxxxx, mmu_lsu_pa0_vld:'hx, mmu_lsu_pa0:'hxxxxxxx, mmu_lsu_page_fault0:'hx, mmu_lsu_access_fault0:'hx, mmu_lsu_stall0:'h0, mmu_lsu_sec0:'hx, mmu_lsu_sh0:'hx, mmu_lsu_so0:'hx, mmu_lsu_buf0:'hx, mmu_lsu_ca0:'hx, lsu_mmu_va1_vld:'hx, lsu_mmu_id1:'hxx, lsu_mmu_va1:'hxxxxxxxxxxxxxxxx, lsu_mmu_st_inst1:'hx, lsu_mmu_abort1:'hx, lsu_mmu_vabuf1:'hxxxxxxx, mmu_lsu_pa1_vld:'hx, mmu_lsu_pa1:'hxxxxxxx, mmu_lsu_page_fault1:'hx, mmu_lsu_access_fault1:'hx, mmu_lsu_stall1:'h0, mmu_lsu_sec1:'hx, mmu_lsu_sh1:'hx, mmu_lsu_so1:'hx, mmu_lsu_buf1:'hx, mmu_lsu_ca1:'hx, lsu_mmu_va2_vld:'hx, lsu_mmu_va2:'hxxxxxxx, mmu_lsu_pa2_vld:'hx, mmu_lsu_pa2:'hxxxxxxx, mmu_lsu_sec2:'hx, mmu_lsu_pa2_err:'hx, mmu_lsu_share2:'hx, lsu_mmu_stamo_vld:'hx, lsu_mmu_stamo_pa:'hxxxxxxx, lsu_mmu_tlb_va_all_inv:'hx, lsu_mmu_tlb_all_inv:'hx, lsu_mmu_tlb_va_asid_inv:'hx, lsu_mmu_tlb_asid_all_inv:'hx, lsu_mmu_tlb_va:'hxxxxxxx, lsu_mmu_tlb_asid:'hxxxx, mmu_lsu_tlb_inv_done:'hx, mmu_lsu_tlb_busy:'hx, mmu_lsu_tlb_wakeup:'hxxx, mmu_lsu_mmu_en:'hx}
UVM_INFO /usr/tools/synopsys/VCS2022/vcs/T-2022.06/etc/uvm-1.2/base/uvm_resource_db.svh(121) @ 0: reporter [CFGDB/GET] Configuration 'uvm_test_top.m_env.m_lsu.m_monitor.LSU_VIF' (type virtual interface lsu_if) read by uvm_test_top.m_env.m_lsu.m_monitor = (virtual interface lsu_if) tb_top.lsu_if_inst : '{clk_i:'h0, rst_ni:'h0, lsu_mmu_va0_vld:'hx, lsu_mmu_id0:'hxx, lsu_mmu_va0:'hxxxxxxxxxxxxxxxx, lsu_mmu_st_inst0:'hx, lsu_mmu_abort0:'hx, lsu_mmu_vabuf0:'hxxxxxxx, mmu_lsu_pa0_vld:'hx, mmu_lsu_pa0:'hxxxxxxx, mmu_lsu_page_fault0:'hx, mmu_lsu_access_fault0:'hx, mmu_lsu_stall0:'h0, mmu_lsu_sec0:'hx, mmu_lsu_sh0:'hx, mmu_lsu_so0:'hx, mmu_lsu_buf0:'hx, mmu_lsu_ca0:'hx, lsu_mmu_va1_vld:'hx, lsu_mmu_id1:'hxx, lsu_mmu_va1:'hxxxxxxxxxxxxxxxx, lsu_mmu_st_inst1:'hx, lsu_mmu_abort1:'hx, lsu_mmu_vabuf1:'hxxxxxxx, mmu_lsu_pa1_vld:'hx, mmu_lsu_pa1:'hxxxxxxx, mmu_lsu_page_fault1:'hx, mmu_lsu_access_fault1:'hx, mmu_lsu_stall1:'h0, mmu_lsu_sec1:'hx, mmu_lsu_sh1:'hx, mmu_lsu_so1:'hx, mmu_lsu_buf1:'hx, mmu_lsu_ca1:'hx, lsu_mmu_va2_vld:'hx, lsu_mmu_va2:'hxxxxxxx, mmu_lsu_pa2_vld:'hx, mmu_lsu_pa2:'hxxxxxxx, mmu_lsu_sec2:'hx, mmu_lsu_pa2_err:'hx, mmu_lsu_share2:'hx, lsu_mmu_stamo_vld:'hx, lsu_mmu_stamo_pa:'hxxxxxxx, lsu_mmu_tlb_va_all_inv:'hx, lsu_mmu_tlb_all_inv:'hx, lsu_mmu_tlb_va_asid_inv:'hx, lsu_mmu_tlb_asid_all_inv:'hx, lsu_mmu_tlb_va:'hxxxxxxx, lsu_mmu_tlb_asid:'hxxxx, mmu_lsu_tlb_inv_done:'hx, mmu_lsu_tlb_busy:'hx, mmu_lsu_tlb_wakeup:'hxxx, mmu_lsu_mmu_en:'hx}
UVM_INFO /usr/tools/synopsys/VCS2022/vcs/T-2022.06/etc/uvm-1.2/base/uvm_resource_db.svh(121) @ 0: reporter [CFGDB/GET] Configuration 'uvm_test_top.m_env.m_lsu.m_monitor.ap_pipe0_req.recording_detail' (type logic signed[4095:0]) read by uvm_test_top.m_env.m_lsu.m_monitor.ap_pipe0_req = null (failed lookup)
UVM_INFO /usr/tools/synopsys/VCS2022/vcs/T-2022.06/etc/uvm-1.2/base/uvm_resource_db.svh(121) @ 0: reporter [CFGDB/GET] Configuration 'uvm_test_top.m_env.m_lsu.m_monitor.ap_pipe0_req.recording_detail' (type int) read by uvm_test_top.m_env.m_lsu.m_monitor.ap_pipe0_req = null (failed lookup)
UVM_INFO /usr/tools/synopsys/VCS2022/vcs/T-2022.06/etc/uvm-1.2/base/uvm_resource_db.svh(121) @ 0: reporter [CFGDB/GET] Configuration 'uvm_test_top.m_env.m_lsu.m_monitor.ap_pipe0_req.check_connection_relationships' (type logic signed[4095:0]) read by uvm_test_top.m_env.m_lsu.m_monitor.ap_pipe0_req = null (failed lookup)
UVM_INFO /usr/tools/synopsys/VCS2022/vcs/T-2022.06/etc/uvm-1.2/base/uvm_resource_db.svh(121) @ 0: reporter [CFGDB/GET] Configuration 'uvm_test_top.m_env.m_lsu.m_monitor.ap_pipe0_rsp.recording_detail' (type logic signed[4095:0]) read by uvm_test_top.m_env.m_lsu.m_monitor.ap_pipe0_rsp = null (failed lookup)
UVM_INFO /usr/tools/synopsys/VCS2022/vcs/T-2022.06/etc/uvm-1.2/base/uvm_resource_db.svh(121) @ 0: reporter [CFGDB/GET] Configuration 'uvm_test_top.m_env.m_lsu.m_monitor.ap_pipe0_rsp.recording_detail' (type int) read by uvm_test_top.m_env.m_lsu.m_monitor.ap_pipe0_rsp = null (failed lookup)
UVM_INFO /usr/tools/synopsys/VCS2022/vcs/T-2022.06/etc/uvm-1.2/base/uvm_resource_db.svh(121) @ 0: reporter [CFGDB/GET] Configuration 'uvm_test_top.m_env.m_lsu.m_monitor.ap_pipe0_rsp.check_connection_relationships' (type logic signed[4095:0]) read by uvm_test_top.m_env.m_lsu.m_monitor.ap_pipe0_rsp = null (failed lookup)
UVM_INFO /usr/tools/synopsys/VCS2022/vcs/T-2022.06/etc/uvm-1.2/base/uvm_resource_db.svh(121) @ 0: reporter [CFGDB/GET] Configuration 'uvm_test_top.m_env.m_lsu.m_monitor.ap_pipe1_req.recording_detail' (type logic signed[4095:0]) read by uvm_test_top.m_env.m_lsu.m_monitor.ap_pipe1_req = null (failed lookup)
UVM_INFO /usr/tools/synopsys/VCS2022/vcs/T-2022.06/etc/uvm-1.2/base/uvm_resource_db.svh(121) @ 0: reporter [CFGDB/GET] Configuration 'uvm_test_top.m_env.m_lsu.m_monitor.ap_pipe1_req.recording_detail' (type int) read by uvm_test_top.m_env.m_lsu.m_monitor.ap_pipe1_req = null (failed lookup)
UVM_INFO /usr/tools/synopsys/VCS2022/vcs/T-2022.06/etc/uvm-1.2/base/uvm_resource_db.svh(121) @ 0: reporter [CFGDB/GET] Configuration 'uvm_test_top.m_env.m_lsu.m_monitor.ap_pipe1_req.check_connection_relationships' (type logic signed[4095:0]) read by uvm_test_top.m_env.m_lsu.m_monitor.ap_pipe1_req = null (failed lookup)
UVM_INFO /usr/tools/synopsys/VCS2022/vcs/T-2022.06/etc/uvm-1.2/base/uvm_resource_db.svh(121) @ 0: reporter [CFGDB/GET] Configuration 'uvm_test_top.m_env.m_lsu.m_monitor.ap_pipe1_rsp.recording_detail' (type logic signed[4095:0]) read by uvm_test_top.m_env.m_lsu.m_monitor.ap_pipe1_rsp = null (failed lookup)
UVM_INFO /usr/tools/synopsys/VCS2022/vcs/T-2022.06/etc/uvm-1.2/base/uvm_resource_db.svh(121) @ 0: reporter [CFGDB/GET] Configuration 'uvm_test_top.m_env.m_lsu.m_monitor.ap_pipe1_rsp.recording_detail' (type int) read by uvm_test_top.m_env.m_lsu.m_monitor.ap_pipe1_rsp = null (failed lookup)
UVM_INFO /usr/tools/synopsys/VCS2022/vcs/T-2022.06/etc/uvm-1.2/base/uvm_resource_db.svh(121) @ 0: reporter [CFGDB/GET] Configuration 'uvm_test_top.m_env.m_lsu.m_monitor.ap_pipe1_rsp.check_connection_relationships' (type logic signed[4095:0]) read by uvm_test_top.m_env.m_lsu.m_monitor.ap_pipe1_rsp = null (failed lookup)
UVM_INFO /usr/tools/synopsys/VCS2022/vcs/T-2022.06/etc/uvm-1.2/base/uvm_resource_db.svh(121) @ 0: reporter [CFGDB/GET] Configuration 'uvm_test_top.m_env.m_lsu.m_monitor.ap_pipe2_req.recording_detail' (type logic signed[4095:0]) read by uvm_test_top.m_env.m_lsu.m_monitor.ap_pipe2_req = null (failed lookup)
UVM_INFO /usr/tools/synopsys/VCS2022/vcs/T-2022.06/etc/uvm-1.2/base/uvm_resource_db.svh(121) @ 0: reporter [CFGDB/GET] Configuration 'uvm_test_top.m_env.m_lsu.m_monitor.ap_pipe2_req.recording_detail' (type int) read by uvm_test_top.m_env.m_lsu.m_monitor.ap_pipe2_req = null (failed lookup)
UVM_INFO /usr/tools/synopsys/VCS2022/vcs/T-2022.06/etc/uvm-1.2/base/uvm_resource_db.svh(121) @ 0: reporter [CFGDB/GET] Configuration 'uvm_test_top.m_env.m_lsu.m_monitor.ap_pipe2_req.check_connection_relationships' (type logic signed[4095:0]) read by uvm_test_top.m_env.m_lsu.m_monitor.ap_pipe2_req = null (failed lookup)
UVM_INFO /usr/tools/synopsys/VCS2022/vcs/T-2022.06/etc/uvm-1.2/base/uvm_resource_db.svh(121) @ 0: reporter [CFGDB/GET] Configuration 'uvm_test_top.m_env.m_lsu.m_monitor.ap_pipe2_rsp.recording_detail' (type logic signed[4095:0]) read by uvm_test_top.m_env.m_lsu.m_monitor.ap_pipe2_rsp = null (failed lookup)
UVM_INFO /usr/tools/synopsys/VCS2022/vcs/T-2022.06/etc/uvm-1.2/base/uvm_resource_db.svh(121) @ 0: reporter [CFGDB/GET] Configuration 'uvm_test_top.m_env.m_lsu.m_monitor.ap_pipe2_rsp.recording_detail' (type int) read by uvm_test_top.m_env.m_lsu.m_monitor.ap_pipe2_rsp = null (failed lookup)
UVM_INFO /usr/tools/synopsys/VCS2022/vcs/T-2022.06/etc/uvm-1.2/base/uvm_resource_db.svh(121) @ 0: reporter [CFGDB/GET] Configuration 'uvm_test_top.m_env.m_lsu.m_monitor.ap_pipe2_rsp.check_connection_relationships' (type logic signed[4095:0]) read by uvm_test_top.m_env.m_lsu.m_monitor.ap_pipe2_rsp = null (failed lookup)
UVM_INFO /usr/tools/synopsys/VCS2022/vcs/T-2022.06/etc/uvm-1.2/base/uvm_resource_db.svh(121) @ 0: reporter [CFGDB/GET] Configuration 'uvm_test_top.m_env.m_lsu.m_monitor.ap_inv.recording_detail' (type logic signed[4095:0]) read by uvm_test_top.m_env.m_lsu.m_monitor.ap_inv = null (failed lookup)
UVM_INFO /usr/tools/synopsys/VCS2022/vcs/T-2022.06/etc/uvm-1.2/base/uvm_resource_db.svh(121) @ 0: reporter [CFGDB/GET] Configuration 'uvm_test_top.m_env.m_lsu.m_monitor.ap_inv.recording_detail' (type int) read by uvm_test_top.m_env.m_lsu.m_monitor.ap_inv = null (failed lookup)
UVM_INFO /usr/tools/synopsys/VCS2022/vcs/T-2022.06/etc/uvm-1.2/base/uvm_resource_db.svh(121) @ 0: reporter [CFGDB/GET] Configuration 'uvm_test_top.m_env.m_lsu.m_monitor.ap_inv.check_connection_relationships' (type logic signed[4095:0]) read by uvm_test_top.m_env.m_lsu.m_monitor.ap_inv = null (failed lookup)
UVM_INFO /usr/tools/synopsys/VCS2022/vcs/T-2022.06/etc/uvm-1.2/base/uvm_resource_db.svh(121) @ 0: reporter [CFGDB/GET] Configuration 'uvm_test_top.m_env.m_lsu.m_monitor.ap_stamo.recording_detail' (type logic signed[4095:0]) read by uvm_test_top.m_env.m_lsu.m_monitor.ap_stamo = null (failed lookup)
UVM_INFO /usr/tools/synopsys/VCS2022/vcs/T-2022.06/etc/uvm-1.2/base/uvm_resource_db.svh(121) @ 0: reporter [CFGDB/GET] Configuration 'uvm_test_top.m_env.m_lsu.m_monitor.ap_stamo.recording_detail' (type int) read by uvm_test_top.m_env.m_lsu.m_monitor.ap_stamo = null (failed lookup)
UVM_INFO /usr/tools/synopsys/VCS2022/vcs/T-2022.06/etc/uvm-1.2/base/uvm_resource_db.svh(121) @ 0: reporter [CFGDB/GET] Configuration 'uvm_test_top.m_env.m_lsu.m_monitor.ap_stamo.check_connection_relationships' (type logic signed[4095:0]) read by uvm_test_top.m_env.m_lsu.m_monitor.ap_stamo = null (failed lookup)
UVM_INFO /usr/tools/synopsys/VCS2022/vcs/T-2022.06/etc/uvm-1.2/base/uvm_resource_db.svh(121) @ 0: reporter [CFGDB/GET] Configuration 'uvm_test_top.m_env.m_lsu.m_sequencer.default_sequence' (type string) read by uvm_test_top.m_env.m_lsu.m_sequencer = null (failed lookup)
UVM_INFO /usr/tools/synopsys/VCS2022/vcs/T-2022.06/etc/uvm-1.2/base/uvm_resource_db.svh(121) @ 0: reporter [CFGDB/GET] Configuration 'uvm_test_top.m_env.m_lsu.m_sequencer.count' (type logic signed[4095:0]) read by uvm_test_top.m_env.m_lsu.m_sequencer = null (failed lookup)
UVM_INFO /usr/tools/synopsys/VCS2022/vcs/T-2022.06/etc/uvm-1.2/base/uvm_resource_db.svh(121) @ 0: reporter [CFGDB/GET] Configuration 'uvm_test_top.m_env.m_lsu.m_sequencer.max_random_count' (type logic signed[4095:0]) read by uvm_test_top.m_env.m_lsu.m_sequencer = null (failed lookup)
UVM_INFO /usr/tools/synopsys/VCS2022/vcs/T-2022.06/etc/uvm-1.2/base/uvm_resource_db.svh(121) @ 0: reporter [CFGDB/GET] Configuration 'uvm_test_top.m_env.m_lsu.m_sequencer.max_random_depth' (type logic signed[4095:0]) read by uvm_test_top.m_env.m_lsu.m_sequencer = null (failed lookup)
UVM_INFO /usr/tools/synopsys/VCS2022/vcs/T-2022.06/etc/uvm-1.2/base/uvm_resource_db.svh(121) @ 0: reporter [CFGDB/GET] Configuration 'uvm_test_top.m_env.m_lsu.m_sequencer.pound_zero_count' (type logic signed[4095:0]) read by uvm_test_top.m_env.m_lsu.m_sequencer = null (failed lookup)
UVM_INFO /usr/tools/synopsys/VCS2022/vcs/T-2022.06/etc/uvm-1.2/base/uvm_resource_db.svh(121) @ 0: reporter [CFGDB/GET] Configuration 'uvm_test_top.m_env.m_misc.MISC_VIF' (type virtual interface misc_if) read by uvm_test_top.m_env.m_misc = (virtual interface misc_if) tb_top.misc_if_inst : '{clk_i:'h0, rst_ni:'h0, rtu_mmu_bad_vpn:'hxxxxxxx, rtu_mmu_expt_vld:'hx, rtu_yy_xx_flush:'hx, hpcp_mmu_cnt_en:'hx, mmu_hpcp_dutlb_miss:'hx, mmu_hpcp_iutlb_miss:'hx, mmu_hpcp_jtlb_miss:'hx, pad_yy_icg_scan_en:'hx, biu_mmu_smp_disable:'hx, mmu_had_debug_info:'hx0xxxxXX0}
UVM_INFO /usr/tools/synopsys/VCS2022/vcs/T-2022.06/etc/uvm-1.2/base/uvm_resource_db.svh(121) @ 0: reporter [CFGDB/GET] Configuration 'uvm_test_top.m_env.m_misc.m_monitor.recording_detail' (type logic signed[4095:0]) read by uvm_test_top.m_env.m_misc.m_monitor = null (failed lookup)
UVM_INFO /usr/tools/synopsys/VCS2022/vcs/T-2022.06/etc/uvm-1.2/base/uvm_resource_db.svh(121) @ 0: reporter [CFGDB/GET] Configuration 'uvm_test_top.m_env.m_misc.m_monitor.recording_detail' (type int) read by uvm_test_top.m_env.m_misc.m_monitor = null (failed lookup)
UVM_INFO /usr/tools/synopsys/VCS2022/vcs/T-2022.06/etc/uvm-1.2/base/uvm_resource_db.svh(121) @ 0: reporter [CFGDB/GET] Configuration 'uvm_test_top.m_env.m_misc.m_cg.recording_detail' (type logic signed[4095:0]) read by uvm_test_top.m_env.m_misc.m_cg = null (failed lookup)
UVM_INFO /usr/tools/synopsys/VCS2022/vcs/T-2022.06/etc/uvm-1.2/base/uvm_resource_db.svh(121) @ 0: reporter [CFGDB/GET] Configuration 'uvm_test_top.m_env.m_misc.m_cg.recording_detail' (type int) read by uvm_test_top.m_env.m_misc.m_cg = null (failed lookup)
UVM_INFO /usr/tools/synopsys/VCS2022/vcs/T-2022.06/etc/uvm-1.2/base/uvm_resource_db.svh(121) @ 0: reporter [CFGDB/GET] Configuration 'uvm_test_top.m_env.m_misc.m_sequencer.recording_detail' (type logic signed[4095:0]) read by uvm_test_top.m_env.m_misc.m_sequencer = null (failed lookup)
UVM_INFO /usr/tools/synopsys/VCS2022/vcs/T-2022.06/etc/uvm-1.2/base/uvm_resource_db.svh(121) @ 0: reporter [CFGDB/GET] Configuration 'uvm_test_top.m_env.m_misc.m_sequencer.recording_detail' (type int) read by uvm_test_top.m_env.m_misc.m_sequencer = null (failed lookup)
UVM_INFO /usr/tools/synopsys/VCS2022/vcs/T-2022.06/etc/uvm-1.2/base/uvm_resource_db.svh(121) @ 0: reporter [CFGDB/GET] Configuration 'uvm_test_top.m_env.m_misc.m_sequencer.rsp_export.recording_detail' (type logic signed[4095:0]) read by uvm_test_top.m_env.m_misc.m_sequencer.rsp_export = null (failed lookup)
UVM_INFO /usr/tools/synopsys/VCS2022/vcs/T-2022.06/etc/uvm-1.2/base/uvm_resource_db.svh(121) @ 0: reporter [CFGDB/GET] Configuration 'uvm_test_top.m_env.m_misc.m_sequencer.rsp_export.recording_detail' (type int) read by uvm_test_top.m_env.m_misc.m_sequencer.rsp_export = null (failed lookup)
UVM_INFO /usr/tools/synopsys/VCS2022/vcs/T-2022.06/etc/uvm-1.2/base/uvm_resource_db.svh(121) @ 0: reporter [CFGDB/GET] Configuration 'uvm_test_top.m_env.m_misc.m_sequencer.rsp_export.check_connection_relationships' (type logic signed[4095:0]) read by uvm_test_top.m_env.m_misc.m_sequencer.rsp_export = null (failed lookup)
UVM_INFO /usr/tools/synopsys/VCS2022/vcs/T-2022.06/etc/uvm-1.2/base/uvm_resource_db.svh(121) @ 0: reporter [CFGDB/GET] Configuration 'uvm_test_top.m_env.m_misc.m_sequencer.sqr_rsp_analysis_fifo.recording_detail' (type logic signed[4095:0]) read by uvm_test_top.m_env.m_misc.m_sequencer.sqr_rsp_analysis_fifo = null (failed lookup)
UVM_INFO /usr/tools/synopsys/VCS2022/vcs/T-2022.06/etc/uvm-1.2/base/uvm_resource_db.svh(121) @ 0: reporter [CFGDB/GET] Configuration 'uvm_test_top.m_env.m_misc.m_sequencer.sqr_rsp_analysis_fifo.recording_detail' (type int) read by uvm_test_top.m_env.m_misc.m_sequencer.sqr_rsp_analysis_fifo = null (failed lookup)
UVM_INFO /usr/tools/synopsys/VCS2022/vcs/T-2022.06/etc/uvm-1.2/base/uvm_resource_db.svh(121) @ 0: reporter [CFGDB/GET] Configuration 'uvm_test_top.m_env.m_misc.m_sequencer.sqr_rsp_analysis_fifo.put_export.recording_detail' (type logic signed[4095:0]) read by uvm_test_top.m_env.m_misc.m_sequencer.sqr_rsp_analysis_fifo.put_export = null (failed lookup)
UVM_INFO /usr/tools/synopsys/VCS2022/vcs/T-2022.06/etc/uvm-1.2/base/uvm_resource_db.svh(121) @ 0: reporter [CFGDB/GET] Configuration 'uvm_test_top.m_env.m_misc.m_sequencer.sqr_rsp_analysis_fifo.put_export.recording_detail' (type int) read by uvm_test_top.m_env.m_misc.m_sequencer.sqr_rsp_analysis_fifo.put_export = null (failed lookup)
UVM_INFO /usr/tools/synopsys/VCS2022/vcs/T-2022.06/etc/uvm-1.2/base/uvm_resource_db.svh(121) @ 0: reporter [CFGDB/GET] Configuration 'uvm_test_top.m_env.m_misc.m_sequencer.sqr_rsp_analysis_fifo.put_export.check_connection_relationships' (type logic signed[4095:0]) read by uvm_test_top.m_env.m_misc.m_sequencer.sqr_rsp_analysis_fifo.put_export = null (failed lookup)
UVM_INFO /usr/tools/synopsys/VCS2022/vcs/T-2022.06/etc/uvm-1.2/base/uvm_resource_db.svh(121) @ 0: reporter [CFGDB/GET] Configuration 'uvm_test_top.m_env.m_misc.m_sequencer.sqr_rsp_analysis_fifo.get_peek_export.recording_detail' (type logic signed[4095:0]) read by uvm_test_top.m_env.m_misc.m_sequencer.sqr_rsp_analysis_fifo.get_peek_export = null (failed lookup)
UVM_INFO /usr/tools/synopsys/VCS2022/vcs/T-2022.06/etc/uvm-1.2/base/uvm_resource_db.svh(121) @ 0: reporter [CFGDB/GET] Configuration 'uvm_test_top.m_env.m_misc.m_sequencer.sqr_rsp_analysis_fifo.get_peek_export.recording_detail' (type int) read by uvm_test_top.m_env.m_misc.m_sequencer.sqr_rsp_analysis_fifo.get_peek_export = null (failed lookup)
UVM_INFO /usr/tools/synopsys/VCS2022/vcs/T-2022.06/etc/uvm-1.2/base/uvm_resource_db.svh(121) @ 0: reporter [CFGDB/GET] Configuration 'uvm_test_top.m_env.m_misc.m_sequencer.sqr_rsp_analysis_fifo.get_peek_export.check_connection_relationships' (type logic signed[4095:0]) read by uvm_test_top.m_env.m_misc.m_sequencer.sqr_rsp_analysis_fifo.get_peek_export = null (failed lookup)
UVM_INFO /usr/tools/synopsys/VCS2022/vcs/T-2022.06/etc/uvm-1.2/base/uvm_resource_db.svh(121) @ 0: reporter [CFGDB/GET] Configuration 'uvm_test_top.m_env.m_misc.m_sequencer.sqr_rsp_analysis_fifo.put_ap.recording_detail' (type logic signed[4095:0]) read by uvm_test_top.m_env.m_misc.m_sequencer.sqr_rsp_analysis_fifo.put_ap = null (failed lookup)
UVM_INFO /usr/tools/synopsys/VCS2022/vcs/T-2022.06/etc/uvm-1.2/base/uvm_resource_db.svh(121) @ 0: reporter [CFGDB/GET] Configuration 'uvm_test_top.m_env.m_misc.m_sequencer.sqr_rsp_analysis_fifo.put_ap.recording_detail' (type int) read by uvm_test_top.m_env.m_misc.m_sequencer.sqr_rsp_analysis_fifo.put_ap = null (failed lookup)
UVM_INFO /usr/tools/synopsys/VCS2022/vcs/T-2022.06/etc/uvm-1.2/base/uvm_resource_db.svh(121) @ 0: reporter [CFGDB/GET] Configuration 'uvm_test_top.m_env.m_misc.m_sequencer.sqr_rsp_analysis_fifo.put_ap.check_connection_relationships' (type logic signed[4095:0]) read by uvm_test_top.m_env.m_misc.m_sequencer.sqr_rsp_analysis_fifo.put_ap = null (failed lookup)
UVM_INFO /usr/tools/synopsys/VCS2022/vcs/T-2022.06/etc/uvm-1.2/base/uvm_resource_db.svh(121) @ 0: reporter [CFGDB/GET] Configuration 'uvm_test_top.m_env.m_misc.m_sequencer.sqr_rsp_analysis_fifo.get_ap.recording_detail' (type logic signed[4095:0]) read by uvm_test_top.m_env.m_misc.m_sequencer.sqr_rsp_analysis_fifo.get_ap = null (failed lookup)
UVM_INFO /usr/tools/synopsys/VCS2022/vcs/T-2022.06/etc/uvm-1.2/base/uvm_resource_db.svh(121) @ 0: reporter [CFGDB/GET] Configuration 'uvm_test_top.m_env.m_misc.m_sequencer.sqr_rsp_analysis_fifo.get_ap.recording_detail' (type int) read by uvm_test_top.m_env.m_misc.m_sequencer.sqr_rsp_analysis_fifo.get_ap = null (failed lookup)
UVM_INFO /usr/tools/synopsys/VCS2022/vcs/T-2022.06/etc/uvm-1.2/base/uvm_resource_db.svh(121) @ 0: reporter [CFGDB/GET] Configuration 'uvm_test_top.m_env.m_misc.m_sequencer.sqr_rsp_analysis_fifo.get_ap.check_connection_relationships' (type logic signed[4095:0]) read by uvm_test_top.m_env.m_misc.m_sequencer.sqr_rsp_analysis_fifo.get_ap = null (failed lookup)
UVM_INFO /usr/tools/synopsys/VCS2022/vcs/T-2022.06/etc/uvm-1.2/base/uvm_resource_db.svh(121) @ 0: reporter [CFGDB/GET] Configuration 'uvm_test_top.m_env.m_misc.m_sequencer.sqr_rsp_analysis_fifo.analysis_export.recording_detail' (type logic signed[4095:0]) read by uvm_test_top.m_env.m_misc.m_sequencer.sqr_rsp_analysis_fifo.analysis_export = null (failed lookup)
UVM_INFO /usr/tools/synopsys/VCS2022/vcs/T-2022.06/etc/uvm-1.2/base/uvm_resource_db.svh(121) @ 0: reporter [CFGDB/GET] Configuration 'uvm_test_top.m_env.m_misc.m_sequencer.sqr_rsp_analysis_fifo.analysis_export.recording_detail' (type int) read by uvm_test_top.m_env.m_misc.m_sequencer.sqr_rsp_analysis_fifo.analysis_export = null (failed lookup)
UVM_INFO /usr/tools/synopsys/VCS2022/vcs/T-2022.06/etc/uvm-1.2/base/uvm_resource_db.svh(121) @ 0: reporter [CFGDB/GET] Configuration 'uvm_test_top.m_env.m_misc.m_sequencer.sqr_rsp_analysis_fifo.analysis_export.check_connection_relationships' (type logic signed[4095:0]) read by uvm_test_top.m_env.m_misc.m_sequencer.sqr_rsp_analysis_fifo.analysis_export = null (failed lookup)
UVM_INFO /usr/tools/synopsys/VCS2022/vcs/T-2022.06/etc/uvm-1.2/base/uvm_resource_db.svh(121) @ 0: reporter [CFGDB/GET] Configuration 'uvm_test_top.m_env.m_misc.m_sequencer.req_fifo.recording_detail' (type logic signed[4095:0]) read by uvm_test_top.m_env.m_misc.m_sequencer.req_fifo = null (failed lookup)
UVM_INFO /usr/tools/synopsys/VCS2022/vcs/T-2022.06/etc/uvm-1.2/base/uvm_resource_db.svh(121) @ 0: reporter [CFGDB/GET] Configuration 'uvm_test_top.m_env.m_misc.m_sequencer.req_fifo.recording_detail' (type int) read by uvm_test_top.m_env.m_misc.m_sequencer.req_fifo = null (failed lookup)
UVM_INFO /usr/tools/synopsys/VCS2022/vcs/T-2022.06/etc/uvm-1.2/base/uvm_resource_db.svh(121) @ 0: reporter [CFGDB/GET] Configuration 'uvm_test_top.m_env.m_misc.m_sequencer.req_fifo.put_export.recording_detail' (type logic signed[4095:0]) read by uvm_test_top.m_env.m_misc.m_sequencer.req_fifo.put_export = null (failed lookup)
UVM_INFO /usr/tools/synopsys/VCS2022/vcs/T-2022.06/etc/uvm-1.2/base/uvm_resource_db.svh(121) @ 0: reporter [CFGDB/GET] Configuration 'uvm_test_top.m_env.m_misc.m_sequencer.req_fifo.put_export.recording_detail' (type int) read by uvm_test_top.m_env.m_misc.m_sequencer.req_fifo.put_export = null (failed lookup)
UVM_INFO /usr/tools/synopsys/VCS2022/vcs/T-2022.06/etc/uvm-1.2/base/uvm_resource_db.svh(121) @ 0: reporter [CFGDB/GET] Configuration 'uvm_test_top.m_env.m_misc.m_sequencer.req_fifo.put_export.check_connection_relationships' (type logic signed[4095:0]) read by uvm_test_top.m_env.m_misc.m_sequencer.req_fifo.put_export = null (failed lookup)
UVM_INFO /usr/tools/synopsys/VCS2022/vcs/T-2022.06/etc/uvm-1.2/base/uvm_resource_db.svh(121) @ 0: reporter [CFGDB/GET] Configuration 'uvm_test_top.m_env.m_misc.m_sequencer.req_fifo.get_peek_export.recording_detail' (type logic signed[4095:0]) read by uvm_test_top.m_env.m_misc.m_sequencer.req_fifo.get_peek_export = null (failed lookup)
UVM_INFO /usr/tools/synopsys/VCS2022/vcs/T-2022.06/etc/uvm-1.2/base/uvm_resource_db.svh(121) @ 0: reporter [CFGDB/GET] Configuration 'uvm_test_top.m_env.m_misc.m_sequencer.req_fifo.get_peek_export.recording_detail' (type int) read by uvm_test_top.m_env.m_misc.m_sequencer.req_fifo.get_peek_export = null (failed lookup)
UVM_INFO /usr/tools/synopsys/VCS2022/vcs/T-2022.06/etc/uvm-1.2/base/uvm_resource_db.svh(121) @ 0: reporter [CFGDB/GET] Configuration 'uvm_test_top.m_env.m_misc.m_sequencer.req_fifo.get_peek_export.check_connection_relationships' (type logic signed[4095:0]) read by uvm_test_top.m_env.m_misc.m_sequencer.req_fifo.get_peek_export = null (failed lookup)
UVM_INFO /usr/tools/synopsys/VCS2022/vcs/T-2022.06/etc/uvm-1.2/base/uvm_resource_db.svh(121) @ 0: reporter [CFGDB/GET] Configuration 'uvm_test_top.m_env.m_misc.m_sequencer.req_fifo.put_ap.recording_detail' (type logic signed[4095:0]) read by uvm_test_top.m_env.m_misc.m_sequencer.req_fifo.put_ap = null (failed lookup)
UVM_INFO /usr/tools/synopsys/VCS2022/vcs/T-2022.06/etc/uvm-1.2/base/uvm_resource_db.svh(121) @ 0: reporter [CFGDB/GET] Configuration 'uvm_test_top.m_env.m_misc.m_sequencer.req_fifo.put_ap.recording_detail' (type int) read by uvm_test_top.m_env.m_misc.m_sequencer.req_fifo.put_ap = null (failed lookup)
UVM_INFO /usr/tools/synopsys/VCS2022/vcs/T-2022.06/etc/uvm-1.2/base/uvm_resource_db.svh(121) @ 0: reporter [CFGDB/GET] Configuration 'uvm_test_top.m_env.m_misc.m_sequencer.req_fifo.put_ap.check_connection_relationships' (type logic signed[4095:0]) read by uvm_test_top.m_env.m_misc.m_sequencer.req_fifo.put_ap = null (failed lookup)
UVM_INFO /usr/tools/synopsys/VCS2022/vcs/T-2022.06/etc/uvm-1.2/base/uvm_resource_db.svh(121) @ 0: reporter [CFGDB/GET] Configuration 'uvm_test_top.m_env.m_misc.m_sequencer.req_fifo.get_ap.recording_detail' (type logic signed[4095:0]) read by uvm_test_top.m_env.m_misc.m_sequencer.req_fifo.get_ap = null (failed lookup)
UVM_INFO /usr/tools/synopsys/VCS2022/vcs/T-2022.06/etc/uvm-1.2/base/uvm_resource_db.svh(121) @ 0: reporter [CFGDB/GET] Configuration 'uvm_test_top.m_env.m_misc.m_sequencer.req_fifo.get_ap.recording_detail' (type int) read by uvm_test_top.m_env.m_misc.m_sequencer.req_fifo.get_ap = null (failed lookup)
UVM_INFO /usr/tools/synopsys/VCS2022/vcs/T-2022.06/etc/uvm-1.2/base/uvm_resource_db.svh(121) @ 0: reporter [CFGDB/GET] Configuration 'uvm_test_top.m_env.m_misc.m_sequencer.req_fifo.get_ap.check_connection_relationships' (type logic signed[4095:0]) read by uvm_test_top.m_env.m_misc.m_sequencer.req_fifo.get_ap = null (failed lookup)
UVM_INFO /usr/tools/synopsys/VCS2022/vcs/T-2022.06/etc/uvm-1.2/base/uvm_resource_db.svh(121) @ 0: reporter [CFGDB/GET] Configuration 'uvm_test_top.m_env.m_misc.m_sequencer.seq_item_export.recording_detail' (type logic signed[4095:0]) read by uvm_test_top.m_env.m_misc.m_sequencer.seq_item_export = null (failed lookup)
UVM_INFO /usr/tools/synopsys/VCS2022/vcs/T-2022.06/etc/uvm-1.2/base/uvm_resource_db.svh(121) @ 0: reporter [CFGDB/GET] Configuration 'uvm_test_top.m_env.m_misc.m_sequencer.seq_item_export.recording_detail' (type int) read by uvm_test_top.m_env.m_misc.m_sequencer.seq_item_export = null (failed lookup)
UVM_INFO /usr/tools/synopsys/VCS2022/vcs/T-2022.06/etc/uvm-1.2/base/uvm_resource_db.svh(121) @ 0: reporter [CFGDB/GET] Configuration 'uvm_test_top.m_env.m_misc.m_sequencer.seq_item_export.check_connection_relationships' (type logic signed[4095:0]) read by uvm_test_top.m_env.m_misc.m_sequencer.seq_item_export = null (failed lookup)
UVM_INFO /usr/tools/synopsys/VCS2022/vcs/T-2022.06/etc/uvm-1.2/base/uvm_resource_db.svh(121) @ 0: reporter [CFGDB/GET] Configuration 'uvm_test_top.m_env.m_misc.m_driver.recording_detail' (type logic signed[4095:0]) read by uvm_test_top.m_env.m_misc.m_driver = null (failed lookup)
UVM_INFO /usr/tools/synopsys/VCS2022/vcs/T-2022.06/etc/uvm-1.2/base/uvm_resource_db.svh(121) @ 0: reporter [CFGDB/GET] Configuration 'uvm_test_top.m_env.m_misc.m_driver.recording_detail' (type int) read by uvm_test_top.m_env.m_misc.m_driver = null (failed lookup)
UVM_INFO /usr/tools/synopsys/VCS2022/vcs/T-2022.06/etc/uvm-1.2/base/uvm_resource_db.svh(121) @ 0: reporter [CFGDB/GET] Configuration 'uvm_test_top.m_env.m_misc.m_driver.seq_item_port.recording_detail' (type logic signed[4095:0]) read by uvm_test_top.m_env.m_misc.m_driver.seq_item_port = null (failed lookup)
UVM_INFO /usr/tools/synopsys/VCS2022/vcs/T-2022.06/etc/uvm-1.2/base/uvm_resource_db.svh(121) @ 0: reporter [CFGDB/GET] Configuration 'uvm_test_top.m_env.m_misc.m_driver.seq_item_port.recording_detail' (type int) read by uvm_test_top.m_env.m_misc.m_driver.seq_item_port = null (failed lookup)
UVM_INFO /usr/tools/synopsys/VCS2022/vcs/T-2022.06/etc/uvm-1.2/base/uvm_resource_db.svh(121) @ 0: reporter [CFGDB/GET] Configuration 'uvm_test_top.m_env.m_misc.m_driver.seq_item_port.check_connection_relationships' (type logic signed[4095:0]) read by uvm_test_top.m_env.m_misc.m_driver.seq_item_port = null (failed lookup)
UVM_INFO /usr/tools/synopsys/VCS2022/vcs/T-2022.06/etc/uvm-1.2/base/uvm_resource_db.svh(121) @ 0: reporter [CFGDB/GET] Configuration 'uvm_test_top.m_env.m_misc.m_driver.rsp_port.recording_detail' (type logic signed[4095:0]) read by uvm_test_top.m_env.m_misc.m_driver.rsp_port = null (failed lookup)
UVM_INFO /usr/tools/synopsys/VCS2022/vcs/T-2022.06/etc/uvm-1.2/base/uvm_resource_db.svh(121) @ 0: reporter [CFGDB/GET] Configuration 'uvm_test_top.m_env.m_misc.m_driver.rsp_port.recording_detail' (type int) read by uvm_test_top.m_env.m_misc.m_driver.rsp_port = null (failed lookup)
UVM_INFO /usr/tools/synopsys/VCS2022/vcs/T-2022.06/etc/uvm-1.2/base/uvm_resource_db.svh(121) @ 0: reporter [CFGDB/GET] Configuration 'uvm_test_top.m_env.m_misc.m_driver.rsp_port.check_connection_relationships' (type logic signed[4095:0]) read by uvm_test_top.m_env.m_misc.m_driver.rsp_port = null (failed lookup)
UVM_INFO /usr/tools/synopsys/VCS2022/vcs/T-2022.06/etc/uvm-1.2/base/uvm_resource_db.svh(121) @ 0: reporter [CFGDB/GET] Configuration 'uvm_test_top.m_env.m_misc.m_driver.MISC_VIF' (type virtual interface misc_if) read by uvm_test_top.m_env.m_misc.m_driver = (virtual interface misc_if) tb_top.misc_if_inst : '{clk_i:'h0, rst_ni:'h0, rtu_mmu_bad_vpn:'hxxxxxxx, rtu_mmu_expt_vld:'hx, rtu_yy_xx_flush:'hx, hpcp_mmu_cnt_en:'hx, mmu_hpcp_dutlb_miss:'hx, mmu_hpcp_iutlb_miss:'hx, mmu_hpcp_jtlb_miss:'hx, pad_yy_icg_scan_en:'hx, biu_mmu_smp_disable:'hx, mmu_had_debug_info:'hx0xxxxXX0}
UVM_INFO /usr/tools/synopsys/VCS2022/vcs/T-2022.06/etc/uvm-1.2/base/uvm_resource_db.svh(121) @ 0: reporter [CFGDB/GET] Configuration 'uvm_test_top.m_env.m_misc.m_monitor.MISC_VIF' (type virtual interface misc_if) read by uvm_test_top.m_env.m_misc.m_monitor = (virtual interface misc_if) tb_top.misc_if_inst : '{clk_i:'h0, rst_ni:'h0, rtu_mmu_bad_vpn:'hxxxxxxx, rtu_mmu_expt_vld:'hx, rtu_yy_xx_flush:'hx, hpcp_mmu_cnt_en:'hx, mmu_hpcp_dutlb_miss:'hx, mmu_hpcp_iutlb_miss:'hx, mmu_hpcp_jtlb_miss:'hx, pad_yy_icg_scan_en:'hx, biu_mmu_smp_disable:'hx, mmu_had_debug_info:'hx0xxxxXX0}
UVM_INFO /usr/tools/synopsys/VCS2022/vcs/T-2022.06/etc/uvm-1.2/base/uvm_resource_db.svh(121) @ 0: reporter [CFGDB/GET] Configuration 'uvm_test_top.m_env.m_misc.m_monitor.ap_hpcp.recording_detail' (type logic signed[4095:0]) read by uvm_test_top.m_env.m_misc.m_monitor.ap_hpcp = null (failed lookup)
UVM_INFO /usr/tools/synopsys/VCS2022/vcs/T-2022.06/etc/uvm-1.2/base/uvm_resource_db.svh(121) @ 0: reporter [CFGDB/GET] Configuration 'uvm_test_top.m_env.m_misc.m_monitor.ap_hpcp.recording_detail' (type int) read by uvm_test_top.m_env.m_misc.m_monitor.ap_hpcp = null (failed lookup)
UVM_INFO /usr/tools/synopsys/VCS2022/vcs/T-2022.06/etc/uvm-1.2/base/uvm_resource_db.svh(121) @ 0: reporter [CFGDB/GET] Configuration 'uvm_test_top.m_env.m_misc.m_monitor.ap_hpcp.check_connection_relationships' (type logic signed[4095:0]) read by uvm_test_top.m_env.m_misc.m_monitor.ap_hpcp = null (failed lookup)
UVM_INFO /usr/tools/synopsys/VCS2022/vcs/T-2022.06/etc/uvm-1.2/base/uvm_resource_db.svh(121) @ 0: reporter [CFGDB/GET] Configuration 'uvm_test_top.m_env.m_misc.m_monitor.ap_debug.recording_detail' (type logic signed[4095:0]) read by uvm_test_top.m_env.m_misc.m_monitor.ap_debug = null (failed lookup)
UVM_INFO /usr/tools/synopsys/VCS2022/vcs/T-2022.06/etc/uvm-1.2/base/uvm_resource_db.svh(121) @ 0: reporter [CFGDB/GET] Configuration 'uvm_test_top.m_env.m_misc.m_monitor.ap_debug.recording_detail' (type int) read by uvm_test_top.m_env.m_misc.m_monitor.ap_debug = null (failed lookup)
UVM_INFO /usr/tools/synopsys/VCS2022/vcs/T-2022.06/etc/uvm-1.2/base/uvm_resource_db.svh(121) @ 0: reporter [CFGDB/GET] Configuration 'uvm_test_top.m_env.m_misc.m_monitor.ap_debug.check_connection_relationships' (type logic signed[4095:0]) read by uvm_test_top.m_env.m_misc.m_monitor.ap_debug = null (failed lookup)
UVM_INFO /usr/tools/synopsys/VCS2022/vcs/T-2022.06/etc/uvm-1.2/base/uvm_resource_db.svh(121) @ 0: reporter [CFGDB/GET] Configuration 'uvm_test_top.m_env.m_misc.m_sequencer.default_sequence' (type string) read by uvm_test_top.m_env.m_misc.m_sequencer = null (failed lookup)
UVM_INFO /usr/tools/synopsys/VCS2022/vcs/T-2022.06/etc/uvm-1.2/base/uvm_resource_db.svh(121) @ 0: reporter [CFGDB/GET] Configuration 'uvm_test_top.m_env.m_misc.m_sequencer.count' (type logic signed[4095:0]) read by uvm_test_top.m_env.m_misc.m_sequencer = null (failed lookup)
UVM_INFO /usr/tools/synopsys/VCS2022/vcs/T-2022.06/etc/uvm-1.2/base/uvm_resource_db.svh(121) @ 0: reporter [CFGDB/GET] Configuration 'uvm_test_top.m_env.m_misc.m_sequencer.max_random_count' (type logic signed[4095:0]) read by uvm_test_top.m_env.m_misc.m_sequencer = null (failed lookup)
UVM_INFO /usr/tools/synopsys/VCS2022/vcs/T-2022.06/etc/uvm-1.2/base/uvm_resource_db.svh(121) @ 0: reporter [CFGDB/GET] Configuration 'uvm_test_top.m_env.m_misc.m_sequencer.max_random_depth' (type logic signed[4095:0]) read by uvm_test_top.m_env.m_misc.m_sequencer = null (failed lookup)
UVM_INFO /usr/tools/synopsys/VCS2022/vcs/T-2022.06/etc/uvm-1.2/base/uvm_resource_db.svh(121) @ 0: reporter [CFGDB/GET] Configuration 'uvm_test_top.m_env.m_misc.m_sequencer.pound_zero_count' (type logic signed[4095:0]) read by uvm_test_top.m_env.m_misc.m_sequencer = null (failed lookup)
UVM_INFO /usr/tools/synopsys/VCS2022/vcs/T-2022.06/etc/uvm-1.2/base/uvm_resource_db.svh(121) @ 0: reporter [CFGDB/GET] Configuration 'uvm_test_top.m_env.m_perf.af_ifu_rsp.recording_detail' (type logic signed[4095:0]) read by uvm_test_top.m_env.m_perf.af_ifu_rsp = null (failed lookup)
UVM_INFO /usr/tools/synopsys/VCS2022/vcs/T-2022.06/etc/uvm-1.2/base/uvm_resource_db.svh(121) @ 0: reporter [CFGDB/GET] Configuration 'uvm_test_top.m_env.m_perf.af_ifu_rsp.recording_detail' (type int) read by uvm_test_top.m_env.m_perf.af_ifu_rsp = null (failed lookup)
UVM_INFO /usr/tools/synopsys/VCS2022/vcs/T-2022.06/etc/uvm-1.2/base/uvm_resource_db.svh(121) @ 0: reporter [CFGDB/GET] Configuration 'uvm_test_top.m_env.m_perf.af_ifu_rsp.put_export.recording_detail' (type logic signed[4095:0]) read by uvm_test_top.m_env.m_perf.af_ifu_rsp.put_export = null (failed lookup)
UVM_INFO /usr/tools/synopsys/VCS2022/vcs/T-2022.06/etc/uvm-1.2/base/uvm_resource_db.svh(121) @ 0: reporter [CFGDB/GET] Configuration 'uvm_test_top.m_env.m_perf.af_ifu_rsp.put_export.recording_detail' (type int) read by uvm_test_top.m_env.m_perf.af_ifu_rsp.put_export = null (failed lookup)
UVM_INFO /usr/tools/synopsys/VCS2022/vcs/T-2022.06/etc/uvm-1.2/base/uvm_resource_db.svh(121) @ 0: reporter [CFGDB/GET] Configuration 'uvm_test_top.m_env.m_perf.af_ifu_rsp.put_export.check_connection_relationships' (type logic signed[4095:0]) read by uvm_test_top.m_env.m_perf.af_ifu_rsp.put_export = null (failed lookup)
UVM_INFO /usr/tools/synopsys/VCS2022/vcs/T-2022.06/etc/uvm-1.2/base/uvm_resource_db.svh(121) @ 0: reporter [CFGDB/GET] Configuration 'uvm_test_top.m_env.m_perf.af_ifu_rsp.get_peek_export.recording_detail' (type logic signed[4095:0]) read by uvm_test_top.m_env.m_perf.af_ifu_rsp.get_peek_export = null (failed lookup)
UVM_INFO /usr/tools/synopsys/VCS2022/vcs/T-2022.06/etc/uvm-1.2/base/uvm_resource_db.svh(121) @ 0: reporter [CFGDB/GET] Configuration 'uvm_test_top.m_env.m_perf.af_ifu_rsp.get_peek_export.recording_detail' (type int) read by uvm_test_top.m_env.m_perf.af_ifu_rsp.get_peek_export = null (failed lookup)
UVM_INFO /usr/tools/synopsys/VCS2022/vcs/T-2022.06/etc/uvm-1.2/base/uvm_resource_db.svh(121) @ 0: reporter [CFGDB/GET] Configuration 'uvm_test_top.m_env.m_perf.af_ifu_rsp.get_peek_export.check_connection_relationships' (type logic signed[4095:0]) read by uvm_test_top.m_env.m_perf.af_ifu_rsp.get_peek_export = null (failed lookup)
UVM_INFO /usr/tools/synopsys/VCS2022/vcs/T-2022.06/etc/uvm-1.2/base/uvm_resource_db.svh(121) @ 0: reporter [CFGDB/GET] Configuration 'uvm_test_top.m_env.m_perf.af_ifu_rsp.put_ap.recording_detail' (type logic signed[4095:0]) read by uvm_test_top.m_env.m_perf.af_ifu_rsp.put_ap = null (failed lookup)
UVM_INFO /usr/tools/synopsys/VCS2022/vcs/T-2022.06/etc/uvm-1.2/base/uvm_resource_db.svh(121) @ 0: reporter [CFGDB/GET] Configuration 'uvm_test_top.m_env.m_perf.af_ifu_rsp.put_ap.recording_detail' (type int) read by uvm_test_top.m_env.m_perf.af_ifu_rsp.put_ap = null (failed lookup)
UVM_INFO /usr/tools/synopsys/VCS2022/vcs/T-2022.06/etc/uvm-1.2/base/uvm_resource_db.svh(121) @ 0: reporter [CFGDB/GET] Configuration 'uvm_test_top.m_env.m_perf.af_ifu_rsp.put_ap.check_connection_relationships' (type logic signed[4095:0]) read by uvm_test_top.m_env.m_perf.af_ifu_rsp.put_ap = null (failed lookup)
UVM_INFO /usr/tools/synopsys/VCS2022/vcs/T-2022.06/etc/uvm-1.2/base/uvm_resource_db.svh(121) @ 0: reporter [CFGDB/GET] Configuration 'uvm_test_top.m_env.m_perf.af_ifu_rsp.get_ap.recording_detail' (type logic signed[4095:0]) read by uvm_test_top.m_env.m_perf.af_ifu_rsp.get_ap = null (failed lookup)
UVM_INFO /usr/tools/synopsys/VCS2022/vcs/T-2022.06/etc/uvm-1.2/base/uvm_resource_db.svh(121) @ 0: reporter [CFGDB/GET] Configuration 'uvm_test_top.m_env.m_perf.af_ifu_rsp.get_ap.recording_detail' (type int) read by uvm_test_top.m_env.m_perf.af_ifu_rsp.get_ap = null (failed lookup)
UVM_INFO /usr/tools/synopsys/VCS2022/vcs/T-2022.06/etc/uvm-1.2/base/uvm_resource_db.svh(121) @ 0: reporter [CFGDB/GET] Configuration 'uvm_test_top.m_env.m_perf.af_ifu_rsp.get_ap.check_connection_relationships' (type logic signed[4095:0]) read by uvm_test_top.m_env.m_perf.af_ifu_rsp.get_ap = null (failed lookup)
UVM_INFO /usr/tools/synopsys/VCS2022/vcs/T-2022.06/etc/uvm-1.2/base/uvm_resource_db.svh(121) @ 0: reporter [CFGDB/GET] Configuration 'uvm_test_top.m_env.m_perf.af_ifu_rsp.analysis_export.recording_detail' (type logic signed[4095:0]) read by uvm_test_top.m_env.m_perf.af_ifu_rsp.analysis_export = null (failed lookup)
UVM_INFO /usr/tools/synopsys/VCS2022/vcs/T-2022.06/etc/uvm-1.2/base/uvm_resource_db.svh(121) @ 0: reporter [CFGDB/GET] Configuration 'uvm_test_top.m_env.m_perf.af_ifu_rsp.analysis_export.recording_detail' (type int) read by uvm_test_top.m_env.m_perf.af_ifu_rsp.analysis_export = null (failed lookup)
UVM_INFO /usr/tools/synopsys/VCS2022/vcs/T-2022.06/etc/uvm-1.2/base/uvm_resource_db.svh(121) @ 0: reporter [CFGDB/GET] Configuration 'uvm_test_top.m_env.m_perf.af_ifu_rsp.analysis_export.check_connection_relationships' (type logic signed[4095:0]) read by uvm_test_top.m_env.m_perf.af_ifu_rsp.analysis_export = null (failed lookup)
UVM_INFO /usr/tools/synopsys/VCS2022/vcs/T-2022.06/etc/uvm-1.2/base/uvm_resource_db.svh(121) @ 0: reporter [CFGDB/GET] Configuration 'uvm_test_top.m_env.m_perf.af_lsu_p0_rsp.recording_detail' (type logic signed[4095:0]) read by uvm_test_top.m_env.m_perf.af_lsu_p0_rsp = null (failed lookup)
UVM_INFO /usr/tools/synopsys/VCS2022/vcs/T-2022.06/etc/uvm-1.2/base/uvm_resource_db.svh(121) @ 0: reporter [CFGDB/GET] Configuration 'uvm_test_top.m_env.m_perf.af_lsu_p0_rsp.recording_detail' (type int) read by uvm_test_top.m_env.m_perf.af_lsu_p0_rsp = null (failed lookup)
UVM_INFO /usr/tools/synopsys/VCS2022/vcs/T-2022.06/etc/uvm-1.2/base/uvm_resource_db.svh(121) @ 0: reporter [CFGDB/GET] Configuration 'uvm_test_top.m_env.m_perf.af_lsu_p0_rsp.put_export.recording_detail' (type logic signed[4095:0]) read by uvm_test_top.m_env.m_perf.af_lsu_p0_rsp.put_export = null (failed lookup)
UVM_INFO /usr/tools/synopsys/VCS2022/vcs/T-2022.06/etc/uvm-1.2/base/uvm_resource_db.svh(121) @ 0: reporter [CFGDB/GET] Configuration 'uvm_test_top.m_env.m_perf.af_lsu_p0_rsp.put_export.recording_detail' (type int) read by uvm_test_top.m_env.m_perf.af_lsu_p0_rsp.put_export = null (failed lookup)
UVM_INFO /usr/tools/synopsys/VCS2022/vcs/T-2022.06/etc/uvm-1.2/base/uvm_resource_db.svh(121) @ 0: reporter [CFGDB/GET] Configuration 'uvm_test_top.m_env.m_perf.af_lsu_p0_rsp.put_export.check_connection_relationships' (type logic signed[4095:0]) read by uvm_test_top.m_env.m_perf.af_lsu_p0_rsp.put_export = null (failed lookup)
UVM_INFO /usr/tools/synopsys/VCS2022/vcs/T-2022.06/etc/uvm-1.2/base/uvm_resource_db.svh(121) @ 0: reporter [CFGDB/GET] Configuration 'uvm_test_top.m_env.m_perf.af_lsu_p0_rsp.get_peek_export.recording_detail' (type logic signed[4095:0]) read by uvm_test_top.m_env.m_perf.af_lsu_p0_rsp.get_peek_export = null (failed lookup)
UVM_INFO /usr/tools/synopsys/VCS2022/vcs/T-2022.06/etc/uvm-1.2/base/uvm_resource_db.svh(121) @ 0: reporter [CFGDB/GET] Configuration 'uvm_test_top.m_env.m_perf.af_lsu_p0_rsp.get_peek_export.recording_detail' (type int) read by uvm_test_top.m_env.m_perf.af_lsu_p0_rsp.get_peek_export = null (failed lookup)
UVM_INFO /usr/tools/synopsys/VCS2022/vcs/T-2022.06/etc/uvm-1.2/base/uvm_resource_db.svh(121) @ 0: reporter [CFGDB/GET] Configuration 'uvm_test_top.m_env.m_perf.af_lsu_p0_rsp.get_peek_export.check_connection_relationships' (type logic signed[4095:0]) read by uvm_test_top.m_env.m_perf.af_lsu_p0_rsp.get_peek_export = null (failed lookup)
UVM_INFO /usr/tools/synopsys/VCS2022/vcs/T-2022.06/etc/uvm-1.2/base/uvm_resource_db.svh(121) @ 0: reporter [CFGDB/GET] Configuration 'uvm_test_top.m_env.m_perf.af_lsu_p0_rsp.put_ap.recording_detail' (type logic signed[4095:0]) read by uvm_test_top.m_env.m_perf.af_lsu_p0_rsp.put_ap = null (failed lookup)
UVM_INFO /usr/tools/synopsys/VCS2022/vcs/T-2022.06/etc/uvm-1.2/base/uvm_resource_db.svh(121) @ 0: reporter [CFGDB/GET] Configuration 'uvm_test_top.m_env.m_perf.af_lsu_p0_rsp.put_ap.recording_detail' (type int) read by uvm_test_top.m_env.m_perf.af_lsu_p0_rsp.put_ap = null (failed lookup)
UVM_INFO /usr/tools/synopsys/VCS2022/vcs/T-2022.06/etc/uvm-1.2/base/uvm_resource_db.svh(121) @ 0: reporter [CFGDB/GET] Configuration 'uvm_test_top.m_env.m_perf.af_lsu_p0_rsp.put_ap.check_connection_relationships' (type logic signed[4095:0]) read by uvm_test_top.m_env.m_perf.af_lsu_p0_rsp.put_ap = null (failed lookup)
UVM_INFO /usr/tools/synopsys/VCS2022/vcs/T-2022.06/etc/uvm-1.2/base/uvm_resource_db.svh(121) @ 0: reporter [CFGDB/GET] Configuration 'uvm_test_top.m_env.m_perf.af_lsu_p0_rsp.get_ap.recording_detail' (type logic signed[4095:0]) read by uvm_test_top.m_env.m_perf.af_lsu_p0_rsp.get_ap = null (failed lookup)
UVM_INFO /usr/tools/synopsys/VCS2022/vcs/T-2022.06/etc/uvm-1.2/base/uvm_resource_db.svh(121) @ 0: reporter [CFGDB/GET] Configuration 'uvm_test_top.m_env.m_perf.af_lsu_p0_rsp.get_ap.recording_detail' (type int) read by uvm_test_top.m_env.m_perf.af_lsu_p0_rsp.get_ap = null (failed lookup)
UVM_INFO /usr/tools/synopsys/VCS2022/vcs/T-2022.06/etc/uvm-1.2/base/uvm_resource_db.svh(121) @ 0: reporter [CFGDB/GET] Configuration 'uvm_test_top.m_env.m_perf.af_lsu_p0_rsp.get_ap.check_connection_relationships' (type logic signed[4095:0]) read by uvm_test_top.m_env.m_perf.af_lsu_p0_rsp.get_ap = null (failed lookup)
UVM_INFO /usr/tools/synopsys/VCS2022/vcs/T-2022.06/etc/uvm-1.2/base/uvm_resource_db.svh(121) @ 0: reporter [CFGDB/GET] Configuration 'uvm_test_top.m_env.m_perf.af_lsu_p0_rsp.analysis_export.recording_detail' (type logic signed[4095:0]) read by uvm_test_top.m_env.m_perf.af_lsu_p0_rsp.analysis_export = null (failed lookup)
UVM_INFO /usr/tools/synopsys/VCS2022/vcs/T-2022.06/etc/uvm-1.2/base/uvm_resource_db.svh(121) @ 0: reporter [CFGDB/GET] Configuration 'uvm_test_top.m_env.m_perf.af_lsu_p0_rsp.analysis_export.recording_detail' (type int) read by uvm_test_top.m_env.m_perf.af_lsu_p0_rsp.analysis_export = null (failed lookup)
UVM_INFO /usr/tools/synopsys/VCS2022/vcs/T-2022.06/etc/uvm-1.2/base/uvm_resource_db.svh(121) @ 0: reporter [CFGDB/GET] Configuration 'uvm_test_top.m_env.m_perf.af_lsu_p0_rsp.analysis_export.check_connection_relationships' (type logic signed[4095:0]) read by uvm_test_top.m_env.m_perf.af_lsu_p0_rsp.analysis_export = null (failed lookup)
UVM_INFO /usr/tools/synopsys/VCS2022/vcs/T-2022.06/etc/uvm-1.2/base/uvm_resource_db.svh(121) @ 0: reporter [CFGDB/GET] Configuration 'uvm_test_top.m_env.m_perf.af_lsu_p1_rsp.recording_detail' (type logic signed[4095:0]) read by uvm_test_top.m_env.m_perf.af_lsu_p1_rsp = null (failed lookup)
UVM_INFO /usr/tools/synopsys/VCS2022/vcs/T-2022.06/etc/uvm-1.2/base/uvm_resource_db.svh(121) @ 0: reporter [CFGDB/GET] Configuration 'uvm_test_top.m_env.m_perf.af_lsu_p1_rsp.recording_detail' (type int) read by uvm_test_top.m_env.m_perf.af_lsu_p1_rsp = null (failed lookup)
UVM_INFO /usr/tools/synopsys/VCS2022/vcs/T-2022.06/etc/uvm-1.2/base/uvm_resource_db.svh(121) @ 0: reporter [CFGDB/GET] Configuration 'uvm_test_top.m_env.m_perf.af_lsu_p1_rsp.put_export.recording_detail' (type logic signed[4095:0]) read by uvm_test_top.m_env.m_perf.af_lsu_p1_rsp.put_export = null (failed lookup)
UVM_INFO /usr/tools/synopsys/VCS2022/vcs/T-2022.06/etc/uvm-1.2/base/uvm_resource_db.svh(121) @ 0: reporter [CFGDB/GET] Configuration 'uvm_test_top.m_env.m_perf.af_lsu_p1_rsp.put_export.recording_detail' (type int) read by uvm_test_top.m_env.m_perf.af_lsu_p1_rsp.put_export = null (failed lookup)
UVM_INFO /usr/tools/synopsys/VCS2022/vcs/T-2022.06/etc/uvm-1.2/base/uvm_resource_db.svh(121) @ 0: reporter [CFGDB/GET] Configuration 'uvm_test_top.m_env.m_perf.af_lsu_p1_rsp.put_export.check_connection_relationships' (type logic signed[4095:0]) read by uvm_test_top.m_env.m_perf.af_lsu_p1_rsp.put_export = null (failed lookup)
UVM_INFO /usr/tools/synopsys/VCS2022/vcs/T-2022.06/etc/uvm-1.2/base/uvm_resource_db.svh(121) @ 0: reporter [CFGDB/GET] Configuration 'uvm_test_top.m_env.m_perf.af_lsu_p1_rsp.get_peek_export.recording_detail' (type logic signed[4095:0]) read by uvm_test_top.m_env.m_perf.af_lsu_p1_rsp.get_peek_export = null (failed lookup)
UVM_INFO /usr/tools/synopsys/VCS2022/vcs/T-2022.06/etc/uvm-1.2/base/uvm_resource_db.svh(121) @ 0: reporter [CFGDB/GET] Configuration 'uvm_test_top.m_env.m_perf.af_lsu_p1_rsp.get_peek_export.recording_detail' (type int) read by uvm_test_top.m_env.m_perf.af_lsu_p1_rsp.get_peek_export = null (failed lookup)
UVM_INFO /usr/tools/synopsys/VCS2022/vcs/T-2022.06/etc/uvm-1.2/base/uvm_resource_db.svh(121) @ 0: reporter [CFGDB/GET] Configuration 'uvm_test_top.m_env.m_perf.af_lsu_p1_rsp.get_peek_export.check_connection_relationships' (type logic signed[4095:0]) read by uvm_test_top.m_env.m_perf.af_lsu_p1_rsp.get_peek_export = null (failed lookup)
UVM_INFO /usr/tools/synopsys/VCS2022/vcs/T-2022.06/etc/uvm-1.2/base/uvm_resource_db.svh(121) @ 0: reporter [CFGDB/GET] Configuration 'uvm_test_top.m_env.m_perf.af_lsu_p1_rsp.put_ap.recording_detail' (type logic signed[4095:0]) read by uvm_test_top.m_env.m_perf.af_lsu_p1_rsp.put_ap = null (failed lookup)
UVM_INFO /usr/tools/synopsys/VCS2022/vcs/T-2022.06/etc/uvm-1.2/base/uvm_resource_db.svh(121) @ 0: reporter [CFGDB/GET] Configuration 'uvm_test_top.m_env.m_perf.af_lsu_p1_rsp.put_ap.recording_detail' (type int) read by uvm_test_top.m_env.m_perf.af_lsu_p1_rsp.put_ap = null (failed lookup)
UVM_INFO /usr/tools/synopsys/VCS2022/vcs/T-2022.06/etc/uvm-1.2/base/uvm_resource_db.svh(121) @ 0: reporter [CFGDB/GET] Configuration 'uvm_test_top.m_env.m_perf.af_lsu_p1_rsp.put_ap.check_connection_relationships' (type logic signed[4095:0]) read by uvm_test_top.m_env.m_perf.af_lsu_p1_rsp.put_ap = null (failed lookup)
UVM_INFO /usr/tools/synopsys/VCS2022/vcs/T-2022.06/etc/uvm-1.2/base/uvm_resource_db.svh(121) @ 0: reporter [CFGDB/GET] Configuration 'uvm_test_top.m_env.m_perf.af_lsu_p1_rsp.get_ap.recording_detail' (type logic signed[4095:0]) read by uvm_test_top.m_env.m_perf.af_lsu_p1_rsp.get_ap = null (failed lookup)
UVM_INFO /usr/tools/synopsys/VCS2022/vcs/T-2022.06/etc/uvm-1.2/base/uvm_resource_db.svh(121) @ 0: reporter [CFGDB/GET] Configuration 'uvm_test_top.m_env.m_perf.af_lsu_p1_rsp.get_ap.recording_detail' (type int) read by uvm_test_top.m_env.m_perf.af_lsu_p1_rsp.get_ap = null (failed lookup)
UVM_INFO /usr/tools/synopsys/VCS2022/vcs/T-2022.06/etc/uvm-1.2/base/uvm_resource_db.svh(121) @ 0: reporter [CFGDB/GET] Configuration 'uvm_test_top.m_env.m_perf.af_lsu_p1_rsp.get_ap.check_connection_relationships' (type logic signed[4095:0]) read by uvm_test_top.m_env.m_perf.af_lsu_p1_rsp.get_ap = null (failed lookup)
UVM_INFO /usr/tools/synopsys/VCS2022/vcs/T-2022.06/etc/uvm-1.2/base/uvm_resource_db.svh(121) @ 0: reporter [CFGDB/GET] Configuration 'uvm_test_top.m_env.m_perf.af_lsu_p1_rsp.analysis_export.recording_detail' (type logic signed[4095:0]) read by uvm_test_top.m_env.m_perf.af_lsu_p1_rsp.analysis_export = null (failed lookup)
UVM_INFO /usr/tools/synopsys/VCS2022/vcs/T-2022.06/etc/uvm-1.2/base/uvm_resource_db.svh(121) @ 0: reporter [CFGDB/GET] Configuration 'uvm_test_top.m_env.m_perf.af_lsu_p1_rsp.analysis_export.recording_detail' (type int) read by uvm_test_top.m_env.m_perf.af_lsu_p1_rsp.analysis_export = null (failed lookup)
UVM_INFO /usr/tools/synopsys/VCS2022/vcs/T-2022.06/etc/uvm-1.2/base/uvm_resource_db.svh(121) @ 0: reporter [CFGDB/GET] Configuration 'uvm_test_top.m_env.m_perf.af_lsu_p1_rsp.analysis_export.check_connection_relationships' (type logic signed[4095:0]) read by uvm_test_top.m_env.m_perf.af_lsu_p1_rsp.analysis_export = null (failed lookup)
UVM_INFO /usr/tools/synopsys/VCS2022/vcs/T-2022.06/etc/uvm-1.2/base/uvm_resource_db.svh(121) @ 0: reporter [CFGDB/GET] Configuration 'uvm_test_top.m_env.m_perf.af_lsu_p2_rsp.recording_detail' (type logic signed[4095:0]) read by uvm_test_top.m_env.m_perf.af_lsu_p2_rsp = null (failed lookup)
UVM_INFO /usr/tools/synopsys/VCS2022/vcs/T-2022.06/etc/uvm-1.2/base/uvm_resource_db.svh(121) @ 0: reporter [CFGDB/GET] Configuration 'uvm_test_top.m_env.m_perf.af_lsu_p2_rsp.recording_detail' (type int) read by uvm_test_top.m_env.m_perf.af_lsu_p2_rsp = null (failed lookup)
UVM_INFO /usr/tools/synopsys/VCS2022/vcs/T-2022.06/etc/uvm-1.2/base/uvm_resource_db.svh(121) @ 0: reporter [CFGDB/GET] Configuration 'uvm_test_top.m_env.m_perf.af_lsu_p2_rsp.put_export.recording_detail' (type logic signed[4095:0]) read by uvm_test_top.m_env.m_perf.af_lsu_p2_rsp.put_export = null (failed lookup)
UVM_INFO /usr/tools/synopsys/VCS2022/vcs/T-2022.06/etc/uvm-1.2/base/uvm_resource_db.svh(121) @ 0: reporter [CFGDB/GET] Configuration 'uvm_test_top.m_env.m_perf.af_lsu_p2_rsp.put_export.recording_detail' (type int) read by uvm_test_top.m_env.m_perf.af_lsu_p2_rsp.put_export = null (failed lookup)
UVM_INFO /usr/tools/synopsys/VCS2022/vcs/T-2022.06/etc/uvm-1.2/base/uvm_resource_db.svh(121) @ 0: reporter [CFGDB/GET] Configuration 'uvm_test_top.m_env.m_perf.af_lsu_p2_rsp.put_export.check_connection_relationships' (type logic signed[4095:0]) read by uvm_test_top.m_env.m_perf.af_lsu_p2_rsp.put_export = null (failed lookup)
UVM_INFO /usr/tools/synopsys/VCS2022/vcs/T-2022.06/etc/uvm-1.2/base/uvm_resource_db.svh(121) @ 0: reporter [CFGDB/GET] Configuration 'uvm_test_top.m_env.m_perf.af_lsu_p2_rsp.get_peek_export.recording_detail' (type logic signed[4095:0]) read by uvm_test_top.m_env.m_perf.af_lsu_p2_rsp.get_peek_export = null (failed lookup)
UVM_INFO /usr/tools/synopsys/VCS2022/vcs/T-2022.06/etc/uvm-1.2/base/uvm_resource_db.svh(121) @ 0: reporter [CFGDB/GET] Configuration 'uvm_test_top.m_env.m_perf.af_lsu_p2_rsp.get_peek_export.recording_detail' (type int) read by uvm_test_top.m_env.m_perf.af_lsu_p2_rsp.get_peek_export = null (failed lookup)
UVM_INFO /usr/tools/synopsys/VCS2022/vcs/T-2022.06/etc/uvm-1.2/base/uvm_resource_db.svh(121) @ 0: reporter [CFGDB/GET] Configuration 'uvm_test_top.m_env.m_perf.af_lsu_p2_rsp.get_peek_export.check_connection_relationships' (type logic signed[4095:0]) read by uvm_test_top.m_env.m_perf.af_lsu_p2_rsp.get_peek_export = null (failed lookup)
UVM_INFO /usr/tools/synopsys/VCS2022/vcs/T-2022.06/etc/uvm-1.2/base/uvm_resource_db.svh(121) @ 0: reporter [CFGDB/GET] Configuration 'uvm_test_top.m_env.m_perf.af_lsu_p2_rsp.put_ap.recording_detail' (type logic signed[4095:0]) read by uvm_test_top.m_env.m_perf.af_lsu_p2_rsp.put_ap = null (failed lookup)
UVM_INFO /usr/tools/synopsys/VCS2022/vcs/T-2022.06/etc/uvm-1.2/base/uvm_resource_db.svh(121) @ 0: reporter [CFGDB/GET] Configuration 'uvm_test_top.m_env.m_perf.af_lsu_p2_rsp.put_ap.recording_detail' (type int) read by uvm_test_top.m_env.m_perf.af_lsu_p2_rsp.put_ap = null (failed lookup)
UVM_INFO /usr/tools/synopsys/VCS2022/vcs/T-2022.06/etc/uvm-1.2/base/uvm_resource_db.svh(121) @ 0: reporter [CFGDB/GET] Configuration 'uvm_test_top.m_env.m_perf.af_lsu_p2_rsp.put_ap.check_connection_relationships' (type logic signed[4095:0]) read by uvm_test_top.m_env.m_perf.af_lsu_p2_rsp.put_ap = null (failed lookup)
UVM_INFO /usr/tools/synopsys/VCS2022/vcs/T-2022.06/etc/uvm-1.2/base/uvm_resource_db.svh(121) @ 0: reporter [CFGDB/GET] Configuration 'uvm_test_top.m_env.m_perf.af_lsu_p2_rsp.get_ap.recording_detail' (type logic signed[4095:0]) read by uvm_test_top.m_env.m_perf.af_lsu_p2_rsp.get_ap = null (failed lookup)
UVM_INFO /usr/tools/synopsys/VCS2022/vcs/T-2022.06/etc/uvm-1.2/base/uvm_resource_db.svh(121) @ 0: reporter [CFGDB/GET] Configuration 'uvm_test_top.m_env.m_perf.af_lsu_p2_rsp.get_ap.recording_detail' (type int) read by uvm_test_top.m_env.m_perf.af_lsu_p2_rsp.get_ap = null (failed lookup)
UVM_INFO /usr/tools/synopsys/VCS2022/vcs/T-2022.06/etc/uvm-1.2/base/uvm_resource_db.svh(121) @ 0: reporter [CFGDB/GET] Configuration 'uvm_test_top.m_env.m_perf.af_lsu_p2_rsp.get_ap.check_connection_relationships' (type logic signed[4095:0]) read by uvm_test_top.m_env.m_perf.af_lsu_p2_rsp.get_ap = null (failed lookup)
UVM_INFO /usr/tools/synopsys/VCS2022/vcs/T-2022.06/etc/uvm-1.2/base/uvm_resource_db.svh(121) @ 0: reporter [CFGDB/GET] Configuration 'uvm_test_top.m_env.m_perf.af_lsu_p2_rsp.analysis_export.recording_detail' (type logic signed[4095:0]) read by uvm_test_top.m_env.m_perf.af_lsu_p2_rsp.analysis_export = null (failed lookup)
UVM_INFO /usr/tools/synopsys/VCS2022/vcs/T-2022.06/etc/uvm-1.2/base/uvm_resource_db.svh(121) @ 0: reporter [CFGDB/GET] Configuration 'uvm_test_top.m_env.m_perf.af_lsu_p2_rsp.analysis_export.recording_detail' (type int) read by uvm_test_top.m_env.m_perf.af_lsu_p2_rsp.analysis_export = null (failed lookup)
UVM_INFO /usr/tools/synopsys/VCS2022/vcs/T-2022.06/etc/uvm-1.2/base/uvm_resource_db.svh(121) @ 0: reporter [CFGDB/GET] Configuration 'uvm_test_top.m_env.m_perf.af_lsu_p2_rsp.analysis_export.check_connection_relationships' (type logic signed[4095:0]) read by uvm_test_top.m_env.m_perf.af_lsu_p2_rsp.analysis_export = null (failed lookup)
UVM_INFO /usr/tools/synopsys/VCS2022/vcs/T-2022.06/etc/uvm-1.2/base/uvm_resource_db.svh(121) @ 0: reporter [CFGDB/GET] Configuration 'uvm_test_top.m_env.m_perf.af_hpcp.recording_detail' (type logic signed[4095:0]) read by uvm_test_top.m_env.m_perf.af_hpcp = null (failed lookup)
UVM_INFO /usr/tools/synopsys/VCS2022/vcs/T-2022.06/etc/uvm-1.2/base/uvm_resource_db.svh(121) @ 0: reporter [CFGDB/GET] Configuration 'uvm_test_top.m_env.m_perf.af_hpcp.recording_detail' (type int) read by uvm_test_top.m_env.m_perf.af_hpcp = null (failed lookup)
UVM_INFO /usr/tools/synopsys/VCS2022/vcs/T-2022.06/etc/uvm-1.2/base/uvm_resource_db.svh(121) @ 0: reporter [CFGDB/GET] Configuration 'uvm_test_top.m_env.m_perf.af_hpcp.put_export.recording_detail' (type logic signed[4095:0]) read by uvm_test_top.m_env.m_perf.af_hpcp.put_export = null (failed lookup)
UVM_INFO /usr/tools/synopsys/VCS2022/vcs/T-2022.06/etc/uvm-1.2/base/uvm_resource_db.svh(121) @ 0: reporter [CFGDB/GET] Configuration 'uvm_test_top.m_env.m_perf.af_hpcp.put_export.recording_detail' (type int) read by uvm_test_top.m_env.m_perf.af_hpcp.put_export = null (failed lookup)
UVM_INFO /usr/tools/synopsys/VCS2022/vcs/T-2022.06/etc/uvm-1.2/base/uvm_resource_db.svh(121) @ 0: reporter [CFGDB/GET] Configuration 'uvm_test_top.m_env.m_perf.af_hpcp.put_export.check_connection_relationships' (type logic signed[4095:0]) read by uvm_test_top.m_env.m_perf.af_hpcp.put_export = null (failed lookup)
UVM_INFO /usr/tools/synopsys/VCS2022/vcs/T-2022.06/etc/uvm-1.2/base/uvm_resource_db.svh(121) @ 0: reporter [CFGDB/GET] Configuration 'uvm_test_top.m_env.m_perf.af_hpcp.get_peek_export.recording_detail' (type logic signed[4095:0]) read by uvm_test_top.m_env.m_perf.af_hpcp.get_peek_export = null (failed lookup)
UVM_INFO /usr/tools/synopsys/VCS2022/vcs/T-2022.06/etc/uvm-1.2/base/uvm_resource_db.svh(121) @ 0: reporter [CFGDB/GET] Configuration 'uvm_test_top.m_env.m_perf.af_hpcp.get_peek_export.recording_detail' (type int) read by uvm_test_top.m_env.m_perf.af_hpcp.get_peek_export = null (failed lookup)
UVM_INFO /usr/tools/synopsys/VCS2022/vcs/T-2022.06/etc/uvm-1.2/base/uvm_resource_db.svh(121) @ 0: reporter [CFGDB/GET] Configuration 'uvm_test_top.m_env.m_perf.af_hpcp.get_peek_export.check_connection_relationships' (type logic signed[4095:0]) read by uvm_test_top.m_env.m_perf.af_hpcp.get_peek_export = null (failed lookup)
UVM_INFO /usr/tools/synopsys/VCS2022/vcs/T-2022.06/etc/uvm-1.2/base/uvm_resource_db.svh(121) @ 0: reporter [CFGDB/GET] Configuration 'uvm_test_top.m_env.m_perf.af_hpcp.put_ap.recording_detail' (type logic signed[4095:0]) read by uvm_test_top.m_env.m_perf.af_hpcp.put_ap = null (failed lookup)
UVM_INFO /usr/tools/synopsys/VCS2022/vcs/T-2022.06/etc/uvm-1.2/base/uvm_resource_db.svh(121) @ 0: reporter [CFGDB/GET] Configuration 'uvm_test_top.m_env.m_perf.af_hpcp.put_ap.recording_detail' (type int) read by uvm_test_top.m_env.m_perf.af_hpcp.put_ap = null (failed lookup)
UVM_INFO /usr/tools/synopsys/VCS2022/vcs/T-2022.06/etc/uvm-1.2/base/uvm_resource_db.svh(121) @ 0: reporter [CFGDB/GET] Configuration 'uvm_test_top.m_env.m_perf.af_hpcp.put_ap.check_connection_relationships' (type logic signed[4095:0]) read by uvm_test_top.m_env.m_perf.af_hpcp.put_ap = null (failed lookup)
UVM_INFO /usr/tools/synopsys/VCS2022/vcs/T-2022.06/etc/uvm-1.2/base/uvm_resource_db.svh(121) @ 0: reporter [CFGDB/GET] Configuration 'uvm_test_top.m_env.m_perf.af_hpcp.get_ap.recording_detail' (type logic signed[4095:0]) read by uvm_test_top.m_env.m_perf.af_hpcp.get_ap = null (failed lookup)
UVM_INFO /usr/tools/synopsys/VCS2022/vcs/T-2022.06/etc/uvm-1.2/base/uvm_resource_db.svh(121) @ 0: reporter [CFGDB/GET] Configuration 'uvm_test_top.m_env.m_perf.af_hpcp.get_ap.recording_detail' (type int) read by uvm_test_top.m_env.m_perf.af_hpcp.get_ap = null (failed lookup)
UVM_INFO /usr/tools/synopsys/VCS2022/vcs/T-2022.06/etc/uvm-1.2/base/uvm_resource_db.svh(121) @ 0: reporter [CFGDB/GET] Configuration 'uvm_test_top.m_env.m_perf.af_hpcp.get_ap.check_connection_relationships' (type logic signed[4095:0]) read by uvm_test_top.m_env.m_perf.af_hpcp.get_ap = null (failed lookup)
UVM_INFO /usr/tools/synopsys/VCS2022/vcs/T-2022.06/etc/uvm-1.2/base/uvm_resource_db.svh(121) @ 0: reporter [CFGDB/GET] Configuration 'uvm_test_top.m_env.m_perf.af_hpcp.analysis_export.recording_detail' (type logic signed[4095:0]) read by uvm_test_top.m_env.m_perf.af_hpcp.analysis_export = null (failed lookup)
UVM_INFO /usr/tools/synopsys/VCS2022/vcs/T-2022.06/etc/uvm-1.2/base/uvm_resource_db.svh(121) @ 0: reporter [CFGDB/GET] Configuration 'uvm_test_top.m_env.m_perf.af_hpcp.analysis_export.recording_detail' (type int) read by uvm_test_top.m_env.m_perf.af_hpcp.analysis_export = null (failed lookup)
UVM_INFO /usr/tools/synopsys/VCS2022/vcs/T-2022.06/etc/uvm-1.2/base/uvm_resource_db.svh(121) @ 0: reporter [CFGDB/GET] Configuration 'uvm_test_top.m_env.m_perf.af_hpcp.analysis_export.check_connection_relationships' (type logic signed[4095:0]) read by uvm_test_top.m_env.m_perf.af_hpcp.analysis_export = null (failed lookup)
UVM_INFO /usr/tools/synopsys/VCS2022/vcs/T-2022.06/etc/uvm-1.2/base/uvm_resource_db.svh(121) @ 0: reporter [CFGDB/GET] Configuration 'uvm_test_top.m_env.m_pmp.PMP_VIF' (type virtual interface pmp_if) read by uvm_test_top.m_env.m_pmp = (virtual interface pmp_if) tb_top.pmp_if_inst : '{clk_i:'h0, rst_ni:'h0, mmu_pmp_pa0:'hxxxxxxx, mmu_pmp_pa1:'hxxxxxxx, mmu_pmp_pa2:'hxxxxxxx, mmu_pmp_pa3:'hxxxxxxx, mmu_pmp_pa4:'hxxxxxxx, mmu_pmp_pa5:'hxxxxxxx, mmu_pmp_pa6:'hxxxxxxx, mmu_pmp_pa7:'hxxxxxxx, mmu_pmp_fetch3:'hx, mmu_pmp_fetch5:'hx, mmu_pmp_fetch6:'hx, mmu_pmp_fetch7:'hx, pmp_mmu_flg0:'hx, pmp_mmu_flg1:'hx, pmp_mmu_flg2:'hx, pmp_mmu_flg3:'hx, pmp_mmu_flg4:'hx, pmp_mmu_flg5:'hx, pmp_mmu_flg6:'hx, pmp_mmu_flg7:'hx}
UVM_INFO /usr/tools/synopsys/VCS2022/vcs/T-2022.06/etc/uvm-1.2/base/uvm_resource_db.svh(121) @ 0: reporter [CFGDB/GET] Configuration 'uvm_test_top.m_env.m_pmp.m_monitor.recording_detail' (type logic signed[4095:0]) read by uvm_test_top.m_env.m_pmp.m_monitor = null (failed lookup)
UVM_INFO /usr/tools/synopsys/VCS2022/vcs/T-2022.06/etc/uvm-1.2/base/uvm_resource_db.svh(121) @ 0: reporter [CFGDB/GET] Configuration 'uvm_test_top.m_env.m_pmp.m_monitor.recording_detail' (type int) read by uvm_test_top.m_env.m_pmp.m_monitor = null (failed lookup)
UVM_INFO /usr/tools/synopsys/VCS2022/vcs/T-2022.06/etc/uvm-1.2/base/uvm_resource_db.svh(121) @ 0: reporter [CFGDB/GET] Configuration 'uvm_test_top.m_env.m_pmp.m_cg.recording_detail' (type logic signed[4095:0]) read by uvm_test_top.m_env.m_pmp.m_cg = null (failed lookup)
UVM_INFO /usr/tools/synopsys/VCS2022/vcs/T-2022.06/etc/uvm-1.2/base/uvm_resource_db.svh(121) @ 0: reporter [CFGDB/GET] Configuration 'uvm_test_top.m_env.m_pmp.m_cg.recording_detail' (type int) read by uvm_test_top.m_env.m_pmp.m_cg = null (failed lookup)
UVM_INFO /usr/tools/synopsys/VCS2022/vcs/T-2022.06/etc/uvm-1.2/base/uvm_resource_db.svh(121) @ 0: reporter [CFGDB/GET] Configuration 'uvm_test_top.m_env.m_pmp.m_sequencer.recording_detail' (type logic signed[4095:0]) read by uvm_test_top.m_env.m_pmp.m_sequencer = null (failed lookup)
UVM_INFO /usr/tools/synopsys/VCS2022/vcs/T-2022.06/etc/uvm-1.2/base/uvm_resource_db.svh(121) @ 0: reporter [CFGDB/GET] Configuration 'uvm_test_top.m_env.m_pmp.m_sequencer.recording_detail' (type int) read by uvm_test_top.m_env.m_pmp.m_sequencer = null (failed lookup)
UVM_INFO /usr/tools/synopsys/VCS2022/vcs/T-2022.06/etc/uvm-1.2/base/uvm_resource_db.svh(121) @ 0: reporter [CFGDB/GET] Configuration 'uvm_test_top.m_env.m_pmp.m_sequencer.rsp_export.recording_detail' (type logic signed[4095:0]) read by uvm_test_top.m_env.m_pmp.m_sequencer.rsp_export = null (failed lookup)
UVM_INFO /usr/tools/synopsys/VCS2022/vcs/T-2022.06/etc/uvm-1.2/base/uvm_resource_db.svh(121) @ 0: reporter [CFGDB/GET] Configuration 'uvm_test_top.m_env.m_pmp.m_sequencer.rsp_export.recording_detail' (type int) read by uvm_test_top.m_env.m_pmp.m_sequencer.rsp_export = null (failed lookup)
UVM_INFO /usr/tools/synopsys/VCS2022/vcs/T-2022.06/etc/uvm-1.2/base/uvm_resource_db.svh(121) @ 0: reporter [CFGDB/GET] Configuration 'uvm_test_top.m_env.m_pmp.m_sequencer.rsp_export.check_connection_relationships' (type logic signed[4095:0]) read by uvm_test_top.m_env.m_pmp.m_sequencer.rsp_export = null (failed lookup)
UVM_INFO /usr/tools/synopsys/VCS2022/vcs/T-2022.06/etc/uvm-1.2/base/uvm_resource_db.svh(121) @ 0: reporter [CFGDB/GET] Configuration 'uvm_test_top.m_env.m_pmp.m_sequencer.sqr_rsp_analysis_fifo.recording_detail' (type logic signed[4095:0]) read by uvm_test_top.m_env.m_pmp.m_sequencer.sqr_rsp_analysis_fifo = null (failed lookup)
UVM_INFO /usr/tools/synopsys/VCS2022/vcs/T-2022.06/etc/uvm-1.2/base/uvm_resource_db.svh(121) @ 0: reporter [CFGDB/GET] Configuration 'uvm_test_top.m_env.m_pmp.m_sequencer.sqr_rsp_analysis_fifo.recording_detail' (type int) read by uvm_test_top.m_env.m_pmp.m_sequencer.sqr_rsp_analysis_fifo = null (failed lookup)
UVM_INFO /usr/tools/synopsys/VCS2022/vcs/T-2022.06/etc/uvm-1.2/base/uvm_resource_db.svh(121) @ 0: reporter [CFGDB/GET] Configuration 'uvm_test_top.m_env.m_pmp.m_sequencer.sqr_rsp_analysis_fifo.put_export.recording_detail' (type logic signed[4095:0]) read by uvm_test_top.m_env.m_pmp.m_sequencer.sqr_rsp_analysis_fifo.put_export = null (failed lookup)
UVM_INFO /usr/tools/synopsys/VCS2022/vcs/T-2022.06/etc/uvm-1.2/base/uvm_resource_db.svh(121) @ 0: reporter [CFGDB/GET] Configuration 'uvm_test_top.m_env.m_pmp.m_sequencer.sqr_rsp_analysis_fifo.put_export.recording_detail' (type int) read by uvm_test_top.m_env.m_pmp.m_sequencer.sqr_rsp_analysis_fifo.put_export = null (failed lookup)
UVM_INFO /usr/tools/synopsys/VCS2022/vcs/T-2022.06/etc/uvm-1.2/base/uvm_resource_db.svh(121) @ 0: reporter [CFGDB/GET] Configuration 'uvm_test_top.m_env.m_pmp.m_sequencer.sqr_rsp_analysis_fifo.put_export.check_connection_relationships' (type logic signed[4095:0]) read by uvm_test_top.m_env.m_pmp.m_sequencer.sqr_rsp_analysis_fifo.put_export = null (failed lookup)
UVM_INFO /usr/tools/synopsys/VCS2022/vcs/T-2022.06/etc/uvm-1.2/base/uvm_resource_db.svh(121) @ 0: reporter [CFGDB/GET] Configuration 'uvm_test_top.m_env.m_pmp.m_sequencer.sqr_rsp_analysis_fifo.get_peek_export.recording_detail' (type logic signed[4095:0]) read by uvm_test_top.m_env.m_pmp.m_sequencer.sqr_rsp_analysis_fifo.get_peek_export = null (failed lookup)
UVM_INFO /usr/tools/synopsys/VCS2022/vcs/T-2022.06/etc/uvm-1.2/base/uvm_resource_db.svh(121) @ 0: reporter [CFGDB/GET] Configuration 'uvm_test_top.m_env.m_pmp.m_sequencer.sqr_rsp_analysis_fifo.get_peek_export.recording_detail' (type int) read by uvm_test_top.m_env.m_pmp.m_sequencer.sqr_rsp_analysis_fifo.get_peek_export = null (failed lookup)
UVM_INFO /usr/tools/synopsys/VCS2022/vcs/T-2022.06/etc/uvm-1.2/base/uvm_resource_db.svh(121) @ 0: reporter [CFGDB/GET] Configuration 'uvm_test_top.m_env.m_pmp.m_sequencer.sqr_rsp_analysis_fifo.get_peek_export.check_connection_relationships' (type logic signed[4095:0]) read by uvm_test_top.m_env.m_pmp.m_sequencer.sqr_rsp_analysis_fifo.get_peek_export = null (failed lookup)
UVM_INFO /usr/tools/synopsys/VCS2022/vcs/T-2022.06/etc/uvm-1.2/base/uvm_resource_db.svh(121) @ 0: reporter [CFGDB/GET] Configuration 'uvm_test_top.m_env.m_pmp.m_sequencer.sqr_rsp_analysis_fifo.put_ap.recording_detail' (type logic signed[4095:0]) read by uvm_test_top.m_env.m_pmp.m_sequencer.sqr_rsp_analysis_fifo.put_ap = null (failed lookup)
UVM_INFO /usr/tools/synopsys/VCS2022/vcs/T-2022.06/etc/uvm-1.2/base/uvm_resource_db.svh(121) @ 0: reporter [CFGDB/GET] Configuration 'uvm_test_top.m_env.m_pmp.m_sequencer.sqr_rsp_analysis_fifo.put_ap.recording_detail' (type int) read by uvm_test_top.m_env.m_pmp.m_sequencer.sqr_rsp_analysis_fifo.put_ap = null (failed lookup)
UVM_INFO /usr/tools/synopsys/VCS2022/vcs/T-2022.06/etc/uvm-1.2/base/uvm_resource_db.svh(121) @ 0: reporter [CFGDB/GET] Configuration 'uvm_test_top.m_env.m_pmp.m_sequencer.sqr_rsp_analysis_fifo.put_ap.check_connection_relationships' (type logic signed[4095:0]) read by uvm_test_top.m_env.m_pmp.m_sequencer.sqr_rsp_analysis_fifo.put_ap = null (failed lookup)
UVM_INFO /usr/tools/synopsys/VCS2022/vcs/T-2022.06/etc/uvm-1.2/base/uvm_resource_db.svh(121) @ 0: reporter [CFGDB/GET] Configuration 'uvm_test_top.m_env.m_pmp.m_sequencer.sqr_rsp_analysis_fifo.get_ap.recording_detail' (type logic signed[4095:0]) read by uvm_test_top.m_env.m_pmp.m_sequencer.sqr_rsp_analysis_fifo.get_ap = null (failed lookup)
UVM_INFO /usr/tools/synopsys/VCS2022/vcs/T-2022.06/etc/uvm-1.2/base/uvm_resource_db.svh(121) @ 0: reporter [CFGDB/GET] Configuration 'uvm_test_top.m_env.m_pmp.m_sequencer.sqr_rsp_analysis_fifo.get_ap.recording_detail' (type int) read by uvm_test_top.m_env.m_pmp.m_sequencer.sqr_rsp_analysis_fifo.get_ap = null (failed lookup)
UVM_INFO /usr/tools/synopsys/VCS2022/vcs/T-2022.06/etc/uvm-1.2/base/uvm_resource_db.svh(121) @ 0: reporter [CFGDB/GET] Configuration 'uvm_test_top.m_env.m_pmp.m_sequencer.sqr_rsp_analysis_fifo.get_ap.check_connection_relationships' (type logic signed[4095:0]) read by uvm_test_top.m_env.m_pmp.m_sequencer.sqr_rsp_analysis_fifo.get_ap = null (failed lookup)
UVM_INFO /usr/tools/synopsys/VCS2022/vcs/T-2022.06/etc/uvm-1.2/base/uvm_resource_db.svh(121) @ 0: reporter [CFGDB/GET] Configuration 'uvm_test_top.m_env.m_pmp.m_sequencer.sqr_rsp_analysis_fifo.analysis_export.recording_detail' (type logic signed[4095:0]) read by uvm_test_top.m_env.m_pmp.m_sequencer.sqr_rsp_analysis_fifo.analysis_export = null (failed lookup)
UVM_INFO /usr/tools/synopsys/VCS2022/vcs/T-2022.06/etc/uvm-1.2/base/uvm_resource_db.svh(121) @ 0: reporter [CFGDB/GET] Configuration 'uvm_test_top.m_env.m_pmp.m_sequencer.sqr_rsp_analysis_fifo.analysis_export.recording_detail' (type int) read by uvm_test_top.m_env.m_pmp.m_sequencer.sqr_rsp_analysis_fifo.analysis_export = null (failed lookup)
UVM_INFO /usr/tools/synopsys/VCS2022/vcs/T-2022.06/etc/uvm-1.2/base/uvm_resource_db.svh(121) @ 0: reporter [CFGDB/GET] Configuration 'uvm_test_top.m_env.m_pmp.m_sequencer.sqr_rsp_analysis_fifo.analysis_export.check_connection_relationships' (type logic signed[4095:0]) read by uvm_test_top.m_env.m_pmp.m_sequencer.sqr_rsp_analysis_fifo.analysis_export = null (failed lookup)
UVM_INFO /usr/tools/synopsys/VCS2022/vcs/T-2022.06/etc/uvm-1.2/base/uvm_resource_db.svh(121) @ 0: reporter [CFGDB/GET] Configuration 'uvm_test_top.m_env.m_pmp.m_sequencer.req_fifo.recording_detail' (type logic signed[4095:0]) read by uvm_test_top.m_env.m_pmp.m_sequencer.req_fifo = null (failed lookup)
UVM_INFO /usr/tools/synopsys/VCS2022/vcs/T-2022.06/etc/uvm-1.2/base/uvm_resource_db.svh(121) @ 0: reporter [CFGDB/GET] Configuration 'uvm_test_top.m_env.m_pmp.m_sequencer.req_fifo.recording_detail' (type int) read by uvm_test_top.m_env.m_pmp.m_sequencer.req_fifo = null (failed lookup)
UVM_INFO /usr/tools/synopsys/VCS2022/vcs/T-2022.06/etc/uvm-1.2/base/uvm_resource_db.svh(121) @ 0: reporter [CFGDB/GET] Configuration 'uvm_test_top.m_env.m_pmp.m_sequencer.req_fifo.put_export.recording_detail' (type logic signed[4095:0]) read by uvm_test_top.m_env.m_pmp.m_sequencer.req_fifo.put_export = null (failed lookup)
UVM_INFO /usr/tools/synopsys/VCS2022/vcs/T-2022.06/etc/uvm-1.2/base/uvm_resource_db.svh(121) @ 0: reporter [CFGDB/GET] Configuration 'uvm_test_top.m_env.m_pmp.m_sequencer.req_fifo.put_export.recording_detail' (type int) read by uvm_test_top.m_env.m_pmp.m_sequencer.req_fifo.put_export = null (failed lookup)
UVM_INFO /usr/tools/synopsys/VCS2022/vcs/T-2022.06/etc/uvm-1.2/base/uvm_resource_db.svh(121) @ 0: reporter [CFGDB/GET] Configuration 'uvm_test_top.m_env.m_pmp.m_sequencer.req_fifo.put_export.check_connection_relationships' (type logic signed[4095:0]) read by uvm_test_top.m_env.m_pmp.m_sequencer.req_fifo.put_export = null (failed lookup)
UVM_INFO /usr/tools/synopsys/VCS2022/vcs/T-2022.06/etc/uvm-1.2/base/uvm_resource_db.svh(121) @ 0: reporter [CFGDB/GET] Configuration 'uvm_test_top.m_env.m_pmp.m_sequencer.req_fifo.get_peek_export.recording_detail' (type logic signed[4095:0]) read by uvm_test_top.m_env.m_pmp.m_sequencer.req_fifo.get_peek_export = null (failed lookup)
UVM_INFO /usr/tools/synopsys/VCS2022/vcs/T-2022.06/etc/uvm-1.2/base/uvm_resource_db.svh(121) @ 0: reporter [CFGDB/GET] Configuration 'uvm_test_top.m_env.m_pmp.m_sequencer.req_fifo.get_peek_export.recording_detail' (type int) read by uvm_test_top.m_env.m_pmp.m_sequencer.req_fifo.get_peek_export = null (failed lookup)
UVM_INFO /usr/tools/synopsys/VCS2022/vcs/T-2022.06/etc/uvm-1.2/base/uvm_resource_db.svh(121) @ 0: reporter [CFGDB/GET] Configuration 'uvm_test_top.m_env.m_pmp.m_sequencer.req_fifo.get_peek_export.check_connection_relationships' (type logic signed[4095:0]) read by uvm_test_top.m_env.m_pmp.m_sequencer.req_fifo.get_peek_export = null (failed lookup)
UVM_INFO /usr/tools/synopsys/VCS2022/vcs/T-2022.06/etc/uvm-1.2/base/uvm_resource_db.svh(121) @ 0: reporter [CFGDB/GET] Configuration 'uvm_test_top.m_env.m_pmp.m_sequencer.req_fifo.put_ap.recording_detail' (type logic signed[4095:0]) read by uvm_test_top.m_env.m_pmp.m_sequencer.req_fifo.put_ap = null (failed lookup)
UVM_INFO /usr/tools/synopsys/VCS2022/vcs/T-2022.06/etc/uvm-1.2/base/uvm_resource_db.svh(121) @ 0: reporter [CFGDB/GET] Configuration 'uvm_test_top.m_env.m_pmp.m_sequencer.req_fifo.put_ap.recording_detail' (type int) read by uvm_test_top.m_env.m_pmp.m_sequencer.req_fifo.put_ap = null (failed lookup)
UVM_INFO /usr/tools/synopsys/VCS2022/vcs/T-2022.06/etc/uvm-1.2/base/uvm_resource_db.svh(121) @ 0: reporter [CFGDB/GET] Configuration 'uvm_test_top.m_env.m_pmp.m_sequencer.req_fifo.put_ap.check_connection_relationships' (type logic signed[4095:0]) read by uvm_test_top.m_env.m_pmp.m_sequencer.req_fifo.put_ap = null (failed lookup)
UVM_INFO /usr/tools/synopsys/VCS2022/vcs/T-2022.06/etc/uvm-1.2/base/uvm_resource_db.svh(121) @ 0: reporter [CFGDB/GET] Configuration 'uvm_test_top.m_env.m_pmp.m_sequencer.req_fifo.get_ap.recording_detail' (type logic signed[4095:0]) read by uvm_test_top.m_env.m_pmp.m_sequencer.req_fifo.get_ap = null (failed lookup)
UVM_INFO /usr/tools/synopsys/VCS2022/vcs/T-2022.06/etc/uvm-1.2/base/uvm_resource_db.svh(121) @ 0: reporter [CFGDB/GET] Configuration 'uvm_test_top.m_env.m_pmp.m_sequencer.req_fifo.get_ap.recording_detail' (type int) read by uvm_test_top.m_env.m_pmp.m_sequencer.req_fifo.get_ap = null (failed lookup)
UVM_INFO /usr/tools/synopsys/VCS2022/vcs/T-2022.06/etc/uvm-1.2/base/uvm_resource_db.svh(121) @ 0: reporter [CFGDB/GET] Configuration 'uvm_test_top.m_env.m_pmp.m_sequencer.req_fifo.get_ap.check_connection_relationships' (type logic signed[4095:0]) read by uvm_test_top.m_env.m_pmp.m_sequencer.req_fifo.get_ap = null (failed lookup)
UVM_INFO /usr/tools/synopsys/VCS2022/vcs/T-2022.06/etc/uvm-1.2/base/uvm_resource_db.svh(121) @ 0: reporter [CFGDB/GET] Configuration 'uvm_test_top.m_env.m_pmp.m_sequencer.seq_item_export.recording_detail' (type logic signed[4095:0]) read by uvm_test_top.m_env.m_pmp.m_sequencer.seq_item_export = null (failed lookup)
UVM_INFO /usr/tools/synopsys/VCS2022/vcs/T-2022.06/etc/uvm-1.2/base/uvm_resource_db.svh(121) @ 0: reporter [CFGDB/GET] Configuration 'uvm_test_top.m_env.m_pmp.m_sequencer.seq_item_export.recording_detail' (type int) read by uvm_test_top.m_env.m_pmp.m_sequencer.seq_item_export = null (failed lookup)
UVM_INFO /usr/tools/synopsys/VCS2022/vcs/T-2022.06/etc/uvm-1.2/base/uvm_resource_db.svh(121) @ 0: reporter [CFGDB/GET] Configuration 'uvm_test_top.m_env.m_pmp.m_sequencer.seq_item_export.check_connection_relationships' (type logic signed[4095:0]) read by uvm_test_top.m_env.m_pmp.m_sequencer.seq_item_export = null (failed lookup)
UVM_INFO /usr/tools/synopsys/VCS2022/vcs/T-2022.06/etc/uvm-1.2/base/uvm_resource_db.svh(121) @ 0: reporter [CFGDB/GET] Configuration 'uvm_test_top.m_env.m_pmp.m_driver.recording_detail' (type logic signed[4095:0]) read by uvm_test_top.m_env.m_pmp.m_driver = null (failed lookup)
UVM_INFO /usr/tools/synopsys/VCS2022/vcs/T-2022.06/etc/uvm-1.2/base/uvm_resource_db.svh(121) @ 0: reporter [CFGDB/GET] Configuration 'uvm_test_top.m_env.m_pmp.m_driver.recording_detail' (type int) read by uvm_test_top.m_env.m_pmp.m_driver = null (failed lookup)
UVM_INFO /usr/tools/synopsys/VCS2022/vcs/T-2022.06/etc/uvm-1.2/base/uvm_resource_db.svh(121) @ 0: reporter [CFGDB/GET] Configuration 'uvm_test_top.m_env.m_pmp.m_driver.seq_item_port.recording_detail' (type logic signed[4095:0]) read by uvm_test_top.m_env.m_pmp.m_driver.seq_item_port = null (failed lookup)
UVM_INFO /usr/tools/synopsys/VCS2022/vcs/T-2022.06/etc/uvm-1.2/base/uvm_resource_db.svh(121) @ 0: reporter [CFGDB/GET] Configuration 'uvm_test_top.m_env.m_pmp.m_driver.seq_item_port.recording_detail' (type int) read by uvm_test_top.m_env.m_pmp.m_driver.seq_item_port = null (failed lookup)
UVM_INFO /usr/tools/synopsys/VCS2022/vcs/T-2022.06/etc/uvm-1.2/base/uvm_resource_db.svh(121) @ 0: reporter [CFGDB/GET] Configuration 'uvm_test_top.m_env.m_pmp.m_driver.seq_item_port.check_connection_relationships' (type logic signed[4095:0]) read by uvm_test_top.m_env.m_pmp.m_driver.seq_item_port = null (failed lookup)
UVM_INFO /usr/tools/synopsys/VCS2022/vcs/T-2022.06/etc/uvm-1.2/base/uvm_resource_db.svh(121) @ 0: reporter [CFGDB/GET] Configuration 'uvm_test_top.m_env.m_pmp.m_driver.rsp_port.recording_detail' (type logic signed[4095:0]) read by uvm_test_top.m_env.m_pmp.m_driver.rsp_port = null (failed lookup)
UVM_INFO /usr/tools/synopsys/VCS2022/vcs/T-2022.06/etc/uvm-1.2/base/uvm_resource_db.svh(121) @ 0: reporter [CFGDB/GET] Configuration 'uvm_test_top.m_env.m_pmp.m_driver.rsp_port.recording_detail' (type int) read by uvm_test_top.m_env.m_pmp.m_driver.rsp_port = null (failed lookup)
UVM_INFO /usr/tools/synopsys/VCS2022/vcs/T-2022.06/etc/uvm-1.2/base/uvm_resource_db.svh(121) @ 0: reporter [CFGDB/GET] Configuration 'uvm_test_top.m_env.m_pmp.m_driver.rsp_port.check_connection_relationships' (type logic signed[4095:0]) read by uvm_test_top.m_env.m_pmp.m_driver.rsp_port = null (failed lookup)
UVM_INFO /usr/tools/synopsys/VCS2022/vcs/T-2022.06/etc/uvm-1.2/base/uvm_resource_db.svh(121) @ 0: reporter [CFGDB/GET] Configuration 'uvm_test_top.m_env.m_pmp.m_driver.PMP_VIF' (type virtual interface pmp_if) read by uvm_test_top.m_env.m_pmp.m_driver = (virtual interface pmp_if) tb_top.pmp_if_inst : '{clk_i:'h0, rst_ni:'h0, mmu_pmp_pa0:'hxxxxxxx, mmu_pmp_pa1:'hxxxxxxx, mmu_pmp_pa2:'hxxxxxxx, mmu_pmp_pa3:'hxxxxxxx, mmu_pmp_pa4:'hxxxxxxx, mmu_pmp_pa5:'hxxxxxxx, mmu_pmp_pa6:'hxxxxxxx, mmu_pmp_pa7:'hxxxxxxx, mmu_pmp_fetch3:'hx, mmu_pmp_fetch5:'hx, mmu_pmp_fetch6:'hx, mmu_pmp_fetch7:'hx, pmp_mmu_flg0:'hx, pmp_mmu_flg1:'hx, pmp_mmu_flg2:'hx, pmp_mmu_flg3:'hx, pmp_mmu_flg4:'hx, pmp_mmu_flg5:'hx, pmp_mmu_flg6:'hx, pmp_mmu_flg7:'hx}
UVM_INFO /usr/tools/synopsys/VCS2022/vcs/T-2022.06/etc/uvm-1.2/base/uvm_resource_db.svh(121) @ 0: reporter [CFGDB/GET] Configuration 'uvm_test_top.m_env.m_pmp.m_monitor.PMP_VIF' (type virtual interface pmp_if) read by uvm_test_top.m_env.m_pmp.m_monitor = (virtual interface pmp_if) tb_top.pmp_if_inst : '{clk_i:'h0, rst_ni:'h0, mmu_pmp_pa0:'hxxxxxxx, mmu_pmp_pa1:'hxxxxxxx, mmu_pmp_pa2:'hxxxxxxx, mmu_pmp_pa3:'hxxxxxxx, mmu_pmp_pa4:'hxxxxxxx, mmu_pmp_pa5:'hxxxxxxx, mmu_pmp_pa6:'hxxxxxxx, mmu_pmp_pa7:'hxxxxxxx, mmu_pmp_fetch3:'hx, mmu_pmp_fetch5:'hx, mmu_pmp_fetch6:'hx, mmu_pmp_fetch7:'hx, pmp_mmu_flg0:'hx, pmp_mmu_flg1:'hx, pmp_mmu_flg2:'hx, pmp_mmu_flg3:'hx, pmp_mmu_flg4:'hx, pmp_mmu_flg5:'hx, pmp_mmu_flg6:'hx, pmp_mmu_flg7:'hx}
UVM_INFO /usr/tools/synopsys/VCS2022/vcs/T-2022.06/etc/uvm-1.2/base/uvm_resource_db.svh(121) @ 0: reporter [CFGDB/GET] Configuration 'uvm_test_top.m_env.m_pmp.m_monitor.ap.recording_detail' (type logic signed[4095:0]) read by uvm_test_top.m_env.m_pmp.m_monitor.ap = null (failed lookup)
UVM_INFO /usr/tools/synopsys/VCS2022/vcs/T-2022.06/etc/uvm-1.2/base/uvm_resource_db.svh(121) @ 0: reporter [CFGDB/GET] Configuration 'uvm_test_top.m_env.m_pmp.m_monitor.ap.recording_detail' (type int) read by uvm_test_top.m_env.m_pmp.m_monitor.ap = null (failed lookup)
UVM_INFO /usr/tools/synopsys/VCS2022/vcs/T-2022.06/etc/uvm-1.2/base/uvm_resource_db.svh(121) @ 0: reporter [CFGDB/GET] Configuration 'uvm_test_top.m_env.m_pmp.m_monitor.ap.check_connection_relationships' (type logic signed[4095:0]) read by uvm_test_top.m_env.m_pmp.m_monitor.ap = null (failed lookup)
UVM_INFO /usr/tools/synopsys/VCS2022/vcs/T-2022.06/etc/uvm-1.2/base/uvm_resource_db.svh(121) @ 0: reporter [CFGDB/GET] Configuration 'uvm_test_top.m_env.m_pmp.m_sequencer.default_sequence' (type string) read by uvm_test_top.m_env.m_pmp.m_sequencer = null (failed lookup)
UVM_INFO /usr/tools/synopsys/VCS2022/vcs/T-2022.06/etc/uvm-1.2/base/uvm_resource_db.svh(121) @ 0: reporter [CFGDB/GET] Configuration 'uvm_test_top.m_env.m_pmp.m_sequencer.count' (type logic signed[4095:0]) read by uvm_test_top.m_env.m_pmp.m_sequencer = null (failed lookup)
UVM_INFO /usr/tools/synopsys/VCS2022/vcs/T-2022.06/etc/uvm-1.2/base/uvm_resource_db.svh(121) @ 0: reporter [CFGDB/GET] Configuration 'uvm_test_top.m_env.m_pmp.m_sequencer.max_random_count' (type logic signed[4095:0]) read by uvm_test_top.m_env.m_pmp.m_sequencer = null (failed lookup)
UVM_INFO /usr/tools/synopsys/VCS2022/vcs/T-2022.06/etc/uvm-1.2/base/uvm_resource_db.svh(121) @ 0: reporter [CFGDB/GET] Configuration 'uvm_test_top.m_env.m_pmp.m_sequencer.max_random_depth' (type logic signed[4095:0]) read by uvm_test_top.m_env.m_pmp.m_sequencer = null (failed lookup)
UVM_INFO /usr/tools/synopsys/VCS2022/vcs/T-2022.06/etc/uvm-1.2/base/uvm_resource_db.svh(121) @ 0: reporter [CFGDB/GET] Configuration 'uvm_test_top.m_env.m_pmp.m_sequencer.pound_zero_count' (type logic signed[4095:0]) read by uvm_test_top.m_env.m_pmp.m_sequencer = null (failed lookup)
UVM_INFO /usr/tools/synopsys/VCS2022/vcs/T-2022.06/etc/uvm-1.2/base/uvm_resource_db.svh(121) @ 0: reporter [CFGDB/GET] Configuration 'uvm_test_top.m_env.m_ptw_mem.PTW_MEM_VIF' (type virtual interface ptw_mem_if) read by uvm_test_top.m_env.m_ptw_mem = (virtual interface ptw_mem_if) tb_top.ptw_mem_if_inst : '{clk_i:'h0, rst_ni:'h0, mmu_lsu_data_req:'hx, mmu_lsu_data_req_addr:'hxxxxxxxxxx, mmu_lsu_data_req_size:'h1, lsu_mmu_data_vld:'hx, lsu_mmu_data:'hxxxxxxxxxxxxxxxx, lsu_mmu_bus_error:'hx}
UVM_INFO /usr/tools/synopsys/VCS2022/vcs/T-2022.06/etc/uvm-1.2/base/uvm_resource_db.svh(121) @ 0: reporter [CFGDB/GET] Configuration 'uvm_test_top.m_env.m_ptw_mem.m_monitor.recording_detail' (type logic signed[4095:0]) read by uvm_test_top.m_env.m_ptw_mem.m_monitor = null (failed lookup)
UVM_INFO /usr/tools/synopsys/VCS2022/vcs/T-2022.06/etc/uvm-1.2/base/uvm_resource_db.svh(121) @ 0: reporter [CFGDB/GET] Configuration 'uvm_test_top.m_env.m_ptw_mem.m_monitor.recording_detail' (type int) read by uvm_test_top.m_env.m_ptw_mem.m_monitor = null (failed lookup)
UVM_INFO /usr/tools/synopsys/VCS2022/vcs/T-2022.06/etc/uvm-1.2/base/uvm_resource_db.svh(121) @ 0: reporter [CFGDB/GET] Configuration 'uvm_test_top.m_env.m_ptw_mem.m_cg.recording_detail' (type logic signed[4095:0]) read by uvm_test_top.m_env.m_ptw_mem.m_cg = null (failed lookup)
UVM_INFO /usr/tools/synopsys/VCS2022/vcs/T-2022.06/etc/uvm-1.2/base/uvm_resource_db.svh(121) @ 0: reporter [CFGDB/GET] Configuration 'uvm_test_top.m_env.m_ptw_mem.m_cg.recording_detail' (type int) read by uvm_test_top.m_env.m_ptw_mem.m_cg = null (failed lookup)
UVM_INFO /usr/tools/synopsys/VCS2022/vcs/T-2022.06/etc/uvm-1.2/base/uvm_resource_db.svh(121) @ 0: reporter [CFGDB/GET] Configuration 'uvm_test_top.m_env.m_ptw_mem.m_sequencer.recording_detail' (type logic signed[4095:0]) read by uvm_test_top.m_env.m_ptw_mem.m_sequencer = null (failed lookup)
UVM_INFO /usr/tools/synopsys/VCS2022/vcs/T-2022.06/etc/uvm-1.2/base/uvm_resource_db.svh(121) @ 0: reporter [CFGDB/GET] Configuration 'uvm_test_top.m_env.m_ptw_mem.m_sequencer.recording_detail' (type int) read by uvm_test_top.m_env.m_ptw_mem.m_sequencer = null (failed lookup)
UVM_INFO /usr/tools/synopsys/VCS2022/vcs/T-2022.06/etc/uvm-1.2/base/uvm_resource_db.svh(121) @ 0: reporter [CFGDB/GET] Configuration 'uvm_test_top.m_env.m_ptw_mem.m_sequencer.rsp_export.recording_detail' (type logic signed[4095:0]) read by uvm_test_top.m_env.m_ptw_mem.m_sequencer.rsp_export = null (failed lookup)
UVM_INFO /usr/tools/synopsys/VCS2022/vcs/T-2022.06/etc/uvm-1.2/base/uvm_resource_db.svh(121) @ 0: reporter [CFGDB/GET] Configuration 'uvm_test_top.m_env.m_ptw_mem.m_sequencer.rsp_export.recording_detail' (type int) read by uvm_test_top.m_env.m_ptw_mem.m_sequencer.rsp_export = null (failed lookup)
UVM_INFO /usr/tools/synopsys/VCS2022/vcs/T-2022.06/etc/uvm-1.2/base/uvm_resource_db.svh(121) @ 0: reporter [CFGDB/GET] Configuration 'uvm_test_top.m_env.m_ptw_mem.m_sequencer.rsp_export.check_connection_relationships' (type logic signed[4095:0]) read by uvm_test_top.m_env.m_ptw_mem.m_sequencer.rsp_export = null (failed lookup)
UVM_INFO /usr/tools/synopsys/VCS2022/vcs/T-2022.06/etc/uvm-1.2/base/uvm_resource_db.svh(121) @ 0: reporter [CFGDB/GET] Configuration 'uvm_test_top.m_env.m_ptw_mem.m_sequencer.sqr_rsp_analysis_fifo.recording_detail' (type logic signed[4095:0]) read by uvm_test_top.m_env.m_ptw_mem.m_sequencer.sqr_rsp_analysis_fifo = null (failed lookup)
UVM_INFO /usr/tools/synopsys/VCS2022/vcs/T-2022.06/etc/uvm-1.2/base/uvm_resource_db.svh(121) @ 0: reporter [CFGDB/GET] Configuration 'uvm_test_top.m_env.m_ptw_mem.m_sequencer.sqr_rsp_analysis_fifo.recording_detail' (type int) read by uvm_test_top.m_env.m_ptw_mem.m_sequencer.sqr_rsp_analysis_fifo = null (failed lookup)
UVM_INFO /usr/tools/synopsys/VCS2022/vcs/T-2022.06/etc/uvm-1.2/base/uvm_resource_db.svh(121) @ 0: reporter [CFGDB/GET] Configuration 'uvm_test_top.m_env.m_ptw_mem.m_sequencer.sqr_rsp_analysis_fifo.put_export.recording_detail' (type logic signed[4095:0]) read by uvm_test_top.m_env.m_ptw_mem.m_sequencer.sqr_rsp_analysis_fifo.put_export = null (failed lookup)
UVM_INFO /usr/tools/synopsys/VCS2022/vcs/T-2022.06/etc/uvm-1.2/base/uvm_resource_db.svh(121) @ 0: reporter [CFGDB/GET] Configuration 'uvm_test_top.m_env.m_ptw_mem.m_sequencer.sqr_rsp_analysis_fifo.put_export.recording_detail' (type int) read by uvm_test_top.m_env.m_ptw_mem.m_sequencer.sqr_rsp_analysis_fifo.put_export = null (failed lookup)
UVM_INFO /usr/tools/synopsys/VCS2022/vcs/T-2022.06/etc/uvm-1.2/base/uvm_resource_db.svh(121) @ 0: reporter [CFGDB/GET] Configuration 'uvm_test_top.m_env.m_ptw_mem.m_sequencer.sqr_rsp_analysis_fifo.put_export.check_connection_relationships' (type logic signed[4095:0]) read by uvm_test_top.m_env.m_ptw_mem.m_sequencer.sqr_rsp_analysis_fifo.put_export = null (failed lookup)
UVM_INFO /usr/tools/synopsys/VCS2022/vcs/T-2022.06/etc/uvm-1.2/base/uvm_resource_db.svh(121) @ 0: reporter [CFGDB/GET] Configuration 'uvm_test_top.m_env.m_ptw_mem.m_sequencer.sqr_rsp_analysis_fifo.get_peek_export.recording_detail' (type logic signed[4095:0]) read by uvm_test_top.m_env.m_ptw_mem.m_sequencer.sqr_rsp_analysis_fifo.get_peek_export = null (failed lookup)
UVM_INFO /usr/tools/synopsys/VCS2022/vcs/T-2022.06/etc/uvm-1.2/base/uvm_resource_db.svh(121) @ 0: reporter [CFGDB/GET] Configuration 'uvm_test_top.m_env.m_ptw_mem.m_sequencer.sqr_rsp_analysis_fifo.get_peek_export.recording_detail' (type int) read by uvm_test_top.m_env.m_ptw_mem.m_sequencer.sqr_rsp_analysis_fifo.get_peek_export = null (failed lookup)
UVM_INFO /usr/tools/synopsys/VCS2022/vcs/T-2022.06/etc/uvm-1.2/base/uvm_resource_db.svh(121) @ 0: reporter [CFGDB/GET] Configuration 'uvm_test_top.m_env.m_ptw_mem.m_sequencer.sqr_rsp_analysis_fifo.get_peek_export.check_connection_relationships' (type logic signed[4095:0]) read by uvm_test_top.m_env.m_ptw_mem.m_sequencer.sqr_rsp_analysis_fifo.get_peek_export = null (failed lookup)
UVM_INFO /usr/tools/synopsys/VCS2022/vcs/T-2022.06/etc/uvm-1.2/base/uvm_resource_db.svh(121) @ 0: reporter [CFGDB/GET] Configuration 'uvm_test_top.m_env.m_ptw_mem.m_sequencer.sqr_rsp_analysis_fifo.put_ap.recording_detail' (type logic signed[4095:0]) read by uvm_test_top.m_env.m_ptw_mem.m_sequencer.sqr_rsp_analysis_fifo.put_ap = null (failed lookup)
UVM_INFO /usr/tools/synopsys/VCS2022/vcs/T-2022.06/etc/uvm-1.2/base/uvm_resource_db.svh(121) @ 0: reporter [CFGDB/GET] Configuration 'uvm_test_top.m_env.m_ptw_mem.m_sequencer.sqr_rsp_analysis_fifo.put_ap.recording_detail' (type int) read by uvm_test_top.m_env.m_ptw_mem.m_sequencer.sqr_rsp_analysis_fifo.put_ap = null (failed lookup)
UVM_INFO /usr/tools/synopsys/VCS2022/vcs/T-2022.06/etc/uvm-1.2/base/uvm_resource_db.svh(121) @ 0: reporter [CFGDB/GET] Configuration 'uvm_test_top.m_env.m_ptw_mem.m_sequencer.sqr_rsp_analysis_fifo.put_ap.check_connection_relationships' (type logic signed[4095:0]) read by uvm_test_top.m_env.m_ptw_mem.m_sequencer.sqr_rsp_analysis_fifo.put_ap = null (failed lookup)
UVM_INFO /usr/tools/synopsys/VCS2022/vcs/T-2022.06/etc/uvm-1.2/base/uvm_resource_db.svh(121) @ 0: reporter [CFGDB/GET] Configuration 'uvm_test_top.m_env.m_ptw_mem.m_sequencer.sqr_rsp_analysis_fifo.get_ap.recording_detail' (type logic signed[4095:0]) read by uvm_test_top.m_env.m_ptw_mem.m_sequencer.sqr_rsp_analysis_fifo.get_ap = null (failed lookup)
UVM_INFO /usr/tools/synopsys/VCS2022/vcs/T-2022.06/etc/uvm-1.2/base/uvm_resource_db.svh(121) @ 0: reporter [CFGDB/GET] Configuration 'uvm_test_top.m_env.m_ptw_mem.m_sequencer.sqr_rsp_analysis_fifo.get_ap.recording_detail' (type int) read by uvm_test_top.m_env.m_ptw_mem.m_sequencer.sqr_rsp_analysis_fifo.get_ap = null (failed lookup)
UVM_INFO /usr/tools/synopsys/VCS2022/vcs/T-2022.06/etc/uvm-1.2/base/uvm_resource_db.svh(121) @ 0: reporter [CFGDB/GET] Configuration 'uvm_test_top.m_env.m_ptw_mem.m_sequencer.sqr_rsp_analysis_fifo.get_ap.check_connection_relationships' (type logic signed[4095:0]) read by uvm_test_top.m_env.m_ptw_mem.m_sequencer.sqr_rsp_analysis_fifo.get_ap = null (failed lookup)
UVM_INFO /usr/tools/synopsys/VCS2022/vcs/T-2022.06/etc/uvm-1.2/base/uvm_resource_db.svh(121) @ 0: reporter [CFGDB/GET] Configuration 'uvm_test_top.m_env.m_ptw_mem.m_sequencer.sqr_rsp_analysis_fifo.analysis_export.recording_detail' (type logic signed[4095:0]) read by uvm_test_top.m_env.m_ptw_mem.m_sequencer.sqr_rsp_analysis_fifo.analysis_export = null (failed lookup)
UVM_INFO /usr/tools/synopsys/VCS2022/vcs/T-2022.06/etc/uvm-1.2/base/uvm_resource_db.svh(121) @ 0: reporter [CFGDB/GET] Configuration 'uvm_test_top.m_env.m_ptw_mem.m_sequencer.sqr_rsp_analysis_fifo.analysis_export.recording_detail' (type int) read by uvm_test_top.m_env.m_ptw_mem.m_sequencer.sqr_rsp_analysis_fifo.analysis_export = null (failed lookup)
UVM_INFO /usr/tools/synopsys/VCS2022/vcs/T-2022.06/etc/uvm-1.2/base/uvm_resource_db.svh(121) @ 0: reporter [CFGDB/GET] Configuration 'uvm_test_top.m_env.m_ptw_mem.m_sequencer.sqr_rsp_analysis_fifo.analysis_export.check_connection_relationships' (type logic signed[4095:0]) read by uvm_test_top.m_env.m_ptw_mem.m_sequencer.sqr_rsp_analysis_fifo.analysis_export = null (failed lookup)
UVM_INFO /usr/tools/synopsys/VCS2022/vcs/T-2022.06/etc/uvm-1.2/base/uvm_resource_db.svh(121) @ 0: reporter [CFGDB/GET] Configuration 'uvm_test_top.m_env.m_ptw_mem.m_sequencer.req_fifo.recording_detail' (type logic signed[4095:0]) read by uvm_test_top.m_env.m_ptw_mem.m_sequencer.req_fifo = null (failed lookup)
UVM_INFO /usr/tools/synopsys/VCS2022/vcs/T-2022.06/etc/uvm-1.2/base/uvm_resource_db.svh(121) @ 0: reporter [CFGDB/GET] Configuration 'uvm_test_top.m_env.m_ptw_mem.m_sequencer.req_fifo.recording_detail' (type int) read by uvm_test_top.m_env.m_ptw_mem.m_sequencer.req_fifo = null (failed lookup)
UVM_INFO /usr/tools/synopsys/VCS2022/vcs/T-2022.06/etc/uvm-1.2/base/uvm_resource_db.svh(121) @ 0: reporter [CFGDB/GET] Configuration 'uvm_test_top.m_env.m_ptw_mem.m_sequencer.req_fifo.put_export.recording_detail' (type logic signed[4095:0]) read by uvm_test_top.m_env.m_ptw_mem.m_sequencer.req_fifo.put_export = null (failed lookup)
UVM_INFO /usr/tools/synopsys/VCS2022/vcs/T-2022.06/etc/uvm-1.2/base/uvm_resource_db.svh(121) @ 0: reporter [CFGDB/GET] Configuration 'uvm_test_top.m_env.m_ptw_mem.m_sequencer.req_fifo.put_export.recording_detail' (type int) read by uvm_test_top.m_env.m_ptw_mem.m_sequencer.req_fifo.put_export = null (failed lookup)
UVM_INFO /usr/tools/synopsys/VCS2022/vcs/T-2022.06/etc/uvm-1.2/base/uvm_resource_db.svh(121) @ 0: reporter [CFGDB/GET] Configuration 'uvm_test_top.m_env.m_ptw_mem.m_sequencer.req_fifo.put_export.check_connection_relationships' (type logic signed[4095:0]) read by uvm_test_top.m_env.m_ptw_mem.m_sequencer.req_fifo.put_export = null (failed lookup)
UVM_INFO /usr/tools/synopsys/VCS2022/vcs/T-2022.06/etc/uvm-1.2/base/uvm_resource_db.svh(121) @ 0: reporter [CFGDB/GET] Configuration 'uvm_test_top.m_env.m_ptw_mem.m_sequencer.req_fifo.get_peek_export.recording_detail' (type logic signed[4095:0]) read by uvm_test_top.m_env.m_ptw_mem.m_sequencer.req_fifo.get_peek_export = null (failed lookup)
UVM_INFO /usr/tools/synopsys/VCS2022/vcs/T-2022.06/etc/uvm-1.2/base/uvm_resource_db.svh(121) @ 0: reporter [CFGDB/GET] Configuration 'uvm_test_top.m_env.m_ptw_mem.m_sequencer.req_fifo.get_peek_export.recording_detail' (type int) read by uvm_test_top.m_env.m_ptw_mem.m_sequencer.req_fifo.get_peek_export = null (failed lookup)
UVM_INFO /usr/tools/synopsys/VCS2022/vcs/T-2022.06/etc/uvm-1.2/base/uvm_resource_db.svh(121) @ 0: reporter [CFGDB/GET] Configuration 'uvm_test_top.m_env.m_ptw_mem.m_sequencer.req_fifo.get_peek_export.check_connection_relationships' (type logic signed[4095:0]) read by uvm_test_top.m_env.m_ptw_mem.m_sequencer.req_fifo.get_peek_export = null (failed lookup)
UVM_INFO /usr/tools/synopsys/VCS2022/vcs/T-2022.06/etc/uvm-1.2/base/uvm_resource_db.svh(121) @ 0: reporter [CFGDB/GET] Configuration 'uvm_test_top.m_env.m_ptw_mem.m_sequencer.req_fifo.put_ap.recording_detail' (type logic signed[4095:0]) read by uvm_test_top.m_env.m_ptw_mem.m_sequencer.req_fifo.put_ap = null (failed lookup)
UVM_INFO /usr/tools/synopsys/VCS2022/vcs/T-2022.06/etc/uvm-1.2/base/uvm_resource_db.svh(121) @ 0: reporter [CFGDB/GET] Configuration 'uvm_test_top.m_env.m_ptw_mem.m_sequencer.req_fifo.put_ap.recording_detail' (type int) read by uvm_test_top.m_env.m_ptw_mem.m_sequencer.req_fifo.put_ap = null (failed lookup)
UVM_INFO /usr/tools/synopsys/VCS2022/vcs/T-2022.06/etc/uvm-1.2/base/uvm_resource_db.svh(121) @ 0: reporter [CFGDB/GET] Configuration 'uvm_test_top.m_env.m_ptw_mem.m_sequencer.req_fifo.put_ap.check_connection_relationships' (type logic signed[4095:0]) read by uvm_test_top.m_env.m_ptw_mem.m_sequencer.req_fifo.put_ap = null (failed lookup)
UVM_INFO /usr/tools/synopsys/VCS2022/vcs/T-2022.06/etc/uvm-1.2/base/uvm_resource_db.svh(121) @ 0: reporter [CFGDB/GET] Configuration 'uvm_test_top.m_env.m_ptw_mem.m_sequencer.req_fifo.get_ap.recording_detail' (type logic signed[4095:0]) read by uvm_test_top.m_env.m_ptw_mem.m_sequencer.req_fifo.get_ap = null (failed lookup)
UVM_INFO /usr/tools/synopsys/VCS2022/vcs/T-2022.06/etc/uvm-1.2/base/uvm_resource_db.svh(121) @ 0: reporter [CFGDB/GET] Configuration 'uvm_test_top.m_env.m_ptw_mem.m_sequencer.req_fifo.get_ap.recording_detail' (type int) read by uvm_test_top.m_env.m_ptw_mem.m_sequencer.req_fifo.get_ap = null (failed lookup)
UVM_INFO /usr/tools/synopsys/VCS2022/vcs/T-2022.06/etc/uvm-1.2/base/uvm_resource_db.svh(121) @ 0: reporter [CFGDB/GET] Configuration 'uvm_test_top.m_env.m_ptw_mem.m_sequencer.req_fifo.get_ap.check_connection_relationships' (type logic signed[4095:0]) read by uvm_test_top.m_env.m_ptw_mem.m_sequencer.req_fifo.get_ap = null (failed lookup)
UVM_INFO /usr/tools/synopsys/VCS2022/vcs/T-2022.06/etc/uvm-1.2/base/uvm_resource_db.svh(121) @ 0: reporter [CFGDB/GET] Configuration 'uvm_test_top.m_env.m_ptw_mem.m_sequencer.seq_item_export.recording_detail' (type logic signed[4095:0]) read by uvm_test_top.m_env.m_ptw_mem.m_sequencer.seq_item_export = null (failed lookup)
UVM_INFO /usr/tools/synopsys/VCS2022/vcs/T-2022.06/etc/uvm-1.2/base/uvm_resource_db.svh(121) @ 0: reporter [CFGDB/GET] Configuration 'uvm_test_top.m_env.m_ptw_mem.m_sequencer.seq_item_export.recording_detail' (type int) read by uvm_test_top.m_env.m_ptw_mem.m_sequencer.seq_item_export = null (failed lookup)
UVM_INFO /usr/tools/synopsys/VCS2022/vcs/T-2022.06/etc/uvm-1.2/base/uvm_resource_db.svh(121) @ 0: reporter [CFGDB/GET] Configuration 'uvm_test_top.m_env.m_ptw_mem.m_sequencer.seq_item_export.check_connection_relationships' (type logic signed[4095:0]) read by uvm_test_top.m_env.m_ptw_mem.m_sequencer.seq_item_export = null (failed lookup)
UVM_INFO /usr/tools/synopsys/VCS2022/vcs/T-2022.06/etc/uvm-1.2/base/uvm_resource_db.svh(121) @ 0: reporter [CFGDB/GET] Configuration 'uvm_test_top.m_env.m_ptw_mem.m_responder.recording_detail' (type logic signed[4095:0]) read by uvm_test_top.m_env.m_ptw_mem.m_responder = null (failed lookup)
UVM_INFO /usr/tools/synopsys/VCS2022/vcs/T-2022.06/etc/uvm-1.2/base/uvm_resource_db.svh(121) @ 0: reporter [CFGDB/GET] Configuration 'uvm_test_top.m_env.m_ptw_mem.m_responder.recording_detail' (type int) read by uvm_test_top.m_env.m_ptw_mem.m_responder = null (failed lookup)
UVM_INFO /usr/tools/synopsys/VCS2022/vcs/T-2022.06/etc/uvm-1.2/base/uvm_resource_db.svh(121) @ 0: reporter [CFGDB/GET] Configuration 'uvm_test_top.m_env.m_ptw_mem.m_monitor.PTW_MEM_VIF' (type virtual interface ptw_mem_if) read by uvm_test_top.m_env.m_ptw_mem.m_monitor = (virtual interface ptw_mem_if) tb_top.ptw_mem_if_inst : '{clk_i:'h0, rst_ni:'h0, mmu_lsu_data_req:'hx, mmu_lsu_data_req_addr:'hxxxxxxxxxx, mmu_lsu_data_req_size:'h1, lsu_mmu_data_vld:'hx, lsu_mmu_data:'hxxxxxxxxxxxxxxxx, lsu_mmu_bus_error:'hx}
UVM_INFO /usr/tools/synopsys/VCS2022/vcs/T-2022.06/etc/uvm-1.2/base/uvm_resource_db.svh(121) @ 0: reporter [CFGDB/GET] Configuration 'uvm_test_top.m_env.m_ptw_mem.m_monitor.ap_req.recording_detail' (type logic signed[4095:0]) read by uvm_test_top.m_env.m_ptw_mem.m_monitor.ap_req = null (failed lookup)
UVM_INFO /usr/tools/synopsys/VCS2022/vcs/T-2022.06/etc/uvm-1.2/base/uvm_resource_db.svh(121) @ 0: reporter [CFGDB/GET] Configuration 'uvm_test_top.m_env.m_ptw_mem.m_monitor.ap_req.recording_detail' (type int) read by uvm_test_top.m_env.m_ptw_mem.m_monitor.ap_req = null (failed lookup)
UVM_INFO /usr/tools/synopsys/VCS2022/vcs/T-2022.06/etc/uvm-1.2/base/uvm_resource_db.svh(121) @ 0: reporter [CFGDB/GET] Configuration 'uvm_test_top.m_env.m_ptw_mem.m_monitor.ap_req.check_connection_relationships' (type logic signed[4095:0]) read by uvm_test_top.m_env.m_ptw_mem.m_monitor.ap_req = null (failed lookup)
UVM_INFO /usr/tools/synopsys/VCS2022/vcs/T-2022.06/etc/uvm-1.2/base/uvm_resource_db.svh(121) @ 0: reporter [CFGDB/GET] Configuration 'uvm_test_top.m_env.m_ptw_mem.m_monitor.ap_rsp.recording_detail' (type logic signed[4095:0]) read by uvm_test_top.m_env.m_ptw_mem.m_monitor.ap_rsp = null (failed lookup)
UVM_INFO /usr/tools/synopsys/VCS2022/vcs/T-2022.06/etc/uvm-1.2/base/uvm_resource_db.svh(121) @ 0: reporter [CFGDB/GET] Configuration 'uvm_test_top.m_env.m_ptw_mem.m_monitor.ap_rsp.recording_detail' (type int) read by uvm_test_top.m_env.m_ptw_mem.m_monitor.ap_rsp = null (failed lookup)
UVM_INFO /usr/tools/synopsys/VCS2022/vcs/T-2022.06/etc/uvm-1.2/base/uvm_resource_db.svh(121) @ 0: reporter [CFGDB/GET] Configuration 'uvm_test_top.m_env.m_ptw_mem.m_monitor.ap_rsp.check_connection_relationships' (type logic signed[4095:0]) read by uvm_test_top.m_env.m_ptw_mem.m_monitor.ap_rsp = null (failed lookup)
UVM_INFO /usr/tools/synopsys/VCS2022/vcs/T-2022.06/etc/uvm-1.2/base/uvm_resource_db.svh(121) @ 0: reporter [CFGDB/GET] Configuration 'uvm_test_top.m_env.m_ptw_mem.m_responder.PTW_MEM_VIF' (type virtual interface ptw_mem_if) read by uvm_test_top.m_env.m_ptw_mem.m_responder = (virtual interface ptw_mem_if) tb_top.ptw_mem_if_inst : '{clk_i:'h0, rst_ni:'h0, mmu_lsu_data_req:'hx, mmu_lsu_data_req_addr:'hxxxxxxxxxx, mmu_lsu_data_req_size:'h1, lsu_mmu_data_vld:'hx, lsu_mmu_data:'hxxxxxxxxxxxxxxxx, lsu_mmu_bus_error:'hx}
UVM_INFO /usr/tools/synopsys/VCS2022/vcs/T-2022.06/etc/uvm-1.2/base/uvm_resource_db.svh(121) @ 0: reporter [CFGDB/GET] Configuration 'uvm_test_top.m_env.m_ptw_mem.m_sequencer.default_sequence' (type string) read by uvm_test_top.m_env.m_ptw_mem.m_sequencer = null (failed lookup)
UVM_INFO /usr/tools/synopsys/VCS2022/vcs/T-2022.06/etc/uvm-1.2/base/uvm_resource_db.svh(121) @ 0: reporter [CFGDB/GET] Configuration 'uvm_test_top.m_env.m_ptw_mem.m_sequencer.count' (type logic signed[4095:0]) read by uvm_test_top.m_env.m_ptw_mem.m_sequencer = null (failed lookup)
UVM_INFO /usr/tools/synopsys/VCS2022/vcs/T-2022.06/etc/uvm-1.2/base/uvm_resource_db.svh(121) @ 0: reporter [CFGDB/GET] Configuration 'uvm_test_top.m_env.m_ptw_mem.m_sequencer.max_random_count' (type logic signed[4095:0]) read by uvm_test_top.m_env.m_ptw_mem.m_sequencer = null (failed lookup)
UVM_INFO /usr/tools/synopsys/VCS2022/vcs/T-2022.06/etc/uvm-1.2/base/uvm_resource_db.svh(121) @ 0: reporter [CFGDB/GET] Configuration 'uvm_test_top.m_env.m_ptw_mem.m_sequencer.max_random_depth' (type logic signed[4095:0]) read by uvm_test_top.m_env.m_ptw_mem.m_sequencer = null (failed lookup)
UVM_INFO /usr/tools/synopsys/VCS2022/vcs/T-2022.06/etc/uvm-1.2/base/uvm_resource_db.svh(121) @ 0: reporter [CFGDB/GET] Configuration 'uvm_test_top.m_env.m_ptw_mem.m_sequencer.pound_zero_count' (type logic signed[4095:0]) read by uvm_test_top.m_env.m_ptw_mem.m_sequencer = null (failed lookup)
UVM_INFO /usr/tools/synopsys/VCS2022/vcs/T-2022.06/etc/uvm-1.2/base/uvm_resource_db.svh(121) @ 0: reporter [CFGDB/GET] Configuration 'uvm_test_top.m_env.m_ref.af_csr_write.recording_detail' (type logic signed[4095:0]) read by uvm_test_top.m_env.m_ref.af_csr_write = null (failed lookup)
UVM_INFO /usr/tools/synopsys/VCS2022/vcs/T-2022.06/etc/uvm-1.2/base/uvm_resource_db.svh(121) @ 0: reporter [CFGDB/GET] Configuration 'uvm_test_top.m_env.m_ref.af_csr_write.recording_detail' (type int) read by uvm_test_top.m_env.m_ref.af_csr_write = null (failed lookup)
UVM_INFO /usr/tools/synopsys/VCS2022/vcs/T-2022.06/etc/uvm-1.2/base/uvm_resource_db.svh(121) @ 0: reporter [CFGDB/GET] Configuration 'uvm_test_top.m_env.m_ref.af_csr_write.put_export.recording_detail' (type logic signed[4095:0]) read by uvm_test_top.m_env.m_ref.af_csr_write.put_export = null (failed lookup)
UVM_INFO /usr/tools/synopsys/VCS2022/vcs/T-2022.06/etc/uvm-1.2/base/uvm_resource_db.svh(121) @ 0: reporter [CFGDB/GET] Configuration 'uvm_test_top.m_env.m_ref.af_csr_write.put_export.recording_detail' (type int) read by uvm_test_top.m_env.m_ref.af_csr_write.put_export = null (failed lookup)
UVM_INFO /usr/tools/synopsys/VCS2022/vcs/T-2022.06/etc/uvm-1.2/base/uvm_resource_db.svh(121) @ 0: reporter [CFGDB/GET] Configuration 'uvm_test_top.m_env.m_ref.af_csr_write.put_export.check_connection_relationships' (type logic signed[4095:0]) read by uvm_test_top.m_env.m_ref.af_csr_write.put_export = null (failed lookup)
UVM_INFO /usr/tools/synopsys/VCS2022/vcs/T-2022.06/etc/uvm-1.2/base/uvm_resource_db.svh(121) @ 0: reporter [CFGDB/GET] Configuration 'uvm_test_top.m_env.m_ref.af_csr_write.get_peek_export.recording_detail' (type logic signed[4095:0]) read by uvm_test_top.m_env.m_ref.af_csr_write.get_peek_export = null (failed lookup)
UVM_INFO /usr/tools/synopsys/VCS2022/vcs/T-2022.06/etc/uvm-1.2/base/uvm_resource_db.svh(121) @ 0: reporter [CFGDB/GET] Configuration 'uvm_test_top.m_env.m_ref.af_csr_write.get_peek_export.recording_detail' (type int) read by uvm_test_top.m_env.m_ref.af_csr_write.get_peek_export = null (failed lookup)
UVM_INFO /usr/tools/synopsys/VCS2022/vcs/T-2022.06/etc/uvm-1.2/base/uvm_resource_db.svh(121) @ 0: reporter [CFGDB/GET] Configuration 'uvm_test_top.m_env.m_ref.af_csr_write.get_peek_export.check_connection_relationships' (type logic signed[4095:0]) read by uvm_test_top.m_env.m_ref.af_csr_write.get_peek_export = null (failed lookup)
UVM_INFO /usr/tools/synopsys/VCS2022/vcs/T-2022.06/etc/uvm-1.2/base/uvm_resource_db.svh(121) @ 0: reporter [CFGDB/GET] Configuration 'uvm_test_top.m_env.m_ref.af_csr_write.put_ap.recording_detail' (type logic signed[4095:0]) read by uvm_test_top.m_env.m_ref.af_csr_write.put_ap = null (failed lookup)
UVM_INFO /usr/tools/synopsys/VCS2022/vcs/T-2022.06/etc/uvm-1.2/base/uvm_resource_db.svh(121) @ 0: reporter [CFGDB/GET] Configuration 'uvm_test_top.m_env.m_ref.af_csr_write.put_ap.recording_detail' (type int) read by uvm_test_top.m_env.m_ref.af_csr_write.put_ap = null (failed lookup)
UVM_INFO /usr/tools/synopsys/VCS2022/vcs/T-2022.06/etc/uvm-1.2/base/uvm_resource_db.svh(121) @ 0: reporter [CFGDB/GET] Configuration 'uvm_test_top.m_env.m_ref.af_csr_write.put_ap.check_connection_relationships' (type logic signed[4095:0]) read by uvm_test_top.m_env.m_ref.af_csr_write.put_ap = null (failed lookup)
UVM_INFO /usr/tools/synopsys/VCS2022/vcs/T-2022.06/etc/uvm-1.2/base/uvm_resource_db.svh(121) @ 0: reporter [CFGDB/GET] Configuration 'uvm_test_top.m_env.m_ref.af_csr_write.get_ap.recording_detail' (type logic signed[4095:0]) read by uvm_test_top.m_env.m_ref.af_csr_write.get_ap = null (failed lookup)
UVM_INFO /usr/tools/synopsys/VCS2022/vcs/T-2022.06/etc/uvm-1.2/base/uvm_resource_db.svh(121) @ 0: reporter [CFGDB/GET] Configuration 'uvm_test_top.m_env.m_ref.af_csr_write.get_ap.recording_detail' (type int) read by uvm_test_top.m_env.m_ref.af_csr_write.get_ap = null (failed lookup)
UVM_INFO /usr/tools/synopsys/VCS2022/vcs/T-2022.06/etc/uvm-1.2/base/uvm_resource_db.svh(121) @ 0: reporter [CFGDB/GET] Configuration 'uvm_test_top.m_env.m_ref.af_csr_write.get_ap.check_connection_relationships' (type logic signed[4095:0]) read by uvm_test_top.m_env.m_ref.af_csr_write.get_ap = null (failed lookup)
UVM_INFO /usr/tools/synopsys/VCS2022/vcs/T-2022.06/etc/uvm-1.2/base/uvm_resource_db.svh(121) @ 0: reporter [CFGDB/GET] Configuration 'uvm_test_top.m_env.m_ref.af_csr_write.analysis_export.recording_detail' (type logic signed[4095:0]) read by uvm_test_top.m_env.m_ref.af_csr_write.analysis_export = null (failed lookup)
UVM_INFO /usr/tools/synopsys/VCS2022/vcs/T-2022.06/etc/uvm-1.2/base/uvm_resource_db.svh(121) @ 0: reporter [CFGDB/GET] Configuration 'uvm_test_top.m_env.m_ref.af_csr_write.analysis_export.recording_detail' (type int) read by uvm_test_top.m_env.m_ref.af_csr_write.analysis_export = null (failed lookup)
UVM_INFO /usr/tools/synopsys/VCS2022/vcs/T-2022.06/etc/uvm-1.2/base/uvm_resource_db.svh(121) @ 0: reporter [CFGDB/GET] Configuration 'uvm_test_top.m_env.m_ref.af_csr_write.analysis_export.check_connection_relationships' (type logic signed[4095:0]) read by uvm_test_top.m_env.m_ref.af_csr_write.analysis_export = null (failed lookup)
UVM_INFO /usr/tools/synopsys/VCS2022/vcs/T-2022.06/etc/uvm-1.2/base/uvm_resource_db.svh(121) @ 0: reporter [CFGDB/GET] Configuration 'uvm_test_top.m_env.m_ref.af_tlb_inv.recording_detail' (type logic signed[4095:0]) read by uvm_test_top.m_env.m_ref.af_tlb_inv = null (failed lookup)
UVM_INFO /usr/tools/synopsys/VCS2022/vcs/T-2022.06/etc/uvm-1.2/base/uvm_resource_db.svh(121) @ 0: reporter [CFGDB/GET] Configuration 'uvm_test_top.m_env.m_ref.af_tlb_inv.recording_detail' (type int) read by uvm_test_top.m_env.m_ref.af_tlb_inv = null (failed lookup)
UVM_INFO /usr/tools/synopsys/VCS2022/vcs/T-2022.06/etc/uvm-1.2/base/uvm_resource_db.svh(121) @ 0: reporter [CFGDB/GET] Configuration 'uvm_test_top.m_env.m_ref.af_tlb_inv.put_export.recording_detail' (type logic signed[4095:0]) read by uvm_test_top.m_env.m_ref.af_tlb_inv.put_export = null (failed lookup)
UVM_INFO /usr/tools/synopsys/VCS2022/vcs/T-2022.06/etc/uvm-1.2/base/uvm_resource_db.svh(121) @ 0: reporter [CFGDB/GET] Configuration 'uvm_test_top.m_env.m_ref.af_tlb_inv.put_export.recording_detail' (type int) read by uvm_test_top.m_env.m_ref.af_tlb_inv.put_export = null (failed lookup)
UVM_INFO /usr/tools/synopsys/VCS2022/vcs/T-2022.06/etc/uvm-1.2/base/uvm_resource_db.svh(121) @ 0: reporter [CFGDB/GET] Configuration 'uvm_test_top.m_env.m_ref.af_tlb_inv.put_export.check_connection_relationships' (type logic signed[4095:0]) read by uvm_test_top.m_env.m_ref.af_tlb_inv.put_export = null (failed lookup)
UVM_INFO /usr/tools/synopsys/VCS2022/vcs/T-2022.06/etc/uvm-1.2/base/uvm_resource_db.svh(121) @ 0: reporter [CFGDB/GET] Configuration 'uvm_test_top.m_env.m_ref.af_tlb_inv.get_peek_export.recording_detail' (type logic signed[4095:0]) read by uvm_test_top.m_env.m_ref.af_tlb_inv.get_peek_export = null (failed lookup)
UVM_INFO /usr/tools/synopsys/VCS2022/vcs/T-2022.06/etc/uvm-1.2/base/uvm_resource_db.svh(121) @ 0: reporter [CFGDB/GET] Configuration 'uvm_test_top.m_env.m_ref.af_tlb_inv.get_peek_export.recording_detail' (type int) read by uvm_test_top.m_env.m_ref.af_tlb_inv.get_peek_export = null (failed lookup)
UVM_INFO /usr/tools/synopsys/VCS2022/vcs/T-2022.06/etc/uvm-1.2/base/uvm_resource_db.svh(121) @ 0: reporter [CFGDB/GET] Configuration 'uvm_test_top.m_env.m_ref.af_tlb_inv.get_peek_export.check_connection_relationships' (type logic signed[4095:0]) read by uvm_test_top.m_env.m_ref.af_tlb_inv.get_peek_export = null (failed lookup)
UVM_INFO /usr/tools/synopsys/VCS2022/vcs/T-2022.06/etc/uvm-1.2/base/uvm_resource_db.svh(121) @ 0: reporter [CFGDB/GET] Configuration 'uvm_test_top.m_env.m_ref.af_tlb_inv.put_ap.recording_detail' (type logic signed[4095:0]) read by uvm_test_top.m_env.m_ref.af_tlb_inv.put_ap = null (failed lookup)
UVM_INFO /usr/tools/synopsys/VCS2022/vcs/T-2022.06/etc/uvm-1.2/base/uvm_resource_db.svh(121) @ 0: reporter [CFGDB/GET] Configuration 'uvm_test_top.m_env.m_ref.af_tlb_inv.put_ap.recording_detail' (type int) read by uvm_test_top.m_env.m_ref.af_tlb_inv.put_ap = null (failed lookup)
UVM_INFO /usr/tools/synopsys/VCS2022/vcs/T-2022.06/etc/uvm-1.2/base/uvm_resource_db.svh(121) @ 0: reporter [CFGDB/GET] Configuration 'uvm_test_top.m_env.m_ref.af_tlb_inv.put_ap.check_connection_relationships' (type logic signed[4095:0]) read by uvm_test_top.m_env.m_ref.af_tlb_inv.put_ap = null (failed lookup)
UVM_INFO /usr/tools/synopsys/VCS2022/vcs/T-2022.06/etc/uvm-1.2/base/uvm_resource_db.svh(121) @ 0: reporter [CFGDB/GET] Configuration 'uvm_test_top.m_env.m_ref.af_tlb_inv.get_ap.recording_detail' (type logic signed[4095:0]) read by uvm_test_top.m_env.m_ref.af_tlb_inv.get_ap = null (failed lookup)
UVM_INFO /usr/tools/synopsys/VCS2022/vcs/T-2022.06/etc/uvm-1.2/base/uvm_resource_db.svh(121) @ 0: reporter [CFGDB/GET] Configuration 'uvm_test_top.m_env.m_ref.af_tlb_inv.get_ap.recording_detail' (type int) read by uvm_test_top.m_env.m_ref.af_tlb_inv.get_ap = null (failed lookup)
UVM_INFO /usr/tools/synopsys/VCS2022/vcs/T-2022.06/etc/uvm-1.2/base/uvm_resource_db.svh(121) @ 0: reporter [CFGDB/GET] Configuration 'uvm_test_top.m_env.m_ref.af_tlb_inv.get_ap.check_connection_relationships' (type logic signed[4095:0]) read by uvm_test_top.m_env.m_ref.af_tlb_inv.get_ap = null (failed lookup)
UVM_INFO /usr/tools/synopsys/VCS2022/vcs/T-2022.06/etc/uvm-1.2/base/uvm_resource_db.svh(121) @ 0: reporter [CFGDB/GET] Configuration 'uvm_test_top.m_env.m_ref.af_tlb_inv.analysis_export.recording_detail' (type logic signed[4095:0]) read by uvm_test_top.m_env.m_ref.af_tlb_inv.analysis_export = null (failed lookup)
UVM_INFO /usr/tools/synopsys/VCS2022/vcs/T-2022.06/etc/uvm-1.2/base/uvm_resource_db.svh(121) @ 0: reporter [CFGDB/GET] Configuration 'uvm_test_top.m_env.m_ref.af_tlb_inv.analysis_export.recording_detail' (type int) read by uvm_test_top.m_env.m_ref.af_tlb_inv.analysis_export = null (failed lookup)
UVM_INFO /usr/tools/synopsys/VCS2022/vcs/T-2022.06/etc/uvm-1.2/base/uvm_resource_db.svh(121) @ 0: reporter [CFGDB/GET] Configuration 'uvm_test_top.m_env.m_ref.af_tlb_inv.analysis_export.check_connection_relationships' (type logic signed[4095:0]) read by uvm_test_top.m_env.m_ref.af_tlb_inv.analysis_export = null (failed lookup)
UVM_INFO /usr/tools/synopsys/VCS2022/vcs/T-2022.06/etc/uvm-1.2/base/uvm_resource_db.svh(121) @ 0: reporter [CFGDB/GET] Configuration 'uvm_test_top.m_env.m_ref.af_pmp_cfg.recording_detail' (type logic signed[4095:0]) read by uvm_test_top.m_env.m_ref.af_pmp_cfg = null (failed lookup)
UVM_INFO /usr/tools/synopsys/VCS2022/vcs/T-2022.06/etc/uvm-1.2/base/uvm_resource_db.svh(121) @ 0: reporter [CFGDB/GET] Configuration 'uvm_test_top.m_env.m_ref.af_pmp_cfg.recording_detail' (type int) read by uvm_test_top.m_env.m_ref.af_pmp_cfg = null (failed lookup)
UVM_INFO /usr/tools/synopsys/VCS2022/vcs/T-2022.06/etc/uvm-1.2/base/uvm_resource_db.svh(121) @ 0: reporter [CFGDB/GET] Configuration 'uvm_test_top.m_env.m_ref.af_pmp_cfg.put_export.recording_detail' (type logic signed[4095:0]) read by uvm_test_top.m_env.m_ref.af_pmp_cfg.put_export = null (failed lookup)
UVM_INFO /usr/tools/synopsys/VCS2022/vcs/T-2022.06/etc/uvm-1.2/base/uvm_resource_db.svh(121) @ 0: reporter [CFGDB/GET] Configuration 'uvm_test_top.m_env.m_ref.af_pmp_cfg.put_export.recording_detail' (type int) read by uvm_test_top.m_env.m_ref.af_pmp_cfg.put_export = null (failed lookup)
UVM_INFO /usr/tools/synopsys/VCS2022/vcs/T-2022.06/etc/uvm-1.2/base/uvm_resource_db.svh(121) @ 0: reporter [CFGDB/GET] Configuration 'uvm_test_top.m_env.m_ref.af_pmp_cfg.put_export.check_connection_relationships' (type logic signed[4095:0]) read by uvm_test_top.m_env.m_ref.af_pmp_cfg.put_export = null (failed lookup)
UVM_INFO /usr/tools/synopsys/VCS2022/vcs/T-2022.06/etc/uvm-1.2/base/uvm_resource_db.svh(121) @ 0: reporter [CFGDB/GET] Configuration 'uvm_test_top.m_env.m_ref.af_pmp_cfg.get_peek_export.recording_detail' (type logic signed[4095:0]) read by uvm_test_top.m_env.m_ref.af_pmp_cfg.get_peek_export = null (failed lookup)
UVM_INFO /usr/tools/synopsys/VCS2022/vcs/T-2022.06/etc/uvm-1.2/base/uvm_resource_db.svh(121) @ 0: reporter [CFGDB/GET] Configuration 'uvm_test_top.m_env.m_ref.af_pmp_cfg.get_peek_export.recording_detail' (type int) read by uvm_test_top.m_env.m_ref.af_pmp_cfg.get_peek_export = null (failed lookup)
UVM_INFO /usr/tools/synopsys/VCS2022/vcs/T-2022.06/etc/uvm-1.2/base/uvm_resource_db.svh(121) @ 0: reporter [CFGDB/GET] Configuration 'uvm_test_top.m_env.m_ref.af_pmp_cfg.get_peek_export.check_connection_relationships' (type logic signed[4095:0]) read by uvm_test_top.m_env.m_ref.af_pmp_cfg.get_peek_export = null (failed lookup)
UVM_INFO /usr/tools/synopsys/VCS2022/vcs/T-2022.06/etc/uvm-1.2/base/uvm_resource_db.svh(121) @ 0: reporter [CFGDB/GET] Configuration 'uvm_test_top.m_env.m_ref.af_pmp_cfg.put_ap.recording_detail' (type logic signed[4095:0]) read by uvm_test_top.m_env.m_ref.af_pmp_cfg.put_ap = null (failed lookup)
UVM_INFO /usr/tools/synopsys/VCS2022/vcs/T-2022.06/etc/uvm-1.2/base/uvm_resource_db.svh(121) @ 0: reporter [CFGDB/GET] Configuration 'uvm_test_top.m_env.m_ref.af_pmp_cfg.put_ap.recording_detail' (type int) read by uvm_test_top.m_env.m_ref.af_pmp_cfg.put_ap = null (failed lookup)
UVM_INFO /usr/tools/synopsys/VCS2022/vcs/T-2022.06/etc/uvm-1.2/base/uvm_resource_db.svh(121) @ 0: reporter [CFGDB/GET] Configuration 'uvm_test_top.m_env.m_ref.af_pmp_cfg.put_ap.check_connection_relationships' (type logic signed[4095:0]) read by uvm_test_top.m_env.m_ref.af_pmp_cfg.put_ap = null (failed lookup)
UVM_INFO /usr/tools/synopsys/VCS2022/vcs/T-2022.06/etc/uvm-1.2/base/uvm_resource_db.svh(121) @ 0: reporter [CFGDB/GET] Configuration 'uvm_test_top.m_env.m_ref.af_pmp_cfg.get_ap.recording_detail' (type logic signed[4095:0]) read by uvm_test_top.m_env.m_ref.af_pmp_cfg.get_ap = null (failed lookup)
UVM_INFO /usr/tools/synopsys/VCS2022/vcs/T-2022.06/etc/uvm-1.2/base/uvm_resource_db.svh(121) @ 0: reporter [CFGDB/GET] Configuration 'uvm_test_top.m_env.m_ref.af_pmp_cfg.get_ap.recording_detail' (type int) read by uvm_test_top.m_env.m_ref.af_pmp_cfg.get_ap = null (failed lookup)
UVM_INFO /usr/tools/synopsys/VCS2022/vcs/T-2022.06/etc/uvm-1.2/base/uvm_resource_db.svh(121) @ 0: reporter [CFGDB/GET] Configuration 'uvm_test_top.m_env.m_ref.af_pmp_cfg.get_ap.check_connection_relationships' (type logic signed[4095:0]) read by uvm_test_top.m_env.m_ref.af_pmp_cfg.get_ap = null (failed lookup)
UVM_INFO /usr/tools/synopsys/VCS2022/vcs/T-2022.06/etc/uvm-1.2/base/uvm_resource_db.svh(121) @ 0: reporter [CFGDB/GET] Configuration 'uvm_test_top.m_env.m_ref.af_pmp_cfg.analysis_export.recording_detail' (type logic signed[4095:0]) read by uvm_test_top.m_env.m_ref.af_pmp_cfg.analysis_export = null (failed lookup)
UVM_INFO /usr/tools/synopsys/VCS2022/vcs/T-2022.06/etc/uvm-1.2/base/uvm_resource_db.svh(121) @ 0: reporter [CFGDB/GET] Configuration 'uvm_test_top.m_env.m_ref.af_pmp_cfg.analysis_export.recording_detail' (type int) read by uvm_test_top.m_env.m_ref.af_pmp_cfg.analysis_export = null (failed lookup)
UVM_INFO /usr/tools/synopsys/VCS2022/vcs/T-2022.06/etc/uvm-1.2/base/uvm_resource_db.svh(121) @ 0: reporter [CFGDB/GET] Configuration 'uvm_test_top.m_env.m_ref.af_pmp_cfg.analysis_export.check_connection_relationships' (type logic signed[4095:0]) read by uvm_test_top.m_env.m_ref.af_pmp_cfg.analysis_export = null (failed lookup)
UVM_INFO /usr/tools/synopsys/VCS2022/vcs/T-2022.06/etc/uvm-1.2/base/uvm_resource_db.svh(121) @ 0: reporter [CFGDB/GET] Configuration 'uvm_test_top.m_env.m_ref.af_sysmap_cfg.recording_detail' (type logic signed[4095:0]) read by uvm_test_top.m_env.m_ref.af_sysmap_cfg = null (failed lookup)
UVM_INFO /usr/tools/synopsys/VCS2022/vcs/T-2022.06/etc/uvm-1.2/base/uvm_resource_db.svh(121) @ 0: reporter [CFGDB/GET] Configuration 'uvm_test_top.m_env.m_ref.af_sysmap_cfg.recording_detail' (type int) read by uvm_test_top.m_env.m_ref.af_sysmap_cfg = null (failed lookup)
UVM_INFO /usr/tools/synopsys/VCS2022/vcs/T-2022.06/etc/uvm-1.2/base/uvm_resource_db.svh(121) @ 0: reporter [CFGDB/GET] Configuration 'uvm_test_top.m_env.m_ref.af_sysmap_cfg.put_export.recording_detail' (type logic signed[4095:0]) read by uvm_test_top.m_env.m_ref.af_sysmap_cfg.put_export = null (failed lookup)
UVM_INFO /usr/tools/synopsys/VCS2022/vcs/T-2022.06/etc/uvm-1.2/base/uvm_resource_db.svh(121) @ 0: reporter [CFGDB/GET] Configuration 'uvm_test_top.m_env.m_ref.af_sysmap_cfg.put_export.recording_detail' (type int) read by uvm_test_top.m_env.m_ref.af_sysmap_cfg.put_export = null (failed lookup)
UVM_INFO /usr/tools/synopsys/VCS2022/vcs/T-2022.06/etc/uvm-1.2/base/uvm_resource_db.svh(121) @ 0: reporter [CFGDB/GET] Configuration 'uvm_test_top.m_env.m_ref.af_sysmap_cfg.put_export.check_connection_relationships' (type logic signed[4095:0]) read by uvm_test_top.m_env.m_ref.af_sysmap_cfg.put_export = null (failed lookup)
UVM_INFO /usr/tools/synopsys/VCS2022/vcs/T-2022.06/etc/uvm-1.2/base/uvm_resource_db.svh(121) @ 0: reporter [CFGDB/GET] Configuration 'uvm_test_top.m_env.m_ref.af_sysmap_cfg.get_peek_export.recording_detail' (type logic signed[4095:0]) read by uvm_test_top.m_env.m_ref.af_sysmap_cfg.get_peek_export = null (failed lookup)
UVM_INFO /usr/tools/synopsys/VCS2022/vcs/T-2022.06/etc/uvm-1.2/base/uvm_resource_db.svh(121) @ 0: reporter [CFGDB/GET] Configuration 'uvm_test_top.m_env.m_ref.af_sysmap_cfg.get_peek_export.recording_detail' (type int) read by uvm_test_top.m_env.m_ref.af_sysmap_cfg.get_peek_export = null (failed lookup)
UVM_INFO /usr/tools/synopsys/VCS2022/vcs/T-2022.06/etc/uvm-1.2/base/uvm_resource_db.svh(121) @ 0: reporter [CFGDB/GET] Configuration 'uvm_test_top.m_env.m_ref.af_sysmap_cfg.get_peek_export.check_connection_relationships' (type logic signed[4095:0]) read by uvm_test_top.m_env.m_ref.af_sysmap_cfg.get_peek_export = null (failed lookup)
UVM_INFO /usr/tools/synopsys/VCS2022/vcs/T-2022.06/etc/uvm-1.2/base/uvm_resource_db.svh(121) @ 0: reporter [CFGDB/GET] Configuration 'uvm_test_top.m_env.m_ref.af_sysmap_cfg.put_ap.recording_detail' (type logic signed[4095:0]) read by uvm_test_top.m_env.m_ref.af_sysmap_cfg.put_ap = null (failed lookup)
UVM_INFO /usr/tools/synopsys/VCS2022/vcs/T-2022.06/etc/uvm-1.2/base/uvm_resource_db.svh(121) @ 0: reporter [CFGDB/GET] Configuration 'uvm_test_top.m_env.m_ref.af_sysmap_cfg.put_ap.recording_detail' (type int) read by uvm_test_top.m_env.m_ref.af_sysmap_cfg.put_ap = null (failed lookup)
UVM_INFO /usr/tools/synopsys/VCS2022/vcs/T-2022.06/etc/uvm-1.2/base/uvm_resource_db.svh(121) @ 0: reporter [CFGDB/GET] Configuration 'uvm_test_top.m_env.m_ref.af_sysmap_cfg.put_ap.check_connection_relationships' (type logic signed[4095:0]) read by uvm_test_top.m_env.m_ref.af_sysmap_cfg.put_ap = null (failed lookup)
UVM_INFO /usr/tools/synopsys/VCS2022/vcs/T-2022.06/etc/uvm-1.2/base/uvm_resource_db.svh(121) @ 0: reporter [CFGDB/GET] Configuration 'uvm_test_top.m_env.m_ref.af_sysmap_cfg.get_ap.recording_detail' (type logic signed[4095:0]) read by uvm_test_top.m_env.m_ref.af_sysmap_cfg.get_ap = null (failed lookup)
UVM_INFO /usr/tools/synopsys/VCS2022/vcs/T-2022.06/etc/uvm-1.2/base/uvm_resource_db.svh(121) @ 0: reporter [CFGDB/GET] Configuration 'uvm_test_top.m_env.m_ref.af_sysmap_cfg.get_ap.recording_detail' (type int) read by uvm_test_top.m_env.m_ref.af_sysmap_cfg.get_ap = null (failed lookup)
UVM_INFO /usr/tools/synopsys/VCS2022/vcs/T-2022.06/etc/uvm-1.2/base/uvm_resource_db.svh(121) @ 0: reporter [CFGDB/GET] Configuration 'uvm_test_top.m_env.m_ref.af_sysmap_cfg.get_ap.check_connection_relationships' (type logic signed[4095:0]) read by uvm_test_top.m_env.m_ref.af_sysmap_cfg.get_ap = null (failed lookup)
UVM_INFO /usr/tools/synopsys/VCS2022/vcs/T-2022.06/etc/uvm-1.2/base/uvm_resource_db.svh(121) @ 0: reporter [CFGDB/GET] Configuration 'uvm_test_top.m_env.m_ref.af_sysmap_cfg.analysis_export.recording_detail' (type logic signed[4095:0]) read by uvm_test_top.m_env.m_ref.af_sysmap_cfg.analysis_export = null (failed lookup)
UVM_INFO /usr/tools/synopsys/VCS2022/vcs/T-2022.06/etc/uvm-1.2/base/uvm_resource_db.svh(121) @ 0: reporter [CFGDB/GET] Configuration 'uvm_test_top.m_env.m_ref.af_sysmap_cfg.analysis_export.recording_detail' (type int) read by uvm_test_top.m_env.m_ref.af_sysmap_cfg.analysis_export = null (failed lookup)
UVM_INFO /usr/tools/synopsys/VCS2022/vcs/T-2022.06/etc/uvm-1.2/base/uvm_resource_db.svh(121) @ 0: reporter [CFGDB/GET] Configuration 'uvm_test_top.m_env.m_ref.af_sysmap_cfg.analysis_export.check_connection_relationships' (type logic signed[4095:0]) read by uvm_test_top.m_env.m_ref.af_sysmap_cfg.analysis_export = null (failed lookup)
UVM_INFO /usr/tools/synopsys/VCS2022/vcs/T-2022.06/etc/uvm-1.2/base/uvm_resource_db.svh(121) @ 0: reporter [CFGDB/GET] Configuration 'uvm_test_top.m_env.m_sysmap_cfg.SYSMAP_CFG_VIF' (type virtual interface sysmap_cfg_if) read by uvm_test_top.m_env.m_sysmap_cfg = (virtual interface sysmap_cfg_if) tb_top.sysmap_cfg_if_inst : '{clk_i:'h0, rst_ni:'h0, cfg_base:'{'h0, 'h0, 'h0, 'h0, 'h0, 'h0, 'h0, 'h0} , cfg_mask:'{'h0, 'h0, 'h0, 'h0, 'h0, 'h0, 'h0, 'h0} , cfg_flg:'{'h0, 'h0, 'h0, 'h0, 'h0, 'h0, 'h0, 'h0} , cfg_enable:'{'h0, 'h0, 'h0, 'h0, 'h0, 'h0, 'h0, 'h0} }
UVM_INFO /usr/tools/synopsys/VCS2022/vcs/T-2022.06/etc/uvm-1.2/base/uvm_resource_db.svh(121) @ 0: reporter [CFGDB/GET] Configuration 'uvm_test_top.m_env.m_sysmap_cfg.m_monitor.recording_detail' (type logic signed[4095:0]) read by uvm_test_top.m_env.m_sysmap_cfg.m_monitor = null (failed lookup)
UVM_INFO /usr/tools/synopsys/VCS2022/vcs/T-2022.06/etc/uvm-1.2/base/uvm_resource_db.svh(121) @ 0: reporter [CFGDB/GET] Configuration 'uvm_test_top.m_env.m_sysmap_cfg.m_monitor.recording_detail' (type int) read by uvm_test_top.m_env.m_sysmap_cfg.m_monitor = null (failed lookup)
UVM_INFO /usr/tools/synopsys/VCS2022/vcs/T-2022.06/etc/uvm-1.2/base/uvm_resource_db.svh(121) @ 0: reporter [CFGDB/GET] Configuration 'uvm_test_top.m_env.m_sysmap_cfg.m_cg.recording_detail' (type logic signed[4095:0]) read by uvm_test_top.m_env.m_sysmap_cfg.m_cg = null (failed lookup)
UVM_INFO /usr/tools/synopsys/VCS2022/vcs/T-2022.06/etc/uvm-1.2/base/uvm_resource_db.svh(121) @ 0: reporter [CFGDB/GET] Configuration 'uvm_test_top.m_env.m_sysmap_cfg.m_cg.recording_detail' (type int) read by uvm_test_top.m_env.m_sysmap_cfg.m_cg = null (failed lookup)
UVM_INFO /usr/tools/synopsys/VCS2022/vcs/T-2022.06/etc/uvm-1.2/base/uvm_resource_db.svh(121) @ 0: reporter [CFGDB/GET] Configuration 'uvm_test_top.m_env.m_sysmap_cfg.m_sequencer.recording_detail' (type logic signed[4095:0]) read by uvm_test_top.m_env.m_sysmap_cfg.m_sequencer = null (failed lookup)
UVM_INFO /usr/tools/synopsys/VCS2022/vcs/T-2022.06/etc/uvm-1.2/base/uvm_resource_db.svh(121) @ 0: reporter [CFGDB/GET] Configuration 'uvm_test_top.m_env.m_sysmap_cfg.m_sequencer.recording_detail' (type int) read by uvm_test_top.m_env.m_sysmap_cfg.m_sequencer = null (failed lookup)
UVM_INFO /usr/tools/synopsys/VCS2022/vcs/T-2022.06/etc/uvm-1.2/base/uvm_resource_db.svh(121) @ 0: reporter [CFGDB/GET] Configuration 'uvm_test_top.m_env.m_sysmap_cfg.m_sequencer.rsp_export.recording_detail' (type logic signed[4095:0]) read by uvm_test_top.m_env.m_sysmap_cfg.m_sequencer.rsp_export = null (failed lookup)
UVM_INFO /usr/tools/synopsys/VCS2022/vcs/T-2022.06/etc/uvm-1.2/base/uvm_resource_db.svh(121) @ 0: reporter [CFGDB/GET] Configuration 'uvm_test_top.m_env.m_sysmap_cfg.m_sequencer.rsp_export.recording_detail' (type int) read by uvm_test_top.m_env.m_sysmap_cfg.m_sequencer.rsp_export = null (failed lookup)
UVM_INFO /usr/tools/synopsys/VCS2022/vcs/T-2022.06/etc/uvm-1.2/base/uvm_resource_db.svh(121) @ 0: reporter [CFGDB/GET] Configuration 'uvm_test_top.m_env.m_sysmap_cfg.m_sequencer.rsp_export.check_connection_relationships' (type logic signed[4095:0]) read by uvm_test_top.m_env.m_sysmap_cfg.m_sequencer.rsp_export = null (failed lookup)
UVM_INFO /usr/tools/synopsys/VCS2022/vcs/T-2022.06/etc/uvm-1.2/base/uvm_resource_db.svh(121) @ 0: reporter [CFGDB/GET] Configuration 'uvm_test_top.m_env.m_sysmap_cfg.m_sequencer.sqr_rsp_analysis_fifo.recording_detail' (type logic signed[4095:0]) read by uvm_test_top.m_env.m_sysmap_cfg.m_sequencer.sqr_rsp_analysis_fifo = null (failed lookup)
UVM_INFO /usr/tools/synopsys/VCS2022/vcs/T-2022.06/etc/uvm-1.2/base/uvm_resource_db.svh(121) @ 0: reporter [CFGDB/GET] Configuration 'uvm_test_top.m_env.m_sysmap_cfg.m_sequencer.sqr_rsp_analysis_fifo.recording_detail' (type int) read by uvm_test_top.m_env.m_sysmap_cfg.m_sequencer.sqr_rsp_analysis_fifo = null (failed lookup)
UVM_INFO /usr/tools/synopsys/VCS2022/vcs/T-2022.06/etc/uvm-1.2/base/uvm_resource_db.svh(121) @ 0: reporter [CFGDB/GET] Configuration 'uvm_test_top.m_env.m_sysmap_cfg.m_sequencer.sqr_rsp_analysis_fifo.put_export.recording_detail' (type logic signed[4095:0]) read by uvm_test_top.m_env.m_sysmap_cfg.m_sequencer.sqr_rsp_analysis_fifo.put_export = null (failed lookup)
UVM_INFO /usr/tools/synopsys/VCS2022/vcs/T-2022.06/etc/uvm-1.2/base/uvm_resource_db.svh(121) @ 0: reporter [CFGDB/GET] Configuration 'uvm_test_top.m_env.m_sysmap_cfg.m_sequencer.sqr_rsp_analysis_fifo.put_export.recording_detail' (type int) read by uvm_test_top.m_env.m_sysmap_cfg.m_sequencer.sqr_rsp_analysis_fifo.put_export = null (failed lookup)
UVM_INFO /usr/tools/synopsys/VCS2022/vcs/T-2022.06/etc/uvm-1.2/base/uvm_resource_db.svh(121) @ 0: reporter [CFGDB/GET] Configuration 'uvm_test_top.m_env.m_sysmap_cfg.m_sequencer.sqr_rsp_analysis_fifo.put_export.check_connection_relationships' (type logic signed[4095:0]) read by uvm_test_top.m_env.m_sysmap_cfg.m_sequencer.sqr_rsp_analysis_fifo.put_export = null (failed lookup)
UVM_INFO /usr/tools/synopsys/VCS2022/vcs/T-2022.06/etc/uvm-1.2/base/uvm_resource_db.svh(121) @ 0: reporter [CFGDB/GET] Configuration 'uvm_test_top.m_env.m_sysmap_cfg.m_sequencer.sqr_rsp_analysis_fifo.get_peek_export.recording_detail' (type logic signed[4095:0]) read by uvm_test_top.m_env.m_sysmap_cfg.m_sequencer.sqr_rsp_analysis_fifo.get_peek_export = null (failed lookup)
UVM_INFO /usr/tools/synopsys/VCS2022/vcs/T-2022.06/etc/uvm-1.2/base/uvm_resource_db.svh(121) @ 0: reporter [CFGDB/GET] Configuration 'uvm_test_top.m_env.m_sysmap_cfg.m_sequencer.sqr_rsp_analysis_fifo.get_peek_export.recording_detail' (type int) read by uvm_test_top.m_env.m_sysmap_cfg.m_sequencer.sqr_rsp_analysis_fifo.get_peek_export = null (failed lookup)
UVM_INFO /usr/tools/synopsys/VCS2022/vcs/T-2022.06/etc/uvm-1.2/base/uvm_resource_db.svh(121) @ 0: reporter [CFGDB/GET] Configuration 'uvm_test_top.m_env.m_sysmap_cfg.m_sequencer.sqr_rsp_analysis_fifo.get_peek_export.check_connection_relationships' (type logic signed[4095:0]) read by uvm_test_top.m_env.m_sysmap_cfg.m_sequencer.sqr_rsp_analysis_fifo.get_peek_export = null (failed lookup)
UVM_INFO /usr/tools/synopsys/VCS2022/vcs/T-2022.06/etc/uvm-1.2/base/uvm_resource_db.svh(121) @ 0: reporter [CFGDB/GET] Configuration 'uvm_test_top.m_env.m_sysmap_cfg.m_sequencer.sqr_rsp_analysis_fifo.put_ap.recording_detail' (type logic signed[4095:0]) read by uvm_test_top.m_env.m_sysmap_cfg.m_sequencer.sqr_rsp_analysis_fifo.put_ap = null (failed lookup)
UVM_INFO /usr/tools/synopsys/VCS2022/vcs/T-2022.06/etc/uvm-1.2/base/uvm_resource_db.svh(121) @ 0: reporter [CFGDB/GET] Configuration 'uvm_test_top.m_env.m_sysmap_cfg.m_sequencer.sqr_rsp_analysis_fifo.put_ap.recording_detail' (type int) read by uvm_test_top.m_env.m_sysmap_cfg.m_sequencer.sqr_rsp_analysis_fifo.put_ap = null (failed lookup)
UVM_INFO /usr/tools/synopsys/VCS2022/vcs/T-2022.06/etc/uvm-1.2/base/uvm_resource_db.svh(121) @ 0: reporter [CFGDB/GET] Configuration 'uvm_test_top.m_env.m_sysmap_cfg.m_sequencer.sqr_rsp_analysis_fifo.put_ap.check_connection_relationships' (type logic signed[4095:0]) read by uvm_test_top.m_env.m_sysmap_cfg.m_sequencer.sqr_rsp_analysis_fifo.put_ap = null (failed lookup)
UVM_INFO /usr/tools/synopsys/VCS2022/vcs/T-2022.06/etc/uvm-1.2/base/uvm_resource_db.svh(121) @ 0: reporter [CFGDB/GET] Configuration 'uvm_test_top.m_env.m_sysmap_cfg.m_sequencer.sqr_rsp_analysis_fifo.get_ap.recording_detail' (type logic signed[4095:0]) read by uvm_test_top.m_env.m_sysmap_cfg.m_sequencer.sqr_rsp_analysis_fifo.get_ap = null (failed lookup)
UVM_INFO /usr/tools/synopsys/VCS2022/vcs/T-2022.06/etc/uvm-1.2/base/uvm_resource_db.svh(121) @ 0: reporter [CFGDB/GET] Configuration 'uvm_test_top.m_env.m_sysmap_cfg.m_sequencer.sqr_rsp_analysis_fifo.get_ap.recording_detail' (type int) read by uvm_test_top.m_env.m_sysmap_cfg.m_sequencer.sqr_rsp_analysis_fifo.get_ap = null (failed lookup)
UVM_INFO /usr/tools/synopsys/VCS2022/vcs/T-2022.06/etc/uvm-1.2/base/uvm_resource_db.svh(121) @ 0: reporter [CFGDB/GET] Configuration 'uvm_test_top.m_env.m_sysmap_cfg.m_sequencer.sqr_rsp_analysis_fifo.get_ap.check_connection_relationships' (type logic signed[4095:0]) read by uvm_test_top.m_env.m_sysmap_cfg.m_sequencer.sqr_rsp_analysis_fifo.get_ap = null (failed lookup)
UVM_INFO /usr/tools/synopsys/VCS2022/vcs/T-2022.06/etc/uvm-1.2/base/uvm_resource_db.svh(121) @ 0: reporter [CFGDB/GET] Configuration 'uvm_test_top.m_env.m_sysmap_cfg.m_sequencer.sqr_rsp_analysis_fifo.analysis_export.recording_detail' (type logic signed[4095:0]) read by uvm_test_top.m_env.m_sysmap_cfg.m_sequencer.sqr_rsp_analysis_fifo.analysis_export = null (failed lookup)
UVM_INFO /usr/tools/synopsys/VCS2022/vcs/T-2022.06/etc/uvm-1.2/base/uvm_resource_db.svh(121) @ 0: reporter [CFGDB/GET] Configuration 'uvm_test_top.m_env.m_sysmap_cfg.m_sequencer.sqr_rsp_analysis_fifo.analysis_export.recording_detail' (type int) read by uvm_test_top.m_env.m_sysmap_cfg.m_sequencer.sqr_rsp_analysis_fifo.analysis_export = null (failed lookup)
UVM_INFO /usr/tools/synopsys/VCS2022/vcs/T-2022.06/etc/uvm-1.2/base/uvm_resource_db.svh(121) @ 0: reporter [CFGDB/GET] Configuration 'uvm_test_top.m_env.m_sysmap_cfg.m_sequencer.sqr_rsp_analysis_fifo.analysis_export.check_connection_relationships' (type logic signed[4095:0]) read by uvm_test_top.m_env.m_sysmap_cfg.m_sequencer.sqr_rsp_analysis_fifo.analysis_export = null (failed lookup)
UVM_INFO /usr/tools/synopsys/VCS2022/vcs/T-2022.06/etc/uvm-1.2/base/uvm_resource_db.svh(121) @ 0: reporter [CFGDB/GET] Configuration 'uvm_test_top.m_env.m_sysmap_cfg.m_sequencer.req_fifo.recording_detail' (type logic signed[4095:0]) read by uvm_test_top.m_env.m_sysmap_cfg.m_sequencer.req_fifo = null (failed lookup)
UVM_INFO /usr/tools/synopsys/VCS2022/vcs/T-2022.06/etc/uvm-1.2/base/uvm_resource_db.svh(121) @ 0: reporter [CFGDB/GET] Configuration 'uvm_test_top.m_env.m_sysmap_cfg.m_sequencer.req_fifo.recording_detail' (type int) read by uvm_test_top.m_env.m_sysmap_cfg.m_sequencer.req_fifo = null (failed lookup)
UVM_INFO /usr/tools/synopsys/VCS2022/vcs/T-2022.06/etc/uvm-1.2/base/uvm_resource_db.svh(121) @ 0: reporter [CFGDB/GET] Configuration 'uvm_test_top.m_env.m_sysmap_cfg.m_sequencer.req_fifo.put_export.recording_detail' (type logic signed[4095:0]) read by uvm_test_top.m_env.m_sysmap_cfg.m_sequencer.req_fifo.put_export = null (failed lookup)
UVM_INFO /usr/tools/synopsys/VCS2022/vcs/T-2022.06/etc/uvm-1.2/base/uvm_resource_db.svh(121) @ 0: reporter [CFGDB/GET] Configuration 'uvm_test_top.m_env.m_sysmap_cfg.m_sequencer.req_fifo.put_export.recording_detail' (type int) read by uvm_test_top.m_env.m_sysmap_cfg.m_sequencer.req_fifo.put_export = null (failed lookup)
UVM_INFO /usr/tools/synopsys/VCS2022/vcs/T-2022.06/etc/uvm-1.2/base/uvm_resource_db.svh(121) @ 0: reporter [CFGDB/GET] Configuration 'uvm_test_top.m_env.m_sysmap_cfg.m_sequencer.req_fifo.put_export.check_connection_relationships' (type logic signed[4095:0]) read by uvm_test_top.m_env.m_sysmap_cfg.m_sequencer.req_fifo.put_export = null (failed lookup)
UVM_INFO /usr/tools/synopsys/VCS2022/vcs/T-2022.06/etc/uvm-1.2/base/uvm_resource_db.svh(121) @ 0: reporter [CFGDB/GET] Configuration 'uvm_test_top.m_env.m_sysmap_cfg.m_sequencer.req_fifo.get_peek_export.recording_detail' (type logic signed[4095:0]) read by uvm_test_top.m_env.m_sysmap_cfg.m_sequencer.req_fifo.get_peek_export = null (failed lookup)
UVM_INFO /usr/tools/synopsys/VCS2022/vcs/T-2022.06/etc/uvm-1.2/base/uvm_resource_db.svh(121) @ 0: reporter [CFGDB/GET] Configuration 'uvm_test_top.m_env.m_sysmap_cfg.m_sequencer.req_fifo.get_peek_export.recording_detail' (type int) read by uvm_test_top.m_env.m_sysmap_cfg.m_sequencer.req_fifo.get_peek_export = null (failed lookup)
UVM_INFO /usr/tools/synopsys/VCS2022/vcs/T-2022.06/etc/uvm-1.2/base/uvm_resource_db.svh(121) @ 0: reporter [CFGDB/GET] Configuration 'uvm_test_top.m_env.m_sysmap_cfg.m_sequencer.req_fifo.get_peek_export.check_connection_relationships' (type logic signed[4095:0]) read by uvm_test_top.m_env.m_sysmap_cfg.m_sequencer.req_fifo.get_peek_export = null (failed lookup)
UVM_INFO /usr/tools/synopsys/VCS2022/vcs/T-2022.06/etc/uvm-1.2/base/uvm_resource_db.svh(121) @ 0: reporter [CFGDB/GET] Configuration 'uvm_test_top.m_env.m_sysmap_cfg.m_sequencer.req_fifo.put_ap.recording_detail' (type logic signed[4095:0]) read by uvm_test_top.m_env.m_sysmap_cfg.m_sequencer.req_fifo.put_ap = null (failed lookup)
UVM_INFO /usr/tools/synopsys/VCS2022/vcs/T-2022.06/etc/uvm-1.2/base/uvm_resource_db.svh(121) @ 0: reporter [CFGDB/GET] Configuration 'uvm_test_top.m_env.m_sysmap_cfg.m_sequencer.req_fifo.put_ap.recording_detail' (type int) read by uvm_test_top.m_env.m_sysmap_cfg.m_sequencer.req_fifo.put_ap = null (failed lookup)
UVM_INFO /usr/tools/synopsys/VCS2022/vcs/T-2022.06/etc/uvm-1.2/base/uvm_resource_db.svh(121) @ 0: reporter [CFGDB/GET] Configuration 'uvm_test_top.m_env.m_sysmap_cfg.m_sequencer.req_fifo.put_ap.check_connection_relationships' (type logic signed[4095:0]) read by uvm_test_top.m_env.m_sysmap_cfg.m_sequencer.req_fifo.put_ap = null (failed lookup)
UVM_INFO /usr/tools/synopsys/VCS2022/vcs/T-2022.06/etc/uvm-1.2/base/uvm_resource_db.svh(121) @ 0: reporter [CFGDB/GET] Configuration 'uvm_test_top.m_env.m_sysmap_cfg.m_sequencer.req_fifo.get_ap.recording_detail' (type logic signed[4095:0]) read by uvm_test_top.m_env.m_sysmap_cfg.m_sequencer.req_fifo.get_ap = null (failed lookup)
UVM_INFO /usr/tools/synopsys/VCS2022/vcs/T-2022.06/etc/uvm-1.2/base/uvm_resource_db.svh(121) @ 0: reporter [CFGDB/GET] Configuration 'uvm_test_top.m_env.m_sysmap_cfg.m_sequencer.req_fifo.get_ap.recording_detail' (type int) read by uvm_test_top.m_env.m_sysmap_cfg.m_sequencer.req_fifo.get_ap = null (failed lookup)
UVM_INFO /usr/tools/synopsys/VCS2022/vcs/T-2022.06/etc/uvm-1.2/base/uvm_resource_db.svh(121) @ 0: reporter [CFGDB/GET] Configuration 'uvm_test_top.m_env.m_sysmap_cfg.m_sequencer.req_fifo.get_ap.check_connection_relationships' (type logic signed[4095:0]) read by uvm_test_top.m_env.m_sysmap_cfg.m_sequencer.req_fifo.get_ap = null (failed lookup)
UVM_INFO /usr/tools/synopsys/VCS2022/vcs/T-2022.06/etc/uvm-1.2/base/uvm_resource_db.svh(121) @ 0: reporter [CFGDB/GET] Configuration 'uvm_test_top.m_env.m_sysmap_cfg.m_sequencer.seq_item_export.recording_detail' (type logic signed[4095:0]) read by uvm_test_top.m_env.m_sysmap_cfg.m_sequencer.seq_item_export = null (failed lookup)
UVM_INFO /usr/tools/synopsys/VCS2022/vcs/T-2022.06/etc/uvm-1.2/base/uvm_resource_db.svh(121) @ 0: reporter [CFGDB/GET] Configuration 'uvm_test_top.m_env.m_sysmap_cfg.m_sequencer.seq_item_export.recording_detail' (type int) read by uvm_test_top.m_env.m_sysmap_cfg.m_sequencer.seq_item_export = null (failed lookup)
UVM_INFO /usr/tools/synopsys/VCS2022/vcs/T-2022.06/etc/uvm-1.2/base/uvm_resource_db.svh(121) @ 0: reporter [CFGDB/GET] Configuration 'uvm_test_top.m_env.m_sysmap_cfg.m_sequencer.seq_item_export.check_connection_relationships' (type logic signed[4095:0]) read by uvm_test_top.m_env.m_sysmap_cfg.m_sequencer.seq_item_export = null (failed lookup)
UVM_INFO /usr/tools/synopsys/VCS2022/vcs/T-2022.06/etc/uvm-1.2/base/uvm_resource_db.svh(121) @ 0: reporter [CFGDB/GET] Configuration 'uvm_test_top.m_env.m_sysmap_cfg.m_driver.recording_detail' (type logic signed[4095:0]) read by uvm_test_top.m_env.m_sysmap_cfg.m_driver = null (failed lookup)
UVM_INFO /usr/tools/synopsys/VCS2022/vcs/T-2022.06/etc/uvm-1.2/base/uvm_resource_db.svh(121) @ 0: reporter [CFGDB/GET] Configuration 'uvm_test_top.m_env.m_sysmap_cfg.m_driver.recording_detail' (type int) read by uvm_test_top.m_env.m_sysmap_cfg.m_driver = null (failed lookup)
UVM_INFO /usr/tools/synopsys/VCS2022/vcs/T-2022.06/etc/uvm-1.2/base/uvm_resource_db.svh(121) @ 0: reporter [CFGDB/GET] Configuration 'uvm_test_top.m_env.m_sysmap_cfg.m_driver.seq_item_port.recording_detail' (type logic signed[4095:0]) read by uvm_test_top.m_env.m_sysmap_cfg.m_driver.seq_item_port = null (failed lookup)
UVM_INFO /usr/tools/synopsys/VCS2022/vcs/T-2022.06/etc/uvm-1.2/base/uvm_resource_db.svh(121) @ 0: reporter [CFGDB/GET] Configuration 'uvm_test_top.m_env.m_sysmap_cfg.m_driver.seq_item_port.recording_detail' (type int) read by uvm_test_top.m_env.m_sysmap_cfg.m_driver.seq_item_port = null (failed lookup)
UVM_INFO /usr/tools/synopsys/VCS2022/vcs/T-2022.06/etc/uvm-1.2/base/uvm_resource_db.svh(121) @ 0: reporter [CFGDB/GET] Configuration 'uvm_test_top.m_env.m_sysmap_cfg.m_driver.seq_item_port.check_connection_relationships' (type logic signed[4095:0]) read by uvm_test_top.m_env.m_sysmap_cfg.m_driver.seq_item_port = null (failed lookup)
UVM_INFO /usr/tools/synopsys/VCS2022/vcs/T-2022.06/etc/uvm-1.2/base/uvm_resource_db.svh(121) @ 0: reporter [CFGDB/GET] Configuration 'uvm_test_top.m_env.m_sysmap_cfg.m_driver.rsp_port.recording_detail' (type logic signed[4095:0]) read by uvm_test_top.m_env.m_sysmap_cfg.m_driver.rsp_port = null (failed lookup)
UVM_INFO /usr/tools/synopsys/VCS2022/vcs/T-2022.06/etc/uvm-1.2/base/uvm_resource_db.svh(121) @ 0: reporter [CFGDB/GET] Configuration 'uvm_test_top.m_env.m_sysmap_cfg.m_driver.rsp_port.recording_detail' (type int) read by uvm_test_top.m_env.m_sysmap_cfg.m_driver.rsp_port = null (failed lookup)
UVM_INFO /usr/tools/synopsys/VCS2022/vcs/T-2022.06/etc/uvm-1.2/base/uvm_resource_db.svh(121) @ 0: reporter [CFGDB/GET] Configuration 'uvm_test_top.m_env.m_sysmap_cfg.m_driver.rsp_port.check_connection_relationships' (type logic signed[4095:0]) read by uvm_test_top.m_env.m_sysmap_cfg.m_driver.rsp_port = null (failed lookup)
UVM_INFO /usr/tools/synopsys/VCS2022/vcs/T-2022.06/etc/uvm-1.2/base/uvm_resource_db.svh(121) @ 0: reporter [CFGDB/GET] Configuration 'uvm_test_top.m_env.m_sysmap_cfg.m_driver.SYSMAP_CFG_VIF' (type virtual interface sysmap_cfg_if) read by uvm_test_top.m_env.m_sysmap_cfg.m_driver = (virtual interface sysmap_cfg_if) tb_top.sysmap_cfg_if_inst : '{clk_i:'h0, rst_ni:'h0, cfg_base:'{'h0, 'h0, 'h0, 'h0, 'h0, 'h0, 'h0, 'h0} , cfg_mask:'{'h0, 'h0, 'h0, 'h0, 'h0, 'h0, 'h0, 'h0} , cfg_flg:'{'h0, 'h0, 'h0, 'h0, 'h0, 'h0, 'h0, 'h0} , cfg_enable:'{'h0, 'h0, 'h0, 'h0, 'h0, 'h0, 'h0, 'h0} }
UVM_INFO /usr/tools/synopsys/VCS2022/vcs/T-2022.06/etc/uvm-1.2/base/uvm_resource_db.svh(121) @ 0: reporter [CFGDB/GET] Configuration 'uvm_test_top.m_env.m_sysmap_cfg.m_monitor.SYSMAP_CFG_VIF' (type virtual interface sysmap_cfg_if) read by uvm_test_top.m_env.m_sysmap_cfg.m_monitor = (virtual interface sysmap_cfg_if) tb_top.sysmap_cfg_if_inst : '{clk_i:'h0, rst_ni:'h0, cfg_base:'{'h0, 'h0, 'h0, 'h0, 'h0, 'h0, 'h0, 'h0} , cfg_mask:'{'h0, 'h0, 'h0, 'h0, 'h0, 'h0, 'h0, 'h0} , cfg_flg:'{'h0, 'h0, 'h0, 'h0, 'h0, 'h0, 'h0, 'h0} , cfg_enable:'{'h0, 'h0, 'h0, 'h0, 'h0, 'h0, 'h0, 'h0} }
UVM_INFO /usr/tools/synopsys/VCS2022/vcs/T-2022.06/etc/uvm-1.2/base/uvm_resource_db.svh(121) @ 0: reporter [CFGDB/GET] Configuration 'uvm_test_top.m_env.m_sysmap_cfg.m_monitor.ap.recording_detail' (type logic signed[4095:0]) read by uvm_test_top.m_env.m_sysmap_cfg.m_monitor.ap = null (failed lookup)
UVM_INFO /usr/tools/synopsys/VCS2022/vcs/T-2022.06/etc/uvm-1.2/base/uvm_resource_db.svh(121) @ 0: reporter [CFGDB/GET] Configuration 'uvm_test_top.m_env.m_sysmap_cfg.m_monitor.ap.recording_detail' (type int) read by uvm_test_top.m_env.m_sysmap_cfg.m_monitor.ap = null (failed lookup)
UVM_INFO /usr/tools/synopsys/VCS2022/vcs/T-2022.06/etc/uvm-1.2/base/uvm_resource_db.svh(121) @ 0: reporter [CFGDB/GET] Configuration 'uvm_test_top.m_env.m_sysmap_cfg.m_monitor.ap.check_connection_relationships' (type logic signed[4095:0]) read by uvm_test_top.m_env.m_sysmap_cfg.m_monitor.ap = null (failed lookup)
UVM_INFO /usr/tools/synopsys/VCS2022/vcs/T-2022.06/etc/uvm-1.2/base/uvm_resource_db.svh(121) @ 0: reporter [CFGDB/GET] Configuration 'uvm_test_top.m_env.m_sysmap_cfg.m_sequencer.default_sequence' (type string) read by uvm_test_top.m_env.m_sysmap_cfg.m_sequencer = null (failed lookup)
UVM_INFO /usr/tools/synopsys/VCS2022/vcs/T-2022.06/etc/uvm-1.2/base/uvm_resource_db.svh(121) @ 0: reporter [CFGDB/GET] Configuration 'uvm_test_top.m_env.m_sysmap_cfg.m_sequencer.count' (type logic signed[4095:0]) read by uvm_test_top.m_env.m_sysmap_cfg.m_sequencer = null (failed lookup)
UVM_INFO /usr/tools/synopsys/VCS2022/vcs/T-2022.06/etc/uvm-1.2/base/uvm_resource_db.svh(121) @ 0: reporter [CFGDB/GET] Configuration 'uvm_test_top.m_env.m_sysmap_cfg.m_sequencer.max_random_count' (type logic signed[4095:0]) read by uvm_test_top.m_env.m_sysmap_cfg.m_sequencer = null (failed lookup)
UVM_INFO /usr/tools/synopsys/VCS2022/vcs/T-2022.06/etc/uvm-1.2/base/uvm_resource_db.svh(121) @ 0: reporter [CFGDB/GET] Configuration 'uvm_test_top.m_env.m_sysmap_cfg.m_sequencer.max_random_depth' (type logic signed[4095:0]) read by uvm_test_top.m_env.m_sysmap_cfg.m_sequencer = null (failed lookup)
UVM_INFO /usr/tools/synopsys/VCS2022/vcs/T-2022.06/etc/uvm-1.2/base/uvm_resource_db.svh(121) @ 0: reporter [CFGDB/GET] Configuration 'uvm_test_top.m_env.m_sysmap_cfg.m_sequencer.pound_zero_count' (type logic signed[4095:0]) read by uvm_test_top.m_env.m_sysmap_cfg.m_sequencer = null (failed lookup)
UVM_INFO /usr/tools/synopsys/VCS2022/vcs/T-2022.06/etc/uvm-1.2/base/uvm_resource_db.svh(121) @ 0: reporter [CFGDB/GET] Configuration 'uvm_test_top.m_env.m_translation_sb.af_ifu_rsp.recording_detail' (type logic signed[4095:0]) read by uvm_test_top.m_env.m_translation_sb.af_ifu_rsp = null (failed lookup)
UVM_INFO /usr/tools/synopsys/VCS2022/vcs/T-2022.06/etc/uvm-1.2/base/uvm_resource_db.svh(121) @ 0: reporter [CFGDB/GET] Configuration 'uvm_test_top.m_env.m_translation_sb.af_ifu_rsp.recording_detail' (type int) read by uvm_test_top.m_env.m_translation_sb.af_ifu_rsp = null (failed lookup)
UVM_INFO /usr/tools/synopsys/VCS2022/vcs/T-2022.06/etc/uvm-1.2/base/uvm_resource_db.svh(121) @ 0: reporter [CFGDB/GET] Configuration 'uvm_test_top.m_env.m_translation_sb.af_ifu_rsp.check_connection_relationships' (type logic signed[4095:0]) read by uvm_test_top.m_env.m_translation_sb.af_ifu_rsp = null (failed lookup)
UVM_INFO /usr/tools/synopsys/VCS2022/vcs/T-2022.06/etc/uvm-1.2/base/uvm_resource_db.svh(121) @ 0: reporter [CFGDB/GET] Configuration 'uvm_test_top.m_env.m_translation_sb.af_lsu_p0_rsp.recording_detail' (type logic signed[4095:0]) read by uvm_test_top.m_env.m_translation_sb.af_lsu_p0_rsp = null (failed lookup)
UVM_INFO /usr/tools/synopsys/VCS2022/vcs/T-2022.06/etc/uvm-1.2/base/uvm_resource_db.svh(121) @ 0: reporter [CFGDB/GET] Configuration 'uvm_test_top.m_env.m_translation_sb.af_lsu_p0_rsp.recording_detail' (type int) read by uvm_test_top.m_env.m_translation_sb.af_lsu_p0_rsp = null (failed lookup)
UVM_INFO /usr/tools/synopsys/VCS2022/vcs/T-2022.06/etc/uvm-1.2/base/uvm_resource_db.svh(121) @ 0: reporter [CFGDB/GET] Configuration 'uvm_test_top.m_env.m_translation_sb.af_lsu_p0_rsp.check_connection_relationships' (type logic signed[4095:0]) read by uvm_test_top.m_env.m_translation_sb.af_lsu_p0_rsp = null (failed lookup)
UVM_INFO /usr/tools/synopsys/VCS2022/vcs/T-2022.06/etc/uvm-1.2/base/uvm_resource_db.svh(121) @ 0: reporter [CFGDB/GET] Configuration 'uvm_test_top.m_env.m_translation_sb.af_lsu_p1_rsp.recording_detail' (type logic signed[4095:0]) read by uvm_test_top.m_env.m_translation_sb.af_lsu_p1_rsp = null (failed lookup)
UVM_INFO /usr/tools/synopsys/VCS2022/vcs/T-2022.06/etc/uvm-1.2/base/uvm_resource_db.svh(121) @ 0: reporter [CFGDB/GET] Configuration 'uvm_test_top.m_env.m_translation_sb.af_lsu_p1_rsp.recording_detail' (type int) read by uvm_test_top.m_env.m_translation_sb.af_lsu_p1_rsp = null (failed lookup)
UVM_INFO /usr/tools/synopsys/VCS2022/vcs/T-2022.06/etc/uvm-1.2/base/uvm_resource_db.svh(121) @ 0: reporter [CFGDB/GET] Configuration 'uvm_test_top.m_env.m_translation_sb.af_lsu_p1_rsp.check_connection_relationships' (type logic signed[4095:0]) read by uvm_test_top.m_env.m_translation_sb.af_lsu_p1_rsp = null (failed lookup)
UVM_INFO /usr/tools/synopsys/VCS2022/vcs/T-2022.06/etc/uvm-1.2/base/uvm_resource_db.svh(121) @ 0: reporter [CFGDB/GET] Configuration 'uvm_test_top.m_env.m_translation_sb.af_lsu_p2_rsp.recording_detail' (type logic signed[4095:0]) read by uvm_test_top.m_env.m_translation_sb.af_lsu_p2_rsp = null (failed lookup)
UVM_INFO /usr/tools/synopsys/VCS2022/vcs/T-2022.06/etc/uvm-1.2/base/uvm_resource_db.svh(121) @ 0: reporter [CFGDB/GET] Configuration 'uvm_test_top.m_env.m_translation_sb.af_lsu_p2_rsp.recording_detail' (type int) read by uvm_test_top.m_env.m_translation_sb.af_lsu_p2_rsp = null (failed lookup)
UVM_INFO /usr/tools/synopsys/VCS2022/vcs/T-2022.06/etc/uvm-1.2/base/uvm_resource_db.svh(121) @ 0: reporter [CFGDB/GET] Configuration 'uvm_test_top.m_env.m_translation_sb.af_lsu_p2_rsp.check_connection_relationships' (type logic signed[4095:0]) read by uvm_test_top.m_env.m_translation_sb.af_lsu_p2_rsp = null (failed lookup)
UVM_INFO /usr/tools/synopsys/VCS2022/vcs/T-2022.06/etc/uvm-1.2/base/uvm_root.svh(589) @ 0: reporter [UVMTOP] UVM testbench topology:
------------------------------------------------------------------------
Name                       Type                         Size  Value     
------------------------------------------------------------------------
uvm_test_top               test_mmu_translation_sanity  -     @396      
  m_env                    mmu_env                      -     @425      
    m_cp0                  cp0_agent                    -     @441      
      m_cg                 cp0_cg_wrapper               -     @608      
      m_driver             cp0_driver                   -     @836      
        rsp_port           uvm_analysis_port            -     @865      
        seq_item_port      uvm_seq_item_pull_port       -     @849      
      m_monitor            cp0_monitor                  -     @595      
        ap                 uvm_analysis_port            -     @887      
      m_sequencer          cp0_sequencer                -     @621      
        rsp_export         uvm_analysis_export          -     @634      
        seq_item_export    uvm_seq_item_pull_imp        -     @820      
        arbitration_queue  array                        0     -         
        lock_queue         array                        0     -         
        num_last_reqs      integral                     32    'd1       
        num_last_rsps      integral                     32    'd1       
      is_active            uvm_active_passive_enum      1     UVM_ACTIVE
    m_credit_sb            mmu_credit_sb                -     @562      
      af_ifu_req           uvm_tlm_analysis_fifo #(T)   -     @918      
        analysis_export    uvm_analysis_imp             -     @995      
        get_ap             uvm_analysis_port            -     @979      
        get_peek_export    uvm_get_peek_imp             -     @947      
        put_ap             uvm_analysis_port            -     @963      
        put_export         uvm_put_imp                  -     @931      
      af_ifu_rsp           uvm_tlm_analysis_fifo #(T)   -     @1011     
        analysis_export    uvm_analysis_imp             -     @1088     
        get_ap             uvm_analysis_port            -     @1072     
        get_peek_export    uvm_get_peek_imp             -     @1040     
        put_ap             uvm_analysis_port            -     @1056     
        put_export         uvm_put_imp                  -     @1024     
      af_lsu_p0_req        uvm_tlm_analysis_fifo #(T)   -     @1104     
        analysis_export    uvm_analysis_imp             -     @1181     
        get_ap             uvm_analysis_port            -     @1165     
        get_peek_export    uvm_get_peek_imp             -     @1133     
        put_ap             uvm_analysis_port            -     @1149     
        put_export         uvm_put_imp                  -     @1117     
      af_lsu_p0_rsp        uvm_tlm_analysis_fifo #(T)   -     @1197     
        analysis_export    uvm_analysis_imp             -     @1274     
        get_ap             uvm_analysis_port            -     @1258     
        get_peek_export    uvm_get_peek_imp             -     @1226     
        put_ap             uvm_analysis_port            -     @1242     
        put_export         uvm_put_imp                  -     @1210     
      af_lsu_p1_req        uvm_tlm_analysis_fifo #(T)   -     @1290     
        analysis_export    uvm_analysis_imp             -     @1367     
        get_ap             uvm_analysis_port            -     @1351     
        get_peek_export    uvm_get_peek_imp             -     @1319     
        put_ap             uvm_analysis_port            -     @1335     
        put_export         uvm_put_imp                  -     @1303     
      af_lsu_p1_rsp        uvm_tlm_analysis_fifo #(T)   -     @1383     
        analysis_export    uvm_analysis_imp             -     @1460     
        get_ap             uvm_analysis_port            -     @1444     
        get_peek_export    uvm_get_peek_imp             -     @1412     
        put_ap             uvm_analysis_port            -     @1428     
        put_export         uvm_put_imp                  -     @1396     
      af_ptw_req           uvm_tlm_analysis_fifo #(T)   -     @1476     
        analysis_export    uvm_analysis_imp             -     @1553     
        get_ap             uvm_analysis_port            -     @1537     
        get_peek_export    uvm_get_peek_imp             -     @1505     
        put_ap             uvm_analysis_port            -     @1521     
        put_export         uvm_put_imp                  -     @1489     
      af_ptw_rsp           uvm_tlm_analysis_fifo #(T)   -     @1569     
        analysis_export    uvm_analysis_imp             -     @1646     
        get_ap             uvm_analysis_port            -     @1630     
        get_peek_export    uvm_get_peek_imp             -     @1598     
        put_ap             uvm_analysis_port            -     @1614     
        put_export         uvm_put_imp                  -     @1582     
    m_ifu                  ifu_agent                    -     @480      
      m_cg                 ifu_cg_wrapper               -     @1682     
      m_driver             ifu_driver                   -     @1910     
        rsp_port           uvm_analysis_port            -     @1939     
        seq_item_port      uvm_seq_item_pull_port       -     @1923     
      m_monitor            ifu_monitor                  -     @1669     
        ap_req             uvm_analysis_port            -     @1961     
        ap_rsp             uvm_analysis_port            -     @1977     
      m_sequencer          ifu_sequencer                -     @1695     
        rsp_export         uvm_analysis_export          -     @1708     
        seq_item_export    uvm_seq_item_pull_imp        -     @1894     
        arbitration_queue  array                        0     -         
        lock_queue         array                        0     -         
        num_last_reqs      integral                     32    'd1       
        num_last_rsps      integral                     32    'd1       
      is_active            uvm_active_passive_enum      1     UVM_ACTIVE
    m_lsu                  lsu_agent                    -     @493      
      m_cg                 lsu_cg_wrapper               -     @2028     
      m_driver             lsu_driver                   -     @2256     
        rsp_port           uvm_analysis_port            -     @2285     
        seq_item_port      uvm_seq_item_pull_port       -     @2269     
      m_monitor            lsu_monitor                  -     @2015     
        ap_inv             uvm_analysis_port            -     @2403     
        ap_pipe0_req       uvm_analysis_port            -     @2307     
        ap_pipe0_rsp       uvm_analysis_port            -     @2323     
        ap_pipe1_req       uvm_analysis_port            -     @2339     
        ap_pipe1_rsp       uvm_analysis_port            -     @2355     
        ap_pipe2_req       uvm_analysis_port            -     @2371     
        ap_pipe2_rsp       uvm_analysis_port            -     @2387     
        ap_stamo           uvm_analysis_port            -     @2419     
      m_sequencer          lsu_sequencer                -     @2041     
        rsp_export         uvm_analysis_export          -     @2054     
        seq_item_export    uvm_seq_item_pull_imp        -     @2240     
        arbitration_queue  array                        0     -         
        lock_queue         array                        0     -         
        num_last_reqs      integral                     32    'd1       
        num_last_rsps      integral                     32    'd1       
      is_active            uvm_active_passive_enum      1     UVM_ACTIVE
    m_misc                 misc_agent                   -     @549      
      m_cg                 misc_cg_wrapper              -     @2470     
      m_driver             misc_driver                  -     @2698     
        rsp_port           uvm_analysis_port            -     @2727     
        seq_item_port      uvm_seq_item_pull_port       -     @2711     
      m_monitor            misc_monitor                 -     @2457     
        ap_debug           uvm_analysis_port            -     @2765     
        ap_hpcp            uvm_analysis_port            -     @2749     
      m_sequencer          misc_sequencer               -     @2483     
        rsp_export         uvm_analysis_export          -     @2496     
        seq_item_export    uvm_seq_item_pull_imp        -     @2682     
        arbitration_queue  array                        0     -         
        lock_queue         array                        0     -         
        num_last_reqs      integral                     32    'd1       
        num_last_rsps      integral                     32    'd1       
      is_active            uvm_active_passive_enum      1     UVM_ACTIVE
    m_perf                 mmu_perf_mon                 -     @575      
      af_hpcp              uvm_tlm_analysis_fifo #(T)   -     @3168     
        analysis_export    uvm_analysis_imp             -     @3245     
        get_ap             uvm_analysis_port            -     @3229     
        get_peek_export    uvm_get_peek_imp             -     @3197     
        put_ap             uvm_analysis_port            -     @3213     
        put_export         uvm_put_imp                  -     @3181     
      af_ifu_rsp           uvm_tlm_analysis_fifo #(T)   -     @2796     
        analysis_export    uvm_analysis_imp             -     @2873     
        get_ap             uvm_analysis_port            -     @2857     
        get_peek_export    uvm_get_peek_imp             -     @2825     
        put_ap             uvm_analysis_port            -     @2841     
        put_export         uvm_put_imp                  -     @2809     
      af_lsu_p0_rsp        uvm_tlm_analysis_fifo #(T)   -     @2889     
        analysis_export    uvm_analysis_imp             -     @2966     
        get_ap             uvm_analysis_port            -     @2950     
        get_peek_export    uvm_get_peek_imp             -     @2918     
        put_ap             uvm_analysis_port            -     @2934     
        put_export         uvm_put_imp                  -     @2902     
      af_lsu_p1_rsp        uvm_tlm_analysis_fifo #(T)   -     @2982     
        analysis_export    uvm_analysis_imp             -     @3059     
        get_ap             uvm_analysis_port            -     @3043     
        get_peek_export    uvm_get_peek_imp             -     @3011     
        put_ap             uvm_analysis_port            -     @3027     
        put_export         uvm_put_imp                  -     @2995     
      af_lsu_p2_rsp        uvm_tlm_analysis_fifo #(T)   -     @3075     
        analysis_export    uvm_analysis_imp             -     @3152     
        get_ap             uvm_analysis_port            -     @3136     
        get_peek_export    uvm_get_peek_imp             -     @3104     
        put_ap             uvm_analysis_port            -     @3120     
        put_export         uvm_put_imp                  -     @3088     
    m_pmp                  pmp_agent                    -     @454      
      m_cg                 pmp_cg_wrapper               -     @3281     
      m_driver             pmp_driver                   -     @3509     
        rsp_port           uvm_analysis_port            -     @3538     
        seq_item_port      uvm_seq_item_pull_port       -     @3522     
      m_monitor            pmp_monitor                  -     @3268     
        ap                 uvm_analysis_port            -     @3560     
      m_sequencer          pmp_sequencer                -     @3294     
        rsp_export         uvm_analysis_export          -     @3307     
        seq_item_export    uvm_seq_item_pull_imp        -     @3493     
        arbitration_queue  array                        0     -         
        lock_queue         array                        0     -         
        num_last_reqs      integral                     32    'd1       
        num_last_rsps      integral                     32    'd1       
      is_active            uvm_active_passive_enum      1     UVM_ACTIVE
    m_ptw_mem              ptw_mem_agent                -     @506      
      m_cg                 ptw_mem_cg_wrapper           -     @3611     
      m_monitor            ptw_mem_monitor              -     @3598     
        ap_req             uvm_analysis_port            -     @3855     
        ap_rsp             uvm_analysis_port            -     @3871     
      m_responder          ptw_mem_responder            -     @3839     
      m_sequencer          ptw_mem_sequencer            -     @3624     
        rsp_export         uvm_analysis_export          -     @3637     
        seq_item_export    uvm_seq_item_pull_imp        -     @3823     
        arbitration_queue  array                        0     -         
        lock_queue         array                        0     -         
        num_last_reqs      integral                     32    'd1       
        num_last_rsps      integral                     32    'd1       
      is_active            uvm_active_passive_enum      1     UVM_ACTIVE
    m_ref                  mmu_ref_model                -     @523      
      af_csr_write         uvm_tlm_analysis_fifo #(T)   -     @3905     
        analysis_export    uvm_analysis_imp             -     @3982     
        get_ap             uvm_analysis_port            -     @3966     
        get_peek_export    uvm_get_peek_imp             -     @3934     
        put_ap             uvm_analysis_port            -     @3950     
        put_export         uvm_put_imp                  -     @3918     
      af_pmp_cfg           uvm_tlm_analysis_fifo #(T)   -     @4091     
        analysis_export    uvm_analysis_imp             -     @4168     
        get_ap             uvm_analysis_port            -     @4152     
        get_peek_export    uvm_get_peek_imp             -     @4120     
        put_ap             uvm_analysis_port            -     @4136     
        put_export         uvm_put_imp                  -     @4104     
      af_sysmap_cfg        uvm_tlm_analysis_fifo #(T)   -     @4184     
        analysis_export    uvm_analysis_imp             -     @4261     
        get_ap             uvm_analysis_port            -     @4245     
        get_peek_export    uvm_get_peek_imp             -     @4213     
        put_ap             uvm_analysis_port            -     @4229     
        put_export         uvm_put_imp                  -     @4197     
      af_tlb_inv           uvm_tlm_analysis_fifo #(T)   -     @3998     
        analysis_export    uvm_analysis_imp             -     @4075     
        get_ap             uvm_analysis_port            -     @4059     
        get_peek_export    uvm_get_peek_imp             -     @4027     
        put_ap             uvm_analysis_port            -     @4043     
        put_export         uvm_put_imp                  -     @4011     
    m_sysmap_cfg           sysmap_cfg_agent             -     @467      
      m_cg                 sysmap_cfg_cg_wrapper        -     @4297     
      m_driver             sysmap_cfg_driver            -     @4525     
        rsp_port           uvm_analysis_port            -     @4554     
        seq_item_port      uvm_seq_item_pull_port       -     @4538     
      m_monitor            sysmap_cfg_monitor           -     @4284     
        ap                 uvm_analysis_port            -     @4576     
      m_sequencer          sysmap_cfg_sequencer         -     @4310     
        rsp_export         uvm_analysis_export          -     @4323     
        seq_item_export    uvm_seq_item_pull_imp        -     @4509     
        arbitration_queue  array                        0     -         
        lock_queue         array                        0     -         
        num_last_reqs      integral                     32    'd1       
        num_last_rsps      integral                     32    'd1       
      is_active            uvm_active_passive_enum      1     UVM_ACTIVE
    m_translation_sb       mmu_translation_sb           -     @536      
      af_ifu_rsp           uvm_analysis_imp_ifu         -     @4607     
      af_lsu_p0_rsp        uvm_analysis_imp_lsu_p0      -     @4623     
      af_lsu_p1_rsp        uvm_analysis_imp_lsu_p1      -     @4639     
      af_lsu_p2_rsp        uvm_analysis_imp_lsu_p2      -     @4655     
------------------------------------------------------------------------

UVM_INFO /home/st-wangjun/project/mmu_verification/mmu_verification/testbench/test/basic_tests/test_mmu_translation_sanity.svh(224) @ 0: uvm_test_top [test_mmu_translation_sanity] === Phase 5 Sanity Test: MMU Translation STARTED ===
UVM_INFO /home/st-wangjun/project/mmu_verification/mmu_verification/testbench/test/basic_tests/test_mmu_translation_sanity.svh(228) @ 0: uvm_test_top [test_mmu_translation_sanity] Step 0: TLB all-invalidate (flush stale L1+L2 TLB entries)
UVM_INFO /home/st-wangjun/project/mmu_verification/mmu_verification/testbench/pmp_agent/pmp_monitor.svh(104) @ 1000: uvm_test_top.m_env.m_pmp.m_monitor [pmp_monitor] PMP flags changed: PMP flg=[0,0,0,0,0,0,0,0]
UVM_INFO /home/st-wangjun/project/mmu_verification/mmu_verification/testbench/test/basic_tests/test_mmu_translation_sanity.svh(232) @ 278000: uvm_test_top [test_mmu_translation_sanity] Step 0 done: TLBs flushed
UVM_INFO /home/st-wangjun/project/mmu_verification/mmu_verification/testbench/test/basic_tests/test_mmu_translation_sanity.svh(235) @ 278000: uvm_test_top [test_mmu_translation_sanity] Step 1a: PMP allow-all (pmp_flg_normal_seq)
UVM_INFO /home/st-wangjun/project/mmu_verification/mmu_verification/testbench/test/basic_tests/test_mmu_translation_sanity.svh(240) @ 279000: uvm_test_top [test_mmu_translation_sanity] Step 1b: SysMap disable-all (sysmap_region_setup_seq)
UVM_INFO /home/st-wangjun/project/mmu_verification/mmu_verification/testbench/sysmap_cfg_agent/sysmap_cfg_driver.svh(50) @ 279000: uvm_test_top.m_env.m_sysmap_cfg.m_driver [sysmap_cfg_driver] Applying SysMap cfg: SysMap[R0:0,R1:0,R2:0,R3:0,R4:0,R5:0,R6:0,R7:0]
UVM_INFO /home/st-wangjun/project/mmu_verification/mmu_verification/testbench/test/basic_tests/test_mmu_translation_sanity.svh(246) @ 279000: uvm_test_top [test_mmu_translation_sanity] Step 2: SATP0 (Sv39, PPN=0x0000000, ASID=0x0000) + S-mode + PTW_EN
UVM_INFO /home/st-wangjun/project/mmu_verification/mmu_verification/testbench/test/basic_tests/test_mmu_translation_sanity.svh(263) @ 285000: uvm_test_top [test_mmu_translation_sanity] Step 3: Building 100 4K pages from VA=0x0000100000 (step=4K), leaf PPN base=0x0000200
UVM_INFO /home/st-wangjun/project/mmu_verification/mmu_verification/testbench/ptw_mem_agent/page_table_builder.svh(56) @ 285000: reporter [PAGE_TABLE_BUILDER] set_root: root_ppn=0x0000000 asid=0x0000 next_ppn=0x0000010 (mem cleared)
UVM_INFO /home/st-wangjun/project/mmu_verification/mmu_verification/testbench/ptw_mem_agent/page_table_builder.svh(177) @ 285000: reporter [PAGE_TABLE_BUILDER] map_4k: va=0x0000100000 → pa=0x0000200000 ppn=0x0000200 pte=0x00000000000800cf
UVM_INFO /home/st-wangjun/project/mmu_verification/mmu_verification/testbench/ptw_mem_agent/page_table_builder.svh(177) @ 285000: reporter [PAGE_TABLE_BUILDER] map_4k: va=0x0000101000 → pa=0x0000201000 ppn=0x0000201 pte=0x00000000000804cf
UVM_INFO /home/st-wangjun/project/mmu_verification/mmu_verification/testbench/ptw_mem_agent/page_table_builder.svh(177) @ 285000: reporter [PAGE_TABLE_BUILDER] map_4k: va=0x0000102000 → pa=0x0000202000 ppn=0x0000202 pte=0x00000000000808cf
UVM_INFO /home/st-wangjun/project/mmu_verification/mmu_verification/testbench/ptw_mem_agent/page_table_builder.svh(177) @ 285000: reporter [PAGE_TABLE_BUILDER] map_4k: va=0x0000103000 → pa=0x0000203000 ppn=0x0000203 pte=0x0000000000080ccf
UVM_INFO /home/st-wangjun/project/mmu_verification/mmu_verification/testbench/ptw_mem_agent/page_table_builder.svh(177) @ 285000: reporter [PAGE_TABLE_BUILDER] map_4k: va=0x0000104000 → pa=0x0000204000 ppn=0x0000204 pte=0x00000000000810cf
UVM_INFO /home/st-wangjun/project/mmu_verification/mmu_verification/testbench/ptw_mem_agent/page_table_builder.svh(177) @ 285000: reporter [PAGE_TABLE_BUILDER] map_4k: va=0x0000105000 → pa=0x0000205000 ppn=0x0000205 pte=0x00000000000814cf
UVM_INFO /home/st-wangjun/project/mmu_verification/mmu_verification/testbench/ptw_mem_agent/page_table_builder.svh(177) @ 285000: reporter [PAGE_TABLE_BUILDER] map_4k: va=0x0000106000 → pa=0x0000206000 ppn=0x0000206 pte=0x00000000000818cf
UVM_INFO /home/st-wangjun/project/mmu_verification/mmu_verification/testbench/ptw_mem_agent/page_table_builder.svh(177) @ 285000: reporter [PAGE_TABLE_BUILDER] map_4k: va=0x0000107000 → pa=0x0000207000 ppn=0x0000207 pte=0x0000000000081ccf
UVM_INFO /home/st-wangjun/project/mmu_verification/mmu_verification/testbench/ptw_mem_agent/page_table_builder.svh(177) @ 285000: reporter [PAGE_TABLE_BUILDER] map_4k: va=0x0000108000 → pa=0x0000208000 ppn=0x0000208 pte=0x00000000000820cf
UVM_INFO /home/st-wangjun/project/mmu_verification/mmu_verification/testbench/ptw_mem_agent/page_table_builder.svh(177) @ 285000: reporter [PAGE_TABLE_BUILDER] map_4k: va=0x0000109000 → pa=0x0000209000 ppn=0x0000209 pte=0x00000000000824cf
UVM_INFO /home/st-wangjun/project/mmu_verification/mmu_verification/testbench/ptw_mem_agent/page_table_builder.svh(177) @ 285000: reporter [PAGE_TABLE_BUILDER] map_4k: va=0x000010a000 → pa=0x000020a000 ppn=0x000020a pte=0x00000000000828cf
UVM_INFO /home/st-wangjun/project/mmu_verification/mmu_verification/testbench/ptw_mem_agent/page_table_builder.svh(177) @ 285000: reporter [PAGE_TABLE_BUILDER] map_4k: va=0x000010b000 → pa=0x000020b000 ppn=0x000020b pte=0x0000000000082ccf
UVM_INFO /home/st-wangjun/project/mmu_verification/mmu_verification/testbench/ptw_mem_agent/page_table_builder.svh(177) @ 285000: reporter [PAGE_TABLE_BUILDER] map_4k: va=0x000010c000 → pa=0x000020c000 ppn=0x000020c pte=0x00000000000830cf
UVM_INFO /home/st-wangjun/project/mmu_verification/mmu_verification/testbench/ptw_mem_agent/page_table_builder.svh(177) @ 285000: reporter [PAGE_TABLE_BUILDER] map_4k: va=0x000010d000 → pa=0x000020d000 ppn=0x000020d pte=0x00000000000834cf
UVM_INFO /home/st-wangjun/project/mmu_verification/mmu_verification/testbench/ptw_mem_agent/page_table_builder.svh(177) @ 285000: reporter [PAGE_TABLE_BUILDER] map_4k: va=0x000010e000 → pa=0x000020e000 ppn=0x000020e pte=0x00000000000838cf
UVM_INFO /home/st-wangjun/project/mmu_verification/mmu_verification/testbench/ptw_mem_agent/page_table_builder.svh(177) @ 285000: reporter [PAGE_TABLE_BUILDER] map_4k: va=0x000010f000 → pa=0x000020f000 ppn=0x000020f pte=0x0000000000083ccf
UVM_INFO /home/st-wangjun/project/mmu_verification/mmu_verification/testbench/ptw_mem_agent/page_table_builder.svh(177) @ 285000: reporter [PAGE_TABLE_BUILDER] map_4k: va=0x0000110000 → pa=0x0000210000 ppn=0x0000210 pte=0x00000000000840cf
UVM_INFO /home/st-wangjun/project/mmu_verification/mmu_verification/testbench/ptw_mem_agent/page_table_builder.svh(177) @ 285000: reporter [PAGE_TABLE_BUILDER] map_4k: va=0x0000111000 → pa=0x0000211000 ppn=0x0000211 pte=0x00000000000844cf
UVM_INFO /home/st-wangjun/project/mmu_verification/mmu_verification/testbench/ptw_mem_agent/page_table_builder.svh(177) @ 285000: reporter [PAGE_TABLE_BUILDER] map_4k: va=0x0000112000 → pa=0x0000212000 ppn=0x0000212 pte=0x00000000000848cf
UVM_INFO /home/st-wangjun/project/mmu_verification/mmu_verification/testbench/ptw_mem_agent/page_table_builder.svh(177) @ 285000: reporter [PAGE_TABLE_BUILDER] map_4k: va=0x0000113000 → pa=0x0000213000 ppn=0x0000213 pte=0x0000000000084ccf
UVM_INFO /home/st-wangjun/project/mmu_verification/mmu_verification/testbench/ptw_mem_agent/page_table_builder.svh(177) @ 285000: reporter [PAGE_TABLE_BUILDER] map_4k: va=0x0000114000 → pa=0x0000214000 ppn=0x0000214 pte=0x00000000000850cf
UVM_INFO /home/st-wangjun/project/mmu_verification/mmu_verification/testbench/ptw_mem_agent/page_table_builder.svh(177) @ 285000: reporter [PAGE_TABLE_BUILDER] map_4k: va=0x0000115000 → pa=0x0000215000 ppn=0x0000215 pte=0x00000000000854cf
UVM_INFO /home/st-wangjun/project/mmu_verification/mmu_verification/testbench/ptw_mem_agent/page_table_builder.svh(177) @ 285000: reporter [PAGE_TABLE_BUILDER] map_4k: va=0x0000116000 → pa=0x0000216000 ppn=0x0000216 pte=0x00000000000858cf
UVM_INFO /home/st-wangjun/project/mmu_verification/mmu_verification/testbench/ptw_mem_agent/page_table_builder.svh(177) @ 285000: reporter [PAGE_TABLE_BUILDER] map_4k: va=0x0000117000 → pa=0x0000217000 ppn=0x0000217 pte=0x0000000000085ccf
UVM_INFO /home/st-wangjun/project/mmu_verification/mmu_verification/testbench/ptw_mem_agent/page_table_builder.svh(177) @ 285000: reporter [PAGE_TABLE_BUILDER] map_4k: va=0x0000118000 → pa=0x0000218000 ppn=0x0000218 pte=0x00000000000860cf
UVM_INFO /home/st-wangjun/project/mmu_verification/mmu_verification/testbench/ptw_mem_agent/page_table_builder.svh(177) @ 285000: reporter [PAGE_TABLE_BUILDER] map_4k: va=0x0000119000 → pa=0x0000219000 ppn=0x0000219 pte=0x00000000000864cf
UVM_INFO /home/st-wangjun/project/mmu_verification/mmu_verification/testbench/ptw_mem_agent/page_table_builder.svh(177) @ 285000: reporter [PAGE_TABLE_BUILDER] map_4k: va=0x000011a000 → pa=0x000021a000 ppn=0x000021a pte=0x00000000000868cf
UVM_INFO /home/st-wangjun/project/mmu_verification/mmu_verification/testbench/ptw_mem_agent/page_table_builder.svh(177) @ 285000: reporter [PAGE_TABLE_BUILDER] map_4k: va=0x000011b000 → pa=0x000021b000 ppn=0x000021b pte=0x0000000000086ccf
UVM_INFO /home/st-wangjun/project/mmu_verification/mmu_verification/testbench/ptw_mem_agent/page_table_builder.svh(177) @ 285000: reporter [PAGE_TABLE_BUILDER] map_4k: va=0x000011c000 → pa=0x000021c000 ppn=0x000021c pte=0x00000000000870cf
UVM_INFO /home/st-wangjun/project/mmu_verification/mmu_verification/testbench/ptw_mem_agent/page_table_builder.svh(177) @ 285000: reporter [PAGE_TABLE_BUILDER] map_4k: va=0x000011d000 → pa=0x000021d000 ppn=0x000021d pte=0x00000000000874cf
UVM_INFO /home/st-wangjun/project/mmu_verification/mmu_verification/testbench/ptw_mem_agent/page_table_builder.svh(177) @ 285000: reporter [PAGE_TABLE_BUILDER] map_4k: va=0x000011e000 → pa=0x000021e000 ppn=0x000021e pte=0x00000000000878cf
UVM_INFO /home/st-wangjun/project/mmu_verification/mmu_verification/testbench/ptw_mem_agent/page_table_builder.svh(177) @ 285000: reporter [PAGE_TABLE_BUILDER] map_4k: va=0x000011f000 → pa=0x000021f000 ppn=0x000021f pte=0x0000000000087ccf
UVM_INFO /home/st-wangjun/project/mmu_verification/mmu_verification/testbench/ptw_mem_agent/page_table_builder.svh(177) @ 285000: reporter [PAGE_TABLE_BUILDER] map_4k: va=0x0000120000 → pa=0x0000220000 ppn=0x0000220 pte=0x00000000000880cf
UVM_INFO /home/st-wangjun/project/mmu_verification/mmu_verification/testbench/ptw_mem_agent/page_table_builder.svh(177) @ 285000: reporter [PAGE_TABLE_BUILDER] map_4k: va=0x0000121000 → pa=0x0000221000 ppn=0x0000221 pte=0x00000000000884cf
UVM_INFO /home/st-wangjun/project/mmu_verification/mmu_verification/testbench/ptw_mem_agent/page_table_builder.svh(177) @ 285000: reporter [PAGE_TABLE_BUILDER] map_4k: va=0x0000122000 → pa=0x0000222000 ppn=0x0000222 pte=0x00000000000888cf
UVM_INFO /home/st-wangjun/project/mmu_verification/mmu_verification/testbench/ptw_mem_agent/page_table_builder.svh(177) @ 285000: reporter [PAGE_TABLE_BUILDER] map_4k: va=0x0000123000 → pa=0x0000223000 ppn=0x0000223 pte=0x0000000000088ccf
UVM_INFO /home/st-wangjun/project/mmu_verification/mmu_verification/testbench/ptw_mem_agent/page_table_builder.svh(177) @ 285000: reporter [PAGE_TABLE_BUILDER] map_4k: va=0x0000124000 → pa=0x0000224000 ppn=0x0000224 pte=0x00000000000890cf
UVM_INFO /home/st-wangjun/project/mmu_verification/mmu_verification/testbench/ptw_mem_agent/page_table_builder.svh(177) @ 285000: reporter [PAGE_TABLE_BUILDER] map_4k: va=0x0000125000 → pa=0x0000225000 ppn=0x0000225 pte=0x00000000000894cf
UVM_INFO /home/st-wangjun/project/mmu_verification/mmu_verification/testbench/ptw_mem_agent/page_table_builder.svh(177) @ 285000: reporter [PAGE_TABLE_BUILDER] map_4k: va=0x0000126000 → pa=0x0000226000 ppn=0x0000226 pte=0x00000000000898cf
UVM_INFO /home/st-wangjun/project/mmu_verification/mmu_verification/testbench/ptw_mem_agent/page_table_builder.svh(177) @ 285000: reporter [PAGE_TABLE_BUILDER] map_4k: va=0x0000127000 → pa=0x0000227000 ppn=0x0000227 pte=0x0000000000089ccf
UVM_INFO /home/st-wangjun/project/mmu_verification/mmu_verification/testbench/ptw_mem_agent/page_table_builder.svh(177) @ 285000: reporter [PAGE_TABLE_BUILDER] map_4k: va=0x0000128000 → pa=0x0000228000 ppn=0x0000228 pte=0x000000000008a0cf
UVM_INFO /home/st-wangjun/project/mmu_verification/mmu_verification/testbench/ptw_mem_agent/page_table_builder.svh(177) @ 285000: reporter [PAGE_TABLE_BUILDER] map_4k: va=0x0000129000 → pa=0x0000229000 ppn=0x0000229 pte=0x000000000008a4cf
UVM_INFO /home/st-wangjun/project/mmu_verification/mmu_verification/testbench/ptw_mem_agent/page_table_builder.svh(177) @ 285000: reporter [PAGE_TABLE_BUILDER] map_4k: va=0x000012a000 → pa=0x000022a000 ppn=0x000022a pte=0x000000000008a8cf
UVM_INFO /home/st-wangjun/project/mmu_verification/mmu_verification/testbench/ptw_mem_agent/page_table_builder.svh(177) @ 285000: reporter [PAGE_TABLE_BUILDER] map_4k: va=0x000012b000 → pa=0x000022b000 ppn=0x000022b pte=0x000000000008accf
UVM_INFO /home/st-wangjun/project/mmu_verification/mmu_verification/testbench/ptw_mem_agent/page_table_builder.svh(177) @ 285000: reporter [PAGE_TABLE_BUILDER] map_4k: va=0x000012c000 → pa=0x000022c000 ppn=0x000022c pte=0x000000000008b0cf
UVM_INFO /home/st-wangjun/project/mmu_verification/mmu_verification/testbench/ptw_mem_agent/page_table_builder.svh(177) @ 285000: reporter [PAGE_TABLE_BUILDER] map_4k: va=0x000012d000 → pa=0x000022d000 ppn=0x000022d pte=0x000000000008b4cf
UVM_INFO /home/st-wangjun/project/mmu_verification/mmu_verification/testbench/ptw_mem_agent/page_table_builder.svh(177) @ 285000: reporter [PAGE_TABLE_BUILDER] map_4k: va=0x000012e000 → pa=0x000022e000 ppn=0x000022e pte=0x000000000008b8cf
UVM_INFO /home/st-wangjun/project/mmu_verification/mmu_verification/testbench/ptw_mem_agent/page_table_builder.svh(177) @ 285000: reporter [PAGE_TABLE_BUILDER] map_4k: va=0x000012f000 → pa=0x000022f000 ppn=0x000022f pte=0x000000000008bccf
UVM_INFO /home/st-wangjun/project/mmu_verification/mmu_verification/testbench/ptw_mem_agent/page_table_builder.svh(177) @ 285000: reporter [PAGE_TABLE_BUILDER] map_4k: va=0x0000130000 → pa=0x0000230000 ppn=0x0000230 pte=0x000000000008c0cf
UVM_INFO /home/st-wangjun/project/mmu_verification/mmu_verification/testbench/ptw_mem_agent/page_table_builder.svh(177) @ 285000: reporter [PAGE_TABLE_BUILDER] map_4k: va=0x0000131000 → pa=0x0000231000 ppn=0x0000231 pte=0x000000000008c4cf
UVM_INFO /home/st-wangjun/project/mmu_verification/mmu_verification/testbench/ptw_mem_agent/page_table_builder.svh(177) @ 285000: reporter [PAGE_TABLE_BUILDER] map_4k: va=0x0000132000 → pa=0x0000232000 ppn=0x0000232 pte=0x000000000008c8cf
UVM_INFO /home/st-wangjun/project/mmu_verification/mmu_verification/testbench/ptw_mem_agent/page_table_builder.svh(177) @ 285000: reporter [PAGE_TABLE_BUILDER] map_4k: va=0x0000133000 → pa=0x0000233000 ppn=0x0000233 pte=0x000000000008cccf
UVM_INFO /home/st-wangjun/project/mmu_verification/mmu_verification/testbench/ptw_mem_agent/page_table_builder.svh(177) @ 285000: reporter [PAGE_TABLE_BUILDER] map_4k: va=0x0000134000 → pa=0x0000234000 ppn=0x0000234 pte=0x000000000008d0cf
UVM_INFO /home/st-wangjun/project/mmu_verification/mmu_verification/testbench/ptw_mem_agent/page_table_builder.svh(177) @ 285000: reporter [PAGE_TABLE_BUILDER] map_4k: va=0x0000135000 → pa=0x0000235000 ppn=0x0000235 pte=0x000000000008d4cf
UVM_INFO /home/st-wangjun/project/mmu_verification/mmu_verification/testbench/ptw_mem_agent/page_table_builder.svh(177) @ 285000: reporter [PAGE_TABLE_BUILDER] map_4k: va=0x0000136000 → pa=0x0000236000 ppn=0x0000236 pte=0x000000000008d8cf
UVM_INFO /home/st-wangjun/project/mmu_verification/mmu_verification/testbench/ptw_mem_agent/page_table_builder.svh(177) @ 285000: reporter [PAGE_TABLE_BUILDER] map_4k: va=0x0000137000 → pa=0x0000237000 ppn=0x0000237 pte=0x000000000008dccf
UVM_INFO /home/st-wangjun/project/mmu_verification/mmu_verification/testbench/ptw_mem_agent/page_table_builder.svh(177) @ 285000: reporter [PAGE_TABLE_BUILDER] map_4k: va=0x0000138000 → pa=0x0000238000 ppn=0x0000238 pte=0x000000000008e0cf
UVM_INFO /home/st-wangjun/project/mmu_verification/mmu_verification/testbench/ptw_mem_agent/page_table_builder.svh(177) @ 285000: reporter [PAGE_TABLE_BUILDER] map_4k: va=0x0000139000 → pa=0x0000239000 ppn=0x0000239 pte=0x000000000008e4cf
UVM_INFO /home/st-wangjun/project/mmu_verification/mmu_verification/testbench/ptw_mem_agent/page_table_builder.svh(177) @ 285000: reporter [PAGE_TABLE_BUILDER] map_4k: va=0x000013a000 → pa=0x000023a000 ppn=0x000023a pte=0x000000000008e8cf
UVM_INFO /home/st-wangjun/project/mmu_verification/mmu_verification/testbench/ptw_mem_agent/page_table_builder.svh(177) @ 285000: reporter [PAGE_TABLE_BUILDER] map_4k: va=0x000013b000 → pa=0x000023b000 ppn=0x000023b pte=0x000000000008eccf
UVM_INFO /home/st-wangjun/project/mmu_verification/mmu_verification/testbench/ptw_mem_agent/page_table_builder.svh(177) @ 285000: reporter [PAGE_TABLE_BUILDER] map_4k: va=0x000013c000 → pa=0x000023c000 ppn=0x000023c pte=0x000000000008f0cf
UVM_INFO /home/st-wangjun/project/mmu_verification/mmu_verification/testbench/ptw_mem_agent/page_table_builder.svh(177) @ 285000: reporter [PAGE_TABLE_BUILDER] map_4k: va=0x000013d000 → pa=0x000023d000 ppn=0x000023d pte=0x000000000008f4cf
UVM_INFO /home/st-wangjun/project/mmu_verification/mmu_verification/testbench/ptw_mem_agent/page_table_builder.svh(177) @ 285000: reporter [PAGE_TABLE_BUILDER] map_4k: va=0x000013e000 → pa=0x000023e000 ppn=0x000023e pte=0x000000000008f8cf
UVM_INFO /home/st-wangjun/project/mmu_verification/mmu_verification/testbench/ptw_mem_agent/page_table_builder.svh(177) @ 285000: reporter [PAGE_TABLE_BUILDER] map_4k: va=0x000013f000 → pa=0x000023f000 ppn=0x000023f pte=0x000000000008fccf
UVM_INFO /home/st-wangjun/project/mmu_verification/mmu_verification/testbench/ptw_mem_agent/page_table_builder.svh(177) @ 285000: reporter [PAGE_TABLE_BUILDER] map_4k: va=0x0000140000 → pa=0x0000240000 ppn=0x0000240 pte=0x00000000000900cf
UVM_INFO /home/st-wangjun/project/mmu_verification/mmu_verification/testbench/ptw_mem_agent/page_table_builder.svh(177) @ 285000: reporter [PAGE_TABLE_BUILDER] map_4k: va=0x0000141000 → pa=0x0000241000 ppn=0x0000241 pte=0x00000000000904cf
UVM_INFO /home/st-wangjun/project/mmu_verification/mmu_verification/testbench/ptw_mem_agent/page_table_builder.svh(177) @ 285000: reporter [PAGE_TABLE_BUILDER] map_4k: va=0x0000142000 → pa=0x0000242000 ppn=0x0000242 pte=0x00000000000908cf
UVM_INFO /home/st-wangjun/project/mmu_verification/mmu_verification/testbench/ptw_mem_agent/page_table_builder.svh(177) @ 285000: reporter [PAGE_TABLE_BUILDER] map_4k: va=0x0000143000 → pa=0x0000243000 ppn=0x0000243 pte=0x0000000000090ccf
UVM_INFO /home/st-wangjun/project/mmu_verification/mmu_verification/testbench/ptw_mem_agent/page_table_builder.svh(177) @ 285000: reporter [PAGE_TABLE_BUILDER] map_4k: va=0x0000144000 → pa=0x0000244000 ppn=0x0000244 pte=0x00000000000910cf
UVM_INFO /home/st-wangjun/project/mmu_verification/mmu_verification/testbench/ptw_mem_agent/page_table_builder.svh(177) @ 285000: reporter [PAGE_TABLE_BUILDER] map_4k: va=0x0000145000 → pa=0x0000245000 ppn=0x0000245 pte=0x00000000000914cf
UVM_INFO /home/st-wangjun/project/mmu_verification/mmu_verification/testbench/ptw_mem_agent/page_table_builder.svh(177) @ 285000: reporter [PAGE_TABLE_BUILDER] map_4k: va=0x0000146000 → pa=0x0000246000 ppn=0x0000246 pte=0x00000000000918cf
UVM_INFO /home/st-wangjun/project/mmu_verification/mmu_verification/testbench/ptw_mem_agent/page_table_builder.svh(177) @ 285000: reporter [PAGE_TABLE_BUILDER] map_4k: va=0x0000147000 → pa=0x0000247000 ppn=0x0000247 pte=0x0000000000091ccf
UVM_INFO /home/st-wangjun/project/mmu_verification/mmu_verification/testbench/ptw_mem_agent/page_table_builder.svh(177) @ 285000: reporter [PAGE_TABLE_BUILDER] map_4k: va=0x0000148000 → pa=0x0000248000 ppn=0x0000248 pte=0x00000000000920cf
UVM_INFO /home/st-wangjun/project/mmu_verification/mmu_verification/testbench/ptw_mem_agent/page_table_builder.svh(177) @ 285000: reporter [PAGE_TABLE_BUILDER] map_4k: va=0x0000149000 → pa=0x0000249000 ppn=0x0000249 pte=0x00000000000924cf
UVM_INFO /home/st-wangjun/project/mmu_verification/mmu_verification/testbench/ptw_mem_agent/page_table_builder.svh(177) @ 285000: reporter [PAGE_TABLE_BUILDER] map_4k: va=0x000014a000 → pa=0x000024a000 ppn=0x000024a pte=0x00000000000928cf
UVM_INFO /home/st-wangjun/project/mmu_verification/mmu_verification/testbench/ptw_mem_agent/page_table_builder.svh(177) @ 285000: reporter [PAGE_TABLE_BUILDER] map_4k: va=0x000014b000 → pa=0x000024b000 ppn=0x000024b pte=0x0000000000092ccf
UVM_INFO /home/st-wangjun/project/mmu_verification/mmu_verification/testbench/ptw_mem_agent/page_table_builder.svh(177) @ 285000: reporter [PAGE_TABLE_BUILDER] map_4k: va=0x000014c000 → pa=0x000024c000 ppn=0x000024c pte=0x00000000000930cf
UVM_INFO /home/st-wangjun/project/mmu_verification/mmu_verification/testbench/ptw_mem_agent/page_table_builder.svh(177) @ 285000: reporter [PAGE_TABLE_BUILDER] map_4k: va=0x000014d000 → pa=0x000024d000 ppn=0x000024d pte=0x00000000000934cf
UVM_INFO /home/st-wangjun/project/mmu_verification/mmu_verification/testbench/ptw_mem_agent/page_table_builder.svh(177) @ 285000: reporter [PAGE_TABLE_BUILDER] map_4k: va=0x000014e000 → pa=0x000024e000 ppn=0x000024e pte=0x00000000000938cf
UVM_INFO /home/st-wangjun/project/mmu_verification/mmu_verification/testbench/ptw_mem_agent/page_table_builder.svh(177) @ 285000: reporter [PAGE_TABLE_BUILDER] map_4k: va=0x000014f000 → pa=0x000024f000 ppn=0x000024f pte=0x0000000000093ccf
UVM_INFO /home/st-wangjun/project/mmu_verification/mmu_verification/testbench/ptw_mem_agent/page_table_builder.svh(177) @ 285000: reporter [PAGE_TABLE_BUILDER] map_4k: va=0x0000150000 → pa=0x0000250000 ppn=0x0000250 pte=0x00000000000940cf
UVM_INFO /home/st-wangjun/project/mmu_verification/mmu_verification/testbench/ptw_mem_agent/page_table_builder.svh(177) @ 285000: reporter [PAGE_TABLE_BUILDER] map_4k: va=0x0000151000 → pa=0x0000251000 ppn=0x0000251 pte=0x00000000000944cf
UVM_INFO /home/st-wangjun/project/mmu_verification/mmu_verification/testbench/ptw_mem_agent/page_table_builder.svh(177) @ 285000: reporter [PAGE_TABLE_BUILDER] map_4k: va=0x0000152000 → pa=0x0000252000 ppn=0x0000252 pte=0x00000000000948cf
UVM_INFO /home/st-wangjun/project/mmu_verification/mmu_verification/testbench/ptw_mem_agent/page_table_builder.svh(177) @ 285000: reporter [PAGE_TABLE_BUILDER] map_4k: va=0x0000153000 → pa=0x0000253000 ppn=0x0000253 pte=0x0000000000094ccf
UVM_INFO /home/st-wangjun/project/mmu_verification/mmu_verification/testbench/ptw_mem_agent/page_table_builder.svh(177) @ 285000: reporter [PAGE_TABLE_BUILDER] map_4k: va=0x0000154000 → pa=0x0000254000 ppn=0x0000254 pte=0x00000000000950cf
UVM_INFO /home/st-wangjun/project/mmu_verification/mmu_verification/testbench/ptw_mem_agent/page_table_builder.svh(177) @ 285000: reporter [PAGE_TABLE_BUILDER] map_4k: va=0x0000155000 → pa=0x0000255000 ppn=0x0000255 pte=0x00000000000954cf
UVM_INFO /home/st-wangjun/project/mmu_verification/mmu_verification/testbench/ptw_mem_agent/page_table_builder.svh(177) @ 285000: reporter [PAGE_TABLE_BUILDER] map_4k: va=0x0000156000 → pa=0x0000256000 ppn=0x0000256 pte=0x00000000000958cf
UVM_INFO /home/st-wangjun/project/mmu_verification/mmu_verification/testbench/ptw_mem_agent/page_table_builder.svh(177) @ 285000: reporter [PAGE_TABLE_BUILDER] map_4k: va=0x0000157000 → pa=0x0000257000 ppn=0x0000257 pte=0x0000000000095ccf
UVM_INFO /home/st-wangjun/project/mmu_verification/mmu_verification/testbench/ptw_mem_agent/page_table_builder.svh(177) @ 285000: reporter [PAGE_TABLE_BUILDER] map_4k: va=0x0000158000 → pa=0x0000258000 ppn=0x0000258 pte=0x00000000000960cf
UVM_INFO /home/st-wangjun/project/mmu_verification/mmu_verification/testbench/ptw_mem_agent/page_table_builder.svh(177) @ 285000: reporter [PAGE_TABLE_BUILDER] map_4k: va=0x0000159000 → pa=0x0000259000 ppn=0x0000259 pte=0x00000000000964cf
UVM_INFO /home/st-wangjun/project/mmu_verification/mmu_verification/testbench/ptw_mem_agent/page_table_builder.svh(177) @ 285000: reporter [PAGE_TABLE_BUILDER] map_4k: va=0x000015a000 → pa=0x000025a000 ppn=0x000025a pte=0x00000000000968cf
UVM_INFO /home/st-wangjun/project/mmu_verification/mmu_verification/testbench/ptw_mem_agent/page_table_builder.svh(177) @ 285000: reporter [PAGE_TABLE_BUILDER] map_4k: va=0x000015b000 → pa=0x000025b000 ppn=0x000025b pte=0x0000000000096ccf
UVM_INFO /home/st-wangjun/project/mmu_verification/mmu_verification/testbench/ptw_mem_agent/page_table_builder.svh(177) @ 285000: reporter [PAGE_TABLE_BUILDER] map_4k: va=0x000015c000 → pa=0x000025c000 ppn=0x000025c pte=0x00000000000970cf
UVM_INFO /home/st-wangjun/project/mmu_verification/mmu_verification/testbench/ptw_mem_agent/page_table_builder.svh(177) @ 285000: reporter [PAGE_TABLE_BUILDER] map_4k: va=0x000015d000 → pa=0x000025d000 ppn=0x000025d pte=0x00000000000974cf
UVM_INFO /home/st-wangjun/project/mmu_verification/mmu_verification/testbench/ptw_mem_agent/page_table_builder.svh(177) @ 285000: reporter [PAGE_TABLE_BUILDER] map_4k: va=0x000015e000 → pa=0x000025e000 ppn=0x000025e pte=0x00000000000978cf
UVM_INFO /home/st-wangjun/project/mmu_verification/mmu_verification/testbench/ptw_mem_agent/page_table_builder.svh(177) @ 285000: reporter [PAGE_TABLE_BUILDER] map_4k: va=0x000015f000 → pa=0x000025f000 ppn=0x000025f pte=0x0000000000097ccf
UVM_INFO /home/st-wangjun/project/mmu_verification/mmu_verification/testbench/ptw_mem_agent/page_table_builder.svh(177) @ 285000: reporter [PAGE_TABLE_BUILDER] map_4k: va=0x0000160000 → pa=0x0000260000 ppn=0x0000260 pte=0x00000000000980cf
UVM_INFO /home/st-wangjun/project/mmu_verification/mmu_verification/testbench/ptw_mem_agent/page_table_builder.svh(177) @ 285000: reporter [PAGE_TABLE_BUILDER] map_4k: va=0x0000161000 → pa=0x0000261000 ppn=0x0000261 pte=0x00000000000984cf
UVM_INFO /home/st-wangjun/project/mmu_verification/mmu_verification/testbench/ptw_mem_agent/page_table_builder.svh(177) @ 285000: reporter [PAGE_TABLE_BUILDER] map_4k: va=0x0000162000 → pa=0x0000262000 ppn=0x0000262 pte=0x00000000000988cf
UVM_INFO /home/st-wangjun/project/mmu_verification/mmu_verification/testbench/ptw_mem_agent/page_table_builder.svh(177) @ 285000: reporter [PAGE_TABLE_BUILDER] map_4k: va=0x0000163000 → pa=0x0000263000 ppn=0x0000263 pte=0x0000000000098ccf
UVM_INFO /home/st-wangjun/project/mmu_verification/mmu_verification/testbench/test/basic_tests/test_mmu_translation_sanity.svh(278) @ 285000: uvm_test_top [test_mmu_translation_sanity] Page table built: 100 entries, VA[0]=0x0000100000 → PPN=0x0000200, VA[99]=0x0000163000 → PPN=0x0000263
UVM_INFO /home/st-wangjun/project/mmu_verification/mmu_verification/testbench/test/basic_tests/test_mmu_translation_sanity.svh(293) @ 385000: uvm_test_top [test_mmu_translation_sanity] DEBUG MMU STATE: mmu_xx_mmu_en=1  mmu_lsu_mmu_en=1  (expect both=1)
UVM_INFO /home/st-wangjun/project/mmu_verification/mmu_verification/testbench/test/basic_tests/test_mmu_translation_sanity.svh(300) @ 385000: uvm_test_top [test_mmu_translation_sanity] DEBUG SATP readback: mmu_cp0_satp_data=0x8000000000000000
UVM_INFO /home/st-wangjun/project/mmu_verification/mmu_verification/testbench/test/basic_tests/test_mmu_translation_sanity.svh(308) @ 385000: uvm_test_top [test_mmu_translation_sanity] Step 4: IFU fetch sequence (100 txns to mapped VAs)
UVM_INFO /home/st-wangjun/project/mmu_verification/mmu_verification/testbench/env/mmu_ref_model.svh(371) @ 394000: uvm_test_top.m_env.m_ref [mmu_ref_model] translate OK: va=0x0000100000 → ppn=0x0000200 L0 pte=0x00000000000800cf
UVM_ERROR /home/st-wangjun/project/mmu_verification/mmu_verification/testbench/env/mmu_translation_sb.svh(238) @ 394000: uvm_test_top.m_env.m_translation_sb [mmu_translation_sb] [IFU] VA=0x0000100000: PA mismatch — ref.ppn=0x0000200  dut.pa=0x0000000
UVM_INFO /home/st-wangjun/project/mmu_verification/mmu_verification/testbench/env/mmu_ref_model.svh(371) @ 401000: uvm_test_top.m_env.m_ref [mmu_ref_model] translate OK: va=0x0000101000 → ppn=0x0000201 L0 pte=0x00000000000804cf
UVM_ERROR /home/st-wangjun/project/mmu_verification/mmu_verification/testbench/env/mmu_translation_sb.svh(238) @ 401000: uvm_test_top.m_env.m_translation_sb [mmu_translation_sb] [IFU] VA=0x0000101000: PA mismatch — ref.ppn=0x0000201  dut.pa=0x0000000
UVM_INFO /home/st-wangjun/project/mmu_verification/mmu_verification/testbench/env/mmu_ref_model.svh(371) @ 408000: uvm_test_top.m_env.m_ref [mmu_ref_model] translate OK: va=0x0000102000 → ppn=0x0000202 L0 pte=0x00000000000808cf
UVM_ERROR /home/st-wangjun/project/mmu_verification/mmu_verification/testbench/env/mmu_translation_sb.svh(238) @ 408000: uvm_test_top.m_env.m_translation_sb [mmu_translation_sb] [IFU] VA=0x0000102000: PA mismatch — ref.ppn=0x0000202  dut.pa=0x0000000
UVM_INFO /home/st-wangjun/project/mmu_verification/mmu_verification/testbench/env/mmu_ref_model.svh(371) @ 415000: uvm_test_top.m_env.m_ref [mmu_ref_model] translate OK: va=0x0000103000 → ppn=0x0000203 L0 pte=0x0000000000080ccf
UVM_ERROR /home/st-wangjun/project/mmu_verification/mmu_verification/testbench/env/mmu_translation_sb.svh(238) @ 415000: uvm_test_top.m_env.m_translation_sb [mmu_translation_sb] [IFU] VA=0x0000103000: PA mismatch — ref.ppn=0x0000203  dut.pa=0x0000000
UVM_INFO /home/st-wangjun/project/mmu_verification/mmu_verification/testbench/env/mmu_ref_model.svh(371) @ 422000: uvm_test_top.m_env.m_ref [mmu_ref_model] translate OK: va=0x0000104000 → ppn=0x0000204 L0 pte=0x00000000000810cf
UVM_ERROR /home/st-wangjun/project/mmu_verification/mmu_verification/testbench/env/mmu_translation_sb.svh(238) @ 422000: uvm_test_top.m_env.m_translation_sb [mmu_translation_sb] [IFU] VA=0x0000104000: PA mismatch — ref.ppn=0x0000204  dut.pa=0x0000000
UVM_INFO /home/st-wangjun/project/mmu_verification/mmu_verification/testbench/env/mmu_ref_model.svh(371) @ 429000: uvm_test_top.m_env.m_ref [mmu_ref_model] translate OK: va=0x0000105000 → ppn=0x0000205 L0 pte=0x00000000000814cf
UVM_ERROR /home/st-wangjun/project/mmu_verification/mmu_verification/testbench/env/mmu_translation_sb.svh(238) @ 429000: uvm_test_top.m_env.m_translation_sb [mmu_translation_sb] [IFU] VA=0x0000105000: PA mismatch — ref.ppn=0x0000205  dut.pa=0x0000000
UVM_INFO /home/st-wangjun/project/mmu_verification/mmu_verification/testbench/env/mmu_ref_model.svh(371) @ 436000: uvm_test_top.m_env.m_ref [mmu_ref_model] translate OK: va=0x0000106000 → ppn=0x0000206 L0 pte=0x00000000000818cf
UVM_ERROR /home/st-wangjun/project/mmu_verification/mmu_verification/testbench/env/mmu_translation_sb.svh(238) @ 436000: uvm_test_top.m_env.m_translation_sb [mmu_translation_sb] [IFU] VA=0x0000106000: PA mismatch — ref.ppn=0x0000206  dut.pa=0x0000000
UVM_INFO /home/st-wangjun/project/mmu_verification/mmu_verification/testbench/env/mmu_ref_model.svh(371) @ 443000: uvm_test_top.m_env.m_ref [mmu_ref_model] translate OK: va=0x0000107000 → ppn=0x0000207 L0 pte=0x0000000000081ccf
UVM_ERROR /home/st-wangjun/project/mmu_verification/mmu_verification/testbench/env/mmu_translation_sb.svh(238) @ 443000: uvm_test_top.m_env.m_translation_sb [mmu_translation_sb] [IFU] VA=0x0000107000: PA mismatch — ref.ppn=0x0000207  dut.pa=0x0000000
UVM_INFO /home/st-wangjun/project/mmu_verification/mmu_verification/testbench/env/mmu_ref_model.svh(371) @ 450000: uvm_test_top.m_env.m_ref [mmu_ref_model] translate OK: va=0x0000108000 → ppn=0x0000208 L0 pte=0x00000000000820cf
UVM_ERROR /home/st-wangjun/project/mmu_verification/mmu_verification/testbench/env/mmu_translation_sb.svh(238) @ 450000: uvm_test_top.m_env.m_translation_sb [mmu_translation_sb] [IFU] VA=0x0000108000: PA mismatch — ref.ppn=0x0000208  dut.pa=0x0000000
UVM_INFO /home/st-wangjun/project/mmu_verification/mmu_verification/testbench/env/mmu_ref_model.svh(371) @ 457000: uvm_test_top.m_env.m_ref [mmu_ref_model] translate OK: va=0x0000109000 → ppn=0x0000209 L0 pte=0x00000000000824cf
UVM_ERROR /home/st-wangjun/project/mmu_verification/mmu_verification/testbench/env/mmu_translation_sb.svh(238) @ 457000: uvm_test_top.m_env.m_translation_sb [mmu_translation_sb] [IFU] VA=0x0000109000: PA mismatch — ref.ppn=0x0000209  dut.pa=0x0000000
UVM_INFO /home/st-wangjun/project/mmu_verification/mmu_verification/testbench/env/mmu_ref_model.svh(371) @ 464000: uvm_test_top.m_env.m_ref [mmu_ref_model] translate OK: va=0x000010a000 → ppn=0x000020a L0 pte=0x00000000000828cf
UVM_ERROR /home/st-wangjun/project/mmu_verification/mmu_verification/testbench/env/mmu_translation_sb.svh(238) @ 464000: uvm_test_top.m_env.m_translation_sb [mmu_translation_sb] [IFU] VA=0x000010a000: PA mismatch — ref.ppn=0x000020a  dut.pa=0x0000000
UVM_INFO /home/st-wangjun/project/mmu_verification/mmu_verification/testbench/env/mmu_ref_model.svh(371) @ 471000: uvm_test_top.m_env.m_ref [mmu_ref_model] translate OK: va=0x000010b000 → ppn=0x000020b L0 pte=0x0000000000082ccf
UVM_ERROR /home/st-wangjun/project/mmu_verification/mmu_verification/testbench/env/mmu_translation_sb.svh(238) @ 471000: uvm_test_top.m_env.m_translation_sb [mmu_translation_sb] [IFU] VA=0x000010b000: PA mismatch — ref.ppn=0x000020b  dut.pa=0x0000000
UVM_INFO /home/st-wangjun/project/mmu_verification/mmu_verification/testbench/env/mmu_ref_model.svh(371) @ 478000: uvm_test_top.m_env.m_ref [mmu_ref_model] translate OK: va=0x000010c000 → ppn=0x000020c L0 pte=0x00000000000830cf
UVM_ERROR /home/st-wangjun/project/mmu_verification/mmu_verification/testbench/env/mmu_translation_sb.svh(238) @ 478000: uvm_test_top.m_env.m_translation_sb [mmu_translation_sb] [IFU] VA=0x000010c000: PA mismatch — ref.ppn=0x000020c  dut.pa=0x0000000
UVM_INFO /home/st-wangjun/project/mmu_verification/mmu_verification/testbench/env/mmu_ref_model.svh(371) @ 485000: uvm_test_top.m_env.m_ref [mmu_ref_model] translate OK: va=0x000010d000 → ppn=0x000020d L0 pte=0x00000000000834cf
UVM_ERROR /home/st-wangjun/project/mmu_verification/mmu_verification/testbench/env/mmu_translation_sb.svh(238) @ 485000: uvm_test_top.m_env.m_translation_sb [mmu_translation_sb] [IFU] VA=0x000010d000: PA mismatch — ref.ppn=0x000020d  dut.pa=0x0000000
UVM_INFO /home/st-wangjun/project/mmu_verification/mmu_verification/testbench/env/mmu_ref_model.svh(371) @ 492000: uvm_test_top.m_env.m_ref [mmu_ref_model] translate OK: va=0x000010e000 → ppn=0x000020e L0 pte=0x00000000000838cf
UVM_ERROR /home/st-wangjun/project/mmu_verification/mmu_verification/testbench/env/mmu_translation_sb.svh(238) @ 492000: uvm_test_top.m_env.m_translation_sb [mmu_translation_sb] [IFU] VA=0x000010e000: PA mismatch — ref.ppn=0x000020e  dut.pa=0x0000000
UVM_INFO /home/st-wangjun/project/mmu_verification/mmu_verification/testbench/env/mmu_ref_model.svh(371) @ 499000: uvm_test_top.m_env.m_ref [mmu_ref_model] translate OK: va=0x000010f000 → ppn=0x000020f L0 pte=0x0000000000083ccf
UVM_ERROR /home/st-wangjun/project/mmu_verification/mmu_verification/testbench/env/mmu_translation_sb.svh(238) @ 499000: uvm_test_top.m_env.m_translation_sb [mmu_translation_sb] [IFU] VA=0x000010f000: PA mismatch — ref.ppn=0x000020f  dut.pa=0x0000000
UVM_INFO /home/st-wangjun/project/mmu_verification/mmu_verification/testbench/env/mmu_ref_model.svh(371) @ 506000: uvm_test_top.m_env.m_ref [mmu_ref_model] translate OK: va=0x0000110000 → ppn=0x0000210 L0 pte=0x00000000000840cf
UVM_ERROR /home/st-wangjun/project/mmu_verification/mmu_verification/testbench/env/mmu_translation_sb.svh(238) @ 506000: uvm_test_top.m_env.m_translation_sb [mmu_translation_sb] [IFU] VA=0x0000110000: PA mismatch — ref.ppn=0x0000210  dut.pa=0x0000000
UVM_INFO /home/st-wangjun/project/mmu_verification/mmu_verification/testbench/env/mmu_ref_model.svh(371) @ 513000: uvm_test_top.m_env.m_ref [mmu_ref_model] translate OK: va=0x0000111000 → ppn=0x0000211 L0 pte=0x00000000000844cf
UVM_ERROR /home/st-wangjun/project/mmu_verification/mmu_verification/testbench/env/mmu_translation_sb.svh(238) @ 513000: uvm_test_top.m_env.m_translation_sb [mmu_translation_sb] [IFU] VA=0x0000111000: PA mismatch — ref.ppn=0x0000211  dut.pa=0x0000000
UVM_INFO /home/st-wangjun/project/mmu_verification/mmu_verification/testbench/env/mmu_ref_model.svh(371) @ 520000: uvm_test_top.m_env.m_ref [mmu_ref_model] translate OK: va=0x0000112000 → ppn=0x0000212 L0 pte=0x00000000000848cf
UVM_ERROR /home/st-wangjun/project/mmu_verification/mmu_verification/testbench/env/mmu_translation_sb.svh(238) @ 520000: uvm_test_top.m_env.m_translation_sb [mmu_translation_sb] [IFU] VA=0x0000112000: PA mismatch — ref.ppn=0x0000212  dut.pa=0x0000000
UVM_INFO /home/st-wangjun/project/mmu_verification/mmu_verification/testbench/env/mmu_ref_model.svh(371) @ 527000: uvm_test_top.m_env.m_ref [mmu_ref_model] translate OK: va=0x0000113000 → ppn=0x0000213 L0 pte=0x0000000000084ccf
UVM_ERROR /home/st-wangjun/project/mmu_verification/mmu_verification/testbench/env/mmu_translation_sb.svh(238) @ 527000: uvm_test_top.m_env.m_translation_sb [mmu_translation_sb] [IFU] VA=0x0000113000: PA mismatch — ref.ppn=0x0000213  dut.pa=0x0000000
UVM_INFO /home/st-wangjun/project/mmu_verification/mmu_verification/testbench/env/mmu_ref_model.svh(371) @ 534000: uvm_test_top.m_env.m_ref [mmu_ref_model] translate OK: va=0x0000114000 → ppn=0x0000214 L0 pte=0x00000000000850cf
UVM_ERROR /home/st-wangjun/project/mmu_verification/mmu_verification/testbench/env/mmu_translation_sb.svh(238) @ 534000: uvm_test_top.m_env.m_translation_sb [mmu_translation_sb] [IFU] VA=0x0000114000: PA mismatch — ref.ppn=0x0000214  dut.pa=0x0000000
UVM_INFO /home/st-wangjun/project/mmu_verification/mmu_verification/testbench/env/mmu_ref_model.svh(371) @ 541000: uvm_test_top.m_env.m_ref [mmu_ref_model] translate OK: va=0x0000115000 → ppn=0x0000215 L0 pte=0x00000000000854cf
UVM_ERROR /home/st-wangjun/project/mmu_verification/mmu_verification/testbench/env/mmu_translation_sb.svh(238) @ 541000: uvm_test_top.m_env.m_translation_sb [mmu_translation_sb] [IFU] VA=0x0000115000: PA mismatch — ref.ppn=0x0000215  dut.pa=0x0000000
UVM_INFO /home/st-wangjun/project/mmu_verification/mmu_verification/testbench/env/mmu_ref_model.svh(371) @ 548000: uvm_test_top.m_env.m_ref [mmu_ref_model] translate OK: va=0x0000116000 → ppn=0x0000216 L0 pte=0x00000000000858cf
UVM_ERROR /home/st-wangjun/project/mmu_verification/mmu_verification/testbench/env/mmu_translation_sb.svh(238) @ 548000: uvm_test_top.m_env.m_translation_sb [mmu_translation_sb] [IFU] VA=0x0000116000: PA mismatch — ref.ppn=0x0000216  dut.pa=0x0000000
UVM_INFO /home/st-wangjun/project/mmu_verification/mmu_verification/testbench/env/mmu_ref_model.svh(371) @ 555000: uvm_test_top.m_env.m_ref [mmu_ref_model] translate OK: va=0x0000117000 → ppn=0x0000217 L0 pte=0x0000000000085ccf
UVM_ERROR /home/st-wangjun/project/mmu_verification/mmu_verification/testbench/env/mmu_translation_sb.svh(238) @ 555000: uvm_test_top.m_env.m_translation_sb [mmu_translation_sb] [IFU] VA=0x0000117000: PA mismatch — ref.ppn=0x0000217  dut.pa=0x0000000
UVM_INFO /home/st-wangjun/project/mmu_verification/mmu_verification/testbench/env/mmu_ref_model.svh(371) @ 562000: uvm_test_top.m_env.m_ref [mmu_ref_model] translate OK: va=0x0000118000 → ppn=0x0000218 L0 pte=0x00000000000860cf
UVM_ERROR /home/st-wangjun/project/mmu_verification/mmu_verification/testbench/env/mmu_translation_sb.svh(238) @ 562000: uvm_test_top.m_env.m_translation_sb [mmu_translation_sb] [IFU] VA=0x0000118000: PA mismatch — ref.ppn=0x0000218  dut.pa=0x0000000
UVM_INFO /home/st-wangjun/project/mmu_verification/mmu_verification/testbench/env/mmu_ref_model.svh(371) @ 569000: uvm_test_top.m_env.m_ref [mmu_ref_model] translate OK: va=0x0000119000 → ppn=0x0000219 L0 pte=0x00000000000864cf
UVM_ERROR /home/st-wangjun/project/mmu_verification/mmu_verification/testbench/env/mmu_translation_sb.svh(238) @ 569000: uvm_test_top.m_env.m_translation_sb [mmu_translation_sb] [IFU] VA=0x0000119000: PA mismatch — ref.ppn=0x0000219  dut.pa=0x0000000
UVM_INFO /home/st-wangjun/project/mmu_verification/mmu_verification/testbench/env/mmu_ref_model.svh(371) @ 576000: uvm_test_top.m_env.m_ref [mmu_ref_model] translate OK: va=0x000011a000 → ppn=0x000021a L0 pte=0x00000000000868cf
UVM_ERROR /home/st-wangjun/project/mmu_verification/mmu_verification/testbench/env/mmu_translation_sb.svh(238) @ 576000: uvm_test_top.m_env.m_translation_sb [mmu_translation_sb] [IFU] VA=0x000011a000: PA mismatch — ref.ppn=0x000021a  dut.pa=0x0000000
UVM_INFO /home/st-wangjun/project/mmu_verification/mmu_verification/testbench/env/mmu_ref_model.svh(371) @ 583000: uvm_test_top.m_env.m_ref [mmu_ref_model] translate OK: va=0x000011b000 → ppn=0x000021b L0 pte=0x0000000000086ccf
UVM_ERROR /home/st-wangjun/project/mmu_verification/mmu_verification/testbench/env/mmu_translation_sb.svh(238) @ 583000: uvm_test_top.m_env.m_translation_sb [mmu_translation_sb] [IFU] VA=0x000011b000: PA mismatch — ref.ppn=0x000021b  dut.pa=0x0000000
UVM_INFO /home/st-wangjun/project/mmu_verification/mmu_verification/testbench/env/mmu_ref_model.svh(371) @ 590000: uvm_test_top.m_env.m_ref [mmu_ref_model] translate OK: va=0x000011c000 → ppn=0x000021c L0 pte=0x00000000000870cf
UVM_ERROR /home/st-wangjun/project/mmu_verification/mmu_verification/testbench/env/mmu_translation_sb.svh(238) @ 590000: uvm_test_top.m_env.m_translation_sb [mmu_translation_sb] [IFU] VA=0x000011c000: PA mismatch — ref.ppn=0x000021c  dut.pa=0x0000000
UVM_INFO /home/st-wangjun/project/mmu_verification/mmu_verification/testbench/env/mmu_ref_model.svh(371) @ 597000: uvm_test_top.m_env.m_ref [mmu_ref_model] translate OK: va=0x000011d000 → ppn=0x000021d L0 pte=0x00000000000874cf
UVM_ERROR /home/st-wangjun/project/mmu_verification/mmu_verification/testbench/env/mmu_translation_sb.svh(238) @ 597000: uvm_test_top.m_env.m_translation_sb [mmu_translation_sb] [IFU] VA=0x000011d000: PA mismatch — ref.ppn=0x000021d  dut.pa=0x0000000
UVM_INFO /home/st-wangjun/project/mmu_verification/mmu_verification/testbench/env/mmu_ref_model.svh(371) @ 604000: uvm_test_top.m_env.m_ref [mmu_ref_model] translate OK: va=0x000011e000 → ppn=0x000021e L0 pte=0x00000000000878cf
UVM_ERROR /home/st-wangjun/project/mmu_verification/mmu_verification/testbench/env/mmu_translation_sb.svh(238) @ 604000: uvm_test_top.m_env.m_translation_sb [mmu_translation_sb] [IFU] VA=0x000011e000: PA mismatch — ref.ppn=0x000021e  dut.pa=0x0000000
UVM_INFO /home/st-wangjun/project/mmu_verification/mmu_verification/testbench/env/mmu_ref_model.svh(371) @ 611000: uvm_test_top.m_env.m_ref [mmu_ref_model] translate OK: va=0x000011f000 → ppn=0x000021f L0 pte=0x0000000000087ccf
UVM_ERROR /home/st-wangjun/project/mmu_verification/mmu_verification/testbench/env/mmu_translation_sb.svh(238) @ 611000: uvm_test_top.m_env.m_translation_sb [mmu_translation_sb] [IFU] VA=0x000011f000: PA mismatch — ref.ppn=0x000021f  dut.pa=0x0000000
UVM_INFO /home/st-wangjun/project/mmu_verification/mmu_verification/testbench/env/mmu_ref_model.svh(371) @ 618000: uvm_test_top.m_env.m_ref [mmu_ref_model] translate OK: va=0x0000120000 → ppn=0x0000220 L0 pte=0x00000000000880cf
UVM_ERROR /home/st-wangjun/project/mmu_verification/mmu_verification/testbench/env/mmu_translation_sb.svh(238) @ 618000: uvm_test_top.m_env.m_translation_sb [mmu_translation_sb] [IFU] VA=0x0000120000: PA mismatch — ref.ppn=0x0000220  dut.pa=0x0000000
UVM_INFO /home/st-wangjun/project/mmu_verification/mmu_verification/testbench/env/mmu_ref_model.svh(371) @ 625000: uvm_test_top.m_env.m_ref [mmu_ref_model] translate OK: va=0x0000121000 → ppn=0x0000221 L0 pte=0x00000000000884cf
UVM_ERROR /home/st-wangjun/project/mmu_verification/mmu_verification/testbench/env/mmu_translation_sb.svh(238) @ 625000: uvm_test_top.m_env.m_translation_sb [mmu_translation_sb] [IFU] VA=0x0000121000: PA mismatch — ref.ppn=0x0000221  dut.pa=0x0000000
UVM_INFO /home/st-wangjun/project/mmu_verification/mmu_verification/testbench/env/mmu_ref_model.svh(371) @ 632000: uvm_test_top.m_env.m_ref [mmu_ref_model] translate OK: va=0x0000122000 → ppn=0x0000222 L0 pte=0x00000000000888cf
UVM_ERROR /home/st-wangjun/project/mmu_verification/mmu_verification/testbench/env/mmu_translation_sb.svh(238) @ 632000: uvm_test_top.m_env.m_translation_sb [mmu_translation_sb] [IFU] VA=0x0000122000: PA mismatch — ref.ppn=0x0000222  dut.pa=0x0000000
UVM_INFO /home/st-wangjun/project/mmu_verification/mmu_verification/testbench/env/mmu_ref_model.svh(371) @ 639000: uvm_test_top.m_env.m_ref [mmu_ref_model] translate OK: va=0x0000123000 → ppn=0x0000223 L0 pte=0x0000000000088ccf
UVM_ERROR /home/st-wangjun/project/mmu_verification/mmu_verification/testbench/env/mmu_translation_sb.svh(238) @ 639000: uvm_test_top.m_env.m_translation_sb [mmu_translation_sb] [IFU] VA=0x0000123000: PA mismatch — ref.ppn=0x0000223  dut.pa=0x0000000
UVM_INFO /home/st-wangjun/project/mmu_verification/mmu_verification/testbench/env/mmu_ref_model.svh(371) @ 646000: uvm_test_top.m_env.m_ref [mmu_ref_model] translate OK: va=0x0000124000 → ppn=0x0000224 L0 pte=0x00000000000890cf
UVM_ERROR /home/st-wangjun/project/mmu_verification/mmu_verification/testbench/env/mmu_translation_sb.svh(238) @ 646000: uvm_test_top.m_env.m_translation_sb [mmu_translation_sb] [IFU] VA=0x0000124000: PA mismatch — ref.ppn=0x0000224  dut.pa=0x0000000
UVM_INFO /home/st-wangjun/project/mmu_verification/mmu_verification/testbench/env/mmu_ref_model.svh(371) @ 653000: uvm_test_top.m_env.m_ref [mmu_ref_model] translate OK: va=0x0000125000 → ppn=0x0000225 L0 pte=0x00000000000894cf
UVM_ERROR /home/st-wangjun/project/mmu_verification/mmu_verification/testbench/env/mmu_translation_sb.svh(238) @ 653000: uvm_test_top.m_env.m_translation_sb [mmu_translation_sb] [IFU] VA=0x0000125000: PA mismatch — ref.ppn=0x0000225  dut.pa=0x0000000
UVM_INFO /home/st-wangjun/project/mmu_verification/mmu_verification/testbench/env/mmu_ref_model.svh(371) @ 660000: uvm_test_top.m_env.m_ref [mmu_ref_model] translate OK: va=0x0000126000 → ppn=0x0000226 L0 pte=0x00000000000898cf
UVM_ERROR /home/st-wangjun/project/mmu_verification/mmu_verification/testbench/env/mmu_translation_sb.svh(238) @ 660000: uvm_test_top.m_env.m_translation_sb [mmu_translation_sb] [IFU] VA=0x0000126000: PA mismatch — ref.ppn=0x0000226  dut.pa=0x0000000
UVM_INFO /home/st-wangjun/project/mmu_verification/mmu_verification/testbench/env/mmu_ref_model.svh(371) @ 667000: uvm_test_top.m_env.m_ref [mmu_ref_model] translate OK: va=0x0000127000 → ppn=0x0000227 L0 pte=0x0000000000089ccf
UVM_ERROR /home/st-wangjun/project/mmu_verification/mmu_verification/testbench/env/mmu_translation_sb.svh(238) @ 667000: uvm_test_top.m_env.m_translation_sb [mmu_translation_sb] [IFU] VA=0x0000127000: PA mismatch — ref.ppn=0x0000227  dut.pa=0x0000000
UVM_INFO /home/st-wangjun/project/mmu_verification/mmu_verification/testbench/env/mmu_ref_model.svh(371) @ 674000: uvm_test_top.m_env.m_ref [mmu_ref_model] translate OK: va=0x0000128000 → ppn=0x0000228 L0 pte=0x000000000008a0cf
UVM_ERROR /home/st-wangjun/project/mmu_verification/mmu_verification/testbench/env/mmu_translation_sb.svh(238) @ 674000: uvm_test_top.m_env.m_translation_sb [mmu_translation_sb] [IFU] VA=0x0000128000: PA mismatch — ref.ppn=0x0000228  dut.pa=0x0000000
UVM_INFO /home/st-wangjun/project/mmu_verification/mmu_verification/testbench/env/mmu_ref_model.svh(371) @ 681000: uvm_test_top.m_env.m_ref [mmu_ref_model] translate OK: va=0x0000129000 → ppn=0x0000229 L0 pte=0x000000000008a4cf
UVM_ERROR /home/st-wangjun/project/mmu_verification/mmu_verification/testbench/env/mmu_translation_sb.svh(238) @ 681000: uvm_test_top.m_env.m_translation_sb [mmu_translation_sb] [IFU] VA=0x0000129000: PA mismatch — ref.ppn=0x0000229  dut.pa=0x0000000
UVM_INFO /home/st-wangjun/project/mmu_verification/mmu_verification/testbench/env/mmu_ref_model.svh(371) @ 688000: uvm_test_top.m_env.m_ref [mmu_ref_model] translate OK: va=0x000012a000 → ppn=0x000022a L0 pte=0x000000000008a8cf
UVM_ERROR /home/st-wangjun/project/mmu_verification/mmu_verification/testbench/env/mmu_translation_sb.svh(238) @ 688000: uvm_test_top.m_env.m_translation_sb [mmu_translation_sb] [IFU] VA=0x000012a000: PA mismatch — ref.ppn=0x000022a  dut.pa=0x0000000
UVM_INFO /home/st-wangjun/project/mmu_verification/mmu_verification/testbench/env/mmu_ref_model.svh(371) @ 695000: uvm_test_top.m_env.m_ref [mmu_ref_model] translate OK: va=0x000012b000 → ppn=0x000022b L0 pte=0x000000000008accf
UVM_ERROR /home/st-wangjun/project/mmu_verification/mmu_verification/testbench/env/mmu_translation_sb.svh(238) @ 695000: uvm_test_top.m_env.m_translation_sb [mmu_translation_sb] [IFU] VA=0x000012b000: PA mismatch — ref.ppn=0x000022b  dut.pa=0x0000000
UVM_INFO /home/st-wangjun/project/mmu_verification/mmu_verification/testbench/env/mmu_ref_model.svh(371) @ 702000: uvm_test_top.m_env.m_ref [mmu_ref_model] translate OK: va=0x000012c000 → ppn=0x000022c L0 pte=0x000000000008b0cf
UVM_ERROR /home/st-wangjun/project/mmu_verification/mmu_verification/testbench/env/mmu_translation_sb.svh(238) @ 702000: uvm_test_top.m_env.m_translation_sb [mmu_translation_sb] [IFU] VA=0x000012c000: PA mismatch — ref.ppn=0x000022c  dut.pa=0x0000000
UVM_INFO /home/st-wangjun/project/mmu_verification/mmu_verification/testbench/env/mmu_ref_model.svh(371) @ 709000: uvm_test_top.m_env.m_ref [mmu_ref_model] translate OK: va=0x000012d000 → ppn=0x000022d L0 pte=0x000000000008b4cf
UVM_ERROR /home/st-wangjun/project/mmu_verification/mmu_verification/testbench/env/mmu_translation_sb.svh(238) @ 709000: uvm_test_top.m_env.m_translation_sb [mmu_translation_sb] [IFU] VA=0x000012d000: PA mismatch — ref.ppn=0x000022d  dut.pa=0x0000000
UVM_INFO /home/st-wangjun/project/mmu_verification/mmu_verification/testbench/env/mmu_ref_model.svh(371) @ 716000: uvm_test_top.m_env.m_ref [mmu_ref_model] translate OK: va=0x000012e000 → ppn=0x000022e L0 pte=0x000000000008b8cf
UVM_ERROR /home/st-wangjun/project/mmu_verification/mmu_verification/testbench/env/mmu_translation_sb.svh(238) @ 716000: uvm_test_top.m_env.m_translation_sb [mmu_translation_sb] [IFU] VA=0x000012e000: PA mismatch — ref.ppn=0x000022e  dut.pa=0x0000000
UVM_INFO /home/st-wangjun/project/mmu_verification/mmu_verification/testbench/env/mmu_ref_model.svh(371) @ 723000: uvm_test_top.m_env.m_ref [mmu_ref_model] translate OK: va=0x000012f000 → ppn=0x000022f L0 pte=0x000000000008bccf
UVM_ERROR /home/st-wangjun/project/mmu_verification/mmu_verification/testbench/env/mmu_translation_sb.svh(238) @ 723000: uvm_test_top.m_env.m_translation_sb [mmu_translation_sb] [IFU] VA=0x000012f000: PA mismatch — ref.ppn=0x000022f  dut.pa=0x0000000
UVM_INFO /home/st-wangjun/project/mmu_verification/mmu_verification/testbench/env/mmu_ref_model.svh(371) @ 730000: uvm_test_top.m_env.m_ref [mmu_ref_model] translate OK: va=0x0000130000 → ppn=0x0000230 L0 pte=0x000000000008c0cf
UVM_ERROR /home/st-wangjun/project/mmu_verification/mmu_verification/testbench/env/mmu_translation_sb.svh(238) @ 730000: uvm_test_top.m_env.m_translation_sb [mmu_translation_sb] [IFU] VA=0x0000130000: PA mismatch — ref.ppn=0x0000230  dut.pa=0x0000000
UVM_INFO /home/st-wangjun/project/mmu_verification/mmu_verification/testbench/env/mmu_ref_model.svh(371) @ 737000: uvm_test_top.m_env.m_ref [mmu_ref_model] translate OK: va=0x0000131000 → ppn=0x0000231 L0 pte=0x000000000008c4cf
UVM_ERROR /home/st-wangjun/project/mmu_verification/mmu_verification/testbench/env/mmu_translation_sb.svh(238) @ 737000: uvm_test_top.m_env.m_translation_sb [mmu_translation_sb] [IFU] VA=0x0000131000: PA mismatch — ref.ppn=0x0000231  dut.pa=0x0000000
UVM_INFO /home/st-wangjun/project/mmu_verification/mmu_verification/testbench/env/mmu_ref_model.svh(371) @ 744000: uvm_test_top.m_env.m_ref [mmu_ref_model] translate OK: va=0x0000132000 → ppn=0x0000232 L0 pte=0x000000000008c8cf
UVM_ERROR /home/st-wangjun/project/mmu_verification/mmu_verification/testbench/env/mmu_translation_sb.svh(238) @ 744000: uvm_test_top.m_env.m_translation_sb [mmu_translation_sb] [IFU] VA=0x0000132000: PA mismatch — ref.ppn=0x0000232  dut.pa=0x0000000
UVM_INFO /home/st-wangjun/project/mmu_verification/mmu_verification/testbench/env/mmu_ref_model.svh(371) @ 751000: uvm_test_top.m_env.m_ref [mmu_ref_model] translate OK: va=0x0000133000 → ppn=0x0000233 L0 pte=0x000000000008cccf
UVM_ERROR /home/st-wangjun/project/mmu_verification/mmu_verification/testbench/env/mmu_translation_sb.svh(238) @ 751000: uvm_test_top.m_env.m_translation_sb [mmu_translation_sb] [IFU] VA=0x0000133000: PA mismatch — ref.ppn=0x0000233  dut.pa=0x0000000
UVM_INFO /home/st-wangjun/project/mmu_verification/mmu_verification/testbench/env/mmu_ref_model.svh(371) @ 758000: uvm_test_top.m_env.m_ref [mmu_ref_model] translate OK: va=0x0000134000 → ppn=0x0000234 L0 pte=0x000000000008d0cf
UVM_ERROR /home/st-wangjun/project/mmu_verification/mmu_verification/testbench/env/mmu_translation_sb.svh(238) @ 758000: uvm_test_top.m_env.m_translation_sb [mmu_translation_sb] [IFU] VA=0x0000134000: PA mismatch — ref.ppn=0x0000234  dut.pa=0x0000000
UVM_INFO /home/st-wangjun/project/mmu_verification/mmu_verification/testbench/env/mmu_ref_model.svh(371) @ 765000: uvm_test_top.m_env.m_ref [mmu_ref_model] translate OK: va=0x0000135000 → ppn=0x0000235 L0 pte=0x000000000008d4cf
UVM_ERROR /home/st-wangjun/project/mmu_verification/mmu_verification/testbench/env/mmu_translation_sb.svh(238) @ 765000: uvm_test_top.m_env.m_translation_sb [mmu_translation_sb] [IFU] VA=0x0000135000: PA mismatch — ref.ppn=0x0000235  dut.pa=0x0000000
UVM_INFO /home/st-wangjun/project/mmu_verification/mmu_verification/testbench/env/mmu_ref_model.svh(371) @ 772000: uvm_test_top.m_env.m_ref [mmu_ref_model] translate OK: va=0x0000136000 → ppn=0x0000236 L0 pte=0x000000000008d8cf
UVM_ERROR /home/st-wangjun/project/mmu_verification/mmu_verification/testbench/env/mmu_translation_sb.svh(238) @ 772000: uvm_test_top.m_env.m_translation_sb [mmu_translation_sb] [IFU] VA=0x0000136000: PA mismatch — ref.ppn=0x0000236  dut.pa=0x0000000
UVM_INFO /home/st-wangjun/project/mmu_verification/mmu_verification/testbench/env/mmu_ref_model.svh(371) @ 779000: uvm_test_top.m_env.m_ref [mmu_ref_model] translate OK: va=0x0000137000 → ppn=0x0000237 L0 pte=0x000000000008dccf
UVM_ERROR /home/st-wangjun/project/mmu_verification/mmu_verification/testbench/env/mmu_translation_sb.svh(238) @ 779000: uvm_test_top.m_env.m_translation_sb [mmu_translation_sb] [IFU] VA=0x0000137000: PA mismatch — ref.ppn=0x0000237  dut.pa=0x0000000
UVM_INFO /home/st-wangjun/project/mmu_verification/mmu_verification/testbench/env/mmu_ref_model.svh(371) @ 786000: uvm_test_top.m_env.m_ref [mmu_ref_model] translate OK: va=0x0000138000 → ppn=0x0000238 L0 pte=0x000000000008e0cf
UVM_ERROR /home/st-wangjun/project/mmu_verification/mmu_verification/testbench/env/mmu_translation_sb.svh(238) @ 786000: uvm_test_top.m_env.m_translation_sb [mmu_translation_sb] [IFU] VA=0x0000138000: PA mismatch — ref.ppn=0x0000238  dut.pa=0x0000000
UVM_INFO /home/st-wangjun/project/mmu_verification/mmu_verification/testbench/env/mmu_ref_model.svh(371) @ 793000: uvm_test_top.m_env.m_ref [mmu_ref_model] translate OK: va=0x0000139000 → ppn=0x0000239 L0 pte=0x000000000008e4cf
UVM_ERROR /home/st-wangjun/project/mmu_verification/mmu_verification/testbench/env/mmu_translation_sb.svh(238) @ 793000: uvm_test_top.m_env.m_translation_sb [mmu_translation_sb] [IFU] VA=0x0000139000: PA mismatch — ref.ppn=0x0000239  dut.pa=0x0000000
UVM_INFO /home/st-wangjun/project/mmu_verification/mmu_verification/testbench/env/mmu_ref_model.svh(371) @ 800000: uvm_test_top.m_env.m_ref [mmu_ref_model] translate OK: va=0x000013a000 → ppn=0x000023a L0 pte=0x000000000008e8cf
UVM_ERROR /home/st-wangjun/project/mmu_verification/mmu_verification/testbench/env/mmu_translation_sb.svh(238) @ 800000: uvm_test_top.m_env.m_translation_sb [mmu_translation_sb] [IFU] VA=0x000013a000: PA mismatch — ref.ppn=0x000023a  dut.pa=0x0000000
UVM_INFO /home/st-wangjun/project/mmu_verification/mmu_verification/testbench/env/mmu_ref_model.svh(371) @ 807000: uvm_test_top.m_env.m_ref [mmu_ref_model] translate OK: va=0x000013b000 → ppn=0x000023b L0 pte=0x000000000008eccf
UVM_ERROR /home/st-wangjun/project/mmu_verification/mmu_verification/testbench/env/mmu_translation_sb.svh(238) @ 807000: uvm_test_top.m_env.m_translation_sb [mmu_translation_sb] [IFU] VA=0x000013b000: PA mismatch — ref.ppn=0x000023b  dut.pa=0x0000000
UVM_INFO /home/st-wangjun/project/mmu_verification/mmu_verification/testbench/env/mmu_ref_model.svh(371) @ 814000: uvm_test_top.m_env.m_ref [mmu_ref_model] translate OK: va=0x000013c000 → ppn=0x000023c L0 pte=0x000000000008f0cf
UVM_ERROR /home/st-wangjun/project/mmu_verification/mmu_verification/testbench/env/mmu_translation_sb.svh(238) @ 814000: uvm_test_top.m_env.m_translation_sb [mmu_translation_sb] [IFU] VA=0x000013c000: PA mismatch — ref.ppn=0x000023c  dut.pa=0x0000000
UVM_INFO /home/st-wangjun/project/mmu_verification/mmu_verification/testbench/env/mmu_ref_model.svh(371) @ 821000: uvm_test_top.m_env.m_ref [mmu_ref_model] translate OK: va=0x000013d000 → ppn=0x000023d L0 pte=0x000000000008f4cf
UVM_ERROR /home/st-wangjun/project/mmu_verification/mmu_verification/testbench/env/mmu_translation_sb.svh(238) @ 821000: uvm_test_top.m_env.m_translation_sb [mmu_translation_sb] [IFU] VA=0x000013d000: PA mismatch — ref.ppn=0x000023d  dut.pa=0x0000000
UVM_INFO /home/st-wangjun/project/mmu_verification/mmu_verification/testbench/env/mmu_ref_model.svh(371) @ 828000: uvm_test_top.m_env.m_ref [mmu_ref_model] translate OK: va=0x000013e000 → ppn=0x000023e L0 pte=0x000000000008f8cf
UVM_ERROR /home/st-wangjun/project/mmu_verification/mmu_verification/testbench/env/mmu_translation_sb.svh(238) @ 828000: uvm_test_top.m_env.m_translation_sb [mmu_translation_sb] [IFU] VA=0x000013e000: PA mismatch — ref.ppn=0x000023e  dut.pa=0x0000000
UVM_INFO /home/st-wangjun/project/mmu_verification/mmu_verification/testbench/env/mmu_ref_model.svh(371) @ 835000: uvm_test_top.m_env.m_ref [mmu_ref_model] translate OK: va=0x000013f000 → ppn=0x000023f L0 pte=0x000000000008fccf
UVM_ERROR /home/st-wangjun/project/mmu_verification/mmu_verification/testbench/env/mmu_translation_sb.svh(238) @ 835000: uvm_test_top.m_env.m_translation_sb [mmu_translation_sb] [IFU] VA=0x000013f000: PA mismatch — ref.ppn=0x000023f  dut.pa=0x0000000
UVM_INFO /home/st-wangjun/project/mmu_verification/mmu_verification/testbench/env/mmu_ref_model.svh(371) @ 842000: uvm_test_top.m_env.m_ref [mmu_ref_model] translate OK: va=0x0000140000 → ppn=0x0000240 L0 pte=0x00000000000900cf
UVM_ERROR /home/st-wangjun/project/mmu_verification/mmu_verification/testbench/env/mmu_translation_sb.svh(238) @ 842000: uvm_test_top.m_env.m_translation_sb [mmu_translation_sb] [IFU] VA=0x0000140000: PA mismatch — ref.ppn=0x0000240  dut.pa=0x0000000
UVM_INFO /home/st-wangjun/project/mmu_verification/mmu_verification/testbench/env/mmu_ref_model.svh(371) @ 849000: uvm_test_top.m_env.m_ref [mmu_ref_model] translate OK: va=0x0000141000 → ppn=0x0000241 L0 pte=0x00000000000904cf
UVM_ERROR /home/st-wangjun/project/mmu_verification/mmu_verification/testbench/env/mmu_translation_sb.svh(238) @ 849000: uvm_test_top.m_env.m_translation_sb [mmu_translation_sb] [IFU] VA=0x0000141000: PA mismatch — ref.ppn=0x0000241  dut.pa=0x0000000
UVM_INFO /home/st-wangjun/project/mmu_verification/mmu_verification/testbench/env/mmu_ref_model.svh(371) @ 856000: uvm_test_top.m_env.m_ref [mmu_ref_model] translate OK: va=0x0000142000 → ppn=0x0000242 L0 pte=0x00000000000908cf
UVM_ERROR /home/st-wangjun/project/mmu_verification/mmu_verification/testbench/env/mmu_translation_sb.svh(238) @ 856000: uvm_test_top.m_env.m_translation_sb [mmu_translation_sb] [IFU] VA=0x0000142000: PA mismatch — ref.ppn=0x0000242  dut.pa=0x0000000
UVM_INFO /home/st-wangjun/project/mmu_verification/mmu_verification/testbench/env/mmu_ref_model.svh(371) @ 863000: uvm_test_top.m_env.m_ref [mmu_ref_model] translate OK: va=0x0000143000 → ppn=0x0000243 L0 pte=0x0000000000090ccf
UVM_ERROR /home/st-wangjun/project/mmu_verification/mmu_verification/testbench/env/mmu_translation_sb.svh(238) @ 863000: uvm_test_top.m_env.m_translation_sb [mmu_translation_sb] [IFU] VA=0x0000143000: PA mismatch — ref.ppn=0x0000243  dut.pa=0x0000000
UVM_INFO /home/st-wangjun/project/mmu_verification/mmu_verification/testbench/env/mmu_ref_model.svh(371) @ 870000: uvm_test_top.m_env.m_ref [mmu_ref_model] translate OK: va=0x0000144000 → ppn=0x0000244 L0 pte=0x00000000000910cf
UVM_ERROR /home/st-wangjun/project/mmu_verification/mmu_verification/testbench/env/mmu_translation_sb.svh(238) @ 870000: uvm_test_top.m_env.m_translation_sb [mmu_translation_sb] [IFU] VA=0x0000144000: PA mismatch — ref.ppn=0x0000244  dut.pa=0x0000000
UVM_INFO /home/st-wangjun/project/mmu_verification/mmu_verification/testbench/env/mmu_ref_model.svh(371) @ 877000: uvm_test_top.m_env.m_ref [mmu_ref_model] translate OK: va=0x0000145000 → ppn=0x0000245 L0 pte=0x00000000000914cf
UVM_ERROR /home/st-wangjun/project/mmu_verification/mmu_verification/testbench/env/mmu_translation_sb.svh(238) @ 877000: uvm_test_top.m_env.m_translation_sb [mmu_translation_sb] [IFU] VA=0x0000145000: PA mismatch — ref.ppn=0x0000245  dut.pa=0x0000000
UVM_INFO /home/st-wangjun/project/mmu_verification/mmu_verification/testbench/env/mmu_ref_model.svh(371) @ 884000: uvm_test_top.m_env.m_ref [mmu_ref_model] translate OK: va=0x0000146000 → ppn=0x0000246 L0 pte=0x00000000000918cf
UVM_ERROR /home/st-wangjun/project/mmu_verification/mmu_verification/testbench/env/mmu_translation_sb.svh(238) @ 884000: uvm_test_top.m_env.m_translation_sb [mmu_translation_sb] [IFU] VA=0x0000146000: PA mismatch — ref.ppn=0x0000246  dut.pa=0x0000000
UVM_INFO /home/st-wangjun/project/mmu_verification/mmu_verification/testbench/env/mmu_ref_model.svh(371) @ 891000: uvm_test_top.m_env.m_ref [mmu_ref_model] translate OK: va=0x0000147000 → ppn=0x0000247 L0 pte=0x0000000000091ccf
UVM_ERROR /home/st-wangjun/project/mmu_verification/mmu_verification/testbench/env/mmu_translation_sb.svh(238) @ 891000: uvm_test_top.m_env.m_translation_sb [mmu_translation_sb] [IFU] VA=0x0000147000: PA mismatch — ref.ppn=0x0000247  dut.pa=0x0000000
UVM_INFO /home/st-wangjun/project/mmu_verification/mmu_verification/testbench/env/mmu_ref_model.svh(371) @ 898000: uvm_test_top.m_env.m_ref [mmu_ref_model] translate OK: va=0x0000148000 → ppn=0x0000248 L0 pte=0x00000000000920cf
UVM_ERROR /home/st-wangjun/project/mmu_verification/mmu_verification/testbench/env/mmu_translation_sb.svh(238) @ 898000: uvm_test_top.m_env.m_translation_sb [mmu_translation_sb] [IFU] VA=0x0000148000: PA mismatch — ref.ppn=0x0000248  dut.pa=0x0000000
UVM_INFO /home/st-wangjun/project/mmu_verification/mmu_verification/testbench/env/mmu_ref_model.svh(371) @ 905000: uvm_test_top.m_env.m_ref [mmu_ref_model] translate OK: va=0x0000149000 → ppn=0x0000249 L0 pte=0x00000000000924cf
UVM_ERROR /home/st-wangjun/project/mmu_verification/mmu_verification/testbench/env/mmu_translation_sb.svh(238) @ 905000: uvm_test_top.m_env.m_translation_sb [mmu_translation_sb] [IFU] VA=0x0000149000: PA mismatch — ref.ppn=0x0000249  dut.pa=0x0000000
UVM_INFO /home/st-wangjun/project/mmu_verification/mmu_verification/testbench/env/mmu_ref_model.svh(371) @ 912000: uvm_test_top.m_env.m_ref [mmu_ref_model] translate OK: va=0x000014a000 → ppn=0x000024a L0 pte=0x00000000000928cf
UVM_ERROR /home/st-wangjun/project/mmu_verification/mmu_verification/testbench/env/mmu_translation_sb.svh(238) @ 912000: uvm_test_top.m_env.m_translation_sb [mmu_translation_sb] [IFU] VA=0x000014a000: PA mismatch — ref.ppn=0x000024a  dut.pa=0x0000000
UVM_INFO /home/st-wangjun/project/mmu_verification/mmu_verification/testbench/env/mmu_ref_model.svh(371) @ 919000: uvm_test_top.m_env.m_ref [mmu_ref_model] translate OK: va=0x000014b000 → ppn=0x000024b L0 pte=0x0000000000092ccf
UVM_ERROR /home/st-wangjun/project/mmu_verification/mmu_verification/testbench/env/mmu_translation_sb.svh(238) @ 919000: uvm_test_top.m_env.m_translation_sb [mmu_translation_sb] [IFU] VA=0x000014b000: PA mismatch — ref.ppn=0x000024b  dut.pa=0x0000000
UVM_INFO /home/st-wangjun/project/mmu_verification/mmu_verification/testbench/env/mmu_ref_model.svh(371) @ 926000: uvm_test_top.m_env.m_ref [mmu_ref_model] translate OK: va=0x000014c000 → ppn=0x000024c L0 pte=0x00000000000930cf
UVM_ERROR /home/st-wangjun/project/mmu_verification/mmu_verification/testbench/env/mmu_translation_sb.svh(238) @ 926000: uvm_test_top.m_env.m_translation_sb [mmu_translation_sb] [IFU] VA=0x000014c000: PA mismatch — ref.ppn=0x000024c  dut.pa=0x0000000
UVM_INFO /home/st-wangjun/project/mmu_verification/mmu_verification/testbench/env/mmu_ref_model.svh(371) @ 933000: uvm_test_top.m_env.m_ref [mmu_ref_model] translate OK: va=0x000014d000 → ppn=0x000024d L0 pte=0x00000000000934cf
UVM_ERROR /home/st-wangjun/project/mmu_verification/mmu_verification/testbench/env/mmu_translation_sb.svh(238) @ 933000: uvm_test_top.m_env.m_translation_sb [mmu_translation_sb] [IFU] VA=0x000014d000: PA mismatch — ref.ppn=0x000024d  dut.pa=0x0000000
UVM_INFO /home/st-wangjun/project/mmu_verification/mmu_verification/testbench/env/mmu_ref_model.svh(371) @ 940000: uvm_test_top.m_env.m_ref [mmu_ref_model] translate OK: va=0x000014e000 → ppn=0x000024e L0 pte=0x00000000000938cf
UVM_ERROR /home/st-wangjun/project/mmu_verification/mmu_verification/testbench/env/mmu_translation_sb.svh(238) @ 940000: uvm_test_top.m_env.m_translation_sb [mmu_translation_sb] [IFU] VA=0x000014e000: PA mismatch — ref.ppn=0x000024e  dut.pa=0x0000000
UVM_INFO /home/st-wangjun/project/mmu_verification/mmu_verification/testbench/env/mmu_ref_model.svh(371) @ 947000: uvm_test_top.m_env.m_ref [mmu_ref_model] translate OK: va=0x000014f000 → ppn=0x000024f L0 pte=0x0000000000093ccf
UVM_ERROR /home/st-wangjun/project/mmu_verification/mmu_verification/testbench/env/mmu_translation_sb.svh(238) @ 947000: uvm_test_top.m_env.m_translation_sb [mmu_translation_sb] [IFU] VA=0x000014f000: PA mismatch — ref.ppn=0x000024f  dut.pa=0x0000000
UVM_INFO /home/st-wangjun/project/mmu_verification/mmu_verification/testbench/env/mmu_ref_model.svh(371) @ 954000: uvm_test_top.m_env.m_ref [mmu_ref_model] translate OK: va=0x0000150000 → ppn=0x0000250 L0 pte=0x00000000000940cf
UVM_ERROR /home/st-wangjun/project/mmu_verification/mmu_verification/testbench/env/mmu_translation_sb.svh(238) @ 954000: uvm_test_top.m_env.m_translation_sb [mmu_translation_sb] [IFU] VA=0x0000150000: PA mismatch — ref.ppn=0x0000250  dut.pa=0x0000000
UVM_INFO /home/st-wangjun/project/mmu_verification/mmu_verification/testbench/env/mmu_ref_model.svh(371) @ 961000: uvm_test_top.m_env.m_ref [mmu_ref_model] translate OK: va=0x0000151000 → ppn=0x0000251 L0 pte=0x00000000000944cf
UVM_ERROR /home/st-wangjun/project/mmu_verification/mmu_verification/testbench/env/mmu_translation_sb.svh(238) @ 961000: uvm_test_top.m_env.m_translation_sb [mmu_translation_sb] [IFU] VA=0x0000151000: PA mismatch — ref.ppn=0x0000251  dut.pa=0x0000000
UVM_INFO /home/st-wangjun/project/mmu_verification/mmu_verification/testbench/env/mmu_ref_model.svh(371) @ 968000: uvm_test_top.m_env.m_ref [mmu_ref_model] translate OK: va=0x0000152000 → ppn=0x0000252 L0 pte=0x00000000000948cf
UVM_ERROR /home/st-wangjun/project/mmu_verification/mmu_verification/testbench/env/mmu_translation_sb.svh(238) @ 968000: uvm_test_top.m_env.m_translation_sb [mmu_translation_sb] [IFU] VA=0x0000152000: PA mismatch — ref.ppn=0x0000252  dut.pa=0x0000000
UVM_INFO /home/st-wangjun/project/mmu_verification/mmu_verification/testbench/env/mmu_ref_model.svh(371) @ 975000: uvm_test_top.m_env.m_ref [mmu_ref_model] translate OK: va=0x0000153000 → ppn=0x0000253 L0 pte=0x0000000000094ccf
UVM_ERROR /home/st-wangjun/project/mmu_verification/mmu_verification/testbench/env/mmu_translation_sb.svh(238) @ 975000: uvm_test_top.m_env.m_translation_sb [mmu_translation_sb] [IFU] VA=0x0000153000: PA mismatch — ref.ppn=0x0000253  dut.pa=0x0000000
UVM_INFO /home/st-wangjun/project/mmu_verification/mmu_verification/testbench/env/mmu_ref_model.svh(371) @ 982000: uvm_test_top.m_env.m_ref [mmu_ref_model] translate OK: va=0x0000154000 → ppn=0x0000254 L0 pte=0x00000000000950cf
UVM_ERROR /home/st-wangjun/project/mmu_verification/mmu_verification/testbench/env/mmu_translation_sb.svh(238) @ 982000: uvm_test_top.m_env.m_translation_sb [mmu_translation_sb] [IFU] VA=0x0000154000: PA mismatch — ref.ppn=0x0000254  dut.pa=0x0000000
UVM_INFO /home/st-wangjun/project/mmu_verification/mmu_verification/testbench/env/mmu_ref_model.svh(371) @ 989000: uvm_test_top.m_env.m_ref [mmu_ref_model] translate OK: va=0x0000155000 → ppn=0x0000255 L0 pte=0x00000000000954cf
UVM_ERROR /home/st-wangjun/project/mmu_verification/mmu_verification/testbench/env/mmu_translation_sb.svh(238) @ 989000: uvm_test_top.m_env.m_translation_sb [mmu_translation_sb] [IFU] VA=0x0000155000: PA mismatch — ref.ppn=0x0000255  dut.pa=0x0000000
UVM_INFO /home/st-wangjun/project/mmu_verification/mmu_verification/testbench/env/mmu_ref_model.svh(371) @ 996000: uvm_test_top.m_env.m_ref [mmu_ref_model] translate OK: va=0x0000156000 → ppn=0x0000256 L0 pte=0x00000000000958cf
UVM_ERROR /home/st-wangjun/project/mmu_verification/mmu_verification/testbench/env/mmu_translation_sb.svh(238) @ 996000: uvm_test_top.m_env.m_translation_sb [mmu_translation_sb] [IFU] VA=0x0000156000: PA mismatch — ref.ppn=0x0000256  dut.pa=0x0000000
UVM_INFO /home/st-wangjun/project/mmu_verification/mmu_verification/testbench/env/mmu_ref_model.svh(371) @ 1003000: uvm_test_top.m_env.m_ref [mmu_ref_model] translate OK: va=0x0000157000 → ppn=0x0000257 L0 pte=0x0000000000095ccf
UVM_ERROR /home/st-wangjun/project/mmu_verification/mmu_verification/testbench/env/mmu_translation_sb.svh(238) @ 1003000: uvm_test_top.m_env.m_translation_sb [mmu_translation_sb] [IFU] VA=0x0000157000: PA mismatch — ref.ppn=0x0000257  dut.pa=0x0000000
UVM_INFO /home/st-wangjun/project/mmu_verification/mmu_verification/testbench/env/mmu_ref_model.svh(371) @ 1010000: uvm_test_top.m_env.m_ref [mmu_ref_model] translate OK: va=0x0000158000 → ppn=0x0000258 L0 pte=0x00000000000960cf
UVM_ERROR /home/st-wangjun/project/mmu_verification/mmu_verification/testbench/env/mmu_translation_sb.svh(238) @ 1010000: uvm_test_top.m_env.m_translation_sb [mmu_translation_sb] [IFU] VA=0x0000158000: PA mismatch — ref.ppn=0x0000258  dut.pa=0x0000000
UVM_INFO /home/st-wangjun/project/mmu_verification/mmu_verification/testbench/env/mmu_ref_model.svh(371) @ 1017000: uvm_test_top.m_env.m_ref [mmu_ref_model] translate OK: va=0x0000159000 → ppn=0x0000259 L0 pte=0x00000000000964cf
UVM_ERROR /home/st-wangjun/project/mmu_verification/mmu_verification/testbench/env/mmu_translation_sb.svh(238) @ 1017000: uvm_test_top.m_env.m_translation_sb [mmu_translation_sb] [IFU] VA=0x0000159000: PA mismatch — ref.ppn=0x0000259  dut.pa=0x0000000
UVM_INFO /home/st-wangjun/project/mmu_verification/mmu_verification/testbench/env/mmu_ref_model.svh(371) @ 1024000: uvm_test_top.m_env.m_ref [mmu_ref_model] translate OK: va=0x000015a000 → ppn=0x000025a L0 pte=0x00000000000968cf
UVM_ERROR /home/st-wangjun/project/mmu_verification/mmu_verification/testbench/env/mmu_translation_sb.svh(238) @ 1024000: uvm_test_top.m_env.m_translation_sb [mmu_translation_sb] [IFU] VA=0x000015a000: PA mismatch — ref.ppn=0x000025a  dut.pa=0x0000000
UVM_INFO /home/st-wangjun/project/mmu_verification/mmu_verification/testbench/env/mmu_ref_model.svh(371) @ 1031000: uvm_test_top.m_env.m_ref [mmu_ref_model] translate OK: va=0x000015b000 → ppn=0x000025b L0 pte=0x0000000000096ccf
UVM_ERROR /home/st-wangjun/project/mmu_verification/mmu_verification/testbench/env/mmu_translation_sb.svh(238) @ 1031000: uvm_test_top.m_env.m_translation_sb [mmu_translation_sb] [IFU] VA=0x000015b000: PA mismatch — ref.ppn=0x000025b  dut.pa=0x0000000
UVM_INFO /home/st-wangjun/project/mmu_verification/mmu_verification/testbench/env/mmu_ref_model.svh(371) @ 1038000: uvm_test_top.m_env.m_ref [mmu_ref_model] translate OK: va=0x000015c000 → ppn=0x000025c L0 pte=0x00000000000970cf
UVM_ERROR /home/st-wangjun/project/mmu_verification/mmu_verification/testbench/env/mmu_translation_sb.svh(238) @ 1038000: uvm_test_top.m_env.m_translation_sb [mmu_translation_sb] [IFU] VA=0x000015c000: PA mismatch — ref.ppn=0x000025c  dut.pa=0x0000000
UVM_INFO /home/st-wangjun/project/mmu_verification/mmu_verification/testbench/env/mmu_ref_model.svh(371) @ 1045000: uvm_test_top.m_env.m_ref [mmu_ref_model] translate OK: va=0x000015d000 → ppn=0x000025d L0 pte=0x00000000000974cf
UVM_ERROR /home/st-wangjun/project/mmu_verification/mmu_verification/testbench/env/mmu_translation_sb.svh(238) @ 1045000: uvm_test_top.m_env.m_translation_sb [mmu_translation_sb] [IFU] VA=0x000015d000: PA mismatch — ref.ppn=0x000025d  dut.pa=0x0000000
UVM_INFO /home/st-wangjun/project/mmu_verification/mmu_verification/testbench/env/mmu_ref_model.svh(371) @ 1052000: uvm_test_top.m_env.m_ref [mmu_ref_model] translate OK: va=0x000015e000 → ppn=0x000025e L0 pte=0x00000000000978cf
UVM_ERROR /home/st-wangjun/project/mmu_verification/mmu_verification/testbench/env/mmu_translation_sb.svh(238) @ 1052000: uvm_test_top.m_env.m_translation_sb [mmu_translation_sb] [IFU] VA=0x000015e000: PA mismatch — ref.ppn=0x000025e  dut.pa=0x0000000
UVM_INFO /home/st-wangjun/project/mmu_verification/mmu_verification/testbench/env/mmu_ref_model.svh(371) @ 1059000: uvm_test_top.m_env.m_ref [mmu_ref_model] translate OK: va=0x000015f000 → ppn=0x000025f L0 pte=0x0000000000097ccf
UVM_ERROR /home/st-wangjun/project/mmu_verification/mmu_verification/testbench/env/mmu_translation_sb.svh(238) @ 1059000: uvm_test_top.m_env.m_translation_sb [mmu_translation_sb] [IFU] VA=0x000015f000: PA mismatch — ref.ppn=0x000025f  dut.pa=0x0000000
UVM_INFO /home/st-wangjun/project/mmu_verification/mmu_verification/testbench/env/mmu_ref_model.svh(371) @ 1066000: uvm_test_top.m_env.m_ref [mmu_ref_model] translate OK: va=0x0000160000 → ppn=0x0000260 L0 pte=0x00000000000980cf
UVM_ERROR /home/st-wangjun/project/mmu_verification/mmu_verification/testbench/env/mmu_translation_sb.svh(238) @ 1066000: uvm_test_top.m_env.m_translation_sb [mmu_translation_sb] [IFU] VA=0x0000160000: PA mismatch — ref.ppn=0x0000260  dut.pa=0x0000000
UVM_INFO /home/st-wangjun/project/mmu_verification/mmu_verification/testbench/env/mmu_ref_model.svh(371) @ 1073000: uvm_test_top.m_env.m_ref [mmu_ref_model] translate OK: va=0x0000161000 → ppn=0x0000261 L0 pte=0x00000000000984cf
UVM_ERROR /home/st-wangjun/project/mmu_verification/mmu_verification/testbench/env/mmu_translation_sb.svh(238) @ 1073000: uvm_test_top.m_env.m_translation_sb [mmu_translation_sb] [IFU] VA=0x0000161000: PA mismatch — ref.ppn=0x0000261  dut.pa=0x0000000
UVM_INFO /home/st-wangjun/project/mmu_verification/mmu_verification/testbench/env/mmu_ref_model.svh(371) @ 1080000: uvm_test_top.m_env.m_ref [mmu_ref_model] translate OK: va=0x0000162000 → ppn=0x0000262 L0 pte=0x00000000000988cf
UVM_ERROR /home/st-wangjun/project/mmu_verification/mmu_verification/testbench/env/mmu_translation_sb.svh(238) @ 1080000: uvm_test_top.m_env.m_translation_sb [mmu_translation_sb] [IFU] VA=0x0000162000: PA mismatch — ref.ppn=0x0000262  dut.pa=0x0000000
UVM_INFO /home/st-wangjun/project/mmu_verification/mmu_verification/testbench/env/mmu_ref_model.svh(371) @ 1087000: uvm_test_top.m_env.m_ref [mmu_ref_model] translate OK: va=0x0000163000 → ppn=0x0000263 L0 pte=0x0000000000098ccf
UVM_ERROR /home/st-wangjun/project/mmu_verification/mmu_verification/testbench/env/mmu_translation_sb.svh(238) @ 1087000: uvm_test_top.m_env.m_translation_sb [mmu_translation_sb] [IFU] VA=0x0000163000: PA mismatch — ref.ppn=0x0000263  dut.pa=0x0000000
UVM_INFO /home/st-wangjun/project/mmu_verification/mmu_verification/testbench/test/basic_tests/test_mmu_translation_sanity.svh(316) @ 1088000: uvm_test_top [test_mmu_translation_sanity] Step 4 done: 100 IFU transactions issued
UVM_INFO /home/st-wangjun/project/mmu_verification/mmu_verification/testbench/test/basic_tests/test_mmu_translation_sanity.svh(320) @ 1088000: uvm_test_top [test_mmu_translation_sanity] Step 5: LSU pipe0 load sequence (100 txns)
UVM_INFO /home/st-wangjun/project/mmu_verification/mmu_verification/testbench/test/basic_tests/test_mmu_translation_sanity.svh(330) @ 1088000: uvm_test_top [test_mmu_translation_sanity] Step 5 done: 100 LSU pipe0 transactions issued
UVM_INFO /home/st-wangjun/project/mmu_verification/mmu_verification/testbench/test/basic_tests/test_mmu_translation_sanity.svh(334) @ 1088000: uvm_test_top [test_mmu_translation_sanity] Step 6: LSU pipe1 store sequence (20 txns)
UVM_INFO /home/st-wangjun/project/mmu_verification/mmu_verification/testbench/test/basic_tests/test_mmu_translation_sanity.svh(344) @ 1088000: uvm_test_top [test_mmu_translation_sanity] Step 6 done: 20 LSU pipe1 transactions issued
UVM_INFO /home/st-wangjun/project/mmu_verification/mmu_verification/testbench/test/basic_tests/test_mmu_translation_sanity.svh(350) @ 1088000: uvm_test_top [test_mmu_translation_sanity] Step 7: LSU pipe2 prefetch (20 txns, count-only in SB)
UVM_INFO /home/st-wangjun/project/mmu_verification/mmu_verification/testbench/test/basic_tests/test_mmu_translation_sanity.svh(355) @ 1088000: uvm_test_top [test_mmu_translation_sanity] Step 7 done: 20 pipe2 prefetch transactions issued
UVM_INFO /home/st-wangjun/project/mmu_verification/mmu_verification/testbench/test/basic_tests/test_mmu_translation_sanity.svh(361) @ 1088000: uvm_test_top [test_mmu_translation_sanity] Step 8: LSU STAMO PA-check (20 txns)
UVM_INFO /home/st-wangjun/project/mmu_verification/mmu_verification/testbench/test/basic_tests/test_mmu_translation_sanity.svh(366) @ 1088000: uvm_test_top [test_mmu_translation_sanity] Step 8 done: 20 STAMO transactions issued
UVM_INFO /home/st-wangjun/project/mmu_verification/mmu_verification/testbench/test/basic_tests/test_mmu_translation_sanity.svh(373) @ 1088000: uvm_test_top [test_mmu_translation_sanity] Step 9: Waiting 500000 ns for PTW miss paths to settle...
UVM_INFO /home/st-wangjun/project/mmu_verification/mmu_verification/testbench/env/mmu_translation_sb.svh(164) @ 1096000: uvm_test_top.m_env.m_translation_sb [mmu_translation_sb] write_lsu_p2: va2==0 (no req/rsp VA correlation yet) — count only
UVM_INFO /home/st-wangjun/project/mmu_verification/mmu_verification/testbench/env/mmu_ref_model.svh(371) @ 1098000: uvm_test_top.m_env.m_ref [mmu_ref_model] translate OK: va=0x0000100000 → ppn=0x0000200 L0 pte=0x00000000000800cf
UVM_ERROR /home/st-wangjun/project/mmu_verification/mmu_verification/testbench/env/mmu_translation_sb.svh(238) @ 1098000: uvm_test_top.m_env.m_translation_sb [mmu_translation_sb] [LSU_P0] VA=0x0000100000: PA mismatch — ref.ppn=0x0000200  dut.pa=0x0000100
UVM_INFO /home/st-wangjun/project/mmu_verification/mmu_verification/testbench/env/mmu_translation_sb.svh(164) @ 1101000: uvm_test_top.m_env.m_translation_sb [mmu_translation_sb] write_lsu_p2: va2==0 (no req/rsp VA correlation yet) — count only
UVM_INFO /home/st-wangjun/project/mmu_verification/mmu_verification/testbench/env/mmu_translation_sb.svh(164) @ 1106000: uvm_test_top.m_env.m_translation_sb [mmu_translation_sb] write_lsu_p2: va2==0 (no req/rsp VA correlation yet) — count only
UVM_INFO /home/st-wangjun/project/mmu_verification/mmu_verification/testbench/env/mmu_translation_sb.svh(164) @ 1113000: uvm_test_top.m_env.m_translation_sb [mmu_translation_sb] write_lsu_p2: va2==0 (no req/rsp VA correlation yet) — count only
UVM_INFO /home/st-wangjun/project/mmu_verification/mmu_verification/testbench/env/mmu_translation_sb.svh(164) @ 1115000: uvm_test_top.m_env.m_translation_sb [mmu_translation_sb] write_lsu_p2: va2==0 (no req/rsp VA correlation yet) — count only
UVM_INFO /home/st-wangjun/project/mmu_verification/mmu_verification/testbench/env/mmu_ref_model.svh(371) @ 1117000: uvm_test_top.m_env.m_ref [mmu_ref_model] translate OK: va=0x0000101000 → ppn=0x0000201 L0 pte=0x00000000000804cf
UVM_ERROR /home/st-wangjun/project/mmu_verification/mmu_verification/testbench/env/mmu_translation_sb.svh(238) @ 1117000: uvm_test_top.m_env.m_translation_sb [mmu_translation_sb] [LSU_P0] VA=0x0000101000: PA mismatch — ref.ppn=0x0000201  dut.pa=0x0000101
UVM_INFO /home/st-wangjun/project/mmu_verification/mmu_verification/testbench/env/mmu_translation_sb.svh(164) @ 1119000: uvm_test_top.m_env.m_translation_sb [mmu_translation_sb] write_lsu_p2: va2==0 (no req/rsp VA correlation yet) — count only
UVM_INFO /home/st-wangjun/project/mmu_verification/mmu_verification/testbench/env/mmu_translation_sb.svh(164) @ 1123000: uvm_test_top.m_env.m_translation_sb [mmu_translation_sb] write_lsu_p2: va2==0 (no req/rsp VA correlation yet) — count only
UVM_INFO /home/st-wangjun/project/mmu_verification/mmu_verification/testbench/env/mmu_translation_sb.svh(164) @ 1126000: uvm_test_top.m_env.m_translation_sb [mmu_translation_sb] write_lsu_p2: va2==0 (no req/rsp VA correlation yet) — count only
UVM_INFO /home/st-wangjun/project/mmu_verification/mmu_verification/testbench/env/mmu_translation_sb.svh(164) @ 1131000: uvm_test_top.m_env.m_translation_sb [mmu_translation_sb] write_lsu_p2: va2==0 (no req/rsp VA correlation yet) — count only
UVM_INFO /home/st-wangjun/project/mmu_verification/mmu_verification/testbench/env/mmu_translation_sb.svh(164) @ 1135000: uvm_test_top.m_env.m_translation_sb [mmu_translation_sb] write_lsu_p2: va2==0 (no req/rsp VA correlation yet) — count only
UVM_INFO /home/st-wangjun/project/mmu_verification/mmu_verification/testbench/env/mmu_translation_sb.svh(164) @ 1138000: uvm_test_top.m_env.m_translation_sb [mmu_translation_sb] write_lsu_p2: va2==0 (no req/rsp VA correlation yet) — count only
UVM_INFO /home/st-wangjun/project/mmu_verification/mmu_verification/testbench/env/mmu_translation_sb.svh(164) @ 1140000: uvm_test_top.m_env.m_translation_sb [mmu_translation_sb] write_lsu_p2: va2==0 (no req/rsp VA correlation yet) — count only
UVM_INFO /home/st-wangjun/project/mmu_verification/mmu_verification/testbench/env/mmu_translation_sb.svh(164) @ 1144000: uvm_test_top.m_env.m_translation_sb [mmu_translation_sb] write_lsu_p2: va2==0 (no req/rsp VA correlation yet) — count only
UVM_INFO /home/st-wangjun/project/mmu_verification/mmu_verification/testbench/env/mmu_translation_sb.svh(164) @ 1149000: uvm_test_top.m_env.m_translation_sb [mmu_translation_sb] write_lsu_p2: va2==0 (no req/rsp VA correlation yet) — count only
UVM_INFO /home/st-wangjun/project/mmu_verification/mmu_verification/testbench/env/mmu_translation_sb.svh(164) @ 1152000: uvm_test_top.m_env.m_translation_sb [mmu_translation_sb] write_lsu_p2: va2==0 (no req/rsp VA correlation yet) — count only
UVM_INFO /home/st-wangjun/project/mmu_verification/mmu_verification/testbench/env/mmu_translation_sb.svh(164) @ 1157000: uvm_test_top.m_env.m_translation_sb [mmu_translation_sb] write_lsu_p2: va2==0 (no req/rsp VA correlation yet) — count only
UVM_INFO /home/st-wangjun/project/mmu_verification/mmu_verification/testbench/env/mmu_translation_sb.svh(164) @ 1160000: uvm_test_top.m_env.m_translation_sb [mmu_translation_sb] write_lsu_p2: va2==0 (no req/rsp VA correlation yet) — count only
UVM_INFO /home/st-wangjun/project/mmu_verification/mmu_verification/testbench/env/mmu_translation_sb.svh(164) @ 1164000: uvm_test_top.m_env.m_translation_sb [mmu_translation_sb] write_lsu_p2: va2==0 (no req/rsp VA correlation yet) — count only
UVM_INFO /home/st-wangjun/project/mmu_verification/mmu_verification/testbench/env/mmu_translation_sb.svh(164) @ 1167000: uvm_test_top.m_env.m_translation_sb [mmu_translation_sb] write_lsu_p2: va2==0 (no req/rsp VA correlation yet) — count only
UVM_WARNING /home/st-wangjun/project/mmu_verification/mmu_verification/testbench/lsu_agent/lsu_driver.svh(188) @ 5091000: uvm_test_top.m_env.m_lsu.m_driver [lsu_driver] Pipe1 response timeout: va=0x0000000000100000 id=11
UVM_WARNING /home/st-wangjun/project/mmu_verification/mmu_verification/testbench/lsu_agent/lsu_driver.svh(145) @ 5119000: uvm_test_top.m_env.m_lsu.m_driver [lsu_driver] Pipe0 response timeout: va=0x0000000000102000 id=15
UVM_INFO /home/st-wangjun/project/mmu_verification/mmu_verification/testbench/env/mmu_ref_model.svh(371) @ 5135000: uvm_test_top.m_env.m_ref [mmu_ref_model] translate OK: va=0x0000102000 → ppn=0x0000202 L0 pte=0x00000000000808cf
UVM_ERROR /home/st-wangjun/project/mmu_verification/mmu_verification/testbench/env/mmu_translation_sb.svh(238) @ 5135000: uvm_test_top.m_env.m_translation_sb [mmu_translation_sb] [LSU_P0] VA=0x0000102000: PA mismatch — ref.ppn=0x0000202  dut.pa=0x0000103
UVM_WARNING /home/st-wangjun/project/mmu_verification/mmu_verification/testbench/lsu_agent/lsu_driver.svh(188) @ 9093000: uvm_test_top.m_env.m_lsu.m_driver [lsu_driver] Pipe1 response timeout: va=0x0000000000101000 id=6
UVM_WARNING /home/st-wangjun/project/mmu_verification/mmu_verification/testbench/lsu_agent/lsu_driver.svh(145) @ 9137000: uvm_test_top.m_env.m_lsu.m_driver [lsu_driver] Pipe0 response timeout: va=0x0000000000104000 id=0
UVM_WARNING /home/st-wangjun/project/mmu_verification/mmu_verification/testbench/lsu_agent/lsu_driver.svh(188) @ 13097000: uvm_test_top.m_env.m_lsu.m_driver [lsu_driver] Pipe1 response timeout: va=0x0000000000102000 id=122
UVM_WARNING /home/st-wangjun/project/mmu_verification/mmu_verification/testbench/lsu_agent/lsu_driver.svh(145) @ 13140000: uvm_test_top.m_env.m_lsu.m_driver [lsu_driver] Pipe0 response timeout: va=0x0000000000105000 id=88
UVM_WARNING /home/st-wangjun/project/mmu_verification/mmu_verification/testbench/lsu_agent/lsu_driver.svh(188) @ 17100000: uvm_test_top.m_env.m_lsu.m_driver [lsu_driver] Pipe1 response timeout: va=0x0000000000103000 id=97
UVM_ERROR /home/st-wangjun/project/mmu_verification/mmu_verification/testbench/env/mmu_credit_sb.svh(253) @ 17103000: uvm_test_top.m_env.m_credit_sb [mmu_credit_sb] l2_reqq_cnt overflow: 9 > L1_DTLB_MB_DEPTH=8
UVM_WARNING /home/st-wangjun/project/mmu_verification/mmu_verification/testbench/lsu_agent/lsu_driver.svh(145) @ 17143000: uvm_test_top.m_env.m_lsu.m_driver [lsu_driver] Pipe0 response timeout: va=0x0000000000106000 id=82
UVM_ERROR /home/st-wangjun/project/mmu_verification/mmu_verification/testbench/env/mmu_credit_sb.svh(253) @ 17149000: uvm_test_top.m_env.m_credit_sb [mmu_credit_sb] l2_reqq_cnt overflow: 10 > L1_DTLB_MB_DEPTH=8
UVM_INFO /home/st-wangjun/project/mmu_verification/mmu_verification/testbench/env/mmu_ref_model.svh(371) @ 17162000: uvm_test_top.m_env.m_ref [mmu_ref_model] translate OK: va=0x0000103000 → ppn=0x0000203 L0 pte=0x0000000000080ccf
UVM_ERROR /home/st-wangjun/project/mmu_verification/mmu_verification/testbench/env/mmu_translation_sb.svh(238) @ 17162000: uvm_test_top.m_env.m_translation_sb [mmu_translation_sb] [LSU_P0] VA=0x0000103000: PA mismatch — ref.ppn=0x0000203  dut.pa=0x0000107
UVM_ERROR /home/st-wangjun/project/mmu_verification/mmu_verification/testbench/env/mmu_credit_sb.svh(253) @ 17166000: uvm_test_top.m_env.m_credit_sb [mmu_credit_sb] l2_reqq_cnt overflow: 10 > L1_DTLB_MB_DEPTH=8
UVM_INFO /home/st-wangjun/project/mmu_verification/mmu_verification/testbench/env/mmu_ref_model.svh(371) @ 17172000: uvm_test_top.m_env.m_ref [mmu_ref_model] translate OK: va=0x0000104000 → ppn=0x0000204 L0 pte=0x00000000000810cf
UVM_ERROR /home/st-wangjun/project/mmu_verification/mmu_verification/testbench/env/mmu_translation_sb.svh(238) @ 17172000: uvm_test_top.m_env.m_translation_sb [mmu_translation_sb] [LSU_P0] VA=0x0000104000: PA mismatch — ref.ppn=0x0000204  dut.pa=0x0000108
UVM_ERROR /home/st-wangjun/project/mmu_verification/mmu_verification/testbench/env/mmu_credit_sb.svh(253) @ 17178000: uvm_test_top.m_env.m_credit_sb [mmu_credit_sb] l2_reqq_cnt overflow: 10 > L1_DTLB_MB_DEPTH=8
UVM_INFO /home/st-wangjun/project/mmu_verification/mmu_verification/testbench/env/mmu_ref_model.svh(371) @ 17179000: uvm_test_top.m_env.m_ref [mmu_ref_model] translate OK: va=0x0000100000 → ppn=0x0000200 L0 pte=0x00000000000800cf
UVM_ERROR /home/st-wangjun/project/mmu_verification/mmu_verification/testbench/env/mmu_translation_sb.svh(238) @ 17179000: uvm_test_top.m_env.m_translation_sb [mmu_translation_sb] [LSU_P1] VA=0x0000100000: PA mismatch — ref.ppn=0x0000200  dut.pa=0x0000104
UVM_ERROR /home/st-wangjun/project/mmu_verification/mmu_verification/testbench/env/mmu_credit_sb.svh(253) @ 17182000: uvm_test_top.m_env.m_credit_sb [mmu_credit_sb] l2_reqq_cnt overflow: 10 > L1_DTLB_MB_DEPTH=8
UVM_INFO /home/st-wangjun/project/mmu_verification/mmu_verification/testbench/env/mmu_ref_model.svh(371) @ 17188000: uvm_test_top.m_env.m_ref [mmu_ref_model] translate OK: va=0x0000101000 → ppn=0x0000201 L0 pte=0x00000000000804cf
UVM_ERROR /home/st-wangjun/project/mmu_verification/mmu_verification/testbench/env/mmu_translation_sb.svh(238) @ 17188000: uvm_test_top.m_env.m_translation_sb [mmu_translation_sb] [LSU_P1] VA=0x0000101000: PA mismatch — ref.ppn=0x0000201  dut.pa=0x0000105
UVM_ERROR /home/st-wangjun/project/mmu_verification/mmu_verification/testbench/env/mmu_credit_sb.svh(253) @ 17192000: uvm_test_top.m_env.m_credit_sb [mmu_credit_sb] l2_reqq_cnt overflow: 10 > L1_DTLB_MB_DEPTH=8
UVM_WARNING /home/st-wangjun/project/mmu_verification/mmu_verification/testbench/lsu_agent/lsu_driver.svh(145) @ 21177000: uvm_test_top.m_env.m_lsu.m_driver [lsu_driver] Pipe0 response timeout: va=0x0000000000109000 id=89
UVM_ERROR /home/st-wangjun/project/mmu_verification/mmu_verification/testbench/env/mmu_credit_sb.svh(253) @ 21183000: uvm_test_top.m_env.m_credit_sb [mmu_credit_sb] l2_reqq_cnt overflow: 11 > L1_DTLB_MB_DEPTH=8
UVM_WARNING /home/st-wangjun/project/mmu_verification/mmu_verification/testbench/lsu_agent/lsu_driver.svh(188) @ 21191000: uvm_test_top.m_env.m_lsu.m_driver [lsu_driver] Pipe1 response timeout: va=0x0000000000106000 id=88
UVM_ERROR /home/st-wangjun/project/mmu_verification/mmu_verification/testbench/env/mmu_credit_sb.svh(253) @ 21196000: uvm_test_top.m_env.m_credit_sb [mmu_credit_sb] l2_reqq_cnt overflow: 12 > L1_DTLB_MB_DEPTH=8
UVM_INFO /home/st-wangjun/project/mmu_verification/mmu_verification/testbench/env/mmu_ref_model.svh(371) @ 21202000: uvm_test_top.m_env.m_ref [mmu_ref_model] translate OK: va=0x0000102000 → ppn=0x0000202 L0 pte=0x00000000000808cf
UVM_ERROR /home/st-wangjun/project/mmu_verification/mmu_verification/testbench/env/mmu_translation_sb.svh(238) @ 21202000: uvm_test_top.m_env.m_translation_sb [mmu_translation_sb] [LSU_P1] VA=0x0000102000: PA mismatch — ref.ppn=0x0000202  dut.pa=0x0000107
UVM_ERROR /home/st-wangjun/project/mmu_verification/mmu_verification/testbench/env/mmu_credit_sb.svh(253) @ 21212000: uvm_test_top.m_env.m_credit_sb [mmu_credit_sb] l2_reqq_cnt overflow: 12 > L1_DTLB_MB_DEPTH=8
UVM_INFO /home/st-wangjun/project/mmu_verification/mmu_verification/testbench/env/mmu_ref_model.svh(371) @ 21223000: uvm_test_top.m_env.m_ref [mmu_ref_model] translate OK: va=0x0000103000 → ppn=0x0000203 L0 pte=0x0000000000080ccf
UVM_ERROR /home/st-wangjun/project/mmu_verification/mmu_verification/testbench/env/mmu_translation_sb.svh(238) @ 21223000: uvm_test_top.m_env.m_translation_sb [mmu_translation_sb] [LSU_P1] VA=0x0000103000: PA mismatch — ref.ppn=0x0000203  dut.pa=0x0000108
UVM_ERROR /home/st-wangjun/project/mmu_verification/mmu_verification/testbench/env/mmu_credit_sb.svh(253) @ 21233000: uvm_test_top.m_env.m_credit_sb [mmu_credit_sb] l2_reqq_cnt overflow: 12 > L1_DTLB_MB_DEPTH=8
UVM_WARNING /home/st-wangjun/project/mmu_verification/mmu_verification/testbench/lsu_agent/lsu_driver.svh(145) @ 25182000: uvm_test_top.m_env.m_lsu.m_driver [lsu_driver] Pipe0 response timeout: va=0x000000000010a000 id=62
UVM_ERROR /home/st-wangjun/project/mmu_verification/mmu_verification/testbench/env/mmu_credit_sb.svh(253) @ 25188000: uvm_test_top.m_env.m_credit_sb [mmu_credit_sb] l2_reqq_cnt overflow: 13 > L1_DTLB_MB_DEPTH=8
UVM_WARNING /home/st-wangjun/project/mmu_verification/mmu_verification/testbench/lsu_agent/lsu_driver.svh(188) @ 25232000: uvm_test_top.m_env.m_lsu.m_driver [lsu_driver] Pipe1 response timeout: va=0x0000000000109000 id=46
UVM_ERROR /home/st-wangjun/project/mmu_verification/mmu_verification/testbench/env/mmu_credit_sb.svh(253) @ 25244000: uvm_test_top.m_env.m_credit_sb [mmu_credit_sb] l2_reqq_cnt overflow: 14 > L1_DTLB_MB_DEPTH=8
UVM_WARNING /home/st-wangjun/project/mmu_verification/mmu_verification/testbench/lsu_agent/lsu_driver.svh(145) @ 29187000: uvm_test_top.m_env.m_lsu.m_driver [lsu_driver] Pipe0 response timeout: va=0x000000000010b000 id=39
UVM_ERROR /home/st-wangjun/project/mmu_verification/mmu_verification/testbench/env/mmu_credit_sb.svh(253) @ 29192000: uvm_test_top.m_env.m_credit_sb [mmu_credit_sb] l2_reqq_cnt overflow: 15 > L1_DTLB_MB_DEPTH=8
UVM_WARNING /home/st-wangjun/project/mmu_verification/mmu_verification/testbench/lsu_agent/lsu_driver.svh(188) @ 29243000: uvm_test_top.m_env.m_lsu.m_driver [lsu_driver] Pipe1 response timeout: va=0x000000000010a000 id=67
UVM_ERROR /home/st-wangjun/project/mmu_verification/mmu_verification/testbench/env/mmu_credit_sb.svh(253) @ 29248000: uvm_test_top.m_env.m_credit_sb [mmu_credit_sb] l2_reqq_cnt overflow: 16 > L1_DTLB_MB_DEPTH=8
UVM_WARNING /home/st-wangjun/project/mmu_verification/mmu_verification/testbench/lsu_agent/lsu_driver.svh(145) @ 33191000: uvm_test_top.m_env.m_lsu.m_driver [lsu_driver] Pipe0 response timeout: va=0x000000000010c000 id=54
UVM_ERROR /home/st-wangjun/project/mmu_verification/mmu_verification/testbench/env/mmu_credit_sb.svh(244) @ 33196000: uvm_test_top.m_env.m_credit_sb [mmu_credit_sb] credit_l1d overflow: 17 > L1_DTLB_ENTRIES=16
UVM_ERROR /home/st-wangjun/project/mmu_verification/mmu_verification/testbench/env/mmu_credit_sb.svh(253) @ 33196000: uvm_test_top.m_env.m_credit_sb [mmu_credit_sb] l2_reqq_cnt overflow: 17 > L1_DTLB_MB_DEPTH=8
UVM_INFO /home/st-wangjun/project/mmu_verification/mmu_verification/testbench/env/mmu_ref_model.svh(371) @ 33207000: uvm_test_top.m_env.m_ref [mmu_ref_model] translate OK: va=0x0000105000 → ppn=0x0000205 L0 pte=0x00000000000814cf
UVM_ERROR /home/st-wangjun/project/mmu_verification/mmu_verification/testbench/env/mmu_translation_sb.svh(238) @ 33207000: uvm_test_top.m_env.m_translation_sb [mmu_translation_sb] [LSU_P0] VA=0x0000105000: PA mismatch — ref.ppn=0x0000205  dut.pa=0x000010d
UVM_ERROR /home/st-wangjun/project/mmu_verification/mmu_verification/testbench/env/mmu_credit_sb.svh(244) @ 33217000: uvm_test_top.m_env.m_credit_sb [mmu_credit_sb] credit_l1d overflow: 17 > L1_DTLB_ENTRIES=16
UVM_ERROR /home/st-wangjun/project/mmu_verification/mmu_verification/testbench/env/mmu_credit_sb.svh(253) @ 33217000: uvm_test_top.m_env.m_credit_sb [mmu_credit_sb] l2_reqq_cnt overflow: 17 > L1_DTLB_MB_DEPTH=8
UVM_WARNING /home/st-wangjun/project/mmu_verification/mmu_verification/testbench/lsu_agent/lsu_driver.svh(188) @ 33247000: uvm_test_top.m_env.m_lsu.m_driver [lsu_driver] Pipe1 response timeout: va=0x000000000010b000 id=46
UVM_ERROR /home/st-wangjun/project/mmu_verification/mmu_verification/testbench/env/mmu_credit_sb.svh(244) @ 33259000: uvm_test_top.m_env.m_credit_sb [mmu_credit_sb] credit_l1d overflow: 18 > L1_DTLB_ENTRIES=16
UVM_ERROR /home/st-wangjun/project/mmu_verification/mmu_verification/testbench/env/mmu_credit_sb.svh(253) @ 33259000: uvm_test_top.m_env.m_credit_sb [mmu_credit_sb] l2_reqq_cnt overflow: 18 > L1_DTLB_MB_DEPTH=8
UVM_INFO /home/st-wangjun/project/mmu_verification/mmu_verification/testbench/env/mmu_ref_model.svh(371) @ 33270000: uvm_test_top.m_env.m_ref [mmu_ref_model] translate OK: va=0x0000104000 → ppn=0x0000204 L0 pte=0x00000000000810cf
UVM_ERROR /home/st-wangjun/project/mmu_verification/mmu_verification/testbench/env/mmu_translation_sb.svh(238) @ 33270000: uvm_test_top.m_env.m_translation_sb [mmu_translation_sb] [LSU_P1] VA=0x0000104000: PA mismatch — ref.ppn=0x0000204  dut.pa=0x000010c
UVM_ERROR /home/st-wangjun/project/mmu_verification/mmu_verification/testbench/env/mmu_credit_sb.svh(244) @ 33280000: uvm_test_top.m_env.m_credit_sb [mmu_credit_sb] credit_l1d overflow: 18 > L1_DTLB_ENTRIES=16
UVM_ERROR /home/st-wangjun/project/mmu_verification/mmu_verification/testbench/env/mmu_credit_sb.svh(253) @ 33280000: uvm_test_top.m_env.m_credit_sb [mmu_credit_sb] l2_reqq_cnt overflow: 18 > L1_DTLB_MB_DEPTH=8
UVM_WARNING /home/st-wangjun/project/mmu_verification/mmu_verification/testbench/lsu_agent/lsu_driver.svh(145) @ 37216000: uvm_test_top.m_env.m_lsu.m_driver [lsu_driver] Pipe0 response timeout: va=0x000000000010e000 id=19
UVM_ERROR /home/st-wangjun/project/mmu_verification/mmu_verification/testbench/env/mmu_credit_sb.svh(244) @ 37221000: uvm_test_top.m_env.m_credit_sb [mmu_credit_sb] credit_l1d overflow: 19 > L1_DTLB_ENTRIES=16
UVM_ERROR /home/st-wangjun/project/mmu_verification/mmu_verification/testbench/env/mmu_credit_sb.svh(253) @ 37221000: uvm_test_top.m_env.m_credit_sb [mmu_credit_sb] l2_reqq_cnt overflow: 19 > L1_DTLB_MB_DEPTH=8
UVM_WARNING /home/st-wangjun/project/mmu_verification/mmu_verification/testbench/lsu_agent/lsu_driver.svh(188) @ 37279000: uvm_test_top.m_env.m_lsu.m_driver [lsu_driver] Pipe1 response timeout: va=0x000000000010d000 id=120
UVM_ERROR /home/st-wangjun/project/mmu_verification/mmu_verification/testbench/env/mmu_credit_sb.svh(244) @ 37284000: uvm_test_top.m_env.m_credit_sb [mmu_credit_sb] credit_l1d overflow: 20 > L1_DTLB_ENTRIES=16
UVM_ERROR /home/st-wangjun/project/mmu_verification/mmu_verification/testbench/env/mmu_credit_sb.svh(253) @ 37284000: uvm_test_top.m_env.m_credit_sb [mmu_credit_sb] l2_reqq_cnt overflow: 20 > L1_DTLB_MB_DEPTH=8
UVM_WARNING /home/st-wangjun/project/mmu_verification/mmu_verification/testbench/lsu_agent/lsu_driver.svh(145) @ 41220000: uvm_test_top.m_env.m_lsu.m_driver [lsu_driver] Pipe0 response timeout: va=0x000000000010f000 id=19
UVM_ERROR /home/st-wangjun/project/mmu_verification/mmu_verification/testbench/env/mmu_credit_sb.svh(244) @ 41232000: uvm_test_top.m_env.m_credit_sb [mmu_credit_sb] credit_l1d overflow: 21 > L1_DTLB_ENTRIES=16
UVM_ERROR /home/st-wangjun/project/mmu_verification/mmu_verification/testbench/env/mmu_credit_sb.svh(253) @ 41232000: uvm_test_top.m_env.m_credit_sb [mmu_credit_sb] l2_reqq_cnt overflow: 21 > L1_DTLB_MB_DEPTH=8
UVM_WARNING /home/st-wangjun/project/mmu_verification/mmu_verification/testbench/lsu_agent/lsu_driver.svh(188) @ 41283000: uvm_test_top.m_env.m_lsu.m_driver [lsu_driver] Pipe1 response timeout: va=0x000000000010e000 id=17
UVM_ERROR /home/st-wangjun/project/mmu_verification/mmu_verification/testbench/env/mmu_credit_sb.svh(244) @ 41295000: uvm_test_top.m_env.m_credit_sb [mmu_credit_sb] credit_l1d overflow: 22 > L1_DTLB_ENTRIES=16
UVM_ERROR /home/st-wangjun/project/mmu_verification/mmu_verification/testbench/env/mmu_credit_sb.svh(253) @ 41295000: uvm_test_top.m_env.m_credit_sb [mmu_credit_sb] l2_reqq_cnt overflow: 22 > L1_DTLB_MB_DEPTH=8
UVM_INFO /home/st-wangjun/project/mmu_verification/mmu_verification/testbench/env/mmu_ref_model.svh(371) @ 41306000: uvm_test_top.m_env.m_ref [mmu_ref_model] translate OK: va=0x0000105000 → ppn=0x0000205 L0 pte=0x00000000000814cf
UVM_ERROR /home/st-wangjun/project/mmu_verification/mmu_verification/testbench/env/mmu_translation_sb.svh(238) @ 41306000: uvm_test_top.m_env.m_translation_sb [mmu_translation_sb] [LSU_P1] VA=0x0000105000: PA mismatch — ref.ppn=0x0000205  dut.pa=0x000010f
UVM_INFO /home/st-wangjun/project/mmu_verification/mmu_verification/testbench/env/mmu_ref_model.svh(371) @ 41313000: uvm_test_top.m_env.m_ref [mmu_ref_model] translate OK: va=0x0000106000 → ppn=0x0000206 L0 pte=0x00000000000818cf
UVM_ERROR /home/st-wangjun/project/mmu_verification/mmu_verification/testbench/env/mmu_translation_sb.svh(238) @ 41313000: uvm_test_top.m_env.m_translation_sb [mmu_translation_sb] [LSU_P0] VA=0x0000106000: PA mismatch — ref.ppn=0x0000206  dut.pa=0x0000110
UVM_ERROR /home/st-wangjun/project/mmu_verification/mmu_verification/testbench/env/mmu_credit_sb.svh(244) @ 41316000: uvm_test_top.m_env.m_credit_sb [mmu_credit_sb] credit_l1d overflow: 21 > L1_DTLB_ENTRIES=16
UVM_ERROR /home/st-wangjun/project/mmu_verification/mmu_verification/testbench/env/mmu_credit_sb.svh(253) @ 41316000: uvm_test_top.m_env.m_credit_sb [mmu_credit_sb] l2_reqq_cnt overflow: 21 > L1_DTLB_MB_DEPTH=8
UVM_ERROR /home/st-wangjun/project/mmu_verification/mmu_verification/testbench/env/mmu_credit_sb.svh(244) @ 41323000: uvm_test_top.m_env.m_credit_sb [mmu_credit_sb] credit_l1d overflow: 22 > L1_DTLB_ENTRIES=16
UVM_ERROR /home/st-wangjun/project/mmu_verification/mmu_verification/testbench/env/mmu_credit_sb.svh(253) @ 41323000: uvm_test_top.m_env.m_credit_sb [mmu_credit_sb] l2_reqq_cnt overflow: 22 > L1_DTLB_MB_DEPTH=8
UVM_INFO /home/st-wangjun/project/mmu_verification/mmu_verification/testbench/env/mmu_ref_model.svh(371) @ 41327000: uvm_test_top.m_env.m_ref [mmu_ref_model] translate OK: va=0x0000106000 → ppn=0x0000206 L0 pte=0x00000000000818cf
UVM_ERROR /home/st-wangjun/project/mmu_verification/mmu_verification/testbench/env/mmu_translation_sb.svh(238) @ 41327000: uvm_test_top.m_env.m_translation_sb [mmu_translation_sb] [LSU_P1] VA=0x0000106000: PA mismatch — ref.ppn=0x0000206  dut.pa=0x0000110
UVM_INFO /home/st-wangjun/project/mmu_verification/mmu_verification/testbench/env/mmu_ref_model.svh(371) @ 41334000: uvm_test_top.m_env.m_ref [mmu_ref_model] translate OK: va=0x0000107000 → ppn=0x0000207 L0 pte=0x0000000000081ccf
UVM_ERROR /home/st-wangjun/project/mmu_verification/mmu_verification/testbench/env/mmu_translation_sb.svh(238) @ 41334000: uvm_test_top.m_env.m_translation_sb [mmu_translation_sb] [LSU_P0] VA=0x0000107000: PA mismatch — ref.ppn=0x0000207  dut.pa=0x0000111
UVM_ERROR /home/st-wangjun/project/mmu_verification/mmu_verification/testbench/env/mmu_credit_sb.svh(244) @ 41337000: uvm_test_top.m_env.m_credit_sb [mmu_credit_sb] credit_l1d overflow: 21 > L1_DTLB_ENTRIES=16
UVM_ERROR /home/st-wangjun/project/mmu_verification/mmu_verification/testbench/env/mmu_credit_sb.svh(253) @ 41337000: uvm_test_top.m_env.m_credit_sb [mmu_credit_sb] l2_reqq_cnt overflow: 21 > L1_DTLB_MB_DEPTH=8
UVM_ERROR /home/st-wangjun/project/mmu_verification/mmu_verification/testbench/env/mmu_credit_sb.svh(244) @ 41344000: uvm_test_top.m_env.m_credit_sb [mmu_credit_sb] credit_l1d overflow: 22 > L1_DTLB_ENTRIES=16
UVM_ERROR /home/st-wangjun/project/mmu_verification/mmu_verification/testbench/env/mmu_credit_sb.svh(253) @ 41344000: uvm_test_top.m_env.m_credit_sb [mmu_credit_sb] l2_reqq_cnt overflow: 22 > L1_DTLB_MB_DEPTH=8
UVM_WARNING /home/st-wangjun/project/mmu_verification/mmu_verification/testbench/lsu_agent/lsu_driver.svh(188) @ 45336000: uvm_test_top.m_env.m_lsu.m_driver [lsu_driver] Pipe1 response timeout: va=0x0000000000111000 id=77
UVM_ERROR /home/st-wangjun/project/mmu_verification/mmu_verification/testbench/env/mmu_credit_sb.svh(244) @ 45341000: uvm_test_top.m_env.m_credit_sb [mmu_credit_sb] credit_l1d overflow: 23 > L1_DTLB_ENTRIES=16
UVM_ERROR /home/st-wangjun/project/mmu_verification/mmu_verification/testbench/env/mmu_credit_sb.svh(253) @ 45341000: uvm_test_top.m_env.m_credit_sb [mmu_credit_sb] l2_reqq_cnt overflow: 23 > L1_DTLB_MB_DEPTH=8
UVM_WARNING /home/st-wangjun/project/mmu_verification/mmu_verification/testbench/lsu_agent/lsu_driver.svh(145) @ 45343000: uvm_test_top.m_env.m_lsu.m_driver [lsu_driver] Pipe0 response timeout: va=0x0000000000112000 id=111
UVM_ERROR /home/st-wangjun/project/mmu_verification/mmu_verification/testbench/env/mmu_credit_sb.svh(244) @ 45348000: uvm_test_top.m_env.m_credit_sb [mmu_credit_sb] credit_l1d overflow: 24 > L1_DTLB_ENTRIES=16
UVM_ERROR /home/st-wangjun/project/mmu_verification/mmu_verification/testbench/env/mmu_credit_sb.svh(253) @ 45348000: uvm_test_top.m_env.m_credit_sb [mmu_credit_sb] l2_reqq_cnt overflow: 24 > L1_DTLB_MB_DEPTH=8
UVM_WARNING /home/st-wangjun/project/mmu_verification/mmu_verification/testbench/lsu_agent/lsu_driver.svh(188) @ 49340000: uvm_test_top.m_env.m_lsu.m_driver [lsu_driver] Pipe1 response timeout: va=0x0000000000112000 id=99
UVM_WARNING /home/st-wangjun/project/mmu_verification/mmu_verification/testbench/lsu_agent/lsu_driver.svh(145) @ 49347000: uvm_test_top.m_env.m_lsu.m_driver [lsu_driver] Pipe0 response timeout: va=0x0000000000113000 id=83
UVM_ERROR /home/st-wangjun/project/mmu_verification/mmu_verification/testbench/env/mmu_credit_sb.svh(244) @ 49352000: uvm_test_top.m_env.m_credit_sb [mmu_credit_sb] credit_l1d overflow: 25 > L1_DTLB_ENTRIES=16
UVM_ERROR /home/st-wangjun/project/mmu_verification/mmu_verification/testbench/env/mmu_credit_sb.svh(253) @ 49352000: uvm_test_top.m_env.m_credit_sb [mmu_credit_sb] l2_reqq_cnt overflow: 25 > L1_DTLB_MB_DEPTH=8
UVM_ERROR /home/st-wangjun/project/mmu_verification/mmu_verification/testbench/env/mmu_credit_sb.svh(244) @ 49352000: uvm_test_top.m_env.m_credit_sb [mmu_credit_sb] credit_l1d overflow: 26 > L1_DTLB_ENTRIES=16
UVM_ERROR /home/st-wangjun/project/mmu_verification/mmu_verification/testbench/env/mmu_credit_sb.svh(253) @ 49352000: uvm_test_top.m_env.m_credit_sb [mmu_credit_sb] l2_reqq_cnt overflow: 26 > L1_DTLB_MB_DEPTH=8
UVM_WARNING /home/st-wangjun/project/mmu_verification/mmu_verification/testbench/lsu_agent/lsu_driver.svh(188) @ 53351000: uvm_test_top.m_env.m_lsu.m_driver [lsu_driver] Pipe1 response timeout: va=0x0000000000113000 id=116
UVM_WARNING /home/st-wangjun/project/mmu_verification/mmu_verification/testbench/lsu_agent/lsu_driver.svh(145) @ 53351000: uvm_test_top.m_env.m_lsu.m_driver [lsu_driver] Pipe0 response timeout: va=0x0000000000114000 id=80
UVM_ERROR /home/st-wangjun/project/mmu_verification/mmu_verification/testbench/env/mmu_credit_sb.svh(244) @ 53358000: uvm_test_top.m_env.m_credit_sb [mmu_credit_sb] credit_l1d overflow: 27 > L1_DTLB_ENTRIES=16
UVM_ERROR /home/st-wangjun/project/mmu_verification/mmu_verification/testbench/env/mmu_credit_sb.svh(253) @ 53358000: uvm_test_top.m_env.m_credit_sb [mmu_credit_sb] l2_reqq_cnt overflow: 27 > L1_DTLB_MB_DEPTH=8
UVM_INFO /home/st-wangjun/project/mmu_verification/mmu_verification/testbench/env/mmu_ref_model.svh(371) @ 53371000: uvm_test_top.m_env.m_ref [mmu_ref_model] translate OK: va=0x0000108000 → ppn=0x0000208 L0 pte=0x00000000000820cf
UVM_ERROR /home/st-wangjun/project/mmu_verification/mmu_verification/testbench/env/mmu_translation_sb.svh(238) @ 53371000: uvm_test_top.m_env.m_translation_sb [mmu_translation_sb] [LSU_P0] VA=0x0000108000: PA mismatch — ref.ppn=0x0000208  dut.pa=0x0000115
UVM_ERROR /home/st-wangjun/project/mmu_verification/mmu_verification/testbench/env/mmu_credit_sb.svh(244) @ 53381000: uvm_test_top.m_env.m_credit_sb [mmu_credit_sb] credit_l1d overflow: 27 > L1_DTLB_ENTRIES=16
UVM_ERROR /home/st-wangjun/project/mmu_verification/mmu_verification/testbench/env/mmu_credit_sb.svh(253) @ 53381000: uvm_test_top.m_env.m_credit_sb [mmu_credit_sb] l2_reqq_cnt overflow: 27 > L1_DTLB_MB_DEPTH=8
UVM_WARNING /home/st-wangjun/project/mmu_verification/mmu_verification/testbench/lsu_agent/lsu_driver.svh(145) @ 57380000: uvm_test_top.m_env.m_lsu.m_driver [lsu_driver] Pipe0 response timeout: va=0x0000000000116000 id=16
UVM_ERROR /home/st-wangjun/project/mmu_verification/mmu_verification/testbench/env/mmu_credit_sb.svh(244) @ 57387000: uvm_test_top.m_env.m_credit_sb [mmu_credit_sb] credit_l1d overflow: 28 > L1_DTLB_ENTRIES=16
UVM_ERROR /home/st-wangjun/project/mmu_verification/mmu_verification/testbench/env/mmu_credit_sb.svh(253) @ 57387000: uvm_test_top.m_env.m_credit_sb [mmu_credit_sb] l2_reqq_cnt overflow: 28 > L1_DTLB_MB_DEPTH=8
UVM_WARNING /home/st-wangjun/project/mmu_verification/mmu_verification/testbench/lsu_agent/lsu_driver.svh(145) @ 61386000: uvm_test_top.m_env.m_lsu.m_driver [lsu_driver] Pipe0 response timeout: va=0x0000000000117000 id=2
UVM_ERROR /home/st-wangjun/project/mmu_verification/mmu_verification/testbench/env/mmu_credit_sb.svh(244) @ 61393000: uvm_test_top.m_env.m_credit_sb [mmu_credit_sb] credit_l1d overflow: 29 > L1_DTLB_ENTRIES=16
UVM_ERROR /home/st-wangjun/project/mmu_verification/mmu_verification/testbench/env/mmu_credit_sb.svh(253) @ 61393000: uvm_test_top.m_env.m_credit_sb [mmu_credit_sb] l2_reqq_cnt overflow: 29 > L1_DTLB_MB_DEPTH=8
UVM_INFO /home/st-wangjun/project/mmu_verification/mmu_verification/testbench/env/mmu_ref_model.svh(371) @ 61406000: uvm_test_top.m_env.m_ref [mmu_ref_model] translate OK: va=0x0000109000 → ppn=0x0000209 L0 pte=0x00000000000824cf
UVM_ERROR /home/st-wangjun/project/mmu_verification/mmu_verification/testbench/env/mmu_translation_sb.svh(238) @ 61406000: uvm_test_top.m_env.m_translation_sb [mmu_translation_sb] [LSU_P0] VA=0x0000109000: PA mismatch — ref.ppn=0x0000209  dut.pa=0x0000118
UVM_ERROR /home/st-wangjun/project/mmu_verification/mmu_verification/testbench/env/mmu_credit_sb.svh(244) @ 61416000: uvm_test_top.m_env.m_credit_sb [mmu_credit_sb] credit_l1d overflow: 29 > L1_DTLB_ENTRIES=16
UVM_ERROR /home/st-wangjun/project/mmu_verification/mmu_verification/testbench/env/mmu_credit_sb.svh(253) @ 61416000: uvm_test_top.m_env.m_credit_sb [mmu_credit_sb] l2_reqq_cnt overflow: 29 > L1_DTLB_MB_DEPTH=8
UVM_WARNING /home/st-wangjun/project/mmu_verification/mmu_verification/testbench/lsu_agent/lsu_driver.svh(145) @ 65415000: uvm_test_top.m_env.m_lsu.m_driver [lsu_driver] Pipe0 response timeout: va=0x0000000000119000 id=101
UVM_ERROR /home/st-wangjun/project/mmu_verification/mmu_verification/testbench/env/mmu_credit_sb.svh(244) @ 65422000: uvm_test_top.m_env.m_credit_sb [mmu_credit_sb] credit_l1d overflow: 30 > L1_DTLB_ENTRIES=16
UVM_ERROR /home/st-wangjun/project/mmu_verification/mmu_verification/testbench/env/mmu_credit_sb.svh(253) @ 65422000: uvm_test_top.m_env.m_credit_sb [mmu_credit_sb] l2_reqq_cnt overflow: 30 > L1_DTLB_MB_DEPTH=8
UVM_INFO /home/st-wangjun/project/mmu_verification/mmu_verification/testbench/env/mmu_ref_model.svh(371) @ 65435000: uvm_test_top.m_env.m_ref [mmu_ref_model] translate OK: va=0x000010a000 → ppn=0x000020a L0 pte=0x00000000000828cf
UVM_ERROR /home/st-wangjun/project/mmu_verification/mmu_verification/testbench/env/mmu_translation_sb.svh(238) @ 65435000: uvm_test_top.m_env.m_translation_sb [mmu_translation_sb] [LSU_P0] VA=0x000010a000: PA mismatch — ref.ppn=0x000020a  dut.pa=0x000011a
UVM_ERROR /home/st-wangjun/project/mmu_verification/mmu_verification/testbench/env/mmu_credit_sb.svh(244) @ 65445000: uvm_test_top.m_env.m_credit_sb [mmu_credit_sb] credit_l1d overflow: 30 > L1_DTLB_ENTRIES=16
UVM_ERROR /home/st-wangjun/project/mmu_verification/mmu_verification/testbench/env/mmu_credit_sb.svh(253) @ 65445000: uvm_test_top.m_env.m_credit_sb [mmu_credit_sb] l2_reqq_cnt overflow: 30 > L1_DTLB_MB_DEPTH=8
UVM_INFO /home/st-wangjun/project/mmu_verification/mmu_verification/testbench/env/mmu_ref_model.svh(371) @ 65458000: uvm_test_top.m_env.m_ref [mmu_ref_model] translate OK: va=0x000010b000 → ppn=0x000020b L0 pte=0x0000000000082ccf
UVM_ERROR /home/st-wangjun/project/mmu_verification/mmu_verification/testbench/env/mmu_translation_sb.svh(238) @ 65458000: uvm_test_top.m_env.m_translation_sb [mmu_translation_sb] [LSU_P0] VA=0x000010b000: PA mismatch — ref.ppn=0x000020b  dut.pa=0x000011b
UVM_ERROR /home/st-wangjun/project/mmu_verification/mmu_verification/testbench/env/mmu_credit_sb.svh(244) @ 65468000: uvm_test_top.m_env.m_credit_sb [mmu_credit_sb] credit_l1d overflow: 30 > L1_DTLB_ENTRIES=16
UVM_ERROR /home/st-wangjun/project/mmu_verification/mmu_verification/testbench/env/mmu_credit_sb.svh(253) @ 65468000: uvm_test_top.m_env.m_credit_sb [mmu_credit_sb] l2_reqq_cnt overflow: 30 > L1_DTLB_MB_DEPTH=8
UVM_INFO /home/st-wangjun/project/mmu_verification/mmu_verification/testbench/env/mmu_ref_model.svh(371) @ 65481000: uvm_test_top.m_env.m_ref [mmu_ref_model] translate OK: va=0x000010c000 → ppn=0x000020c L0 pte=0x00000000000830cf
UVM_ERROR /home/st-wangjun/project/mmu_verification/mmu_verification/testbench/env/mmu_translation_sb.svh(238) @ 65481000: uvm_test_top.m_env.m_translation_sb [mmu_translation_sb] [LSU_P0] VA=0x000010c000: PA mismatch — ref.ppn=0x000020c  dut.pa=0x000011c
UVM_ERROR /home/st-wangjun/project/mmu_verification/mmu_verification/testbench/env/mmu_credit_sb.svh(244) @ 65484000: uvm_test_top.m_env.m_credit_sb [mmu_credit_sb] credit_l1d overflow: 30 > L1_DTLB_ENTRIES=16
UVM_ERROR /home/st-wangjun/project/mmu_verification/mmu_verification/testbench/env/mmu_credit_sb.svh(253) @ 65484000: uvm_test_top.m_env.m_credit_sb [mmu_credit_sb] l2_reqq_cnt overflow: 30 > L1_DTLB_MB_DEPTH=8
UVM_INFO /home/st-wangjun/project/mmu_verification/mmu_verification/testbench/env/mmu_ref_model.svh(371) @ 65495000: uvm_test_top.m_env.m_ref [mmu_ref_model] translate OK: va=0x000010d000 → ppn=0x000020d L0 pte=0x00000000000834cf
UVM_ERROR /home/st-wangjun/project/mmu_verification/mmu_verification/testbench/env/mmu_translation_sb.svh(238) @ 65495000: uvm_test_top.m_env.m_translation_sb [mmu_translation_sb] [LSU_P0] VA=0x000010d000: PA mismatch — ref.ppn=0x000020d  dut.pa=0x000011d
UVM_ERROR /home/st-wangjun/project/mmu_verification/mmu_verification/testbench/env/mmu_credit_sb.svh(244) @ 65505000: uvm_test_top.m_env.m_credit_sb [mmu_credit_sb] credit_l1d overflow: 30 > L1_DTLB_ENTRIES=16
UVM_ERROR /home/st-wangjun/project/mmu_verification/mmu_verification/testbench/env/mmu_credit_sb.svh(253) @ 65505000: uvm_test_top.m_env.m_credit_sb [mmu_credit_sb] l2_reqq_cnt overflow: 30 > L1_DTLB_MB_DEPTH=8
UVM_WARNING /home/st-wangjun/project/mmu_verification/mmu_verification/testbench/lsu_agent/lsu_driver.svh(145) @ 69504000: uvm_test_top.m_env.m_lsu.m_driver [lsu_driver] Pipe0 response timeout: va=0x000000000011e000 id=36
UVM_ERROR /home/st-wangjun/project/mmu_verification/mmu_verification/testbench/env/mmu_credit_sb.svh(244) @ 69511000: uvm_test_top.m_env.m_credit_sb [mmu_credit_sb] credit_l1d overflow: 31 > L1_DTLB_ENTRIES=16
UVM_ERROR /home/st-wangjun/project/mmu_verification/mmu_verification/testbench/env/mmu_credit_sb.svh(253) @ 69511000: uvm_test_top.m_env.m_credit_sb [mmu_credit_sb] l2_reqq_cnt overflow: 31 > L1_DTLB_MB_DEPTH=8
UVM_WARNING /home/st-wangjun/project/mmu_verification/mmu_verification/testbench/lsu_agent/lsu_driver.svh(145) @ 73510000: uvm_test_top.m_env.m_lsu.m_driver [lsu_driver] Pipe0 response timeout: va=0x000000000011f000 id=41
UVM_ERROR /home/st-wangjun/project/mmu_verification/mmu_verification/testbench/env/mmu_credit_sb.svh(244) @ 73517000: uvm_test_top.m_env.m_credit_sb [mmu_credit_sb] credit_l1d overflow: 32 > L1_DTLB_ENTRIES=16
UVM_ERROR /home/st-wangjun/project/mmu_verification/mmu_verification/testbench/env/mmu_credit_sb.svh(253) @ 73517000: uvm_test_top.m_env.m_credit_sb [mmu_credit_sb] l2_reqq_cnt overflow: 32 > L1_DTLB_MB_DEPTH=8
UVM_WARNING /home/st-wangjun/project/mmu_verification/mmu_verification/testbench/lsu_agent/lsu_driver.svh(145) @ 77516000: uvm_test_top.m_env.m_lsu.m_driver [lsu_driver] Pipe0 response timeout: va=0x0000000000120000 id=71
UVM_ERROR /home/st-wangjun/project/mmu_verification/mmu_verification/testbench/env/mmu_credit_sb.svh(244) @ 77523000: uvm_test_top.m_env.m_credit_sb [mmu_credit_sb] credit_l1d overflow: 33 > L1_DTLB_ENTRIES=16
UVM_ERROR /home/st-wangjun/project/mmu_verification/mmu_verification/testbench/env/mmu_credit_sb.svh(253) @ 77523000: uvm_test_top.m_env.m_credit_sb [mmu_credit_sb] l2_reqq_cnt overflow: 33 > L1_DTLB_MB_DEPTH=8
UVM_WARNING /home/st-wangjun/project/mmu_verification/mmu_verification/testbench/lsu_agent/lsu_driver.svh(145) @ 81522000: uvm_test_top.m_env.m_lsu.m_driver [lsu_driver] Pipe0 response timeout: va=0x0000000000121000 id=78
UVM_ERROR /home/st-wangjun/project/mmu_verification/mmu_verification/testbench/env/mmu_credit_sb.svh(244) @ 81529000: uvm_test_top.m_env.m_credit_sb [mmu_credit_sb] credit_l1d overflow: 34 > L1_DTLB_ENTRIES=16
UVM_ERROR /home/st-wangjun/project/mmu_verification/mmu_verification/testbench/env/mmu_credit_sb.svh(253) @ 81529000: uvm_test_top.m_env.m_credit_sb [mmu_credit_sb] l2_reqq_cnt overflow: 34 > L1_DTLB_MB_DEPTH=8
UVM_INFO /home/st-wangjun/project/mmu_verification/mmu_verification/testbench/env/mmu_ref_model.svh(371) @ 81542000: uvm_test_top.m_env.m_ref [mmu_ref_model] translate OK: va=0x000010e000 → ppn=0x000020e L0 pte=0x00000000000838cf
UVM_ERROR /home/st-wangjun/project/mmu_verification/mmu_verification/testbench/env/mmu_translation_sb.svh(238) @ 81542000: uvm_test_top.m_env.m_translation_sb [mmu_translation_sb] [LSU_P0] VA=0x000010e000: PA mismatch — ref.ppn=0x000020e  dut.pa=0x0000122
UVM_ERROR /home/st-wangjun/project/mmu_verification/mmu_verification/testbench/env/mmu_credit_sb.svh(244) @ 81552000: uvm_test_top.m_env.m_credit_sb [mmu_credit_sb] credit_l1d overflow: 34 > L1_DTLB_ENTRIES=16
UVM_ERROR /home/st-wangjun/project/mmu_verification/mmu_verification/testbench/env/mmu_credit_sb.svh(253) @ 81552000: uvm_test_top.m_env.m_credit_sb [mmu_credit_sb] l2_reqq_cnt overflow: 34 > L1_DTLB_MB_DEPTH=8
UVM_WARNING /home/st-wangjun/project/mmu_verification/mmu_verification/testbench/lsu_agent/lsu_driver.svh(145) @ 85551000: uvm_test_top.m_env.m_lsu.m_driver [lsu_driver] Pipe0 response timeout: va=0x0000000000123000 id=116
UVM_ERROR /home/st-wangjun/project/mmu_verification/mmu_verification/testbench/env/mmu_credit_sb.svh(244) @ 85558000: uvm_test_top.m_env.m_credit_sb [mmu_credit_sb] credit_l1d overflow: 35 > L1_DTLB_ENTRIES=16
UVM_ERROR /home/st-wangjun/project/mmu_verification/mmu_verification/testbench/env/mmu_credit_sb.svh(253) @ 85558000: uvm_test_top.m_env.m_credit_sb [mmu_credit_sb] l2_reqq_cnt overflow: 35 > L1_DTLB_MB_DEPTH=8
UVM_WARNING /home/st-wangjun/project/mmu_verification/mmu_verification/testbench/lsu_agent/lsu_driver.svh(145) @ 89557000: uvm_test_top.m_env.m_lsu.m_driver [lsu_driver] Pipe0 response timeout: va=0x0000000000124000 id=119
UVM_ERROR /home/st-wangjun/project/mmu_verification/mmu_verification/testbench/env/mmu_credit_sb.svh(244) @ 89564000: uvm_test_top.m_env.m_credit_sb [mmu_credit_sb] credit_l1d overflow: 36 > L1_DTLB_ENTRIES=16
UVM_ERROR /home/st-wangjun/project/mmu_verification/mmu_verification/testbench/env/mmu_credit_sb.svh(253) @ 89564000: uvm_test_top.m_env.m_credit_sb [mmu_credit_sb] l2_reqq_cnt overflow: 36 > L1_DTLB_MB_DEPTH=8
UVM_WARNING /home/st-wangjun/project/mmu_verification/mmu_verification/testbench/lsu_agent/lsu_driver.svh(145) @ 93563000: uvm_test_top.m_env.m_lsu.m_driver [lsu_driver] Pipe0 response timeout: va=0x0000000000125000 id=7
UVM_ERROR /home/st-wangjun/project/mmu_verification/mmu_verification/testbench/env/mmu_credit_sb.svh(244) @ 93570000: uvm_test_top.m_env.m_credit_sb [mmu_credit_sb] credit_l1d overflow: 37 > L1_DTLB_ENTRIES=16
UVM_ERROR /home/st-wangjun/project/mmu_verification/mmu_verification/testbench/env/mmu_credit_sb.svh(253) @ 93570000: uvm_test_top.m_env.m_credit_sb [mmu_credit_sb] l2_reqq_cnt overflow: 37 > L1_DTLB_MB_DEPTH=8
UVM_INFO /home/st-wangjun/project/mmu_verification/mmu_verification/testbench/env/mmu_ref_model.svh(371) @ 93583000: uvm_test_top.m_env.m_ref [mmu_ref_model] translate OK: va=0x000010f000 → ppn=0x000020f L0 pte=0x0000000000083ccf
UVM_ERROR /home/st-wangjun/project/mmu_verification/mmu_verification/testbench/env/mmu_translation_sb.svh(238) @ 93583000: uvm_test_top.m_env.m_translation_sb [mmu_translation_sb] [LSU_P0] VA=0x000010f000: PA mismatch — ref.ppn=0x000020f  dut.pa=0x0000126
UVM_ERROR /home/st-wangjun/project/mmu_verification/mmu_verification/testbench/env/mmu_credit_sb.svh(244) @ 93593000: uvm_test_top.m_env.m_credit_sb [mmu_credit_sb] credit_l1d overflow: 37 > L1_DTLB_ENTRIES=16
UVM_ERROR /home/st-wangjun/project/mmu_verification/mmu_verification/testbench/env/mmu_credit_sb.svh(253) @ 93593000: uvm_test_top.m_env.m_credit_sb [mmu_credit_sb] l2_reqq_cnt overflow: 37 > L1_DTLB_MB_DEPTH=8
UVM_WARNING /home/st-wangjun/project/mmu_verification/mmu_verification/testbench/lsu_agent/lsu_driver.svh(145) @ 97592000: uvm_test_top.m_env.m_lsu.m_driver [lsu_driver] Pipe0 response timeout: va=0x0000000000127000 id=7
UVM_ERROR /home/st-wangjun/project/mmu_verification/mmu_verification/testbench/env/mmu_credit_sb.svh(244) @ 97599000: uvm_test_top.m_env.m_credit_sb [mmu_credit_sb] credit_l1d overflow: 38 > L1_DTLB_ENTRIES=16
UVM_ERROR /home/st-wangjun/project/mmu_verification/mmu_verification/testbench/env/mmu_credit_sb.svh(253) @ 97599000: uvm_test_top.m_env.m_credit_sb [mmu_credit_sb] l2_reqq_cnt overflow: 38 > L1_DTLB_MB_DEPTH=8
UVM_INFO /home/st-wangjun/project/mmu_verification/mmu_verification/testbench/env/mmu_ref_model.svh(371) @ 97612000: uvm_test_top.m_env.m_ref [mmu_ref_model] translate OK: va=0x0000110000 → ppn=0x0000210 L0 pte=0x00000000000840cf
UVM_ERROR /home/st-wangjun/project/mmu_verification/mmu_verification/testbench/env/mmu_translation_sb.svh(238) @ 97612000: uvm_test_top.m_env.m_translation_sb [mmu_translation_sb] [LSU_P0] VA=0x0000110000: PA mismatch — ref.ppn=0x0000210  dut.pa=0x0000128
UVM_ERROR /home/st-wangjun/project/mmu_verification/mmu_verification/testbench/env/mmu_credit_sb.svh(244) @ 97615000: uvm_test_top.m_env.m_credit_sb [mmu_credit_sb] credit_l1d overflow: 38 > L1_DTLB_ENTRIES=16
UVM_ERROR /home/st-wangjun/project/mmu_verification/mmu_verification/testbench/env/mmu_credit_sb.svh(253) @ 97615000: uvm_test_top.m_env.m_credit_sb [mmu_credit_sb] l2_reqq_cnt overflow: 38 > L1_DTLB_MB_DEPTH=8
UVM_WARNING /home/st-wangjun/project/mmu_verification/mmu_verification/testbench/lsu_agent/lsu_driver.svh(145) @ 101614000: uvm_test_top.m_env.m_lsu.m_driver [lsu_driver] Pipe0 response timeout: va=0x0000000000129000 id=48
UVM_ERROR /home/st-wangjun/project/mmu_verification/mmu_verification/testbench/env/mmu_credit_sb.svh(244) @ 101619000: uvm_test_top.m_env.m_credit_sb [mmu_credit_sb] credit_l1d overflow: 39 > L1_DTLB_ENTRIES=16
UVM_ERROR /home/st-wangjun/project/mmu_verification/mmu_verification/testbench/env/mmu_credit_sb.svh(253) @ 101619000: uvm_test_top.m_env.m_credit_sb [mmu_credit_sb] l2_reqq_cnt overflow: 39 > L1_DTLB_MB_DEPTH=8
UVM_INFO /home/st-wangjun/project/mmu_verification/mmu_verification/testbench/env/mmu_ref_model.svh(371) @ 101632000: uvm_test_top.m_env.m_ref [mmu_ref_model] translate OK: va=0x0000111000 → ppn=0x0000211 L0 pte=0x00000000000844cf
UVM_ERROR /home/st-wangjun/project/mmu_verification/mmu_verification/testbench/env/mmu_translation_sb.svh(238) @ 101632000: uvm_test_top.m_env.m_translation_sb [mmu_translation_sb] [LSU_P0] VA=0x0000111000: PA mismatch — ref.ppn=0x0000211  dut.pa=0x000012a
UVM_ERROR /home/st-wangjun/project/mmu_verification/mmu_verification/testbench/env/mmu_credit_sb.svh(244) @ 101642000: uvm_test_top.m_env.m_credit_sb [mmu_credit_sb] credit_l1d overflow: 39 > L1_DTLB_ENTRIES=16
UVM_ERROR /home/st-wangjun/project/mmu_verification/mmu_verification/testbench/env/mmu_credit_sb.svh(253) @ 101642000: uvm_test_top.m_env.m_credit_sb [mmu_credit_sb] l2_reqq_cnt overflow: 39 > L1_DTLB_MB_DEPTH=8
UVM_INFO /home/st-wangjun/project/mmu_verification/mmu_verification/testbench/env/mmu_ref_model.svh(371) @ 101655000: uvm_test_top.m_env.m_ref [mmu_ref_model] translate OK: va=0x0000112000 → ppn=0x0000212 L0 pte=0x00000000000848cf
UVM_ERROR /home/st-wangjun/project/mmu_verification/mmu_verification/testbench/env/mmu_translation_sb.svh(238) @ 101655000: uvm_test_top.m_env.m_translation_sb [mmu_translation_sb] [LSU_P0] VA=0x0000112000: PA mismatch — ref.ppn=0x0000212  dut.pa=0x000012b
UVM_ERROR /home/st-wangjun/project/mmu_verification/mmu_verification/testbench/env/mmu_credit_sb.svh(244) @ 101665000: uvm_test_top.m_env.m_credit_sb [mmu_credit_sb] credit_l1d overflow: 39 > L1_DTLB_ENTRIES=16
UVM_ERROR /home/st-wangjun/project/mmu_verification/mmu_verification/testbench/env/mmu_credit_sb.svh(253) @ 101665000: uvm_test_top.m_env.m_credit_sb [mmu_credit_sb] l2_reqq_cnt overflow: 39 > L1_DTLB_MB_DEPTH=8
UVM_WARNING /home/st-wangjun/project/mmu_verification/mmu_verification/testbench/lsu_agent/lsu_driver.svh(145) @ 105664000: uvm_test_top.m_env.m_lsu.m_driver [lsu_driver] Pipe0 response timeout: va=0x000000000012c000 id=41
UVM_ERROR /home/st-wangjun/project/mmu_verification/mmu_verification/testbench/env/mmu_credit_sb.svh(244) @ 105671000: uvm_test_top.m_env.m_credit_sb [mmu_credit_sb] credit_l1d overflow: 40 > L1_DTLB_ENTRIES=16
UVM_ERROR /home/st-wangjun/project/mmu_verification/mmu_verification/testbench/env/mmu_credit_sb.svh(253) @ 105671000: uvm_test_top.m_env.m_credit_sb [mmu_credit_sb] l2_reqq_cnt overflow: 40 > L1_DTLB_MB_DEPTH=8
UVM_WARNING /home/st-wangjun/project/mmu_verification/mmu_verification/testbench/lsu_agent/lsu_driver.svh(145) @ 109670000: uvm_test_top.m_env.m_lsu.m_driver [lsu_driver] Pipe0 response timeout: va=0x000000000012d000 id=47
UVM_ERROR /home/st-wangjun/project/mmu_verification/mmu_verification/testbench/env/mmu_credit_sb.svh(244) @ 109677000: uvm_test_top.m_env.m_credit_sb [mmu_credit_sb] credit_l1d overflow: 41 > L1_DTLB_ENTRIES=16
UVM_ERROR /home/st-wangjun/project/mmu_verification/mmu_verification/testbench/env/mmu_credit_sb.svh(253) @ 109677000: uvm_test_top.m_env.m_credit_sb [mmu_credit_sb] l2_reqq_cnt overflow: 41 > L1_DTLB_MB_DEPTH=8
UVM_WARNING /home/st-wangjun/project/mmu_verification/mmu_verification/testbench/lsu_agent/lsu_driver.svh(145) @ 113676000: uvm_test_top.m_env.m_lsu.m_driver [lsu_driver] Pipe0 response timeout: va=0x000000000012e000 id=16
UVM_ERROR /home/st-wangjun/project/mmu_verification/mmu_verification/testbench/env/mmu_credit_sb.svh(244) @ 113683000: uvm_test_top.m_env.m_credit_sb [mmu_credit_sb] credit_l1d overflow: 42 > L1_DTLB_ENTRIES=16
UVM_ERROR /home/st-wangjun/project/mmu_verification/mmu_verification/testbench/env/mmu_credit_sb.svh(253) @ 113683000: uvm_test_top.m_env.m_credit_sb [mmu_credit_sb] l2_reqq_cnt overflow: 42 > L1_DTLB_MB_DEPTH=8
UVM_WARNING /home/st-wangjun/project/mmu_verification/mmu_verification/testbench/lsu_agent/lsu_driver.svh(145) @ 117682000: uvm_test_top.m_env.m_lsu.m_driver [lsu_driver] Pipe0 response timeout: va=0x000000000012f000 id=61
UVM_ERROR /home/st-wangjun/project/mmu_verification/mmu_verification/testbench/env/mmu_credit_sb.svh(244) @ 117689000: uvm_test_top.m_env.m_credit_sb [mmu_credit_sb] credit_l1d overflow: 43 > L1_DTLB_ENTRIES=16
UVM_ERROR /home/st-wangjun/project/mmu_verification/mmu_verification/testbench/env/mmu_credit_sb.svh(253) @ 117689000: uvm_test_top.m_env.m_credit_sb [mmu_credit_sb] l2_reqq_cnt overflow: 43 > L1_DTLB_MB_DEPTH=8
UVM_WARNING /home/st-wangjun/project/mmu_verification/mmu_verification/testbench/lsu_agent/lsu_driver.svh(145) @ 121688000: uvm_test_top.m_env.m_lsu.m_driver [lsu_driver] Pipe0 response timeout: va=0x0000000000130000 id=17
UVM_ERROR /home/st-wangjun/project/mmu_verification/mmu_verification/testbench/env/mmu_credit_sb.svh(244) @ 121695000: uvm_test_top.m_env.m_credit_sb [mmu_credit_sb] credit_l1d overflow: 44 > L1_DTLB_ENTRIES=16
UVM_ERROR /home/st-wangjun/project/mmu_verification/mmu_verification/testbench/env/mmu_credit_sb.svh(253) @ 121695000: uvm_test_top.m_env.m_credit_sb [mmu_credit_sb] l2_reqq_cnt overflow: 44 > L1_DTLB_MB_DEPTH=8
UVM_INFO /home/st-wangjun/project/mmu_verification/mmu_verification/testbench/env/mmu_ref_model.svh(371) @ 121708000: uvm_test_top.m_env.m_ref [mmu_ref_model] translate OK: va=0x0000113000 → ppn=0x0000213 L0 pte=0x0000000000084ccf
UVM_ERROR /home/st-wangjun/project/mmu_verification/mmu_verification/testbench/env/mmu_translation_sb.svh(238) @ 121708000: uvm_test_top.m_env.m_translation_sb [mmu_translation_sb] [LSU_P0] VA=0x0000113000: PA mismatch — ref.ppn=0x0000213  dut.pa=0x0000131
UVM_ERROR /home/st-wangjun/project/mmu_verification/mmu_verification/testbench/env/mmu_credit_sb.svh(244) @ 121711000: uvm_test_top.m_env.m_credit_sb [mmu_credit_sb] credit_l1d overflow: 44 > L1_DTLB_ENTRIES=16
UVM_ERROR /home/st-wangjun/project/mmu_verification/mmu_verification/testbench/env/mmu_credit_sb.svh(253) @ 121711000: uvm_test_top.m_env.m_credit_sb [mmu_credit_sb] l2_reqq_cnt overflow: 44 > L1_DTLB_MB_DEPTH=8
UVM_WARNING /home/st-wangjun/project/mmu_verification/mmu_verification/testbench/lsu_agent/lsu_driver.svh(145) @ 125710000: uvm_test_top.m_env.m_lsu.m_driver [lsu_driver] Pipe0 response timeout: va=0x0000000000132000 id=30
UVM_ERROR /home/st-wangjun/project/mmu_verification/mmu_verification/testbench/env/mmu_credit_sb.svh(244) @ 125715000: uvm_test_top.m_env.m_credit_sb [mmu_credit_sb] credit_l1d overflow: 45 > L1_DTLB_ENTRIES=16
UVM_ERROR /home/st-wangjun/project/mmu_verification/mmu_verification/testbench/env/mmu_credit_sb.svh(253) @ 125715000: uvm_test_top.m_env.m_credit_sb [mmu_credit_sb] l2_reqq_cnt overflow: 45 > L1_DTLB_MB_DEPTH=8
UVM_WARNING /home/st-wangjun/project/mmu_verification/mmu_verification/testbench/lsu_agent/lsu_driver.svh(145) @ 129714000: uvm_test_top.m_env.m_lsu.m_driver [lsu_driver] Pipe0 response timeout: va=0x0000000000133000 id=12
UVM_ERROR /home/st-wangjun/project/mmu_verification/mmu_verification/testbench/env/mmu_credit_sb.svh(244) @ 129721000: uvm_test_top.m_env.m_credit_sb [mmu_credit_sb] credit_l1d overflow: 46 > L1_DTLB_ENTRIES=16
UVM_ERROR /home/st-wangjun/project/mmu_verification/mmu_verification/testbench/env/mmu_credit_sb.svh(253) @ 129721000: uvm_test_top.m_env.m_credit_sb [mmu_credit_sb] l2_reqq_cnt overflow: 46 > L1_DTLB_MB_DEPTH=8
UVM_INFO /home/st-wangjun/project/mmu_verification/mmu_verification/testbench/env/mmu_ref_model.svh(371) @ 129734000: uvm_test_top.m_env.m_ref [mmu_ref_model] translate OK: va=0x0000114000 → ppn=0x0000214 L0 pte=0x00000000000850cf
UVM_ERROR /home/st-wangjun/project/mmu_verification/mmu_verification/testbench/env/mmu_translation_sb.svh(238) @ 129734000: uvm_test_top.m_env.m_translation_sb [mmu_translation_sb] [LSU_P0] VA=0x0000114000: PA mismatch — ref.ppn=0x0000214  dut.pa=0x0000134
UVM_ERROR /home/st-wangjun/project/mmu_verification/mmu_verification/testbench/env/mmu_credit_sb.svh(244) @ 129744000: uvm_test_top.m_env.m_credit_sb [mmu_credit_sb] credit_l1d overflow: 46 > L1_DTLB_ENTRIES=16
UVM_ERROR /home/st-wangjun/project/mmu_verification/mmu_verification/testbench/env/mmu_credit_sb.svh(253) @ 129744000: uvm_test_top.m_env.m_credit_sb [mmu_credit_sb] l2_reqq_cnt overflow: 46 > L1_DTLB_MB_DEPTH=8
UVM_WARNING /home/st-wangjun/project/mmu_verification/mmu_verification/testbench/lsu_agent/lsu_driver.svh(145) @ 133743000: uvm_test_top.m_env.m_lsu.m_driver [lsu_driver] Pipe0 response timeout: va=0x0000000000135000 id=115
UVM_ERROR /home/st-wangjun/project/mmu_verification/mmu_verification/testbench/env/mmu_credit_sb.svh(244) @ 133750000: uvm_test_top.m_env.m_credit_sb [mmu_credit_sb] credit_l1d overflow: 47 > L1_DTLB_ENTRIES=16
UVM_ERROR /home/st-wangjun/project/mmu_verification/mmu_verification/testbench/env/mmu_credit_sb.svh(253) @ 133750000: uvm_test_top.m_env.m_credit_sb [mmu_credit_sb] l2_reqq_cnt overflow: 47 > L1_DTLB_MB_DEPTH=8
UVM_INFO /home/st-wangjun/project/mmu_verification/mmu_verification/testbench/env/mmu_ref_model.svh(371) @ 133763000: uvm_test_top.m_env.m_ref [mmu_ref_model] translate OK: va=0x0000115000 → ppn=0x0000215 L0 pte=0x00000000000854cf
UVM_ERROR /home/st-wangjun/project/mmu_verification/mmu_verification/testbench/env/mmu_translation_sb.svh(238) @ 133763000: uvm_test_top.m_env.m_translation_sb [mmu_translation_sb] [LSU_P0] VA=0x0000115000: PA mismatch — ref.ppn=0x0000215  dut.pa=0x0000136
UVM_ERROR /home/st-wangjun/project/mmu_verification/mmu_verification/testbench/env/mmu_credit_sb.svh(244) @ 133773000: uvm_test_top.m_env.m_credit_sb [mmu_credit_sb] credit_l1d overflow: 47 > L1_DTLB_ENTRIES=16
UVM_ERROR /home/st-wangjun/project/mmu_verification/mmu_verification/testbench/env/mmu_credit_sb.svh(253) @ 133773000: uvm_test_top.m_env.m_credit_sb [mmu_credit_sb] l2_reqq_cnt overflow: 47 > L1_DTLB_MB_DEPTH=8
UVM_WARNING /home/st-wangjun/project/mmu_verification/mmu_verification/testbench/lsu_agent/lsu_driver.svh(145) @ 137772000: uvm_test_top.m_env.m_lsu.m_driver [lsu_driver] Pipe0 response timeout: va=0x0000000000137000 id=105
UVM_ERROR /home/st-wangjun/project/mmu_verification/mmu_verification/testbench/env/mmu_credit_sb.svh(244) @ 137779000: uvm_test_top.m_env.m_credit_sb [mmu_credit_sb] credit_l1d overflow: 48 > L1_DTLB_ENTRIES=16
UVM_ERROR /home/st-wangjun/project/mmu_verification/mmu_verification/testbench/env/mmu_credit_sb.svh(253) @ 137779000: uvm_test_top.m_env.m_credit_sb [mmu_credit_sb] l2_reqq_cnt overflow: 48 > L1_DTLB_MB_DEPTH=8
UVM_WARNING /home/st-wangjun/project/mmu_verification/mmu_verification/testbench/lsu_agent/lsu_driver.svh(145) @ 141778000: uvm_test_top.m_env.m_lsu.m_driver [lsu_driver] Pipe0 response timeout: va=0x0000000000138000 id=115
UVM_ERROR /home/st-wangjun/project/mmu_verification/mmu_verification/testbench/env/mmu_credit_sb.svh(244) @ 141785000: uvm_test_top.m_env.m_credit_sb [mmu_credit_sb] credit_l1d overflow: 49 > L1_DTLB_ENTRIES=16
UVM_ERROR /home/st-wangjun/project/mmu_verification/mmu_verification/testbench/env/mmu_credit_sb.svh(253) @ 141785000: uvm_test_top.m_env.m_credit_sb [mmu_credit_sb] l2_reqq_cnt overflow: 49 > L1_DTLB_MB_DEPTH=8
UVM_WARNING /home/st-wangjun/project/mmu_verification/mmu_verification/testbench/lsu_agent/lsu_driver.svh(145) @ 145784000: uvm_test_top.m_env.m_lsu.m_driver [lsu_driver] Pipe0 response timeout: va=0x0000000000139000 id=108
UVM_ERROR /home/st-wangjun/project/mmu_verification/mmu_verification/testbench/env/mmu_credit_sb.svh(244) @ 145791000: uvm_test_top.m_env.m_credit_sb [mmu_credit_sb] credit_l1d overflow: 50 > L1_DTLB_ENTRIES=16
UVM_ERROR /home/st-wangjun/project/mmu_verification/mmu_verification/testbench/env/mmu_credit_sb.svh(253) @ 145791000: uvm_test_top.m_env.m_credit_sb [mmu_credit_sb] l2_reqq_cnt overflow: 50 > L1_DTLB_MB_DEPTH=8
UVM_INFO /home/st-wangjun/project/mmu_verification/mmu_verification/testbench/env/mmu_ref_model.svh(371) @ 145804000: uvm_test_top.m_env.m_ref [mmu_ref_model] translate OK: va=0x0000116000 → ppn=0x0000216 L0 pte=0x00000000000858cf
UVM_ERROR /home/st-wangjun/project/mmu_verification/mmu_verification/testbench/env/mmu_translation_sb.svh(238) @ 145804000: uvm_test_top.m_env.m_translation_sb [mmu_translation_sb] [LSU_P0] VA=0x0000116000: PA mismatch — ref.ppn=0x0000216  dut.pa=0x000013a
UVM_ERROR /home/st-wangjun/project/mmu_verification/mmu_verification/testbench/env/mmu_credit_sb.svh(244) @ 145807000: uvm_test_top.m_env.m_credit_sb [mmu_credit_sb] credit_l1d overflow: 50 > L1_DTLB_ENTRIES=16
UVM_ERROR /home/st-wangjun/project/mmu_verification/mmu_verification/testbench/env/mmu_credit_sb.svh(253) @ 145807000: uvm_test_top.m_env.m_credit_sb [mmu_credit_sb] l2_reqq_cnt overflow: 50 > L1_DTLB_MB_DEPTH=8
UVM_INFO /home/st-wangjun/project/mmu_verification/mmu_verification/testbench/env/mmu_ref_model.svh(371) @ 145818000: uvm_test_top.m_env.m_ref [mmu_ref_model] translate OK: va=0x0000117000 → ppn=0x0000217 L0 pte=0x0000000000085ccf
UVM_ERROR /home/st-wangjun/project/mmu_verification/mmu_verification/testbench/env/mmu_translation_sb.svh(238) @ 145818000: uvm_test_top.m_env.m_translation_sb [mmu_translation_sb] [LSU_P0] VA=0x0000117000: PA mismatch — ref.ppn=0x0000217  dut.pa=0x000013b
UVM_ERROR /home/st-wangjun/project/mmu_verification/mmu_verification/testbench/env/mmu_credit_sb.svh(244) @ 145821000: uvm_test_top.m_env.m_credit_sb [mmu_credit_sb] credit_l1d overflow: 50 > L1_DTLB_ENTRIES=16
UVM_ERROR /home/st-wangjun/project/mmu_verification/mmu_verification/testbench/env/mmu_credit_sb.svh(253) @ 145821000: uvm_test_top.m_env.m_credit_sb [mmu_credit_sb] l2_reqq_cnt overflow: 50 > L1_DTLB_MB_DEPTH=8
UVM_INFO /home/st-wangjun/project/mmu_verification/mmu_verification/testbench/env/mmu_ref_model.svh(371) @ 145832000: uvm_test_top.m_env.m_ref [mmu_ref_model] translate OK: va=0x0000118000 → ppn=0x0000218 L0 pte=0x00000000000860cf
UVM_ERROR /home/st-wangjun/project/mmu_verification/mmu_verification/testbench/env/mmu_translation_sb.svh(238) @ 145832000: uvm_test_top.m_env.m_translation_sb [mmu_translation_sb] [LSU_P0] VA=0x0000118000: PA mismatch — ref.ppn=0x0000218  dut.pa=0x000013c
UVM_ERROR /home/st-wangjun/project/mmu_verification/mmu_verification/testbench/env/mmu_credit_sb.svh(244) @ 145842000: uvm_test_top.m_env.m_credit_sb [mmu_credit_sb] credit_l1d overflow: 50 > L1_DTLB_ENTRIES=16
UVM_ERROR /home/st-wangjun/project/mmu_verification/mmu_verification/testbench/env/mmu_credit_sb.svh(253) @ 145842000: uvm_test_top.m_env.m_credit_sb [mmu_credit_sb] l2_reqq_cnt overflow: 50 > L1_DTLB_MB_DEPTH=8
UVM_INFO /home/st-wangjun/project/mmu_verification/mmu_verification/testbench/env/mmu_ref_model.svh(371) @ 145855000: uvm_test_top.m_env.m_ref [mmu_ref_model] translate OK: va=0x0000119000 → ppn=0x0000219 L0 pte=0x00000000000864cf
UVM_ERROR /home/st-wangjun/project/mmu_verification/mmu_verification/testbench/env/mmu_translation_sb.svh(238) @ 145855000: uvm_test_top.m_env.m_translation_sb [mmu_translation_sb] [LSU_P0] VA=0x0000119000: PA mismatch — ref.ppn=0x0000219  dut.pa=0x000013d
UVM_ERROR /home/st-wangjun/project/mmu_verification/mmu_verification/testbench/env/mmu_credit_sb.svh(244) @ 145865000: uvm_test_top.m_env.m_credit_sb [mmu_credit_sb] credit_l1d overflow: 50 > L1_DTLB_ENTRIES=16
UVM_ERROR /home/st-wangjun/project/mmu_verification/mmu_verification/testbench/env/mmu_credit_sb.svh(253) @ 145865000: uvm_test_top.m_env.m_credit_sb [mmu_credit_sb] l2_reqq_cnt overflow: 50 > L1_DTLB_MB_DEPTH=8
UVM_INFO /home/st-wangjun/project/mmu_verification/mmu_verification/testbench/env/mmu_ref_model.svh(371) @ 145878000: uvm_test_top.m_env.m_ref [mmu_ref_model] translate OK: va=0x000011a000 → ppn=0x000021a L0 pte=0x00000000000868cf
UVM_ERROR /home/st-wangjun/project/mmu_verification/mmu_verification/testbench/env/mmu_translation_sb.svh(238) @ 145878000: uvm_test_top.m_env.m_translation_sb [mmu_translation_sb] [LSU_P0] VA=0x000011a000: PA mismatch — ref.ppn=0x000021a  dut.pa=0x000013e
UVM_ERROR /home/st-wangjun/project/mmu_verification/mmu_verification/testbench/env/mmu_credit_sb.svh(244) @ 145888000: uvm_test_top.m_env.m_credit_sb [mmu_credit_sb] credit_l1d overflow: 50 > L1_DTLB_ENTRIES=16
UVM_ERROR /home/st-wangjun/project/mmu_verification/mmu_verification/testbench/env/mmu_credit_sb.svh(253) @ 145888000: uvm_test_top.m_env.m_credit_sb [mmu_credit_sb] l2_reqq_cnt overflow: 50 > L1_DTLB_MB_DEPTH=8
UVM_INFO /home/st-wangjun/project/mmu_verification/mmu_verification/testbench/env/mmu_ref_model.svh(371) @ 145901000: uvm_test_top.m_env.m_ref [mmu_ref_model] translate OK: va=0x000011b000 → ppn=0x000021b L0 pte=0x0000000000086ccf
UVM_ERROR /home/st-wangjun/project/mmu_verification/mmu_verification/testbench/env/mmu_translation_sb.svh(238) @ 145901000: uvm_test_top.m_env.m_translation_sb [mmu_translation_sb] [LSU_P0] VA=0x000011b000: PA mismatch — ref.ppn=0x000021b  dut.pa=0x000013f
UVM_ERROR /home/st-wangjun/project/mmu_verification/mmu_verification/testbench/env/mmu_credit_sb.svh(244) @ 145911000: uvm_test_top.m_env.m_credit_sb [mmu_credit_sb] credit_l1d overflow: 50 > L1_DTLB_ENTRIES=16
UVM_ERROR /home/st-wangjun/project/mmu_verification/mmu_verification/testbench/env/mmu_credit_sb.svh(253) @ 145911000: uvm_test_top.m_env.m_credit_sb [mmu_credit_sb] l2_reqq_cnt overflow: 50 > L1_DTLB_MB_DEPTH=8
UVM_INFO /home/st-wangjun/project/mmu_verification/mmu_verification/testbench/env/mmu_ref_model.svh(371) @ 145924000: uvm_test_top.m_env.m_ref [mmu_ref_model] translate OK: va=0x000011c000 → ppn=0x000021c L0 pte=0x00000000000870cf
UVM_ERROR /home/st-wangjun/project/mmu_verification/mmu_verification/testbench/env/mmu_translation_sb.svh(238) @ 145924000: uvm_test_top.m_env.m_translation_sb [mmu_translation_sb] [LSU_P0] VA=0x000011c000: PA mismatch — ref.ppn=0x000021c  dut.pa=0x0000140
UVM_ERROR /home/st-wangjun/project/mmu_verification/mmu_verification/testbench/env/mmu_credit_sb.svh(244) @ 145934000: uvm_test_top.m_env.m_credit_sb [mmu_credit_sb] credit_l1d overflow: 50 > L1_DTLB_ENTRIES=16
UVM_ERROR /home/st-wangjun/project/mmu_verification/mmu_verification/testbench/env/mmu_credit_sb.svh(253) @ 145934000: uvm_test_top.m_env.m_credit_sb [mmu_credit_sb] l2_reqq_cnt overflow: 50 > L1_DTLB_MB_DEPTH=8
UVM_INFO /home/st-wangjun/project/mmu_verification/mmu_verification/testbench/env/mmu_ref_model.svh(371) @ 145947000: uvm_test_top.m_env.m_ref [mmu_ref_model] translate OK: va=0x000011d000 → ppn=0x000021d L0 pte=0x00000000000874cf
UVM_ERROR /home/st-wangjun/project/mmu_verification/mmu_verification/testbench/env/mmu_translation_sb.svh(238) @ 145947000: uvm_test_top.m_env.m_translation_sb [mmu_translation_sb] [LSU_P0] VA=0x000011d000: PA mismatch — ref.ppn=0x000021d  dut.pa=0x0000141
UVM_ERROR /home/st-wangjun/project/mmu_verification/mmu_verification/testbench/env/mmu_credit_sb.svh(244) @ 145957000: uvm_test_top.m_env.m_credit_sb [mmu_credit_sb] credit_l1d overflow: 50 > L1_DTLB_ENTRIES=16
UVM_ERROR /home/st-wangjun/project/mmu_verification/mmu_verification/testbench/env/mmu_credit_sb.svh(253) @ 145957000: uvm_test_top.m_env.m_credit_sb [mmu_credit_sb] l2_reqq_cnt overflow: 50 > L1_DTLB_MB_DEPTH=8
UVM_WARNING /home/st-wangjun/project/mmu_verification/mmu_verification/testbench/lsu_agent/lsu_driver.svh(145) @ 149956000: uvm_test_top.m_env.m_lsu.m_driver [lsu_driver] Pipe0 response timeout: va=0x0000000000142000 id=79
UVM_ERROR /home/st-wangjun/project/mmu_verification/mmu_verification/testbench/env/mmu_credit_sb.svh(244) @ 149963000: uvm_test_top.m_env.m_credit_sb [mmu_credit_sb] credit_l1d overflow: 51 > L1_DTLB_ENTRIES=16
UVM_ERROR /home/st-wangjun/project/mmu_verification/mmu_verification/testbench/env/mmu_credit_sb.svh(253) @ 149963000: uvm_test_top.m_env.m_credit_sb [mmu_credit_sb] l2_reqq_cnt overflow: 51 > L1_DTLB_MB_DEPTH=8
UVM_INFO /home/st-wangjun/project/mmu_verification/mmu_verification/testbench/env/mmu_ref_model.svh(371) @ 149976000: uvm_test_top.m_env.m_ref [mmu_ref_model] translate OK: va=0x000011e000 → ppn=0x000021e L0 pte=0x00000000000878cf
UVM_ERROR /home/st-wangjun/project/mmu_verification/mmu_verification/testbench/env/mmu_translation_sb.svh(238) @ 149976000: uvm_test_top.m_env.m_translation_sb [mmu_translation_sb] [LSU_P0] VA=0x000011e000: PA mismatch — ref.ppn=0x000021e  dut.pa=0x0000143
UVM_ERROR /home/st-wangjun/project/mmu_verification/mmu_verification/testbench/env/mmu_credit_sb.svh(244) @ 149979000: uvm_test_top.m_env.m_credit_sb [mmu_credit_sb] credit_l1d overflow: 51 > L1_DTLB_ENTRIES=16
UVM_ERROR /home/st-wangjun/project/mmu_verification/mmu_verification/testbench/env/mmu_credit_sb.svh(253) @ 149979000: uvm_test_top.m_env.m_credit_sb [mmu_credit_sb] l2_reqq_cnt overflow: 51 > L1_DTLB_MB_DEPTH=8
UVM_WARNING /home/st-wangjun/project/mmu_verification/mmu_verification/testbench/lsu_agent/lsu_driver.svh(145) @ 153978000: uvm_test_top.m_env.m_lsu.m_driver [lsu_driver] Pipe0 response timeout: va=0x0000000000144000 id=110
UVM_ERROR /home/st-wangjun/project/mmu_verification/mmu_verification/testbench/env/mmu_credit_sb.svh(244) @ 153983000: uvm_test_top.m_env.m_credit_sb [mmu_credit_sb] credit_l1d overflow: 52 > L1_DTLB_ENTRIES=16
UVM_ERROR /home/st-wangjun/project/mmu_verification/mmu_verification/testbench/env/mmu_credit_sb.svh(253) @ 153983000: uvm_test_top.m_env.m_credit_sb [mmu_credit_sb] l2_reqq_cnt overflow: 52 > L1_DTLB_MB_DEPTH=8
UVM_WARNING /home/st-wangjun/project/mmu_verification/mmu_verification/testbench/lsu_agent/lsu_driver.svh(145) @ 157982000: uvm_test_top.m_env.m_lsu.m_driver [lsu_driver] Pipe0 response timeout: va=0x0000000000145000 id=111
UVM_ERROR /home/st-wangjun/project/mmu_verification/mmu_verification/testbench/env/mmu_credit_sb.svh(244) @ 157989000: uvm_test_top.m_env.m_credit_sb [mmu_credit_sb] credit_l1d overflow: 53 > L1_DTLB_ENTRIES=16
UVM_ERROR /home/st-wangjun/project/mmu_verification/mmu_verification/testbench/env/mmu_credit_sb.svh(253) @ 157989000: uvm_test_top.m_env.m_credit_sb [mmu_credit_sb] l2_reqq_cnt overflow: 53 > L1_DTLB_MB_DEPTH=8
UVM_INFO /home/st-wangjun/project/mmu_verification/mmu_verification/testbench/env/mmu_ref_model.svh(371) @ 158002000: uvm_test_top.m_env.m_ref [mmu_ref_model] translate OK: va=0x000011f000 → ppn=0x000021f L0 pte=0x0000000000087ccf
UVM_ERROR /home/st-wangjun/project/mmu_verification/mmu_verification/testbench/env/mmu_translation_sb.svh(238) @ 158002000: uvm_test_top.m_env.m_translation_sb [mmu_translation_sb] [LSU_P0] VA=0x000011f000: PA mismatch — ref.ppn=0x000021f  dut.pa=0x0000146
UVM_ERROR /home/st-wangjun/project/mmu_verification/mmu_verification/testbench/env/mmu_credit_sb.svh(244) @ 158012000: uvm_test_top.m_env.m_credit_sb [mmu_credit_sb] credit_l1d overflow: 53 > L1_DTLB_ENTRIES=16
UVM_ERROR /home/st-wangjun/project/mmu_verification/mmu_verification/testbench/env/mmu_credit_sb.svh(253) @ 158012000: uvm_test_top.m_env.m_credit_sb [mmu_credit_sb] l2_reqq_cnt overflow: 53 > L1_DTLB_MB_DEPTH=8
UVM_INFO /home/st-wangjun/project/mmu_verification/mmu_verification/testbench/env/mmu_ref_model.svh(371) @ 158025000: uvm_test_top.m_env.m_ref [mmu_ref_model] translate OK: va=0x0000120000 → ppn=0x0000220 L0 pte=0x00000000000880cf
UVM_ERROR /home/st-wangjun/project/mmu_verification/mmu_verification/testbench/env/mmu_translation_sb.svh(238) @ 158025000: uvm_test_top.m_env.m_translation_sb [mmu_translation_sb] [LSU_P0] VA=0x0000120000: PA mismatch — ref.ppn=0x0000220  dut.pa=0x0000147
UVM_ERROR /home/st-wangjun/project/mmu_verification/mmu_verification/testbench/env/mmu_credit_sb.svh(244) @ 158035000: uvm_test_top.m_env.m_credit_sb [mmu_credit_sb] credit_l1d overflow: 53 > L1_DTLB_ENTRIES=16
UVM_ERROR /home/st-wangjun/project/mmu_verification/mmu_verification/testbench/env/mmu_credit_sb.svh(253) @ 158035000: uvm_test_top.m_env.m_credit_sb [mmu_credit_sb] l2_reqq_cnt overflow: 53 > L1_DTLB_MB_DEPTH=8
UVM_WARNING /home/st-wangjun/project/mmu_verification/mmu_verification/testbench/lsu_agent/lsu_driver.svh(145) @ 162034000: uvm_test_top.m_env.m_lsu.m_driver [lsu_driver] Pipe0 response timeout: va=0x0000000000148000 id=38
UVM_ERROR /home/st-wangjun/project/mmu_verification/mmu_verification/testbench/env/mmu_credit_sb.svh(244) @ 162041000: uvm_test_top.m_env.m_credit_sb [mmu_credit_sb] credit_l1d overflow: 54 > L1_DTLB_ENTRIES=16
UVM_ERROR /home/st-wangjun/project/mmu_verification/mmu_verification/testbench/env/mmu_credit_sb.svh(253) @ 162041000: uvm_test_top.m_env.m_credit_sb [mmu_credit_sb] l2_reqq_cnt overflow: 54 > L1_DTLB_MB_DEPTH=8
UVM_WARNING /home/st-wangjun/project/mmu_verification/mmu_verification/testbench/lsu_agent/lsu_driver.svh(145) @ 166040000: uvm_test_top.m_env.m_lsu.m_driver [lsu_driver] Pipe0 response timeout: va=0x0000000000149000 id=125
UVM_ERROR /home/st-wangjun/project/mmu_verification/mmu_verification/testbench/env/mmu_credit_sb.svh(244) @ 166047000: uvm_test_top.m_env.m_credit_sb [mmu_credit_sb] credit_l1d overflow: 55 > L1_DTLB_ENTRIES=16
UVM_ERROR /home/st-wangjun/project/mmu_verification/mmu_verification/testbench/env/mmu_credit_sb.svh(253) @ 166047000: uvm_test_top.m_env.m_credit_sb [mmu_credit_sb] l2_reqq_cnt overflow: 55 > L1_DTLB_MB_DEPTH=8
UVM_WARNING /home/st-wangjun/project/mmu_verification/mmu_verification/testbench/lsu_agent/lsu_driver.svh(145) @ 170046000: uvm_test_top.m_env.m_lsu.m_driver [lsu_driver] Pipe0 response timeout: va=0x000000000014a000 id=4
UVM_ERROR /home/st-wangjun/project/mmu_verification/mmu_verification/testbench/env/mmu_credit_sb.svh(244) @ 170053000: uvm_test_top.m_env.m_credit_sb [mmu_credit_sb] credit_l1d overflow: 56 > L1_DTLB_ENTRIES=16
UVM_ERROR /home/st-wangjun/project/mmu_verification/mmu_verification/testbench/env/mmu_credit_sb.svh(253) @ 170053000: uvm_test_top.m_env.m_credit_sb [mmu_credit_sb] l2_reqq_cnt overflow: 56 > L1_DTLB_MB_DEPTH=8
UVM_INFO /home/st-wangjun/project/mmu_verification/mmu_verification/testbench/env/mmu_ref_model.svh(371) @ 170066000: uvm_test_top.m_env.m_ref [mmu_ref_model] translate OK: va=0x0000121000 → ppn=0x0000221 L0 pte=0x00000000000884cf
UVM_ERROR /home/st-wangjun/project/mmu_verification/mmu_verification/testbench/env/mmu_translation_sb.svh(238) @ 170066000: uvm_test_top.m_env.m_translation_sb [mmu_translation_sb] [LSU_P0] VA=0x0000121000: PA mismatch — ref.ppn=0x0000221  dut.pa=0x000014b
UVM_ERROR /home/st-wangjun/project/mmu_verification/mmu_verification/testbench/env/mmu_credit_sb.svh(244) @ 170069000: uvm_test_top.m_env.m_credit_sb [mmu_credit_sb] credit_l1d overflow: 56 > L1_DTLB_ENTRIES=16
UVM_ERROR /home/st-wangjun/project/mmu_verification/mmu_verification/testbench/env/mmu_credit_sb.svh(253) @ 170069000: uvm_test_top.m_env.m_credit_sb [mmu_credit_sb] l2_reqq_cnt overflow: 56 > L1_DTLB_MB_DEPTH=8
UVM_INFO /home/st-wangjun/project/mmu_verification/mmu_verification/testbench/env/mmu_ref_model.svh(371) @ 170080000: uvm_test_top.m_env.m_ref [mmu_ref_model] translate OK: va=0x0000122000 → ppn=0x0000222 L0 pte=0x00000000000888cf
UVM_ERROR /home/st-wangjun/project/mmu_verification/mmu_verification/testbench/env/mmu_translation_sb.svh(238) @ 170080000: uvm_test_top.m_env.m_translation_sb [mmu_translation_sb] [LSU_P0] VA=0x0000122000: PA mismatch — ref.ppn=0x0000222  dut.pa=0x000014c
UVM_ERROR /home/st-wangjun/project/mmu_verification/mmu_verification/testbench/env/mmu_credit_sb.svh(244) @ 170090000: uvm_test_top.m_env.m_credit_sb [mmu_credit_sb] credit_l1d overflow: 56 > L1_DTLB_ENTRIES=16
UVM_ERROR /home/st-wangjun/project/mmu_verification/mmu_verification/testbench/env/mmu_credit_sb.svh(253) @ 170090000: uvm_test_top.m_env.m_credit_sb [mmu_credit_sb] l2_reqq_cnt overflow: 56 > L1_DTLB_MB_DEPTH=8
UVM_INFO /home/st-wangjun/project/mmu_verification/mmu_verification/testbench/env/mmu_ref_model.svh(371) @ 170103000: uvm_test_top.m_env.m_ref [mmu_ref_model] translate OK: va=0x0000123000 → ppn=0x0000223 L0 pte=0x0000000000088ccf
UVM_ERROR /home/st-wangjun/project/mmu_verification/mmu_verification/testbench/env/mmu_translation_sb.svh(238) @ 170103000: uvm_test_top.m_env.m_translation_sb [mmu_translation_sb] [LSU_P0] VA=0x0000123000: PA mismatch — ref.ppn=0x0000223  dut.pa=0x000014d
UVM_ERROR /home/st-wangjun/project/mmu_verification/mmu_verification/testbench/env/mmu_credit_sb.svh(244) @ 170113000: uvm_test_top.m_env.m_credit_sb [mmu_credit_sb] credit_l1d overflow: 56 > L1_DTLB_ENTRIES=16
UVM_ERROR /home/st-wangjun/project/mmu_verification/mmu_verification/testbench/env/mmu_credit_sb.svh(253) @ 170113000: uvm_test_top.m_env.m_credit_sb [mmu_credit_sb] l2_reqq_cnt overflow: 56 > L1_DTLB_MB_DEPTH=8
UVM_WARNING /home/st-wangjun/project/mmu_verification/mmu_verification/testbench/lsu_agent/lsu_driver.svh(145) @ 174112000: uvm_test_top.m_env.m_lsu.m_driver [lsu_driver] Pipe0 response timeout: va=0x000000000014e000 id=18
UVM_ERROR /home/st-wangjun/project/mmu_verification/mmu_verification/testbench/env/mmu_credit_sb.svh(244) @ 174119000: uvm_test_top.m_env.m_credit_sb [mmu_credit_sb] credit_l1d overflow: 57 > L1_DTLB_ENTRIES=16
UVM_ERROR /home/st-wangjun/project/mmu_verification/mmu_verification/testbench/env/mmu_credit_sb.svh(253) @ 174119000: uvm_test_top.m_env.m_credit_sb [mmu_credit_sb] l2_reqq_cnt overflow: 57 > L1_DTLB_MB_DEPTH=8
UVM_WARNING /home/st-wangjun/project/mmu_verification/mmu_verification/testbench/lsu_agent/lsu_driver.svh(145) @ 178118000: uvm_test_top.m_env.m_lsu.m_driver [lsu_driver] Pipe0 response timeout: va=0x000000000014f000 id=119
UVM_ERROR /home/st-wangjun/project/mmu_verification/mmu_verification/testbench/env/mmu_credit_sb.svh(244) @ 178125000: uvm_test_top.m_env.m_credit_sb [mmu_credit_sb] credit_l1d overflow: 58 > L1_DTLB_ENTRIES=16
UVM_ERROR /home/st-wangjun/project/mmu_verification/mmu_verification/testbench/env/mmu_credit_sb.svh(253) @ 178125000: uvm_test_top.m_env.m_credit_sb [mmu_credit_sb] l2_reqq_cnt overflow: 58 > L1_DTLB_MB_DEPTH=8
UVM_INFO /home/st-wangjun/project/mmu_verification/mmu_verification/testbench/env/mmu_ref_model.svh(371) @ 178131000: uvm_test_top.m_env.m_ref [mmu_ref_model] translate OK: va=0x0000124000 → ppn=0x0000224 L0 pte=0x00000000000890cf
UVM_ERROR /home/st-wangjun/project/mmu_verification/mmu_verification/testbench/env/mmu_translation_sb.svh(238) @ 178131000: uvm_test_top.m_env.m_translation_sb [mmu_translation_sb] [LSU_P0] VA=0x0000124000: PA mismatch — ref.ppn=0x0000224  dut.pa=0x0000150
UVM_ERROR /home/st-wangjun/project/mmu_verification/mmu_verification/testbench/env/mmu_credit_sb.svh(244) @ 178141000: uvm_test_top.m_env.m_credit_sb [mmu_credit_sb] credit_l1d overflow: 58 > L1_DTLB_ENTRIES=16
UVM_ERROR /home/st-wangjun/project/mmu_verification/mmu_verification/testbench/env/mmu_credit_sb.svh(253) @ 178141000: uvm_test_top.m_env.m_credit_sb [mmu_credit_sb] l2_reqq_cnt overflow: 58 > L1_DTLB_MB_DEPTH=8
UVM_WARNING /home/st-wangjun/project/mmu_verification/mmu_verification/testbench/lsu_agent/lsu_driver.svh(145) @ 182140000: uvm_test_top.m_env.m_lsu.m_driver [lsu_driver] Pipe0 response timeout: va=0x0000000000151000 id=9
UVM_ERROR /home/st-wangjun/project/mmu_verification/mmu_verification/testbench/env/mmu_credit_sb.svh(244) @ 182147000: uvm_test_top.m_env.m_credit_sb [mmu_credit_sb] credit_l1d overflow: 59 > L1_DTLB_ENTRIES=16
UVM_ERROR /home/st-wangjun/project/mmu_verification/mmu_verification/testbench/env/mmu_credit_sb.svh(253) @ 182147000: uvm_test_top.m_env.m_credit_sb [mmu_credit_sb] l2_reqq_cnt overflow: 59 > L1_DTLB_MB_DEPTH=8
UVM_WARNING /home/st-wangjun/project/mmu_verification/mmu_verification/testbench/lsu_agent/lsu_driver.svh(145) @ 186146000: uvm_test_top.m_env.m_lsu.m_driver [lsu_driver] Pipe0 response timeout: va=0x0000000000152000 id=17
UVM_ERROR /home/st-wangjun/project/mmu_verification/mmu_verification/testbench/env/mmu_credit_sb.svh(244) @ 186153000: uvm_test_top.m_env.m_credit_sb [mmu_credit_sb] credit_l1d overflow: 60 > L1_DTLB_ENTRIES=16
UVM_ERROR /home/st-wangjun/project/mmu_verification/mmu_verification/testbench/env/mmu_credit_sb.svh(253) @ 186153000: uvm_test_top.m_env.m_credit_sb [mmu_credit_sb] l2_reqq_cnt overflow: 60 > L1_DTLB_MB_DEPTH=8
UVM_INFO /home/st-wangjun/project/mmu_verification/mmu_verification/testbench/env/mmu_ref_model.svh(371) @ 186166000: uvm_test_top.m_env.m_ref [mmu_ref_model] translate OK: va=0x0000125000 → ppn=0x0000225 L0 pte=0x00000000000894cf
UVM_ERROR /home/st-wangjun/project/mmu_verification/mmu_verification/testbench/env/mmu_translation_sb.svh(238) @ 186166000: uvm_test_top.m_env.m_translation_sb [mmu_translation_sb] [LSU_P0] VA=0x0000125000: PA mismatch — ref.ppn=0x0000225  dut.pa=0x0000153
UVM_ERROR /home/st-wangjun/project/mmu_verification/mmu_verification/testbench/env/mmu_credit_sb.svh(244) @ 186176000: uvm_test_top.m_env.m_credit_sb [mmu_credit_sb] credit_l1d overflow: 60 > L1_DTLB_ENTRIES=16
UVM_ERROR /home/st-wangjun/project/mmu_verification/mmu_verification/testbench/env/mmu_credit_sb.svh(253) @ 186176000: uvm_test_top.m_env.m_credit_sb [mmu_credit_sb] l2_reqq_cnt overflow: 60 > L1_DTLB_MB_DEPTH=8
UVM_WARNING /home/st-wangjun/project/mmu_verification/mmu_verification/testbench/lsu_agent/lsu_driver.svh(145) @ 190175000: uvm_test_top.m_env.m_lsu.m_driver [lsu_driver] Pipe0 response timeout: va=0x0000000000154000 id=1
UVM_ERROR /home/st-wangjun/project/mmu_verification/mmu_verification/testbench/env/mmu_credit_sb.svh(244) @ 190182000: uvm_test_top.m_env.m_credit_sb [mmu_credit_sb] credit_l1d overflow: 61 > L1_DTLB_ENTRIES=16
UVM_ERROR /home/st-wangjun/project/mmu_verification/mmu_verification/testbench/env/mmu_credit_sb.svh(253) @ 190182000: uvm_test_top.m_env.m_credit_sb [mmu_credit_sb] l2_reqq_cnt overflow: 61 > L1_DTLB_MB_DEPTH=8
UVM_WARNING /home/st-wangjun/project/mmu_verification/mmu_verification/testbench/lsu_agent/lsu_driver.svh(145) @ 194181000: uvm_test_top.m_env.m_lsu.m_driver [lsu_driver] Pipe0 response timeout: va=0x0000000000155000 id=125
UVM_ERROR /home/st-wangjun/project/mmu_verification/mmu_verification/testbench/env/mmu_credit_sb.svh(244) @ 194188000: uvm_test_top.m_env.m_credit_sb [mmu_credit_sb] credit_l1d overflow: 62 > L1_DTLB_ENTRIES=16
UVM_ERROR /home/st-wangjun/project/mmu_verification/mmu_verification/testbench/env/mmu_credit_sb.svh(253) @ 194188000: uvm_test_top.m_env.m_credit_sb [mmu_credit_sb] l2_reqq_cnt overflow: 62 > L1_DTLB_MB_DEPTH=8
UVM_INFO /home/st-wangjun/project/mmu_verification/mmu_verification/testbench/env/mmu_ref_model.svh(371) @ 194201000: uvm_test_top.m_env.m_ref [mmu_ref_model] translate OK: va=0x0000126000 → ppn=0x0000226 L0 pte=0x00000000000898cf
UVM_ERROR /home/st-wangjun/project/mmu_verification/mmu_verification/testbench/env/mmu_translation_sb.svh(238) @ 194201000: uvm_test_top.m_env.m_translation_sb [mmu_translation_sb] [LSU_P0] VA=0x0000126000: PA mismatch — ref.ppn=0x0000226  dut.pa=0x0000156
UVM_ERROR /home/st-wangjun/project/mmu_verification/mmu_verification/testbench/env/mmu_credit_sb.svh(244) @ 194211000: uvm_test_top.m_env.m_credit_sb [mmu_credit_sb] credit_l1d overflow: 62 > L1_DTLB_ENTRIES=16
UVM_ERROR /home/st-wangjun/project/mmu_verification/mmu_verification/testbench/env/mmu_credit_sb.svh(253) @ 194211000: uvm_test_top.m_env.m_credit_sb [mmu_credit_sb] l2_reqq_cnt overflow: 62 > L1_DTLB_MB_DEPTH=8
UVM_WARNING /home/st-wangjun/project/mmu_verification/mmu_verification/testbench/lsu_agent/lsu_driver.svh(145) @ 198210000: uvm_test_top.m_env.m_lsu.m_driver [lsu_driver] Pipe0 response timeout: va=0x0000000000157000 id=29
UVM_ERROR /home/st-wangjun/project/mmu_verification/mmu_verification/testbench/env/mmu_credit_sb.svh(244) @ 198217000: uvm_test_top.m_env.m_credit_sb [mmu_credit_sb] credit_l1d overflow: 63 > L1_DTLB_ENTRIES=16
UVM_ERROR /home/st-wangjun/project/mmu_verification/mmu_verification/testbench/env/mmu_credit_sb.svh(253) @ 198217000: uvm_test_top.m_env.m_credit_sb [mmu_credit_sb] l2_reqq_cnt overflow: 63 > L1_DTLB_MB_DEPTH=8
UVM_WARNING /home/st-wangjun/project/mmu_verification/mmu_verification/testbench/lsu_agent/lsu_driver.svh(145) @ 202216000: uvm_test_top.m_env.m_lsu.m_driver [lsu_driver] Pipe0 response timeout: va=0x0000000000158000 id=77
UVM_ERROR /home/st-wangjun/project/mmu_verification/mmu_verification/testbench/env/mmu_credit_sb.svh(244) @ 202223000: uvm_test_top.m_env.m_credit_sb [mmu_credit_sb] credit_l1d overflow: 64 > L1_DTLB_ENTRIES=16
UVM_ERROR /home/st-wangjun/project/mmu_verification/mmu_verification/testbench/env/mmu_credit_sb.svh(253) @ 202223000: uvm_test_top.m_env.m_credit_sb [mmu_credit_sb] l2_reqq_cnt overflow: 64 > L1_DTLB_MB_DEPTH=8
UVM_INFO /home/st-wangjun/project/mmu_verification/mmu_verification/testbench/env/mmu_ref_model.svh(371) @ 202236000: uvm_test_top.m_env.m_ref [mmu_ref_model] translate OK: va=0x0000127000 → ppn=0x0000227 L0 pte=0x0000000000089ccf
UVM_ERROR /home/st-wangjun/project/mmu_verification/mmu_verification/testbench/env/mmu_translation_sb.svh(238) @ 202236000: uvm_test_top.m_env.m_translation_sb [mmu_translation_sb] [LSU_P0] VA=0x0000127000: PA mismatch — ref.ppn=0x0000227  dut.pa=0x0000159
UVM_ERROR /home/st-wangjun/project/mmu_verification/mmu_verification/testbench/env/mmu_credit_sb.svh(244) @ 202246000: uvm_test_top.m_env.m_credit_sb [mmu_credit_sb] credit_l1d overflow: 64 > L1_DTLB_ENTRIES=16
UVM_ERROR /home/st-wangjun/project/mmu_verification/mmu_verification/testbench/env/mmu_credit_sb.svh(253) @ 202246000: uvm_test_top.m_env.m_credit_sb [mmu_credit_sb] l2_reqq_cnt overflow: 64 > L1_DTLB_MB_DEPTH=8
UVM_WARNING /home/st-wangjun/project/mmu_verification/mmu_verification/testbench/lsu_agent/lsu_driver.svh(145) @ 206245000: uvm_test_top.m_env.m_lsu.m_driver [lsu_driver] Pipe0 response timeout: va=0x000000000015a000 id=27
UVM_ERROR /home/st-wangjun/project/mmu_verification/mmu_verification/testbench/env/mmu_credit_sb.svh(244) @ 206252000: uvm_test_top.m_env.m_credit_sb [mmu_credit_sb] credit_l1d overflow: 65 > L1_DTLB_ENTRIES=16
UVM_ERROR /home/st-wangjun/project/mmu_verification/mmu_verification/testbench/env/mmu_credit_sb.svh(253) @ 206252000: uvm_test_top.m_env.m_credit_sb [mmu_credit_sb] l2_reqq_cnt overflow: 65 > L1_DTLB_MB_DEPTH=8
UVM_WARNING /home/st-wangjun/project/mmu_verification/mmu_verification/testbench/lsu_agent/lsu_driver.svh(145) @ 210251000: uvm_test_top.m_env.m_lsu.m_driver [lsu_driver] Pipe0 response timeout: va=0x000000000015b000 id=28
UVM_ERROR /home/st-wangjun/project/mmu_verification/mmu_verification/testbench/env/mmu_credit_sb.svh(244) @ 210258000: uvm_test_top.m_env.m_credit_sb [mmu_credit_sb] credit_l1d overflow: 66 > L1_DTLB_ENTRIES=16
UVM_ERROR /home/st-wangjun/project/mmu_verification/mmu_verification/testbench/env/mmu_credit_sb.svh(253) @ 210258000: uvm_test_top.m_env.m_credit_sb [mmu_credit_sb] l2_reqq_cnt overflow: 66 > L1_DTLB_MB_DEPTH=8
UVM_WARNING /home/st-wangjun/project/mmu_verification/mmu_verification/testbench/lsu_agent/lsu_driver.svh(145) @ 214257000: uvm_test_top.m_env.m_lsu.m_driver [lsu_driver] Pipe0 response timeout: va=0x000000000015c000 id=15
UVM_ERROR /home/st-wangjun/project/mmu_verification/mmu_verification/testbench/env/mmu_credit_sb.svh(244) @ 214264000: uvm_test_top.m_env.m_credit_sb [mmu_credit_sb] credit_l1d overflow: 67 > L1_DTLB_ENTRIES=16
UVM_ERROR /home/st-wangjun/project/mmu_verification/mmu_verification/testbench/env/mmu_credit_sb.svh(253) @ 214264000: uvm_test_top.m_env.m_credit_sb [mmu_credit_sb] l2_reqq_cnt overflow: 67 > L1_DTLB_MB_DEPTH=8
UVM_INFO /home/st-wangjun/project/mmu_verification/mmu_verification/testbench/env/mmu_ref_model.svh(371) @ 214277000: uvm_test_top.m_env.m_ref [mmu_ref_model] translate OK: va=0x0000128000 → ppn=0x0000228 L0 pte=0x000000000008a0cf
UVM_ERROR /home/st-wangjun/project/mmu_verification/mmu_verification/testbench/env/mmu_translation_sb.svh(238) @ 214277000: uvm_test_top.m_env.m_translation_sb [mmu_translation_sb] [LSU_P0] VA=0x0000128000: PA mismatch — ref.ppn=0x0000228  dut.pa=0x000015d
UVM_ERROR /home/st-wangjun/project/mmu_verification/mmu_verification/testbench/env/mmu_credit_sb.svh(244) @ 214287000: uvm_test_top.m_env.m_credit_sb [mmu_credit_sb] credit_l1d overflow: 67 > L1_DTLB_ENTRIES=16
UVM_ERROR /home/st-wangjun/project/mmu_verification/mmu_verification/testbench/env/mmu_credit_sb.svh(253) @ 214287000: uvm_test_top.m_env.m_credit_sb [mmu_credit_sb] l2_reqq_cnt overflow: 67 > L1_DTLB_MB_DEPTH=8
UVM_WARNING /home/st-wangjun/project/mmu_verification/mmu_verification/testbench/lsu_agent/lsu_driver.svh(145) @ 218286000: uvm_test_top.m_env.m_lsu.m_driver [lsu_driver] Pipe0 response timeout: va=0x000000000015e000 id=33
UVM_ERROR /home/st-wangjun/project/mmu_verification/mmu_verification/testbench/env/mmu_credit_sb.svh(244) @ 218293000: uvm_test_top.m_env.m_credit_sb [mmu_credit_sb] credit_l1d overflow: 68 > L1_DTLB_ENTRIES=16
UVM_ERROR /home/st-wangjun/project/mmu_verification/mmu_verification/testbench/env/mmu_credit_sb.svh(253) @ 218293000: uvm_test_top.m_env.m_credit_sb [mmu_credit_sb] l2_reqq_cnt overflow: 68 > L1_DTLB_MB_DEPTH=8
UVM_INFO /home/st-wangjun/project/mmu_verification/mmu_verification/testbench/env/mmu_ref_model.svh(371) @ 218306000: uvm_test_top.m_env.m_ref [mmu_ref_model] translate OK: va=0x0000129000 → ppn=0x0000229 L0 pte=0x000000000008a4cf
UVM_ERROR /home/st-wangjun/project/mmu_verification/mmu_verification/testbench/env/mmu_translation_sb.svh(238) @ 218306000: uvm_test_top.m_env.m_translation_sb [mmu_translation_sb] [LSU_P0] VA=0x0000129000: PA mismatch — ref.ppn=0x0000229  dut.pa=0x000015f
UVM_ERROR /home/st-wangjun/project/mmu_verification/mmu_verification/testbench/env/mmu_credit_sb.svh(244) @ 218309000: uvm_test_top.m_env.m_credit_sb [mmu_credit_sb] credit_l1d overflow: 68 > L1_DTLB_ENTRIES=16
UVM_ERROR /home/st-wangjun/project/mmu_verification/mmu_verification/testbench/env/mmu_credit_sb.svh(253) @ 218309000: uvm_test_top.m_env.m_credit_sb [mmu_credit_sb] l2_reqq_cnt overflow: 68 > L1_DTLB_MB_DEPTH=8
UVM_WARNING /home/st-wangjun/project/mmu_verification/mmu_verification/testbench/lsu_agent/lsu_driver.svh(145) @ 222308000: uvm_test_top.m_env.m_lsu.m_driver [lsu_driver] Pipe0 response timeout: va=0x0000000000160000 id=108
UVM_ERROR /home/st-wangjun/project/mmu_verification/mmu_verification/testbench/env/mmu_credit_sb.svh(244) @ 222313000: uvm_test_top.m_env.m_credit_sb [mmu_credit_sb] credit_l1d overflow: 69 > L1_DTLB_ENTRIES=16
UVM_ERROR /home/st-wangjun/project/mmu_verification/mmu_verification/testbench/env/mmu_credit_sb.svh(253) @ 222313000: uvm_test_top.m_env.m_credit_sb [mmu_credit_sb] l2_reqq_cnt overflow: 69 > L1_DTLB_MB_DEPTH=8
UVM_INFO /home/st-wangjun/project/mmu_verification/mmu_verification/testbench/env/mmu_ref_model.svh(371) @ 222326000: uvm_test_top.m_env.m_ref [mmu_ref_model] translate OK: va=0x000012a000 → ppn=0x000022a L0 pte=0x000000000008a8cf
UVM_ERROR /home/st-wangjun/project/mmu_verification/mmu_verification/testbench/env/mmu_translation_sb.svh(238) @ 222326000: uvm_test_top.m_env.m_translation_sb [mmu_translation_sb] [LSU_P0] VA=0x000012a000: PA mismatch — ref.ppn=0x000022a  dut.pa=0x0000161
UVM_ERROR /home/st-wangjun/project/mmu_verification/mmu_verification/testbench/env/mmu_credit_sb.svh(244) @ 222336000: uvm_test_top.m_env.m_credit_sb [mmu_credit_sb] credit_l1d overflow: 69 > L1_DTLB_ENTRIES=16
UVM_ERROR /home/st-wangjun/project/mmu_verification/mmu_verification/testbench/env/mmu_credit_sb.svh(253) @ 222336000: uvm_test_top.m_env.m_credit_sb [mmu_credit_sb] l2_reqq_cnt overflow: 69 > L1_DTLB_MB_DEPTH=8
UVM_INFO /home/st-wangjun/project/mmu_verification/mmu_verification/testbench/env/mmu_ref_model.svh(371) @ 222349000: uvm_test_top.m_env.m_ref [mmu_ref_model] translate OK: va=0x000012b000 → ppn=0x000022b L0 pte=0x000000000008accf
UVM_ERROR /home/st-wangjun/project/mmu_verification/mmu_verification/testbench/env/mmu_translation_sb.svh(238) @ 222349000: uvm_test_top.m_env.m_translation_sb [mmu_translation_sb] [LSU_P0] VA=0x000012b000: PA mismatch — ref.ppn=0x000022b  dut.pa=0x0000162
UVM_ERROR /home/st-wangjun/project/mmu_verification/mmu_verification/testbench/env/mmu_credit_sb.svh(244) @ 222352000: uvm_test_top.m_env.m_credit_sb [mmu_credit_sb] credit_l1d overflow: 69 > L1_DTLB_ENTRIES=16
UVM_ERROR /home/st-wangjun/project/mmu_verification/mmu_verification/testbench/env/mmu_credit_sb.svh(253) @ 222352000: uvm_test_top.m_env.m_credit_sb [mmu_credit_sb] l2_reqq_cnt overflow: 69 > L1_DTLB_MB_DEPTH=8
UVM_WARNING /home/st-wangjun/project/mmu_verification/mmu_verification/testbench/lsu_agent/lsu_driver.svh(145) @ 226351000: uvm_test_top.m_env.m_lsu.m_driver [lsu_driver] Pipe0 response timeout: va=0x0000000000163000 id=125
UVM_INFO /home/st-wangjun/project/mmu_verification/mmu_verification/testbench/test/basic_tests/test_mmu_translation_sanity.svh(378) @ 501088000: uvm_test_top [test_mmu_translation_sanity] === Phase 5 Sanity Test COMPLETE ===  SB total_checked=170  mismatch=151
UVM_ERROR /home/st-wangjun/project/mmu_verification/mmu_verification/testbench/test/basic_tests/test_mmu_translation_sanity.svh(386) @ 501088000: uvm_test_top [test_mmu_translation_sanity] Translation SB checked only 170 transactions (expected ≥200)
UVM_INFO /usr/tools/synopsys/VCS2022/vcs/T-2022.06/etc/uvm-1.2/base/uvm_objection.svh(1276) @ 501088000: reporter [TEST_DONE] 'run' phase is ready to proceed to the 'extract' phase
UVM_INFO /home/st-wangjun/project/mmu_verification/mmu_verification/testbench/env/mmu_credit_sb.svh(277) @ 501088000: uvm_test_top.m_env.m_credit_sb [mmu_credit_sb] [CreditSB] Summary:
  credit_l1i   = 0  (peak=1, limit=16)
  credit_l1d   = 69  (peak=69, limit=16)
  l2_reqq_cnt  = 69  (peak=69, limit=9)
  ptw_mbuf_cnt = 0  (peak=0, limit=4)
UVM_ERROR /home/st-wangjun/project/mmu_verification/mmu_verification/testbench/env/mmu_credit_sb.svh(296) @ 501088000: uvm_test_top.m_env.m_credit_sb [mmu_credit_sb] [CreditSB] credit_l1d != 0 at end-of-sim (69): leaked LSU txns
UVM_ERROR /home/st-wangjun/project/mmu_verification/mmu_verification/testbench/env/mmu_credit_sb.svh(301) @ 501088000: uvm_test_top.m_env.m_credit_sb [mmu_credit_sb] [CreditSB] l2_reqq_cnt != 0 at end-of-sim (69): L2 reqQ not drained
UVM_INFO /home/st-wangjun/project/mmu_verification/mmu_verification/testbench/env/mmu_perf_mon.svh(156) @ 501088000: uvm_test_top.m_env.m_perf [mmu_perf_mon] [PerfMon] Performance Summary:
  IFU:  req=100  miss=0 (TODO)
  LSU0: req=44  miss=0 (TODO)
  LSU1: req=7  miss=0 (TODO)
  LSU2: req=19  (prefetch)
  PTW:  walk_latency_sum=0 (TODO)
  HPCP: dutlb_miss=224824  iutlb_miss=0  jtlb_miss=0
UVM_INFO /home/st-wangjun/project/mmu_verification/mmu_verification/testbench/env/mmu_ref_model.svh(485) @ 501088000: uvm_test_top.m_env.m_ref [mmu_ref_model] ref_model stats: calls=151 page_faults=0 passthrough=0
UVM_INFO /home/st-wangjun/project/mmu_verification/mmu_verification/testbench/env/mmu_translation_sb.svh(202) @ 501088000: uvm_test_top.m_env.m_translation_sb [mmu_translation_sb] Translation SB summary: total_checked=170  mismatch=151
UVM_ERROR /home/st-wangjun/project/mmu_verification/mmu_verification/testbench/env/mmu_translation_sb.svh(207) @ 501088000: uvm_test_top.m_env.m_translation_sb [mmu_translation_sb] Translation SB FAILED: 151 mismatch(es) detected!
UVM_INFO /usr/tools/synopsys/VCS2022/vcs/T-2022.06/etc/uvm-1.2/base/uvm_report_server.svh(904) @ 501088000: reporter [UVM/REPORT/SERVER] 
--- UVM Report Summary ---

** Report counts by severity
UVM_INFO : 1101
UVM_WARNING :   69
UVM_ERROR :  359
UVM_FATAL :    0
** Report counts by id
[CFGDB/GET]   787
[CFGDB/SET]     9
[PAGE_TABLE_BUILDER]   101
[RNTST]     1
[TEST_DONE]     1
[UVM/RELNOTES]     1
[UVMTOP]     1
[lsu_driver]    69
[mmu_credit_sb]   207
[mmu_page_table_mem]     1
[mmu_perf_mon]     1
[mmu_ref_model]   152
[mmu_translation_sb]   172
[pmp_monitor]     1
[sysmap_cfg_driver]     1
[test_mmu_translation_sanity]    24

$finish called from file "/usr/tools/synopsys/VCS2022/vcs/T-2022.06/etc/uvm-1.2/base/uvm_root.svh", line 527.
$finish at simulation time            501087500
           V C S   S i m u l a t i o n   R e p o r t 
Time: 501087500 ps
CPU Time:     18.760 seconds;       Data structure size:   1.5Mb
Fri Apr 24 23:28:35 2026
Simulation completed. Log: /home/st-wangjun/project/mmu_verification/mmu_verification/output/logs/test_mmu_translation_sanity_random.log
