Requirement_ID,Requirement,Sub_Feature_ID,Sub_Feature,Test_Case_ID,Test_Case_Name,Feature_Description,Verification_Goal,Stimuli,Test_Type,Coverage_Method,Covergroup_Binding,Assertion_Binding,Sequence_Binding,Criteria_Pass_Fail,Priority,RTL_Reference,Spec_Reference,Status,Implementation_Stage,Implementation_Artifact,Implementation_Notes
F1.1.1,PLRU替换策略16-entry全相联,F1.1,L1ITLB_PLRU,ITLB_HIT_001,IFU basic 4K hit,L1 ITLB 16 entry PLRU replacement with hit/miss arbiter,Verify PLRU pointer updates correctly on entry allocation,ifu_base_seq 4K page table with repeated VA,Directed,Function Coverage,cg_ifu_rsp,sva_plru_valid,ifu_base_seq,Hit PA correct no pgflt,P0,mmu_l1itlb.sv:80-120 ct_mmu_iplru.v,Sv39§4.4,Active,,,
F1.1.2,PLRU替换序列覆盖,F1.1,L1ITLB_PLRU,ITLB_PLRU_001,IFU PLRU directed,L1 ITLB 16-way replace policy,Verify replacement follows pseudo-LRU tree rules,ifu_random_vaddr_seq 16+ distinct VPN,Directed,Function Coverage,cg_itlb,sva_plru_valid,ifu_random_vaddr_seq,16-way allocation then replace,P0,mmu_l1itlb.sv:150-200 ct_mmu_iplru.v:1-100,Sv39§4.4,Active,,,
F1.1.3,PLRU替换随机压力,F1.1,L1ITLB_PLRU,ITLB_PLRU_002,IFU PLRU random,L1 ITLB PLRU replacement stress,Verify PLRU invariants under random VA sequence,ifu_random_vaddr_seq × 100 seed,Constrained-Random,Function Coverage,cg_itlb,sva_plru_valid,ifu_random_vaddr_seq,Replace pattern matches PLRU model,P1,mmu_l1itlb.sv ct_mmu_iplru.v,Sv39§4.4,Active,,,
F1.2.1,权限位缓存X检查,F1.2,ITLB_PERM,ITLB_PERM_001,IFU exec perm X=0,L1 ITLB entry X-bit permission check,Verify page fault on X=0 with fetch access,VA→PTE with X=0 constructed,Directed,Function Coverage,cg_ifu_rsp translation_sb,sva_perm_check,ifu_pagefault_trigger_seq,Return pgflt=1 deny=0,P0,mmu_l1itlb.sv:180-210 ct_mmu_iutlb_entry.v:50-80,Sv39§4.4.1,Active,,,
F1.2.2,权限位组合U/M/SUM,F1.2,ITLB_PERM,ITLB_PERM_002,IFU perm SUM+MXR,L1 ITLB U-bit perm with SUM/MXR,Verify SUM/MXR combinations affect X-bit,ifu_exec_perm_mix_seq cp0_mxr_sum_cross,Directed,Function Coverage,cg_cross_scenario,sva_perm_check,ifu_exec_perm_mix_seq,Cover all (U priv SUM MXR) combinations,P0,mmu_l1itlb.sv:180-210,Sv39§4.4.2 MXR/SUM,Active,,,
F1.2.3,有效位V检查无效页,F1.2,ITLB_PERM,ITLB_PGFLT_001,IFU pagefault V=0,L1 ITLB V-bit validity check,Verify page fault on invalid entry V=0,VA→PTE with V=0,Directed,Function Coverage,cg_ifu_rsp,sva_entry_valid,ifu_pagefault_trigger_seq,Return pgflt=1,P0,ct_mmu_iutlb_entry.v:30-60,Sv39§4.4,Active,,,
F1.3.1,4K页面VA→PA基础,F1.3,ITLB_TRANS_4K,ITLB_HIT_001,IFU sanity 4K,L1 ITLB 4K VA→PA translation,Verify correct PA from VPN27 + 12-bit offset,ifu_base_seq standard 4K page table,Directed,Function Coverage,translation_sb cov_ifu_rsp,sva_translate_match,ifu_base_seq,Hit PA[27:0] + offset[11:0] correct,P0,mmu_l1itlb.sv:80-120,Sv39§4.3,Active,,,
F1.3.2,4K页面顺序取指,F1.3,ITLB_TRANS_4K,ITLB_HIT_002,IFU sequential fetch 4K,L1 ITLB sequential fetch 4K pages,Verify offset increment across page hits,ifu_sequential_fetch_seq page boundaries,Directed,Function Coverage,translation_sb cov_ifu_rsp,sva_translate_match,ifu_sequential_fetch_seq,PA offset matches VA offset in page,P0,mmu_l1itlb.sv:80-120,Sv39§4.3,Active,,,
F1.4.1,2MB巨页VA→PA,F1.4,ITLB_HUGE_2M,ITLB_HUGE_001,IFU huge 2MB,L1 ITLB 2MB huge page VA→PA,Verify PPN[26:10]=0 and offset<21bit preserved,VA to 2MB page PTE refill,Directed,Function Coverage,translation_sb cg_huge_page,sva_giant_ppn,ifu_huge_page_fetch_seq,Offset[20:0] preserved PA correct,P1,mmu_l1itlb.sv ct_mmu_iutlb_fst_entry.v:1-80,Sv39§4.4.1 huge,Active,,,
F1.4.2,2MB巨页PLRU替换,F1.4,ITLB_HUGE_2M,ITLB_HUGE_002,IFU huge 2MB PLRU,L1 ITLB 2MB huge page PLRU replacement,Verify PLRU operates on huge page entries,Multiple 2MB pages fill 16 entries,Directed,Function Coverage,cg_huge_page,sva_plru_valid,ifu_huge_page_fetch_seq,16-way allocation then replace huge,P1,ct_mmu_iutlb_fst_entry.v ct_mmu_iplru.v,Sv39§4.4.1,Active,,,
F1.5.1,1GB巨页VA→PA,F1.5,ITLB_HUGE_1G,ITLB_HUGE_003,IFU huge 1GB,L1 ITLB 1GB huge page VA→PA,Verify PPN[26:0]=0 and offset<30bit preserved,VA to 1GB page PTE refill,Directed,Function Coverage,translation_sb cg_huge_page,sva_giant_ppn,ifu_huge_page_fetch_seq,Offset[29:0] preserved PA correct,P1,mmu_l1itlb.sv ct_mmu_iutlb_fst_entry.v:1-80,Sv39§4.4.1 huge,Active,,,
F1.6.1,全局页G=1跨ASID保留,F1.6,ITLB_GLOBAL,ITLB_ASID_001,IFU global page ASID,L1 ITLB global page G-bit across ASID,Verify G=1 entry remains valid on ASID change,ifu_base_seq + cp0_satp_sel_toggle with G=1 PTE,Directed,Function Coverage,coherency_sb cg_csr,sva_global_page,cp0_satp_sel_toggle_seq,Entry hit after ASID switch SATP change,P1,mmu_l1itlb.sv:200-220,Sv39§4.4 global bit,Active,,,
F1.6.2,非全局页G=0跨ASID失效,F1.6,ITLB_GLOBAL,ITLB_ASID_002,IFU non-global ASID,L1 ITLB non-global page ASID invalidation,Verify G=0 entry invalid on ASID change,ifu_base_seq + cp0_satp_sel_toggle with G=0 PTE,Directed,Function Coverage,coherency_sb cg_csr,sva_global_page,cp0_satp_sel_toggle_seq,Entry miss after ASID switch no hit,P1,mmu_l1itlb.sv:200-220,Sv39§4.4 global bit,Active,,,
F1.7.1,L2 TLB Miss refill,F1.7,ITLB_REFILL,ITLB_REFILL_001,IFU L2 miss refill,L1 ITLB refill from L2 TLB miss,Verify refill path populates L1 ITLB entry,ifu_random_vaddr_seq L2TLB no hit,Directed,Function Coverage,translation_sb cg_ifu_rsp,sva_l2tlb_interface,ifu_random_vaddr_seq,Refill then hit returns correct PA,P0,mmu_l1itlb.sv:120-160,Sv39 walk,Active,,,
F1.7.2,L2 TLB refill credit流控,F1.7,ITLB_REFILL,ITLB_REFILL_002,IFU concurrent refill credit,L1 ITLB refill credit throttling,Verify credit return blocks refill when exhausted,mmu_concurrent_3pipe_vseq × 50 seed,Constrained-Random,Function Coverage,sva_l2tlb_interface cg_ifu_rsp,sva_credit_conserv,mmu_concurrent_3pipe_vseq,Refill rate respects credit limit,P0,mmu_l1itlb.sv:120-160,Sv39 walk,Active,,,
F1.8.1,取指Abort语义,F1.8,ITLB_ABORT,ITLB_ABORT_001,IFU abort no stall,L1 ITLB fetch abort semantics,Verify abort cancels TLB request no stall,ifu_abort_seq VA valid then abort,Directed,Function Coverage,coherency_sb cg_ifu_rsp,sva_abort_protocol,ifu_abort_seq,Abort clears stall TLB no pollution,P1,mmu_l1itlb.sv:50-80,IFU protocol,Active,,,
F1.9.1,执行权限X-bit,F1.9,ITLB_X_PERM,ITLB_PERM_001,covered in F1.2.1,covered in F1.2,covered in F1.2.1,covered in F1.2.1,covered in F1.2.1,Directed,Function Coverage,covered,covered,covered,P0,covered,covered,Active,,,
F1.10.1,SFENCE全失效,F1.10,ITLB_INV,ITLB_INV_001,IFU SFENCE all,L1 ITLB SFENCE.VMA full invalidation,Verify all TLB entries invalid after SFENCE all,tlb_inv_all_seq + ifu_random_vaddr_seq,Directed,Function Coverage,invalidation_sb cg_tlb_inv,sva_inv_done,tlb_inv_all_seq,All entries miss post-SFENCE all,P0,ct_mmu_tlboper.v:1-100,Sv39§4.2.1,Active,,,
F1.10.2,SFENCE VA失效,F1.10,ITLB_INV,ITLB_INV_002,IFU SFENCE VA,L1 ITLB SFENCE.VMA VA-targeted invalidation,Verify only matching VPN invalid,tlb_inv_va_seq specific VPN + ifu_random_vaddr,Directed,Function Coverage,invalidation_sb cg_tlb_inv,sva_inv_done,tlb_inv_va_seq,Target VPN miss others hit,P0,ct_mmu_tlboper.v:1-100,Sv39§4.2.1,Active,,,
F1.10.3,SFENCE VA+ASID失效,F1.10,ITLB_INV,ITLB_INV_003,IFU SFENCE VA_ASID,L1 ITLB SFENCE.VMA combined VA+ASID invalidation,Verify only matching VPN+ASID invalid,tlb_inv_va_asid_seq + cross ASID + random VA,Directed,Function Coverage,invalidation_sb cg_tlb_inv,sva_inv_done,tlb_inv_va_asid_seq,Exact match invalid others valid,P0,ct_mmu_tlboper.v:1-100,Sv39§4.2.1,Active,,,
F1.11.1,TLBP软件探针,F1.11,ITLB_PROBE,ITLB_PROBE_001,IFU TLBP,L1 ITLB TLBP probe instruction,Verify probe returns correct entry index,tlboper_utlb commands TLBP hit/miss,Directed,Function Coverage,cg_software_ops,sva_probe_protocol,tlb_inv_va_seq,Index match or not-found flag correct,P2,mmu_l1itlb.sv:250-280,Sv39§4.5 TLBP,Active,,,
F1.12.1,分支flush与abort同时,F1.12,ITLB_FLUSH,ITLB_FLUSH_001,IFU flush abort concurrent,L1 ITLB concurrent flush and abort,Verify abort takes priority over flush,ifu_abort_seq + rtu_yy_xx_flush simultaneous,Directed,Function Coverage,coherency_sb cg_ifu_rsp,sva_concurrent_flush,ifu_branch_flush_seq,Abort processed TLB consistent,P1,mmu_l1itlb.sv:40-80 RTU interface,Spec,Active,,,
F2.1.1,双端口并发命中无冲突,F2.1,DTLB_DUAL_PORT,DTLB_HIT_001,LSU sanity Pipe0 4K,L1 DTLB dual-port Pipe0/1 concurrent hit,Verify parallel hit lookups no bank conflict,lsu_base_seq Pipe0 + 4K page table,Directed,Function Coverage,translation_sb cg_lsu_req,sva_dual_port,lsu_base_seq,PA[27:0] valid no stall,P0,mmu_l1dtlb.sv:80-120 mmu_l1dtlb_hit_rd.sv:1-100,Sv39§4.4,Active,,,
F2.1.2,双端口Pipe1独立,F2.1,DTLB_DUAL_PORT,DTLB_HIT_002,LSU sanity Pipe1 4K,L1 DTLB dual-port Pipe1 independent hit,Verify Pipe1 parallel lookup orthogonal,lsu_base_seq Pipe1 + 4K page table,Directed,Function Coverage,translation_sb cg_lsu_req,sva_dual_port,lsu_base_seq,PA[27:0] valid no stall,P0,mmu_l1dtlb.sv:80-120 mmu_l1dtlb_hit_rd.sv:1-100,Sv39§4.4,Active,,,
F2.1.3,双端口并发同VPN,F2.1,DTLB_DUAL_PORT,DTLB_CONCURRENT_001,LSU concurrent Pipe01 same VPN,L1 DTLB concurrent Pipe0/1 same-entry access,Verify no bank conflict same VPN,lsu_pipe01_concurrent_seq same VPN,Directed,Function Coverage,cg_lsu_req sva_dual_port,sva_dual_port,lsu_pipe01_concurrent_seq,Both ports deliver PA next cycle,P0,mmu_l1dtlb.sv:80-120 mmu_l1dtlb_hit_rd.sv,Sv39§4.4,Active,,,
F2.1.4,双端口并发不同VPN,F2.1,DTLB_DUAL_PORT,DTLB_CONCURRENT_002,LSU concurrent Pipe01 random VPN,L1 DTLB concurrent Pipe0/1 different-entry stress,Verify independent lookups under stress,lsu_pipe01_concurrent_seq × 100 seed different VA,Constrained-Random,Function Coverage,cg_dtlb sva_dual_port,sva_dual_port,lsu_pipe01_concurrent_seq,Concurrent coverage statistical,P0,mmu_l1dtlb.sv mmu_l1dtlb_hit_rd.sv,Sv39§4.4,Active,,,
F2.2.1,16-entry PLRU替换,F2.2,DTLB_PLRU,DTLB_ALLOC_001,LSU 16-entry replace,L1 DTLB 16-entry PLRU with MB_DEPTH=8,Verify entry allocation then replacement,lsu_random_vaddr_seq 16+ miss → MB alloc → refill,Directed,Function Coverage,cov_dtlb cg_scheduler,sva_replace_way,lsu_random_vaddr_seq,16-way fill then replace oldest,P0,mmu_l1dtlb.sv:1-100 mmu_l1dtlb_allocator.sv:1-100,Sv39§4.4,Active,,,
F2.2.2,PLRU MB_DEPTH=8优先级,F2.2,DTLB_PLRU,DTLB_PLRU_001,LSU PLRU directed MB,L1 DTLB PLRU priority with MB=8 depth,Verify replacement considers MB pending status,lsu_random_vaddr_seq 8 concurrent MB + 16 entry,Directed,Function Coverage,cov_dtlb cg_scheduler,sva_replace_way,lsu_random_vaddr_seq,Evict LRU avoid pending MB entry,P0,mmu_l1dtlb_allocator.sv:1-100,Sv39§4.4,Active,,,
F2.3.1,Miss Buffer 8深度FIFO,F2.3,DTLB_MB,DTLB_MB_001,LSU MB 8 miss,L1 DTLB MB FIFO 8-entry depth,Verify MB admission control up to 8,lsu_pipe01_concurrent_seq 8 concurrent miss,Directed,Function Coverage,sva_credit_conserv cg_scheduler,sva_credit_conserv,lsu_pipe01_concurrent_seq,MB entries 0-8 no overflow,P0,mmu_l1dtlb_mb_entry.sv:1-100,L1DTLB arch,Active,,,
F2.3.2,MB credit 3-bit流控,F2.3,DTLB_MB,DTLB_MB_002,LSU MB credit stress,L1 DTLB MB credit flow control 3-bit width,Verify 8 max concurrent L2 requests,mmu_ptw_thrash_vseq 8 MB full × 50 seed,Constrained-Random,Function Coverage,cg_scheduler sva_credit,sva_credit_conserv,mmu_ptw_thrash_vseq,Credit conservation stall coherent,P0,mmu_l1dtlb.sv:70-100,L1DTLB arch,Active,,,
F2.3.3,Credit=0时新miss延迟,F2.3,DTLB_MB,DTLB_CREDIT_001,LSU credit=0 stall,L1 DTLB credit exhaust stalls new miss,Verify stall when credit=0 new miss req,lsu_random_vaddr_seq credit exhausted,Directed,Function Coverage,sva_credit_conserv cg_scheduler,sva_stall_timing,lsu_random_vaddr_seq,Stall asserted until credit return,P0,mmu_l1dtlb_scheduler.sv:1-100,L1DTLB arch,Active,,,
F2.3.4,两路credit调度公平,F2.3,DTLB_MB,DTLB_CREDIT_002,LSU credit fairness,L1 DTLB Pipe0/1 credit arbitration fairness,Verify no starvation credit allocation,lsu_pipe01_concurrent_seq × 100 seed credit contention,Constrained-Random,Function Coverage,cg_scheduler,sva_fairness,lsu_pipe01_concurrent_seq,Credit grant ratio near 1:1,P1,mmu_l1dtlb_scheduler.sv:1-100,L1DTLB arch,Active,,,
F2.4.1,4K页面LSU翻译Pipe0,F2.4,DTLB_TRANS_4K,DTLB_HIT_001,covered in F2.1.1,covered in F2.1,covered in F2.1.1,covered in F2.1.1,covered in F2.1.1,Directed,Function Coverage,covered,covered,covered,P0,covered,covered,Active,,,
F2.4.2,4K页面LSU翻译Pipe1,F2.4,DTLB_TRANS_4K,DTLB_HIT_002,covered in F2.1.2,covered in F2.1,covered in F2.1.2,covered in F2.1.2,covered in F2.1.2,Directed,Function Coverage,covered,covered,covered,P0,covered,covered,Active,,,
F2.5.1,2MB巨页LSU翻译,F2.5,DTLB_HUGE_2M,DTLB_HUGE_001,LSU huge 2MB,L1 DTLB 2MB huge page data access,Verify PPN[26:10]=0 and offset<21bit preserved,lsu_huge_page_seq 2MB page,Directed,Function Coverage,translation_sb cg_huge_page,sva_giant_ppn,lsu_huge_page_seq,Offset[20:0] preserved PA correct,P1,mmu_l1dtlb.sv ct_mmu_dutlb_huge_entry.v:1-80,Sv39§4.4.1,Active,,,
F2.5.2,2MB巨页PLRU,F2.5,DTLB_HUGE_2M,DTLB_HUGE_002,LSU huge 2MB PLRU,L1 DTLB 2MB huge page PLRU replacement,Verify PLRU on huge page entries,lsu_huge_page_seq × 2 fill 16 huge entries,Directed,Function Coverage,cg_huge_page,sva_plru_valid,lsu_huge_page_seq,16-way allocation then replace huge,P1,mmu_l1dtlb.sv ct_mmu_dutlb_huge_entry.v,Sv39§4.4.1,Active,,,
F2.6.1,1GB巨页LSU翻译,F2.6,DTLB_HUGE_1G,DTLB_HUGE_003,LSU huge 1GB,L1 DTLB 1GB huge page data access,Verify PPN[26:0]=0 and offset<30bit preserved,lsu_huge_page_seq 1GB page,Directed,Function Coverage,translation_sb cg_huge_page,sva_giant_ppn,lsu_huge_page_seq,Offset[29:0] preserved PA correct,P1,mmu_l1dtlb.sv ct_mmu_dutlb_huge_entry.v:1-80,Sv39§4.4.1,Active,,,
F2.7.1,读权限R-bit检查,F2.7,DTLB_R_PERM,DTLB_PERM_LD_001,LSU load R=0,L1 DTLB read permission check R-bit,Verify page fault on load to R=0 page,lsu_base_seq load to R=0 PTE,Directed,Function Coverage,translation_sb cg_lsu_rsp,sva_ld_perm,lsu_random_vaddr_seq,Return pgflt=1 deny=0,P0,mmu_l1dtlb.sv:150-180,Sv39§4.4.1,Active,,,
F2.7.2,MXR影响读权限,F2.7,DTLB_R_PERM,DTLB_PERM_LD_002,LSU load MXR X-to-R,L1 DTLB MXR makes X readable for load,Verify load to X=1 R=0 page with MXR=1,lsu_base_seq + cp0_mxr_sum_cross load to X page,Directed,Function Coverage,translation_sb cg_cross_scenario,sva_ld_perm,lsu_random_vaddr_seq,MXR=1 makes load succeed,P0,mmu_l1dtlb.sv:150-180,Sv39§4.4.1 MXR,Active,,,
F2.8.1,写权限W-bit检查,F2.8,DTLB_W_PERM,DTLB_PERM_ST_001,LSU store W=0,L1 DTLB write permission check W-bit,Verify page fault on store to W=0 page,lsu_base_seq store to W=0 PTE,Directed,Function Coverage,translation_sb cg_lsu_rsp,sva_st_perm,lsu_random_vaddr_seq,Return pgflt=1 deny=0,P0,mmu_l1dtlb.sv:160-190,Sv39§4.4.1,Active,,,
F2.8.2,D-bit软硬件更新,F2.8,DTLB_W_PERM,DTLB_PERM_ST_002,LSU store D-bit update,L1 DTLB D-bit hardware update on store,Verify D=0 PTE updated to D=1 on store hit,lsu_base_seq store to D=0 page → shadow PT check,Directed,Function Coverage,invalidation_sb cg_lsu_rsp,sva_st_perm,lsu_base_seq,Shadow PT D-bit updated to 1,P0,mmu_l1dtlb.sv:160-190 ptw_mbuf.sv,Sv39§4.4.1,Active,,,
F2.9.1,PMP deny access,F2.9,DTLB_PMP,DTLB_PMP_001,LSU PA over PMP,L1 DTLB PMP deny check,Verify deny=1 when PA exceeds PMP region,lsu_random_vaddr_seq → PA over PMP via pmp_mmu_flg,Directed,Function Coverage,sva_pmp_interface cg_pmp,sva_pmp_interface,lsu_random_vaddr_seq,mmu_lsu_access_fault=1 deny,P1,mmu_l1dtlb.sv:170-200,PMP spec,Active,,,
F2.9.2,SysMap优先级高,F2.9,DTLB_SYSMAP,DTLB_SYSMAP_001,LSU SysMap hit,L1 DTLB SysMap precedence over TLB,Verify SysMap hit overrides TLB entry,lsu_base_seq then sysmap_region_setup_seq same PA,Directed,Function Coverage,translation_sb cg_sysmap,sva_sysmap_priority,sysmap_region_setup_seq,SysMap flag returns not TLB attr,P1,mmu_l1dtlb.sv:170-200 ct_mmu_sysmap.v,SysMap spec,Active,,,
F2.10.1,两路信用调度序列,F2.10,DTLB_SCHED,DTLB_SCHED_001,LSU Pipe01 credit schedule,L1 DTLB Pipe0/1 credit arbitration sequence,Verify credit grant interleaving,lsu_pipe01_concurrent_seq credit allocation,Directed,Function Coverage,cg_scheduler,sva_fairness,lsu_pipe01_concurrent_seq,Credit schedule no starvation,P1,mmu_l1dtlb_scheduler.sv:1-100,L1DTLB arch,Active,,,
F2.11.1,Abort释放stall与MB,F2.11,DTLB_ABORT,DTLB_ABORT_001,LSU abort no pollution,L1 DTLB abort semantics release stall,Verify abort clears pending stall MB entry,lsu_abort_seq pending request then abort,Directed,Function Coverage,coherency_sb cg_lsu_rsp,sva_abort_semantics,lsu_abort_seq,Abort releases stall TLB clean,P1,mmu_l1dtlb.sv:50-80,LSU protocol,Active,,,
F2.12.1,L2 TLB Miss refill Pipe0/1,F2.12,DTLB_REFILL,DTLB_REFILL_001,LSU L2 miss refill,L1 DTLB refill from L2 TLB miss,Verify refill path updates L1 entry,lsu_random_vaddr_seq L2TLB no hit,Directed,Function Coverage,translation_sb cg_lsu_rsp,sva_l2_interface,lsu_random_vaddr_seq,Refill then hit returns correct PA,P0,mmu_l1dtlb.sv:120-160 mmu_arb.sv,Sv39 walk,Active,,,
F2.12.2,Pipe2/STAMO并发refill,F2.12,DTLB_REFILL,DTLB_REFILL_002,LSU concurrent Pipe2 STAMO refill,L1 DTLB refill concurrent Pipe2/STAMO requests,Verify refill arbitration multi-source,mmu_concurrent_3pipe_vseq × 50 seed,Constrained-Random,Function Coverage,sva_l2_interface cg_lsu_rsp,sva_concurrent_refill,mmu_concurrent_3pipe_vseq,Refill services all ports ordered,P0,mmu_l1dtlb.sv mmu_arb.sv,Sv39 walk,Active,,,
F2.13.1,SFENCE全失效,F2.13,DTLB_INV,DTLB_INV_001,LSU SFENCE all,L1 DTLB SFENCE.VMA full invalidation,Verify all DTLB entries invalid,tlb_inv_all_seq + lsu_random_vaddr_seq,Directed,Function Coverage,invalidation_sb cg_tlb_inv,sva_inv_done,tlb_inv_all_seq,All DTLB miss post-SFENCE all,P0,ct_mmu_tlboper.v:1-100,Sv39§4.2.1,Active,,,
F2.13.2,SFENCE VA失效,F2.13,DTLB_INV,DTLB_INV_002,LSU SFENCE VA,L1 DTLB SFENCE.VMA VA-targeted invalidation,Verify only matching VPN invalid,tlb_inv_va_seq + lsu_random_vaddr_seq,Directed,Function Coverage,invalidation_sb cg_tlb_inv,sva_inv_done,tlb_inv_va_seq,Target VPN miss others hit,P0,ct_mmu_tlboper.v:1-100,Sv39§4.2.1,Active,,,
F2.13.3,SFENCE ASID失效,F2.13,DTLB_INV,DTLB_INV_003,LSU SFENCE ASID,L1 DTLB SFENCE.VMA ASID-targeted invalidation,Verify matching ASID entries invalid,tlb_inv_asid_seq + lsu_random_vaddr_seq,Directed,Function Coverage,invalidation_sb cg_tlb_inv,sva_inv_done,tlb_inv_asid_seq,ASID match invalid others valid,P0,ct_mmu_tlboper.v:1-100,Sv39§4.2.1,Active,,,
F2.13.4,SFENCE与PTW并发,F2.13,DTLB_INV,DTLB_INV_004,LSU SFENCE during walk,L1 DTLB SFENCE concurrent with PTW,Verify invalidation takes precedence over refill,mmu_sfence_during_walk_vseq × 50 seed,Constrained-Random,Function Coverage,invalidation_sb sva_concurrent,sva_concurrent_inv_walk,mmu_sfence_during_walk_vseq,SFENCE blocks refill invalidates entry,P0,ct_mmu_tlboper.v mmu_l1dtlb.sv,Sv39§4.2.1,Active,,,
F2.14.1,STAMO原子PA通报,F2.14,DTLB_STAMO,DTLB_STAMO_001,LSU STAMO PA report,L1 DTLB STAMO atomic PA notification,Verify STAMO PA bypasses MB allocation,lsu_stamo_seq STAMO PAs,Directed,Function Coverage,cg_lsu_req,sva_stamo_protocol,lsu_stamo_seq,STAMO processed without MB block,P2,mmu_l1dtlb.sv:70-100 LSU interface,LSU spec,Active,,,
REQ-3.0,L2 TLB 正确完成 Sv39 地址快速转换与 RRPV 替换管理,F3.1,ReqQ 分配与入队,TC-L2TLB-001,test_mmu_dir_l2tlb_reqq_itlb_alloc,ITLB miss 时在 ReqQ 中分配 entry 0 并返回 credit,验证 ITLB miss 自动分配 entry 0，credit 机制正常,IFU 发 miss req，观察 ReqQ 状态,Directed,Testcase,l2tlb_reqq_cg,mmu_l2tlb_sva.a_reqq_alloc,ifu_base_seq,entry 0 valid; i_credit_return = 1,P0,mmu/rtl/mmu_l2tlb_reqq.sv L40,Sv39 §4.2.1,Planned,,,
REQ-3.0,L2 TLB 正确完成 Sv39 地址快速转换与 RRPV 替换管理,F3.1,ReqQ 分配与入队,TC-L2TLB-002,test_mmu_dir_l2tlb_reqq_dtlb_alloc_0,DTLB miss 时在 ReqQ 中分配 entry 1-8 且通过 FFZ,"验证 DTLB miss FFZ 分配,credit 计数",2-3 个背靠背 DTLB miss，观察分配序列,Directed,Testcase,l2tlb_reqq_cg,mmu_l2tlb_sva.a_reqq_dtlb_alloc,lsu_pipe01_concurrent_seq,"entry 1,2,3 valid; d_credit_return",P0,mmu/rtl/mmu_l2tlb_reqq.sv L60,Sv39 §4.2,Planned,,,
REQ-3.0,L2 TLB 正确完成 Sv39 地址快速转换与 RRPV 替换管理,F3.1,ReqQ 分配与入队,TC-L2TLB-003,test_mmu_dir_l2tlb_reqq_dtlb_alloc_full,ReqQ 满（9 entry）时不分配新 entry，新 miss 背压,验证 ReqQ 满时背压行为，credit 计数不增,50 cyc 高频 miss 构造满队,Directed,Testcase,l2tlb_reqq_cg,mmu_l2tlb_sva.a_reqq_full,lsu_back2back_seq,all 9 entries valid; no_new_credit,P0,mmu/rtl/mmu_l2tlb_reqq.sv L90,TLB Pipeline Design,Planned,,,
REQ-3.0,L2 TLB 正确完成 Sv39 地址快速转换与 RRPV 替换管理,F3.2,ReqQ 仲裁与出队,TC-L2TLB-004,test_mmu_dir_l2tlb_reqq_arbitration_itlb_prior,ReqQ 仲裁时 ITLB entry 优于 DTLB entry,验证 FFR 优先级正确,1 ITLB req + N DTLB req 同队列，观察出队顺序,Directed,Testcase,l2tlb_reqq_cg,mmu_arb_sva.a_priority,ifu_random_vaddr_seq + lsu_base_seq,ITLB req issued first,P0,mmu/rtl/mmu_l2tlb_reqq.sv L110,TLB Architecture,Planned,,,
REQ-3.0,L2 TLB 正确完成 Sv39 地址快速转换与 RRPV 替换管理,F3.2,ReqQ 仲裁与出队,TC-L2TLB-005,test_mmu_dir_l2tlb_reqq_arbitration_fifo,DTLB entry 内部按固定优先级（entry1 > ... > 8）出队,验证 FIFO + 优先级仲裁,同周期 8 DTLB entry ready，观察出队顺序,Directed,Testcase,l2tlb_reqq_cg,mmu_arb_sva.a_ffr,lsu_pipe01_concurrent_seq,FFR order matches priority,P0,mmu/rtl/mmu_l2tlb_reqq.sv L100,TLB Design Spec,Planned,,,
REQ-3.0,L2 TLB 正确完成 Sv39 地址快速转换与 RRPV 替换管理,F3.2,ReqQ 仲裁与出队,TC-L2TLB-006,test_mmu_rand_l2tlb_reqq_queue_depth_varied,Random 测试 ReqQ 队列深度 0-9 各种状态,验证 ReqQ random behaviors 正确,随机生成 hit/miss/aging，覆盖所有深度,Constrained-Random,Testcase + Covergroup,l2tlb_reqq_cg,mmu_l2tlb_sva,mmu_concurrent_3pipe_vseq,no deadlock; coverage 100%,P1,mmu/rtl/mmu_l2tlb_reqq.sv,TLB Verification Plan,Planned,,,
REQ-3.0,L2 TLB 正确完成 Sv39 地址快速转换与 RRPV 替换管理,F3.3,Credit 管理与背压,TC-L2TLB-007,test_mmu_dir_l2tlb_reqq_credit_return_hit,L2 TLB hit 时立即返回 miss 的 credit,验证 hit 返回 credit,构造特定 VPN 命中，观察 credit,Directed,Testcase,l2tlb_reqq_cg,mmu_l2tlb_sva.a_credit_return,ifu_base_seq,credit_return = 1 on hit,P0,mmu/rtl/mmu_l2tlb_reqq.sv L130,TLB Design,Planned,,,
REQ-3.0,L2 TLB 正确完成 Sv39 地址快速转换与 RRPV 替换管理,F3.3,Credit 管理与背压,TC-L2TLB-008,test_mmu_dir_l2tlb_reqq_credit_return_refill,PTW refill 完成时返回 miss 的 credit,验证 refill 返回 credit,等待 PTW 返回 refill，观察 credit 回,Directed,Testcase,l2tlb_reqq_cg,mmu_l2tlb_sva.a_credit_refill,mmu_ptw_thrash_vseq,credit_return = 1 on ptw_done,P0,mmu/rtl/mmu_l2tlb_reqq.sv L135,TLB Design,Planned,,,
REQ-3.0,L2 TLB 正确完成 Sv39 地址快速转换与 RRPV 替换管理,F3.3,Credit 管理与背压,TC-L2TLB-009,test_mmu_dir_l2tlb_reqq_credit_full_no_return,ReqQ 满时新 miss 不返回 credit,验证背压正确,9 entry 全 full，新 miss 来临,Directed,Testcase,l2tlb_reqq_cg,mmu_l2tlb_sva.a_reqq_full_stall,lsu_back2back_seq,credit_return = 0 when full,P0,mmu/rtl/mmu_l2tlb_reqq.sv L140,TLB Backpressure,Planned,,,
REQ-3.0,L2 TLB 正确完成 Sv39 地址快速转换与 RRPV 替换管理,F3.4,Tag 匹配与命中,TC-L2TLB-010,test_mmu_dir_l2tlb_tag_match_4k_hit,L2 TLB 4K 页 tag match 正确,验证 4K 页 VPN+ASID+G 全匹配,特定 4K VA 构造 L2 hit,Directed,Testcase,l2tlb_bank_cg,mmu_l2tlb_sva.a_tag_match,ifu_base_seq,l2tlb_hit = 1; pavld = 1,P0,mmu/rtl/ct_mmu_l2tlb_tag_array.sv L80,Sv39 §4.3,Planned,,,
REQ-3.0,L2 TLB 正确完成 Sv39 地址快速转换与 RRPV 替换管理,F3.4,Tag 匹配与命中,TC-L2TLB-011,test_mmu_dir_l2tlb_tag_match_2m_1g_huge,L2 TLB 巨页 tag match：2M/1G,验证巨页 PGS 字段比较,2M 与 1G VA 各构造 hit,Directed,Testcase,l2tlb_bank_cg,mmu_l2tlb_sva.a_huge_tag_match,ifu_huge_page_fetch_seq + lsu_huge_page_seq,pavld = 1 for huge,P0,mmu/rtl/ct_mmu_l2tlb_tag_array.sv L85,Sv39 Huge Page,Planned,,,
REQ-3.0,L2 TLB 正确完成 Sv39 地址快速转换与 RRPV 替换管理,F3.4,Tag 匹配与命中,TC-L2TLB-012,test_mmu_rand_l2tlb_tag_match_cross_asid,Random tag match：同 VPN 不同 ASID → miss；全匹配 → hit,验证 ASID 隔离正确,random VA + ASID 组合,Constrained-Random,Testcase + Covergroup,l2tlb_bank_cg,mmu_l2tlb_sva.a_tag_asid_isolate,lsu_cross_asid_seq,hit accuracy 100%,P1,mmu/rtl/ct_mmu_l2tlb_tag_array.sv,Sv39 ASID,Planned,,,
REQ-3.0,L2 TLB 正确完成 Sv39 地址快速转换与 RRPV 替换管理,F3.5,Data 读取与权限,TC-L2TLB-013,test_mmu_dir_l2tlb_data_read_flags,L2 Data 读出 flags（D/A/U/X/W/R）,验证权限 flags 正确,特定 PTE 权限组合,Directed,Testcase,l2tlb_bank_cg,mmu_l2tlb_sva.a_data_flags,lsu_base_seq,flags match PTE,P0,mmu/rtl/ct_mmu_l2tlb_data_array.sv L50,Sv39 Permission,Planned,,,
REQ-3.0,L2 TLB 正确完成 Sv39 地址快速转换与 RRPV 替换管理,F3.5,Data 读取与权限,TC-L2TLB-014,test_mmu_rand_l2tlb_data_bank_parallel_read,8 bank 并行读，无冲突无 stall,验证 bank 独立性,多 pipe 同时 L2 hit,Constrained-Random,Testcase + Covergroup,l2tlb_bank_cg,mmu_l2tlb_sva.a_bank_read,mmu_concurrent_3pipe_vseq,latency constant; no stall,P1,mmu/rtl/ct_mmu_l2tlb_data_array.sv,L2 Pipeline,Planned,,,
REQ-3.1,RRPV 替换策略正确实现,F3.6,RRPV 初值,TC-RRPV-001,test_mmu_dir_rrpv_init_value,新 refill entry RRPV = 4（INIT=RRPV_MAX-3）,验证 INIT 常数正确,触发 refill，采样 RRPV 值,Directed,Testcase,l2tlb_bank_cg,mmu_l2tlb_sva.a_rrpv_init,mmu_ptw_thrash_vseq,refill_rrpv == 4,P0,mmu/rtl/mmu_l2tlb_replacement_policy.sv L14,RRPV Spec,Planned,,,
REQ-3.1,RRPV 替换策略正确实现,F3.6,RRPV 初值,TC-RRPV-002,test_mmu_dir_rrpv_init_max_value_boundary,RRPV 最大值 MAX=7；饱和,验证 MAX 常数与饱和逻辑,老化至 MAX，再 miss,Directed,Testcase,l2tlb_bank_cg,mmu_l2tlb_sva.a_rrpv_saturate,mmu_rrpv_aging_vseq,rrpv_aged never > 7,P0,mmu/rtl/mmu_l2tlb_replacement_policy.sv L80,RRPV Saturate,Planned,,,
REQ-3.1,RRPV 替换策略正确实现,F3.6,RRPV 初值,TC-RRPV-003,test_mmu_rand_rrpv_init_all_ways_varied,Random：8 ways 快速填充，全部 INIT=4,验证覆盖所有 way 初值,快速 bank fill up,Constrained-Random,Testcase + Covergroup,l2tlb_bank_cg,mmu_l2tlb_sva.a_rrpv_init,mmu_ptw_thrash_vseq,coverage: all ways filled,P1,mmu/rtl/mmu_l2tlb_replacement_policy.sv,RRPV Init Coverage,Planned,,,
REQ-3.1,RRPV 替换策略正确实现,F3.7,RRPV Promote on Hit,TC-RRPV-004,test_mmu_dir_rrpv_hit_promote_to_zero,Hit way RRPV → 0；其它 ways 不变,验证 hit 时 promote 逻辑,特定 way hit,Directed,Testcase,l2tlb_bank_cg,mmu_l2tlb_sva.a_rrpv_promote,ifu_base_seq,hit_way_rrpv == 0; others unchanged,P0,mmu/rtl/mmu_l2tlb_replacement_policy.sv L146,RRPV Promote,Planned,,,
REQ-3.1,RRPV 替换策略正确实现,F3.7,RRPV Promote on Hit,TC-RRPV-005,test_mmu_dir_rrpv_multiple_hits_same_vpn,多 pipe 同周期 hit 同 VPN → 各自 promote,验证多 hit 独立 promote,Pipe0+Pipe1 同时 hit,Directed,Testcase,l2tlb_bank_cg,mmu_l2tlb_sva.a_multi_hit_promote,lsu_pipe01_concurrent_seq,both pipes promote,P1,mmu/rtl/mmu_l2tlb_replacement_policy.sv L150,Multi-Pipe Hit,Planned,,,
REQ-3.1,RRPV 替换策略正确实现,F3.7,RRPV Promote on Hit,TC-RRPV-006,test_mmu_rand_rrpv_hit_promote_coverage,Random promote：所有初始 RRPV 值（0-7）的 way,验证各种初始状态促进覆盖,Random VA + hit,Constrained-Random,Testcase + Covergroup,l2tlb_bank_cg,mmu_l2tlb_sva.a_rrpv_promote,mmu_rrpv_aging_vseq,"cross(initial_rrpv, promote)",P1,mmu/rtl/mmu_l2tlb_replacement_policy.sv,RRPV Promote Coverage,Planned,,,
REQ-3.1,RRPV 替换策略正确实现,F3.8,RRPV Aging on Miss,TC-RRPV-007,test_mmu_dir_rrpv_aging_miss_increment_all,Miss 时所有 valid ways RRPV +1,验证 aging increment,构造 miss，采样,Directed,Testcase,l2tlb_bank_cg,mmu_l2tlb_sva.a_rrpv_age,mmu_rrpv_aging_vseq,all rrpv incremented,P0,mmu/rtl/mmu_l2tlb_replacement_policy.sv L157,RRPV Age,Planned,,,
REQ-3.1,RRPV 替换策略正确实现,F3.8,RRPV Aging on Miss,TC-RRPV-008,test_mmu_dir_rrpv_aging_saturation_at_max,RRPV 已 MAX 再 miss → stay MAX,验证饱和,老化至 MAX，再 miss,Directed,Testcase,l2tlb_bank_cg,mmu_l2tlb_sva.a_rrpv_saturate,mmu_rrpv_aging_vseq,rrpv == 7 after age,P0,mmu/rtl/mmu_l2tlb_replacement_policy.sv L165,RRPV Saturate,Planned,,,
REQ-3.1,RRPV 替换策略正确实现,F3.8,RRPV Aging on Miss,TC-RRPV-009,test_mmu_dir_rrpv_aging_mixed_hit_miss,交替 hit/miss：promote → aging,验证状态机转移,Sequential hit/miss,Directed,Testcase + Covergroup,l2tlb_bank_cg,mmu_l2tlb_sva.a_rrpv_fsm,mmu_rrpv_aging_vseq,state transitions correct,P0,mmu/rtl/mmu_l2tlb_replacement_policy.sv,RRPV FSM,Planned,,,
REQ-3.1,RRPV 替换策略正确实现,F3.9,Victim Way 选择,TC-RRPV-010,test_mmu_dir_rrpv_victim_selection_first_free,8 ways 有空闲 → 选 first-free,验证 first-free 优先级,VPN 各不相同,Directed,Testcase,l2tlb_bank_cg,mmu_l2tlb_sva.a_victim_first_free,mmu_ptw_thrash_vseq,victim == first_free,P0,mmu/rtl/mmu_l2tlb_replacement_policy.sv L95,RRPV Victim Select,Planned,,,
REQ-3.1,RRPV 替换策略正确实现,F3.9,Victim Way 选择,TC-RRPV-011,test_mmu_dir_rrpv_victim_selection_max_rrpv,无空闲 → 选 max-RRPV way,验证 max-RRPV 逻辑,8 ways 全满,Directed,Testcase,l2tlb_bank_cg,mmu_l2tlb_sva.a_victim_max_rrpv,mmu_rrpv_aging_vseq,victim_rrpv == MAX,P0,mmu/rtl/mmu_l2tlb_replacement_policy.sv L110,RRPV Victim Max,Planned,,,
REQ-3.1,RRPV 替换策略正确实现,F3.9,Victim Way 选择,TC-RRPV-012,test_mmu_rand_rrpv_victim_all_scenarios,Random victim：mixed free/RRPV states,验证各种 victim 场景覆盖,partial free/mixed RRPV,Constrained-Random,Testcase + Covergroup,l2tlb_bank_cg,mmu_l2tlb_sva.a_victim_select,mmu_l2tlb_bank_conflict_vseq,"cross(free_count, max_ways)",P1,mmu/rtl/mmu_l2tlb_replacement_policy.sv,RRPV Victim Coverage,Planned,,,
REQ-3.1,RRPV 替换策略正确实现,F3.12,RRPV 延迟回写,TC-RRPV-013,test_mmu_dir_rrpv_wbuf_latency,RRPV wbuf 延迟 1 cycle,验证 wbuf 流水正确,hit/aging，采样 wbuf,Directed,Testcase,l2tlb_bank_cg,mmu_l2tlb_sva.a_rrpv_wbuf_latency,mmu_rrpv_aging_vseq,wbuf delay == 1 cycle,P1,mmu/rtl/mmu_l2tlb_rrpv_wbuf.sv L50,RRPV Pipeline,Planned,,,
REQ-3.1,RRPV 替换策略正确实现,F3.12,RRPV 延迟回写,TC-RRPV-014,test_mmu_rand_rrpv_wbuf_no_overflow,Random wbuf：高频访问，不溢出,验证 wbuf 足够深度,high-freq同bank访问,Constrained-Random,Testcase,l2tlb_bank_cg,mmu_l2tlb_sva.a_rrpv_wbuf_overflow,mmu_ptw_thrash_vseq,no wbuf overflow,P1,mmu/rtl/mmu_l2tlb_rrpv_wbuf.sv,RRPV Buffer,Planned,,,
REQ-3.2,Skew-Associative Bank 架构与冲突处理,F3.10,Bank 独立索引,TC-BANK-001,test_mmu_dir_l2tlb_bank_skew_distribution,8 bank 各自独立 hash index,验证 skew hash 分散,特定 VPN 集合,Directed,Testcase,l2tlb_bank_cg,mmu_l2tlb_sva.a_bank_skew,mmu_l2tlb_bank_conflict_vseq,idx_w0 != idx_w1 != ...,P0,mmu/rtl/mmu_arb.sv L80,Skew-Assoc Design,Planned,,,
REQ-3.2,Skew-Associative Bank 架构与冲突处理,F3.10,Bank 独立索引,TC-BANK-002,test_mmu_rand_l2tlb_bank_load_balance,Random：多 VPN 集，8 bank 填充均衡,验证 hash 有效分散,multi-VPN set,Constrained-Random,Testcase + Covergroup,l2tlb_bank_cg,mmu_l2tlb_sva.a_bank_balanced,mmu_ptw_thrash_vseq,per-bank occupancy balanced,P1,mmu/rtl/mmu_arb.sv,Bank Balance,Planned,,,
REQ-3.2,Skew-Associative Bank 架构与冲突处理,F3.10,Bank 独立索引,TC-BANK-003,test_mmu_rand_l2tlb_bank_collision_avoidance,Random：低 bank 冲突率,验证 hash 冲突概率低,random VPN,Constrained-Random,Testcase + Coverage,l2tlb_bank_cg,mmu_perf_mon.collision_rate,mmu_concurrent_3pipe_vseq,collision_rate < 5%,P1,mmu/rtl/mmu_arb.sv,Hash Collision,Planned,,,
REQ-3.2,Skew-Associative Bank 架构与冲突处理,F3.11,Bank 写冲突仲裁,TC-BANK-004,test_mmu_dir_l2tlb_bank_write_conflict_ptw_prior,PTW + ReqQ 冲突 → PTW 优先,验证优先级 PTW > ReqQ,构造 PTW refill + ReqQ lookup,Directed,Testcase,l2tlb_bank_cg,mmu_arb_sva.a_priority_ptw,mmu_l2tlb_bank_conflict_vseq,ptw_write_ok; reqq_retry,P0,mmu/rtl/mmu_arb.sv L100,Priority Arbiter,Planned,,,
REQ-3.2,Skew-Associative Bank 架构与冲突处理,F3.11,Bank 写冲突仲裁,TC-BANK-005,test_mmu_dir_l2tlb_bank_write_conflict_tlbop_prior,TLBOp 优于 ReqQ；优于 PFU,验证优先级 TLBOp > ReqQ > PFU,SFENCE + pending ReqQ,Directed,Testcase,l2tlb_bank_cg,mmu_arb_sva.a_priority_full,mmu_l2tlb_bank_conflict_vseq,tlbop_write_ok; others stall,P0,mmu/rtl/mmu_arb.sv L105,Priority Arbiter,Planned,,,
REQ-3.2,Skew-Associative Bank 架构与冲突处理,F3.11,Bank 写冲突仲裁,TC-BANK-006,test_mmu_rand_l2tlb_bank_conflict_multi_source,Random 4 源（PTW/TLBOp/ReqQ/PFU）冲突,验证全优先级覆盖,4 源同时冲突,Constrained-Random,Testcase + Covergroup,l2tlb_bank_cg,mmu_arb_sva,mmu_l2tlb_bank_conflict_vseq,all 4-source priorities,P1,mmu/rtl/mmu_arb.sv,Priority Coverage,Planned,,,
REQ-3.3,Miss Buffer 分配、释放、防重分配,F3.13,MB 分配,TC-MB-001,test_mmu_dir_l2tlb_mb_alloc_on_miss,Refill 时 FFZ 分配 MB entry,验证 alloc 逻辑,触发 refill,Directed,Testcase,l2tlb_reqq_cg,mmu_l2tlb_sva.a_mb_alloc,mmu_ptw_thrash_vseq,mb_alloc_valid; entry_vld set,P0,mmu/rtl/mmu_l2tlb_mb.sv L80,MB Allocation,Planned,,,
REQ-3.3,Miss Buffer 分配、释放、防重分配,F3.13,MB 释放,TC-MB-002,test_mmu_dir_l2tlb_mb_dealloc_on_complete,PTW 完成 → MB entry 释放,验证 dealloc 逻辑,等待 PTW 完成,Directed,Testcase,l2tlb_reqq_cg,mmu_l2tlb_sva.a_mb_dealloc,mmu_ptw_thrash_vseq,entry_vld clear; credit_return,P0,mmu/rtl/mmu_l2tlb_mb.sv L150,MB Deallocation,Planned,,,
REQ-3.3,Miss Buffer 分配、释放、防重分配,F3.13,防重分配,TC-MB-003,test_mmu_dir_l2tlb_mb_dup_alloc_prevention,同 VPN+ASID 已 pending → 新 miss 背压,验证重复检测,快速重复同 VA,Directed,Testcase,l2tlb_reqq_cg,mmu_l2tlb_sva.a_mb_dup_detect,mmu_ptw_thrash_vseq,2nd miss rejected,P0,mmu/rtl/mmu_l2tlb_mb.sv L120,MB Dup Detect,Planned,,,
REQ-3.3,Miss Buffer 分配、释放、防重分配,F3.13,MB 满状态,TC-MB-004,test_mmu_dir_l2tlb_mb_full_stall,MB 8 entry 全满 → 新 miss 背压,验证满态背压,8 个不同 VA pending,Directed,Testcase,l2tlb_reqq_cg,mmu_l2tlb_sva.a_mb_full,mmu_ptw_thrash_vseq,9th miss stalled,P0,mmu/rtl/mmu_l2tlb_mb.sv L160,MB Full,Planned,,,
REQ-3.3,Miss Buffer 分配、释放、防重分配,F3.13,MB 出队顺序,TC-MB-005,test_mmu_rand_l2tlb_mb_issue_order,MB 多 entry ready → FFR 选择，ITLB 优先,验证 issue order,多 pending entry,Constrained-Random,Testcase + Covergroup,l2tlb_reqq_cg,mmu_l2tlb_sva.a_mb_priority,mmu_ptw_thrash_vseq,itlb issue first,P1,mmu/rtl/mmu_l2tlb_mb.sv L170,MB Priority,Planned,,,
REQ-3.4,TLB 失效操作（INVALL/INV_VA/INV_ASID/INV_VA_ASID）,F3.14,INVALL 全失效,TC-INV-001,test_mmu_dir_l2tlb_inv_all,INVALL 清除所有 L2 entry,验证全失效正确,发 SFENCE.VMA INV_ALL,Directed,Testcase,tlb_inv_cg,mmu_l2tlb_sva.a_inv_all,tlb_inv_all_seq,all vld bits = 0,P0,mmu/rtl/ct_mmu_tlboper.v L80,Sv39 SFENCE,Planned,,,
REQ-3.4,TLB 失效操作（INVALL/INV_VA/INV_ASID/INV_VA_ASID）,F3.14,INV_VA 指定 VPN 失效,TC-INV-002,test_mmu_dir_l2tlb_inv_va,INV_VA(vpn) 清除匹配 VPN 的全部 entry,验证 VPN 匹配失效,SFENCE.VMA with VA,Directed,Testcase,tlb_inv_cg,mmu_l2tlb_sva.a_inv_va,tlb_inv_va_seq,matching entries vld = 0,P0,mmu/rtl/ct_mmu_tlboper.v L85,Sv39 SFENCE,Planned,,,
REQ-3.4,TLB 失效操作（INVALL/INV_VA/INV_ASID/INV_VA_ASID）,F3.14,INV_ASID 指定 ASID 失效,TC-INV-003,test_mmu_dir_l2tlb_inv_asid,INV_ASID(asid) 清除该 ASID 全部 entry,验证 ASID 匹配失效,SFENCE.VMA with ASID,Directed,Testcase,tlb_inv_cg,mmu_l2tlb_sva.a_inv_asid,tlb_inv_asid_seq,matching entries vld = 0,P0,mmu/rtl/ct_mmu_tlboper.v L90,Sv39 SFENCE,Planned,,,
REQ-3.4,TLB 失效操作（INVALL/INV_VA/INV_ASID/INV_VA_ASID）,F3.14,INV_VA_ASID 精确失效,TC-INV-004,test_mmu_dir_l2tlb_inv_va_asid,"INV_VA_ASID(vpn,asid) 清除精确 entry",验证精确失效,SFENCE.VMA with VA+ASID,Directed,Testcase,tlb_inv_cg,mmu_l2tlb_sva.a_inv_va_asid,tlb_inv_va_asid_seq,exact entry vld = 0,P0,mmu/rtl/ct_mmu_tlboper.v L95,Sv39 SFENCE,Planned,,,
REQ-1.0,PTW 与仲裁组正确性,F4.1,SATP 根地址加载,PTW-001,test_ptw_satp_load_basic,验证 SATP 值正确加载,SATP 用于 L2 页表检索的基址,从 CP0 读取 SATP 后发起 L2 PTE 读,Directed,Testcase + Assertion,ptw_walk_cg,mmu_ptw_sva:a_satp_load,ptw_mem_normal_rsp_seq,DUT 返回正确 L1 PTE,P0,ptw.sv:input regs_ptw_satp_ppn,RISC-V Sv39 §4.3,Planned,Phase9:p9-ptw-ptw_001:ptw_tests,mmu_verification/testbench/test/ptw_tests/test_ptw_satp_load_basic.svh,test_name=test_ptw_satp_load_basic; reviewer=A+B; checker=translation_sb
REQ-1.0,PTW 与仲裁组正确性,F4.1,SATP 根地址加载,PTW-002,test_ptw_satp_load_dual_switch,验证双 SATP 切换,新 SATP 立即生效无延迟,切换 satp_sel 和写 SATP 寄存器,Directed,Testcase + Assertion,ptw_walk_cg,mmu_ptw_sva:a_satp_switch,cp0_satp_switch_seq,后续 walk 使用新 SATP,P0,ptw.sv:regs_ptw_satp_ppn,OpenRISCV2030 SATP §2,Planned,Phase9:p9-ptw-ptw_002:ptw_tests,mmu_verification/testbench/test/ptw_tests/test_ptw_satp_load_dual_switch.svh,test_name=test_ptw_satp_load_dual_switch; reviewer=A+B; checker=translation_sb
REQ-1.0,PTW 与仲裁组正确性,F4.2,L2 PDE 读取与缓存,PTW-003,test_ptw_l2_pde_hit_direct,L2 PDE cache 命中绕过 LSU 读,缓存命中 1-cycle 返回 PPN,重复访问相同 VPN 的 L2 PTE,Directed,Covergroup,ptw_walk_cg,mmu_ptw_sva:a_l2pde_hit,ptw_page_table_build_2m_seq,第二次无 LSU 读请求,P0,ptw.sv:L2PDE_xbar_hit_vld,ptw.sv:L2PDE_cache.sv,Planned,Phase9:p9-ptw-ptw_003:ptw_tests,mmu_verification/testbench/test/ptw_tests/test_ptw_l2_pde_hit_direct.svh,test_name=test_ptw_l2_pde_hit_direct; reviewer=A+B; checker=ptw_walk_cg
REQ-1.0,PTW 与仲裁组正确性,F4.2,L2 PDE 读取与缓存,PTW-004,test_ptw_l2_pde_miss_walk,L2 PDE miss 触发 LSU 读,第一次 L2 访问必须发起 LSU 读,新 VPN 的 L2 PDE 首次访问,Directed,Covergroup,ptw_walk_cg,mmu_ptw_sva:a_l2pde_miss,ptw_deep_tree_random_seq,LSU 读请求成功返回 L1 PTE,P0,ptw.sv:PDE_xbar_req,ptw.sv:L2PDE_cache.sv,Planned,Phase9:p9-ptw-ptw_004:ptw_tests,mmu_verification/testbench/test/ptw_tests/test_ptw_l2_pde_miss_walk.svh,test_name=test_ptw_l2_pde_miss_walk; reviewer=A+B; checker=ptw_walk_cg
REQ-1.0,PTW 与仲裁组正确性,F4.3,L1 PDE 读取,PTW-006,test_ptw_l1_pde_hit,L1 PDE cache hit 加速,单 entry 缓存 L1 中间结果,重复访问相同 VPN 的 L1 中间 PDE,Directed,Covergroup,ptw_walk_cg,mmu_ptw_sva:a_l1pde_hit,ptw_page_table_build_4k_seq,缓存 hit 无新 LSU 读,P0,ptw.sv:L1PDE_xbar_hit_vld,L1PDE_cache.sv,Planned,Phase9:p9-ptw-ptw_006:ptw_tests,mmu_verification/testbench/test/ptw_tests/test_ptw_l1_pde_hit.svh,test_name=test_ptw_l1_pde_hit; reviewer=A+B; checker=ptw_walk_cg
REQ-1.0,PTW 与仲裁组正确性,F4.4,L0 PTE 读取与权限提取,PTW-009,test_ptw_l0_pte_read_basic,三级完整页表走查,L0 PTE flag 正确提取,端到端 Sv39 三级 walk 流程,Directed,Covergroup,ptw_walk_cg,mmu_ptw_sva:a_walk_complete,ptw_page_table_build_4k_seq,L0 PTE flags (V/R/W/X/U/G/A/D) 正确,P0,ptw.sv:twu_arb_ref_data_din,RISC-V Sv39 §4.3.2,Planned,Phase9:p9-ptw-ptw_009:ptw_tests,mmu_verification/testbench/test/ptw_tests/test_ptw_l0_pte_read_basic.svh,test_name=test_ptw_l0_pte_read_basic; reviewer=A+B; checker=ptw_walk_cg
REQ-1.0,PTW 与仲裁组正确性,F4.5,4 TWU 并发与去重,PTW-011,test_twu_concurrent_4way,4 个 TWU 无干扰并发,各 TWU 独立 state machine 交互,4 个不同 VPN 同时发起 walk,Directed,Covergroup,ptw_walk_cg,mmu_ptw_sva:a_twu_no_conflict,4x ptw_page_table_build_*,4 条 walk 同时进行无死锁,P0,ptw.sv:logic [3:0] twu_mbuf_req,ptw.sv,Planned,Phase9:p9-ptw-ptw_011:ptw_tests,mmu_verification/testbench/test/ptw_tests/test_twu_concurrent_4way.svh,test_name=test_twu_concurrent_4way; reviewer=A+B; checker=ptw_walk_cg
REQ-1.0,PTW 与仲裁组正确性,F4.5,4 TWU 并发与去重,PTW-012,test_twu_concurrent_same_vpn,MBUF 去重相同 VPN 请求,多 TWU 的相同 VPN 仅发一次 LSU 读,多端口同时请求同一 VPN,Directed,Covergroup,ptw_walk_cg,mmu_ptw_sva:a_mbuf_dedup,ptw_mem_ooo_rsp_seq,单条 LSU 读多 TWU 共用响应,P0,ptw_mbuf.sv:logic [3:0] mbuf_grant,ptw.sv,Planned,Phase9:p9-ptw-ptw_012:ptw_tests,mmu_verification/testbench/test/ptw_tests/test_twu_concurrent_same_vpn.svh,test_name=test_twu_concurrent_same_vpn; reviewer=A+B; checker=ptw_walk_cg
REQ-1.0,PTW 与仲裁组正确性,F4.6,MBUF 信用管理,PTW-013,test_mbuf_credit_management,MBUF 满时流控 TWU,8 entry 全满后阻塞新 TWU,8 个并发 TWU 请求填满 MBUF,Directed,Covergroup,ptw_walk_cg,mmu_ptw_sva:a_mbuf_credit,ptw_mem_slow_rsp_seq,MBUF 满时新请求被阻，响应返回后立即解除,P0,ptw_mbuf.sv:logic [3:0] mbuf_entry_on,ptw_mbuf.sv,Planned,Phase9:p9-ptw-ptw_013:ptw_tests,mmu_verification/testbench/test/ptw_tests/test_mbuf_credit_management.svh,test_name=test_mbuf_credit_management; reviewer=A+B; checker=ptw_walk_cg
REQ-1.0,PTW 与仲裁组正确性,F4.9,PTE V=0 检测,PTW-015,test_pte_v_bit_zero,V=0 触发页错终止 walk,V=0 PTE 导致 pgfault 上报,LSU 返回 V=0 的 L0 PTE,Directed,Covergroup,ptw_walk_cg,mmu_ptw_sva:a_pte_v_check,ptw_mem_illegal_pte_seq,page_fault 信号 1 周期,P0,twu.sv:// v bit check,RISC-V Sv39 §4.3.1,Planned,Phase9:p9-ptw-ptw_015:ptw_tests,mmu_verification/testbench/test/ptw_tests/test_pte_v_bit_zero.svh,test_name=test_pte_v_bit_zero; reviewer=A+B; checker=ptw_walk_cg
REQ-1.0,PTW 与仲裁组正确性,F4.10,PTE R=W=0 检测,PTW-016,test_pte_rw_both_zero,R∧W=0 触发访问错,权限全无时 access fault,读写权限位同为 0 的 PTE,Directed,Covergroup,ptw_walk_cg,mmu_ptw_sva:a_pte_rw_check,ptw_mem_illegal_pte_seq,access_fault 信号 1 周期,P0,twu.sv:// rw bit check,RISC-V Sv39 §4.3.1,Planned,Phase9:p9-ptw-ptw_016:ptw_tests,mmu_verification/testbench/test/ptw_tests/test_pte_rw_both_zero.svh,test_name=test_pte_rw_both_zero; reviewer=A+B; checker=ptw_walk_cg
REQ-1.0,PTW 与仲裁组正确性,F4.15,U bit 与 SUM 交互,PTW-020,test_pte_u_bit_sum_interaction,U bit 与 SUM 权限交互,Supervisor 访问 User 页面的条件,SUM=0/1 下 U 页访问,Directed,Covergroup,ptw_walk_cg,mmu_ptw_sva:a_pte_u_sum,ptw_mem_illegal_pte_seq,权限违反时页错,P0,twu.sv:input cp0_mmu_sum,RISC-V Sv39 §4.1.1,Planned,Phase9:p9-ptw-ptw_020:ptw_tests,mmu_verification/testbench/test/ptw_tests/test_pte_u_bit_sum_interaction.svh,test_name=test_pte_u_bit_sum_interaction; reviewer=A+B; checker=ptw_walk_cg
REQ-1.0,PTW 与仲裁组正确性,F4.16,X/W/R 权限检查,PTW-010,test_ptw_l0_pte_permission_check,PTE 权限位与访问匹配,X/W/R 权限与 fetch/load/store 匹配,非法权限组合的 PTE,Directed,Covergroup,ptw_walk_cg,mmu_ptw_sva:a_pte_perm,ptw_mem_illegal_pte_seq,权限检查页错,P0,twu.sv:input cp0_mmu_mxr,RISC-V Sv39 §4.1,Planned,Phase9:p9-ptw-ptw_010:ptw_tests,mmu_verification/testbench/test/ptw_tests/test_ptw_l0_pte_permission_check.svh,test_name=test_ptw_l0_pte_permission_check; reviewer=A+B; checker=ptw_walk_cg
REQ-1.0,PTW 与仲裁组正确性,F4.17,全局页 G bit,PTW-022,test_pte_global_bit_asid,G bit 导致全局匹配,G=1 时 ASID 不参与 TLB 匹配,G=1 PTE 跨 ASID 访问,Directed,Covergroup,ptw_walk_cg,mmu_ptw_sva:a_pte_global,mmu_cross_asid_seq,ASID 切换后仍 TLB hit,P0,ptw.sv:ptw_l2tlb_ref_*,RISC-V Sv39 §4.2.1,Planned,Phase9:p9-ptw-ptw_022:ptw_tests,mmu_verification/testbench/test/ptw_tests/test_pte_global_bit_asid.svh,test_name=test_pte_global_bit_asid; reviewer=A+B; checker=translation_sb
REQ-1.0,PTW 与仲裁组正确性,F4.18,巨页支持,PTW-023,test_huge_page_1g_direct,1G 巨页 L1 hit 绕过 L0,1G 巨页直接在 L1 命中,1G 对齐虚拟地址,Directed,Covergroup,ptw_walk_cg,mmu_ptw_sva:a_huge_1g,ptw_page_table_build_1g_seq,L2 miss L1 hit 无 L0 读,P0,one_to_four_xbar.sv:xbar_twu_hit_level,ptw.sv,Planned,Phase9:p9-ptw-ptw_023:ptw_tests,mmu_verification/testbench/test/ptw_tests/test_huge_page_1g_direct.svh,test_name=test_huge_page_1g_direct; reviewer=A+B; checker=ptw_walk_cg
REQ-1.0,PTW 与仲裁组正确性,F4.21,SFENCE 与 walk 冲突,PTW-028,test_sfence_abort_walk,SFENCE 中止 in-flight walk,tlboper_ptw_abort 拉起时 walk 停止,SFENCE.VMA 与 walk 并发,Directed,Assertion,ptw_walk_cg,mmu_ptw_sva:a_sfence_abort,mmu_sfence_during_walk_vseq,abort_flop 置位，walk 数据不入 L2 TLB,P0,ptw.sv:input tlboper_ptw_abort,RISC-V Sv39 §4.2.1,Planned,Phase9:p9-ptw-ptw_028:ptw_tests,mmu_verification/testbench/test/ptw_tests/test_sfence_abort_walk.svh,test_name=test_sfence_abort_walk; reviewer=A+B; checker=ptw_walk_cg
REQ-1.0,PTW 与仲裁组正确性,F4.22,总线错误处理,PTW-029,test_bus_error_terminate,LSU bus_error 提前终止,所有 TWU 接收错误信号无 refill,bus_error 注入,Directed,Covergroup,ptw_walk_cg,mmu_ptw_sva:a_bus_error,ptw_mem_bus_error_inject_seq,mbuf_bus_error 上报正确,P0,ptw_mbuf.sv:input lsu_mmu_bus_error,ptw.sv,Planned,Phase9:p9-ptw-ptw_029:ptw_tests,mmu_verification/testbench/test/ptw_tests/test_bus_error_terminate.svh,test_name=test_bus_error_terminate; reviewer=A+B; checker=ptw_walk_cg
REQ-1.0,PTW 与仲裁组正确性,F4.23,wakeup 向量唤醒,PTW-030,test_wakeup_vector_dispatch,wakeup 唤醒 L1DTLB MB,mmu_lsu_wakeup[11:0] 对应 entry 唤醒,LSU 返回多个 PTE 并 wakeup,Directed,Covergroup,ptw_walk_cg,mmu_ptw_sva:a_wakeup_valid,ptw_mem_ooo_rsp_seq,L1DTLB MB entry 状态转移,P0,ptw.sv:output mmu_lsu_wakeup,ptw.sv,Planned,,,
REQ-1.0,PTW 与仲裁组正确性,F4.24,tlb_busy 流控,PTW-031,test_tlb_busy_stall,MBUF 满时 tlb_busy 拉起,mmu_lsu_tlb_busy 阻止 L1DTLB 请求,MBUF 全满状态,Directed,Assertion,ptw_walk_cg,mmu_ptw_sva:a_tlb_busy,ptw_mem_slow_rsp_seq,L1DTLB 流量停止,P0,ptw.sv:output mmu_lsu_tlb_busy,ptw.sv,Planned,Phase9:p9-ptw-ptw_031:ptw_tests,mmu_verification/testbench/test/ptw_tests/test_mbuf_full_backpressure.svh,test_name=test_mbuf_full_backpressure; reviewer=A+B; checker=ptw_walk_cg
REQ-1.0,PTW 与仲裁组正确性,F5.1,仲裁优先级,ARB-001,test_arb_ptw_priority_highest,PTW 最高优先级,PTW grant 抢占所有其它源,4 源同时 valid,Directed,Assertion,arb_sva,mmu_arb_sva:a_priority_ptw,all agents simultaneous,PTW grant 必 1，其它 grant 全 0,P0,mmu_arb.sv:arb_ptw_grant,mmu_arb.sv,Planned,Phase9:p9-ptw-arb_001:ptw_tests,mmu_verification/testbench/test/ptw_tests/test_arb_ptw_priority_highest.svh,test_name=test_arb_ptw_priority_highest; reviewer=A+B; checker=arb_sva
REQ-1.0,PTW 与仲裁组正确性,F5.2,仲裁链优先级,ARB-002,test_arb_reqq_preempt_lower,ReqQ 优先级 > TLBOper,ReqQ valid 时 TLBOper 被屏蔽,ReqQ + TLBOper 并发,Directed,Assertion,arb_sva,mmu_arb_sva:a_priority_reqq,issue_valid + tlboper_arb_req,ReqQ grant 1 TLBOper grant 0,P0,mmu_arb.sv:arb_reqq_grant,mmu_arb.sv,Planned,Phase9:p9-ptw-arb_002:ptw_tests,mmu_verification/testbench/test/ptw_tests/test_arb_reqq_preempt_lower.svh,test_name=test_arb_reqq_preempt_lower; reviewer=A+B; checker=arb_sva
REQ-1.0,PTW 与仲裁组正确性,F5.3,无双授权,ARB-004,test_arb_no_double_grant,最多单 grant,4 个 grant 信号最多一个 1,所有源 valid,Directed,Assertion,arb_sva,mmu_arb_sva:a_no_double_grant,$onehotall(grant_buses),任一时刻最多一个 grant=1,P0,mmu_arb.sv:output *_grant,mmu_arb.sv,Planned,Phase9:p9-ptw-arb_004:ptw_tests,mmu_verification/testbench/test/ptw_tests/test_arb_no_double_grant.svh,test_name=test_arb_no_double_grant; reviewer=A+B; checker=arb_sva
REQ-1.0,PTW 与仲裁组正确性,F5.4,Work-Conserving,ARB-005,test_arb_work_conserving,无浪费 cycle,有 valid 请求时必投 grant,交替 valid 源,Directed,Assertion,arb_sva,mmu_arb_sva:a_work_conserving,sequential valid patterns,任意 valid 下一 cycle 必 grant,P0,mmu_arb.sv:always @(posedge arb_clk),mmu_arb.sv,Planned,Phase9:p9-ptw-arb_005:ptw_tests,mmu_verification/testbench/test/ptw_tests/test_arb_work_conserving.svh,test_name=test_arb_work_conserving; reviewer=A+B; checker=arb_sva
REQ-1.0,PTW 与仲裁组正确性,F5.5,Skew 索引,ARB-006,test_arb_skew_index_generation,8 路索引独立生成,arb_l2tlb_idx_w[0-7] 不重复,随机 VPN,Directed,Assertion,arb_sva,mmu_arb_sva:a_skew_unique,mmu_stress_all_ports_vseq,8 个索引互不相同,P0,mmu_arb.sv:output arb_l2tlb_idx_w[*],mmu_arb.sv,Planned,Phase9:p9-ptw-arb_006:ptw_tests,mmu_verification/testbench/test/ptw_tests/test_arb_skew_index_generation.svh,test_name=test_arb_skew_index_generation; reviewer=A+B; checker=arb_sva
REQ-1.0,PTW 与仲裁组正确性,F5.7,反压掩码,ARB-008,test_arb_backpressure_mask,L2 busy 时 mask PTW,L2 SRAM busy 时 arb_ptw_mask=1,L2 SRAM 饱和,Directed,Assertion,arb_sva,mmu_arb_sva:a_ptw_mask,mmu_stress_all_ports_vseq,PTW 新请求被屏蔽,P0,mmu_arb.sv:output arb_ptw_mask,mmu_arb.sv,Planned,Phase9:p9-ptw-arb_008:ptw_tests,mmu_verification/testbench/test/ptw_tests/test_arb_backpressure_mask.svh,test_name=test_arb_backpressure_mask; reviewer=A+B; checker=arb_sva
REQ-1.0,PTW 与仲裁组正确性,F5.8,1-to-4 分发,XBAR-001,test_xbar_1to4_distribution,PDE 请求分发到 idle TWU,xbar 轮转选择 4 个 TWU,一个 PDE 请求,Directed,Covergroup,arb_sva,mmu_ptw_sva:a_xbar_select,ptw_page_table_build_*,分发到 idle 的 TWU,P0,one_to_four_xbar.sv:xbar_twu_req,one_to_four_xbar.sv,Planned,Phase9:p9-ptw-xbar_001:ptw_tests,mmu_verification/testbench/test/ptw_tests/test_xbar_1to4_distribution.svh,test_name=test_xbar_1to4_distribution; reviewer=A+B; checker=arb_sva
REQ-1.0,PTW 与仲裁组正确性,F5.8,1-to-4 分发,XBAR-002,test_xbar_twu_round_robin,xbar 轮转 4 TWU,连续多个 PDE 请求循环分发,4+ PDE 请求序列,Directed,Covergroup,arb_sva,mmu_ptw_sva:a_xbar_rr,ptw_deep_tree_random_seq,分发遍历 4 个 TWU,P0,one_to_four_xbar.sv:xbar_twu_req,one_to_four_xbar.sv,Planned,Phase9:p9-ptw-xbar_002:ptw_tests,mmu_verification/testbench/test/ptw_tests/test_xbar_twu_round_robin.svh,test_name=test_xbar_twu_round_robin; reviewer=A+B; checker=arb_sva
REQ-1.0,PTW 与仲裁组正确性,PERF-PTW-001,PTW 性能,test_ptw_walk_latency,PTW 走查延迟统计,从请求到 refill 完成的周期数,10K 随机 walk,Performance,Covergroup,perf_event_cg,mmu_ptw_sva:a_walk_complete,mmu_ptw_thrash_vseq,walk latency < 阈值,P1,ptw.sv,ptw.sv,Planned,,,,
REQ-1.0,PTW 与仲裁组正确性,RANDOM-PTW-001,随机页表走查,test_ptw_random_walk_10k_seed,10K seed 随机 VPN 组合,全覆盖 Sv39 地址空间与权限,随机 VPN/ASID/privilege 序列,Constrained-Random,Covergroup,ptw_walk_cg,mmu_ptw_sva:a_walk_generic,mmu_ptw_thrash_vseq,无死锁无错误,P0,ptw.sv,RISC-V Sv39,Planned,,,,
REQ-F6,F6 SysMap 系统地址映射,F6.1,8 region 基址掩码配置,TC-SYSMAP-001,test_mmu_sysmap_region_config,SysMap 的 8 个 region 应根据 sysmap.h 定义正确配置,验证 8 个 region 的 base_addr 和 mask 参数加载正确,通过 sysmap_cfg_agent 配置所有 8 region,Directed,Testcase,sysmap_cg,mmu_sysmap_sva.sv:a_region_config,sysmap_region_setup_seq,region 配置与 sysmap.h 宏完全一致,P0,mmu/rtl/sysmap.h|mmu/rtl/ct_mmu_sysmap.v,Sv39 ISA §2.8 SysMap概念,Planned,Phase9:p9-sysmap-tc_sysmap_001:sysmap_tests,mmu_verification/testbench/test/sysmap_tests/test_mmu_sysmap_region_config.svh,test_name=test_mmu_sysmap_region_config; reviewer=A+B; checker=translation_sb
REQ-F6,F6 SysMap 系统地址映射,F6.1,8 region 基址掩码配置,TC-SYSMAP-002,test_mmu_sysmap_region_default,SysMap 默认值与初始化,验证上电或复位后 8 region 的默认配置,复位后直接查询 region 配置,Directed,Testcase,sysmap_cg,mmu_sysmap_sva.sv:a_region_default,sysmap_region_setup_seq,默认配置匹配规格,P0,mmu/rtl/ct_mmu_sysmap.v|mmu/rtl/sysmap.h,OpenRISCV2030 架构,Planned,Phase9:p9-sysmap-tc_sysmap_002:sysmap_tests,mmu_verification/testbench/test/sysmap_tests/test_mmu_sysmap_region_default.svh,test_name=test_mmu_sysmap_region_default; reviewer=A+B; checker=translation_sb
REQ-F6,F6 SysMap 系统地址映射,F6.2,Region PA 匹配判断,TC-SYSMAP-003,test_mmu_sysmap_hit_match,PA 落在 region 范围时应产生 hit,验证地址范围匹配逻辑,配置 region；发起 PA 在/不在范围的访问,Directed,Testcase,sysmap_cg,mmu_sysmap_sva.sv:a_hit_match,sysmap_hit_cross_tlb_seq,PA 在范围→hit=1；不在→hit=0,P0,mmu/rtl/ct_mmu_sysmap_hit.v,OpenRISCV2030 架构,Planned,Phase9:p9-sysmap-tc_sysmap_003:sysmap_tests,mmu_verification/testbench/test/sysmap_tests/test_mmu_sysmap_hit_match.svh,test_name=test_mmu_sysmap_hit_match; reviewer=A+B; checker=translation_sb
REQ-F6,F6 SysMap 系统地址映射,F6.2,Region PA 匹配判断,TC-SYSMAP-004,test_mmu_sysmap_hit_boundary,Region 边界处的 hit 转折,验证边界（base+mask）处 hit 的正确转换,在 region 边界附近发起 PA 请求,Directed,Testcase,sysmap_cg,mmu_sysmap_sva.sv:a_boundary,sysmap_boundary_seq,边界处转折正确；无毛刺,P0,mmu/rtl/ct_mmu_sysmap_hit.v,OpenRISCV2030 架构,Planned,Phase9:p9-sysmap-tc_sysmap_004:sysmap_tests,mmu_verification/testbench/test/sysmap_tests/test_mmu_sysmap_hit_boundary.svh,test_name=test_mmu_sysmap_hit_boundary; reviewer=A+B; checker=translation_sb
REQ-F6,F6 SysMap 系统地址映射,F6.3,Hit 向量唯一性,TC-SYSMAP-005,test_mmu_sysmap_hit_unique,同一 PA 最多一个 region hit,验证 hit 向量编码正确；一次最多一个 region 命中,配置多个重叠 region；发起 PA 请求,Directed,Testcase,sysmap_cg,mmu_sysmap_sva.sv:a_hit_unique,sysmap_hit_cross_tlb_seq,hit 向量中最多一个 bit 置 1,P0,mmu/rtl/ct_mmu_sysmap.v,OpenRISCV2030 架构,Planned,Phase9:p9-sysmap-tc_sysmap_005:sysmap_tests,mmu_verification/testbench/test/sysmap_tests/test_mmu_sysmap_hit_unique.svh,test_name=test_mmu_sysmap_hit_unique; reviewer=A+B; checker=translation_sb
REQ-F6,F6 SysMap 系统地址映射,F6.4,Region 重叠优先级,TC-SYSMAP-006,test_mmu_sysmap_priority,Region 重叠时优先级处理,验证重叠 region 的优先级仲裁（通常按 index 从小到大）,配置重叠 region；发起跨 region 边界的访问,Directed,Testcase,sysmap_cg,mmu_sysmap_sva.sv:a_priority_arb,sysmap_hit_cross_tlb_seq,较低 index region 优先,P1,mmu/rtl/ct_mmu_sysmap_hit.v,OpenRISCV2030 架构,Planned,Phase9:p9-sysmap-tc_sysmap_006:sysmap_tests,mmu_verification/testbench/test/sysmap_tests/test_mmu_sysmap_priority.svh,test_name=test_mmu_sysmap_priority; reviewer=A+B; checker=translation_sb
REQ-F6,F6 SysMap 系统地址映射,F6.5,Flag 5-bit 权限编码,TC-SYSMAP-007,test_mmu_sysmap_flag_r,SysMap flag bit[3] 可读权限,验证 flag[3]=1 表示可读,配置 flag[3] 为 0 和 1 分别访问,Directed,Covergroup,sysmap_cg,mmu_sysmap_sva.sv:a_flag_bits,sysmap_perm_flag_seq,可读性与 flag[3] 对应,P0,mmu/rtl/sysmap.h|mmu/rtl/ct_mmu_sysmap.v,OpenRISCV2030 架构,Planned,Phase9:p9-sysmap-tc_sysmap_007:sysmap_tests,mmu_verification/testbench/test/sysmap_tests/test_mmu_sysmap_flag_r.svh,test_name=test_mmu_sysmap_flag_r; reviewer=A+B; checker=translation_sb
REQ-F6,F6 SysMap 系统地址映射,F6.5,Flag 5-bit 权限编码,TC-SYSMAP-008,test_mmu_sysmap_flag_wxec,Flag 其他位组合（W/X/Executive/Cacheable/Bufferable）,验证所有 flag 组合的权限含义,随机生成 flag；验证权限判决逻辑,Constrained-Random,Covergroup,sysmap_cg,mmu_sysmap_sva.sv:a_flag_validity,sysmap_perm_flag_seq,flag 全 5-bit 组合覆盖；权限判决正确,P0,mmu/rtl/sysmap.h|mmu/rtl/ct_mmu_sysmap.v,OpenRISCV2030 架构,Planned,Phase9:p9-sysmap-tc_sysmap_008:sysmap_tests,mmu_verification/testbench/test/sysmap_tests/test_mmu_sysmap_flag_wxec.svh,test_name=test_mmu_sysmap_flag_wxec; reviewer=A+B; checker=translation_sb
REQ-F6,F6 SysMap 系统地址映射,F6.6,SysMap 优先级 > TLB,TC-SYSMAP-009,test_mmu_sysmap_priority_over_tlb,SysMap 命中优先级高于 TLB 和 PTW 返回的属性,验证 PA 同时命中 SysMap 和 TLB 时 SysMap 优先,构造 SysMap hit + TLB hit 的情景,Directed,Covergroup,sysmap_cg,mmu_sysmap_sva.sv:a_sysmap_priority,sysmap_hit_cross_tlb_seq,SysMap flag 优先应用；TLB 返回值被覆盖,P0,mmu/rtl/ct_mmu_top.v:180-210,Sv39 ISA §4.5,Planned,Phase9:p9-sysmap-tc_sysmap_009:sysmap_tests,mmu_verification/testbench/test/sysmap_tests/test_mmu_sysmap_priority_over_tlb.svh,test_name=test_mmu_sysmap_priority_over_tlb; reviewer=A+B; checker=translation_sb
REQ-F6,F6 SysMap 系统地址映射,F6.6,SysMap 优先级 > TLB,TC-SYSMAP-010,test_mmu_sysmap_tlb_fallback,SysMap miss 时使用 TLB/PTW 路径,验证不命中 SysMap 时回落到常规翻译,配置 region 不覆盖的 PA,Directed,Testcase,sysmap_cg,mmu_sysmap_sva.sv:a_miss_fallback,sysmap_hit_cross_tlb_seq,SysMap miss 后使用 TLB，后无 PTW,P0,mmu/rtl/ct_mmu_top.v,Sv39 ISA §4.5,Planned,Phase9:p9-sysmap-tc_sysmap_010:sysmap_tests,mmu_verification/testbench/test/sysmap_tests/test_mmu_sysmap_tlb_fallback.svh,test_name=test_mmu_sysmap_tlb_fallback; reviewer=A+B; checker=translation_sb
REQ-F6,F6 SysMap 系统地址映射,F6.7,PTW walk 地址 SysMap 保护,TC-SYSMAP-011,test_mmu_sysmap_pte_walk_addr,PTW 产生的 PTE 物理地址命中 SysMap,验证 PTE 地址本身也受 SysMap 保护,配置 SysMap；触发 PTW walk；监测 PTE 地址是否命中 SysMap,Directed,Mixed,sysmap_cg|ptw_walk_cg,mmu_sysmap_sva.sv:a_pte_addr_sysmap,ptw_page_table_build_4k_seq,PTE 地址命中 SysMap；返回 SysMap flag,P1,mmu/rtl/ptw.sv|mmu/rtl/ct_mmu_sysmap.v,OpenRISCV2030 架构,Planned,Phase9:p9-sysmap-tc_sysmap_011:sysmap_tests,mmu_verification/testbench/test/sysmap_tests/test_mmu_sysmap_pte_walk_addr.svh,test_name=test_mmu_sysmap_pte_walk_addr; reviewer=A+B; checker=translation_sb + ptw_walk_cg
REQ-F6,F6 SysMap 系统地址映射,F6.8,Region disable 态,TC-SYSMAP-012,test_mmu_sysmap_disabled,已禁用的 region 不产生 hit,验证 enable=0 的 region 被跳过,配置 region enable=0；发起 PA 请求,Directed,Testcase,sysmap_cg,mmu_sysmap_sva.sv:a_disabled_skip,sysmap_region_setup_seq,disabled region 无 hit 输出,P1,mmu/rtl/ct_mmu_sysmap.v,OpenRISCV2030 架构,Planned,Phase9:p9-sysmap-tc_sysmap_012:sysmap_tests,mmu_verification/testbench/test/sysmap_tests/test_mmu_sysmap_disabled.svh,test_name=test_mmu_sysmap_disabled; reviewer=A+B; checker=translation_sb
REQ-F6,F6 SysMap 系统地址映射,F6.9,Region 边界对齐,TC-SYSMAP-013,test_mmu_sysmap_alignment,Region 基址 4KB 对齐；掩码为 2^n-1,验证对齐约束,配置非对齐地址；检查是否拒绝或自动对齐,Directed,Testcase,sysmap_cg,mmu_sysmap_sva.sv:a_alignment,sysmap_boundary_seq,基址 4KB 对齐；掩码为 2^n-1,P1,mmu/rtl/sysmap.h|mmu/rtl/ct_mmu_sysmap.v,OpenRISCV2030 架构,Planned,Phase9:p9-sysmap-tc_sysmap_013:sysmap_tests,mmu_verification/testbench/test/sysmap_tests/test_mmu_sysmap_alignment.svh,test_name=test_mmu_sysmap_alignment; reviewer=A+B; checker=translation_sb
REQ-F7,F7 PMP 接口并发性能,F7.1,8 端口并发独立,TC-PMP-001,test_mmu_pmp_8port_concurrent,8 个 PTW 端口同时输出 PA 无干扰,验证 8 端口完全并发且互不影响,多 TWU 同时发起 walk；监测 8 个 mmu_pmp_pa 输出,Constrained-Random,Covergroup,pmp_cg,mmu_ptw_sva.sv:a_pmp_concurrent,ptw_mem_ooo_rsp_seq,8 个 PA 并发输出无延迟或交错,P0,mmu/rtl/ct_mmu_top.v:169-176|mmu/rtl/ptw.sv,OpenRISCV2030 架构,Planned,Phase9:p9-pmp-tc_pmp_001:pmp_tests,mmu_verification/testbench/test/pmp_tests/test_mmu_pmp_8port_concurrent.svh,test_name=test_mmu_pmp_8port_concurrent; reviewer=A+B; checker=ptw_walk_cg
REQ-F7,F7 PMP 接口并发性能,F7.1,8 端口并发独立,TC-PMP-002,test_mmu_pmp_port_independence,每个 port 的权限独立配置,验证一个 port 的拒绝不影响其它,配置异构权限；并发访问,Directed,Covergroup,pmp_cg,mmu_ptw_sva.sv:a_port_independent,pmp_flg_cross_8port_seq,各 port 权限独立应用,P1,mmu/rtl/ct_mmu_top.v,OpenRISCV2030 架构,Planned,Phase9:p9-pmp-tc_pmp_002:pmp_tests,mmu_verification/testbench/test/pmp_tests/test_mmu_pmp_port_independence.svh,test_name=test_mmu_pmp_port_independence; reviewer=A+B; checker=pmp_cg
REQ-F7,F7 PMP 接口并发性能,F7.1,8 端口并发独立,TC-PMP-003,test_mmu_pmp_port_saturation,8 port 满载压力测试,验证 8 port 饱和时无丢失,连续满载 8 port；监测输出,Constrained-Random,Covergroup,pmp_cg|ptw_walk_cg,mmu_ptw_sva.sv:a_no_loss,ptw_mem_slow_rsp_seq,PA 输出无丢失或重复,P0,mmu/rtl/ptw.sv,OpenRISCV2030 架构,Planned,Phase9:p9-pmp-tc_pmp_003:pmp_tests,mmu_verification/testbench/test/pmp_tests/test_mmu_pmp_port_saturation.svh,test_name=test_mmu_pmp_port_saturation; reviewer=A+B; checker=ptw_walk_cg
REQ-F7,F7 PMP 接口并发性能,F7.2,PMP flag 4-bit 反馈,TC-PMP-004,test_mmu_pmp_flg_encode,4-bit flag 编码验证,验证 flag 编码（R/W/X/Reserved）,配置不同 PMP 规则；检查返回的 flag,Directed,Covergroup,pmp_cg,mmu_ptw_sva.sv:a_flg_encode,pmp_flg_normal_seq,flag 与权限编码对应,P0,mmu/rtl/ct_mmu_top.v:151-160,OpenRISCV2030 架构,Planned,Phase9:p9-pmp-tc_pmp_004:pmp_tests,mmu_verification/testbench/test/pmp_tests/test_mmu_pmp_flg_encode.svh,test_name=test_mmu_pmp_flg_encode; reviewer=A+B; checker=pmp_cg
REQ-F7,F7 PMP 接口并发性能,F7.2,PMP flag 4-bit 反馈,TC-PMP-005,test_mmu_pmp_flg_combinations,Flag 全 16 种组合覆盖,验证所有 flag 组合,随机 16 种 flag；每种应用到不同 port,Constrained-Random,Covergroup,pmp_cg,mmu_ptw_sva.sv:a_flg_combinations,pmp_flg_cross_8port_seq,覆盖 16 种组合,P0,mmu/rtl/ct_mmu_top.v,OpenRISCV2030 架构,Planned,Phase9:p9-pmp-tc_pmp_005:pmp_tests,mmu_verification/testbench/test/pmp_tests/test_mmu_pmp_flg_combinations.svh,test_name=test_mmu_pmp_flg_combinations; reviewer=A+B; checker=pmp_cg
REQ-F7,F7 PMP 接口并发性能,F7.3,Fetch 使能选择性,TC-PMP-006,test_mmu_pmp_fetch_selective,仅 port 3/5/6/7 输出 fetch 信号,验证 fetch 信号仅在特定 port,配置 PMP fetch 权限；检查 mmu_pmp_fetch{i},Directed,Covergroup,pmp_cg,mmu_ptw_sva.sv:a_fetch_selective,pmp_flg_deny_fetch_seq,port 3/5/6/7 有 fetch；其它无,P0,mmu/rtl/ct_mmu_top.v:162-167,OpenRISCV2030 架构,Planned,Phase9:p9-pmp-tc_pmp_006:pmp_tests,mmu_verification/testbench/test/pmp_tests/test_mmu_pmp_fetch_selective.svh,test_name=test_mmu_pmp_fetch_selective; reviewer=A+B; checker=pmp_cg
REQ-F7,F7 PMP 接口并发性能,F7.4,PA 输出正确性,TC-PMP-007,test_mmu_pmp_pa_correctness,mmu_pmp_pa 与内部 PTW req_addr 一致,验证 PA 值正确传递,触发 PTW；对比 PTW 内部地址与 mmu_pmp_pa,Directed,Covergroup,pmp_cg|ptw_walk_cg,mmu_ptw_sva.sv:a_pa_correct,ptw_mem_normal_rsp_seq,PA 值一致,P0,mmu/rtl/ptw.sv|mmu/rtl/ct_mmu_top.v,OpenRISCV2030 架构,Planned,Phase9:p9-pmp-tc_pmp_007:pmp_tests,mmu_verification/testbench/test/pmp_tests/test_mmu_pmp_pa_correctness.svh,test_name=test_mmu_pmp_pa_correctness; reviewer=A+B; checker=ptw_walk_cg
REQ-F7,F7 PMP 接口并发性能,F7.4,PA 输出正确性,TC-PMP-008,test_mmu_pmp_pa_pipeline,多周期 walk 中 PA 随 level 变化,验证 PA 时序正确跟踪,深度随机页表；监测 PA 变化,Directed,Covergroup,ptw_walk_cg,mmu_ptw_sva.sv:a_pa_pipeline,ptw_deep_tree_random_seq,PA 随 walk level 正确变化,P1,mmu/rtl/ptw.sv,OpenRISCV2030 架构,Planned,Phase9:p9-pmp-tc_pmp_008:pmp_tests,mmu_verification/testbench/test/pmp_tests/test_mmu_pmp_pa_pipeline.svh,test_name=test_mmu_pmp_pa_pipeline; reviewer=A+B; checker=ptw_walk_cg
REQ-F7,F7 PMP 接口并发性能,F7.5,PMP 拒绝异常,TC-PMP-009,test_mmu_pmp_deny_access_fault,PMP 权限不足→access fault,验证 PMP deny 触发异常,配置 PMP 拒绝；发起访问,Directed,Mixed,pmp_cg|coherency_sb,mmu_ptw_sva.sv:a_pmp_fault,pmp_flg_deny_rw_seq,fault 上报到 LSU；异常正确,P0,mmu/rtl/ptw.sv|mmu/rtl/ct_mmu_top.v,Sv39 ISA §4.3.3,Planned,Phase9:p9-pmp-tc_pmp_009:pmp_tests,mmu_verification/testbench/test/pmp_tests/test_mmu_pmp_deny_access_fault.svh,test_name=test_mmu_pmp_deny_access_fault; reviewer=A+B; checker=pmp_cg + coherency_sb
REQ-F7,F7 PMP 接口并发性能,F7.5,PMP 拒绝异常,TC-PMP-010,test_mmu_pmp_deny_fetch_fault,PMP 拒绝取指→IFU deny,验证取指路径的 PMP deny,配置 PMP X 权限关闭,Directed,Covergroup,pmp_cg,mmu_ptw_sva.sv:a_fetch_deny,pmp_flg_deny_fetch_seq,IFU 侧获得 deny/fault,P0,mmu/rtl/ct_mmu_top.v|ptw.sv,Sv39 ISA §4.3.3,Planned,Phase9:p9-pmp-tc_pmp_010:pmp_tests,mmu_verification/testbench/test/pmp_tests/test_mmu_pmp_deny_fetch_fault.svh,test_name=test_mmu_pmp_deny_fetch_fault; reviewer=A+B; checker=pmp_cg
REQ-F7,F7 PMP 接口并发性能,F7.6,PA 对齐性,TC-PMP-011,test_mmu_pmp_pa_alignment,mmu_pmp_pa[27:0] 有效；高位为 0,验证 PA 格式与 PTE 一致,检查 PA 高位是否为 0,Directed,Covergroup,ptw_walk_cg,mmu_ptw_sva.sv:a_pa_align,ptw_mem_normal_rsp_seq,PA 位宽与格式正确,P1,mmu/rtl/ptw.sv|mmu/rtl/ct_mmu_top.v,OpenRISCV2030 架构,Planned,Phase9:p9-pmp-tc_pmp_011:pmp_tests,mmu_verification/testbench/test/pmp_tests/test_mmu_pmp_pa_alignment.svh,test_name=test_mmu_pmp_pa_alignment; reviewer=A+B; checker=ptw_walk_cg
REQ-F7,F7 PMP 接口并发性能,F7.7,跨 port 独立性,TC-PMP-012,test_mmu_pmp_cross_port_deny,port 0 deny 不影响 port 1–7,验证 port 隔离,port 0 配置 deny；port 1-7 正常操作,Constrained-Random,Covergroup,pmp_cg,mmu_ptw_sva.sv:a_port_isolated,pmp_flg_cross_8port_seq,各 port 互不干扰,P1,mmu/rtl/ct_mmu_top.v,OpenRISCV2030 架构,Planned,Phase9:p9-pmp-tc_pmp_012:pmp_tests,mmu_verification/testbench/test/pmp_tests/test_mmu_pmp_cross_port_deny.svh,test_name=test_mmu_pmp_cross_port_deny; reviewer=A+B; checker=pmp_cg
REQ-F7,F7 PMP 接口并发性能,F7.7,跨 port 独立性,TC-PMP-013,test_mmu_pmp_port_config_independence,每个 PMP port 可独立配置权限,验证配置隔离,为每个 port 设置不同权限,Directed,Covergroup,pmp_cg,mmu_ptw_sva.sv:a_config_isolated,pmp_flg_normal_seq,权限独立应用,P1,mmu/rtl/ct_mmu_top.v,OpenRISCV2030 架构,Planned,Phase9:p9-pmp-tc_pmp_013:pmp_tests,mmu_verification/testbench/test/pmp_tests/test_mmu_pmp_port_config_independence.svh,test_name=test_mmu_pmp_port_config_independence; reviewer=A+B; checker=pmp_cg
REQ-F7,F7 PMP 接口并发性能,F7.8,L1/L2 PDE 缓存 PMP 流,TC-PMP-014,test_mmu_pmp_pde_cache_flow,L1/L2 PDE cache 返回后仍走 PMP,验证 PDE 缓存不绕过 PMP,使用 PDE 缓存；监测 PMP 信号,Directed,Mixed,ptw_walk_cg|pmp_cg,mmu_ptw_sva.sv:a_pde_pmp_order,ptw_mem_ooo_rsp_seq,PDE cache hit 后仍查 PMP,P1,mmu/rtl/ptw.sv|mmu/rtl/L1PDE_cache.sv|mmu/rtl/L2PDE_cache.sv,OpenRISCV2030 架构,Planned,Phase9:p9-pmp-tc_pmp_014:pmp_tests,mmu_verification/testbench/test/pmp_tests/test_mmu_pmp_pde_cache_flow.svh,test_name=test_mmu_pmp_pde_cache_flow; reviewer=A+B; checker=ptw_walk_cg
REQ-F8,F8 TLB 失效与软操作,F8.1,SFENCE.VMA INV_ALL,TC-SFENCE-001,test_mmu_sfence_inv_all,SFENCE.INVALL 无条件全 TLB 失效,验证 lsu_mmu_tlb_all_inv=1 清除全 TLB,发起 INV_ALL；检查 TLB 全为无效,Directed,Testcase,invalidation_cg,mmu_tlboper_sva.sv:a_inv_all_coverage,tlb_inv_all_seq,全 TLB 条目失效,P0,mmu/rtl/ct_mmu_tlboper.v:40-60,Sv39 ISA §3.2.1 SFENCE.VMA,Planned,,,
REQ-F8,F8 TLB 失效与软操作,F8.1,SFENCE.VMA INV_ALL,TC-SFENCE-002,test_mmu_sfence_inv_all_lsu,LSU 路径触发 INV_ALL，握手完成,验证 LSU 路径的 INV_ALL 和 inv_done,lsu_mmu_tlb_all_inv=1；监测 inv_done,Directed,Testcase,invalidation_cg,mmu_tlboper_sva.sv:a_lsu_handshake,tlb_inv_all_seq,inv_done 脉冲确认完成,P0,mmu/rtl/ct_mmu_tlboper.v|mmu/rtl/ct_mmu_top.v:132-140,Sv39 ISA §3.2.1 SFENCE.VMA,Planned,,,
REQ-F8,F8 TLB 失效与软操作,F8.2,SFENCE.VMA INV_VA,TC-SFENCE-003,test_mmu_sfence_inv_va,INV_VA：指定 VPN 失效所有 ASID,验证精确 VPN 匹配失效,lsu_mmu_tlb_va_all_inv=1；lsu_mmu_tlb_va=指定 VPN,Directed,Testcase,invalidation_cg,mmu_tlboper_sva.sv:a_inv_va_match,tlb_inv_va_seq,指定 VPN 全 ASID 失效；其它保留,P0,mmu/rtl/ct_mmu_tlboper.v,Sv39 ISA §3.2.1 SFENCE.VMA,Planned,,,
REQ-F8,F8 TLB 失效与软操作,F8.2,SFENCE.VMA INV_VA,TC-SFENCE-004,test_mmu_sfence_inv_va_precise,INV_VA 精确性,验证仅失效指定 VPN,多个 VPN 入 TLB；发起 INV_VA,Directed,Testcase,invalidation_cg,mmu_tlboper_sva.sv:a_inv_va_precise,tlb_inv_va_seq,失效仅影响指定 VPN；其它 VPN 保留,P0,mmu/rtl/ct_mmu_tlboper.v,Sv39 ISA §3.2.1 SFENCE.VMA,Planned,,,
REQ-F8,F8 TLB 失效与软操作,F8.3,SFENCE.VMA INV_ASID,TC-SFENCE-005,test_mmu_sfence_inv_asid,INV_ASID：指定 ASID 失效全部,验证精确 ASID 匹配失效,lsu_mmu_tlb_asid_all_inv=1；lsu_mmu_tlb_asid=指定 ASID,Directed,Testcase,invalidation_cg,mmu_tlboper_sva.sv:a_inv_asid_match,tlb_inv_asid_seq,指定 ASID 全部失效；其它 ASID 保留,P0,mmu/rtl/ct_mmu_tlboper.v,Sv39 ISA §3.2.1 SFENCE.VMA,Planned,,,
REQ-F8,F8 TLB 失效与软操作,F8.3,SFENCE.VMA INV_ASID,TC-SFENCE-006,test_mmu_sfence_inv_asid_global_skip,INV_ASID 不清除 global 页,验证 G=1 页跳过,多 ASID+global 页入 TLB；发起 INV_ASID,Directed,Testcase,invalidation_cg,mmu_tlboper_sva.sv:a_global_skip,tlb_inv_asid_seq,global 页(G=1)不被清除,P0,mmu/rtl/ct_mmu_tlboper.v,Sv39 ISA §3.2.1 SFENCE.VMA,Planned,,,
REQ-F8,F8 TLB 失效与软操作,F8.4,SFENCE.VMA INV_VA_ASID,TC-SFENCE-007,test_mmu_sfence_inv_va_asid,INV_VA_ASID：精确 VPN+ASID,验证精确失效,lsu_mmu_tlb_va_asid_inv=1；va+asid 指定,Directed,Testcase,invalidation_cg,mmu_tlboper_sva.sv:a_inv_va_asid,tlb_inv_va_asid_seq,精确 1 条 entry 失效,P0,mmu/rtl/ct_mmu_tlboper.v,Sv39 ISA §3.2.1 SFENCE.VMA,Planned,,,
REQ-F8,F8 TLB 失效与软操作,F8.4,SFENCE.VMA INV_VA_ASID,TC-SFENCE-008,test_mmu_sfence_inv_va_asid_multi_asid,INV_VA_ASID 仅清除指定 ASID,验证多 ASID 时的精确性,同 VA 多 ASID；INV_VA_ASID 指定一个 ASID,Directed,Testcase,invalidation_cg,mmu_tlboper_sva.sv:a_inv_va_asid_selective,tlb_inv_va_asid_seq,仅指定 ASID 清除；其它 ASID 同 VA 保留,P0,mmu/rtl/ct_mmu_tlboper.v,Sv39 ISA §3.2.1 SFENCE.VMA,Planned,,,
REQ-F8,F8 TLB 失效与软操作,F8.5,Global 页特殊规则,TC-SFENCE-009,test_mmu_sfence_global_persist_invall,INV_ALL 清除 global 页,验证 INV_ALL 能清除 G=1,入 global 页；INV_ALL；检查失效,Directed,Testcase,invalidation_cg,mmu_tlboper_sva.sv:a_global_invall,tlb_inv_all_seq,global 页被 INV_ALL 清除,P0,mmu/rtl/ct_mmu_tlboper.v,Sv39 ISA §3.2.1 SFENCE.VMA,Planned,,,
REQ-F8,F8 TLB 失效与软操作,F8.5,Global 页特殊规则,TC-SFENCE-010,test_mmu_sfence_global_va_affected,INV_VA 清除 global 页,验证 INV_VA 能清除 G=1,入 global 页；INV_VA；检查失效,Directed,Testcase,invalidation_cg,mmu_tlboper_sva.sv:a_global_va,tlb_inv_va_seq,global 页被 INV_VA 清除,P0,mmu/rtl/ct_mmu_tlboper.v,Sv39 ISA §3.2.1 SFENCE.VMA,Planned,,,
REQ-F8,F8 TLB 失效与软操作,F8.6,LSU 路径触发,TC-SFENCE-011,test_mmu_sfence_lsu_trigger,LSU 侧 lsu_mmu_tlb_*_inv 信号触发,验证 LSU 路径的所有失效模式,发起多种 lsu_mmu_tlb_*_inv,Directed,Testcase,invalidation_cg,mmu_tlboper_sva.sv:a_lsu_trigger,tlb_inv_all_seq|tlb_inv_va_seq,所有 LSU 失效模式覆盖,P0,mmu/rtl/ct_mmu_tlboper.v|mmu/rtl/ct_mmu_top.v:132-140,Sv39 ISA §3.2.1 SFENCE.VMA,Planned,,,
REQ-F8,F8 TLB 失效与软操作,F8.6,LSU 路径触发,TC-SFENCE-012,test_mmu_sfence_lsu_done_handshake,LSU inv_done 握手,验证 mmu_lsu_tlb_inv_done 单周期脉冲,发起失效；监测 inv_done 脉冲,Directed,Testcase,invalidation_cg,mmu_tlboper_sva.sv:a_inv_done_pulse,tlb_inv_all_seq,失效完成后 1 周期 inv_done 脉冲,P0,mmu/rtl/ct_mmu_tlboper.v|mmu/rtl/ct_mmu_top.v,Sv39 ISA §3.2.1 SFENCE.VMA,Planned,,,
REQ-F8,F8 TLB 失效与软操作,F8.7,CP0 路径触发,TC-SFENCE-013,test_mmu_sfence_cp0_trigger,CP0 cp0_mmu_tlb_all_inv 触发全失效,验证 CP0 路由的全失效,由 CP0 设置 tlb_all_inv,Directed,Testcase,invalidation_cg,mmu_tlboper_sva.sv:a_cp0_trigger,cp0_tlb_allinv_seq,CP0 全失效执行,P0,mmu/rtl/ct_mmu_regs.v|mmu/rtl/ct_mmu_tlboper.v,Sv39 ISA §3.2.1 SFENCE.VMA,Planned,,,
REQ-F8,F8 TLB 失效与软操作,F8.8,握手与完成,TC-SFENCE-013,test_mmu_sfence_cp0_trigger,CP0 路径完成握手,验证 mmu_cp0_tlb_done,CP0 发起全失效；监测 tlb_done,Directed,Testcase,invalidation_cg,mmu_tlboper_sva.sv:a_cp0_done,cp0_tlb_allinv_seq,CP0 失效完成后 tlb_done 脉冲,P0,mmu/rtl/ct_mmu_regs.v|mmu/rtl/ct_mmu_tlboper.v,Sv39 ISA §3.2.1 SFENCE.VMA,Planned,,,
REQ-F8,F8 TLB 失效与软操作,F8.9,并发访问中失效,TC-SFENCE-014,test_mmu_sfence_concurrent_access_stall,SFENCE 过程中新请求等待,验证失效与并发访问的序列化,SFENCE 进行中发起新访问,Constrained-Random,Testcase,invalidation_cg,mmu_tlboper_sva.sv:a_concurrent_stall,sfence_vma_stress_seq,新请求等待或被 cancel,P1,mmu/rtl/ct_mmu_tlboper.v,OpenRISCV2030 架构,Planned,,,
REQ-F8,F8 TLB 失效与软操作,F8.9,并发访问中失效,TC-SFENCE-015,test_mmu_sfence_back2back,背靠背 SFENCE 命令,验证多 SFENCE 连续无阻塞,发起多个 SFENCE,Directed,Testcase,invalidation_cg,mmu_tlboper_sva.sv:a_back2back,sfence_vma_stress_seq,SFENCE 命令连续正确执行,P1,mmu/rtl/ct_mmu_tlboper.v,OpenRISCV2030 架构,Planned,,,
REQ-F8,F8 TLB 失效与软操作,F8.10,失效与 PTW 冲突,TC-SFENCE-016,test_mmu_sfence_during_walk,PTW walk 进行中发起 SFENCE,验证 walk 被打断或正确完成,SFENCE 期间 PTW 进行中,Directed,Mixed,invalidation_cg|ptw_walk_cg,mmu_tlboper_sva.sv:a_walk_interrupt,tlb_inv_during_walk_seq,walk 被 cancel 或正确完成,P1,mmu/rtl/ct_mmu_tlboper.v|mmu/rtl/ptw.sv,OpenRISCV2030 架构,Planned,,,
REQ-F8,F8 TLB 失效与软操作,F8.11,失效与 refill 竞争,TC-SFENCE-017,test_mmu_sfence_refill_conflict,同时发起失效和 refill,验证序列化或互斥处理,失效和 refill 同时发生,Directed,Mixed,invalidation_cg|coherency_sb,mmu_tlboper_sva.sv:a_refill_mutual_exclusive,tlb_inv_all_seq|ptw_mem_normal_rsp_seq,L2 TLB 状态一致,P1,mmu/rtl/ct_mmu_tlboper.v|mmu/rtl/mmu_l2tlb.sv,OpenRISCV2030 架构,Planned,,,
REQ-F8,F8 TLB 失效与软操作,F8.12,TLBP 查询,TC-TLBP-001,test_mmu_tlbp_query_hit,TLBP 查询 (VPN,ASID) hit,验证 TLBP 返回正确 hit 和 index,配置 TLB entry；TLBP 查询存在的条目,Directed,Testcase,coherency_cg,mmu_tlboper_sva.sv:a_tlbp_hit,cp0_tlbp_seq,返回 hit=1 和正确 index,P0,mmu/rtl/ct_mmu_tlboper.v,OpenRISCV2030 C910 TLB ISA,,,
REQ-F8,F8 TLB 失效与软操作,F8.12,TLBP 查询,TC-TLBP-002,test_mmu_tlbp_query_miss,TLBP 查询 (VPN,ASID) miss,验证 TLBP 返回 hit=0,TLBP 查询不存在的条目,Directed,Testcase,coherency_cg,mmu_tlboper_sva.sv:a_tlbp_miss,cp0_tlbp_seq,返回 hit=0,P0,mmu/rtl/ct_mmu_tlboper.v,OpenRISCV2030 C910 TLB ISA,,,
REQ-F8,F8 TLB 失效与软操作,F8.13,TLBR 读条目,TC-TLBR-001,test_mmu_tlbr_read_entry,TLBR 读指定 index 的 entry,验证读出内容与配置一致,写入 entry；TLBR 读；验证,Directed,Testcase,coherency_cg,mmu_tlboper_sva.sv:a_tlbr_read,cp0_tlbr_seq,读出内容正确,P0,mmu/rtl/ct_mmu_tlboper.v,OpenRISCV2030 C910 TLB ISA,Planned,,,
REQ-F8,F8 TLB 失效与软操作,F8.13,TLBR 读条目,TC-TLBR-002,test_mmu_tlbr_all_fields,TLBR 读所有字段,验证 VPN/ASID/PPN/flags/pagesize/G 都正确,TLBR 读取；验证每个字段,Directed,Testcase,coherency_cg,mmu_tlboper_sva.sv:a_tlbr_fields,cp0_tlbr_seq,所有字段值正确,P0,mmu/rtl/ct_mmu_tlboper.v,OpenRISCV2030 C910 TLB ISA,Planned,,,
REQ-F8,F8 TLB 失效与软操作,F8.14,TLBWI 写条目,TC-TLBWI-001,test_mmu_tlbwi_write_entry,TLBWI 按 index 写入 entry,验证写入后读出一致,TLBWI 写；TLBR 读；对比,Directed,Testcase,coherency_cg,mmu_tlboper_sva.sv:a_tlbwi_write,cp0_tlbwi_seq,写入和读出内容一致,P1,mmu/rtl/ct_mmu_tlboper.v,OpenRISCV2030 C910 TLB ISA,Planned,,,
REQ-F8,F8 TLB 失效与软操作,F8.14,TLBWI 写条目,TC-TLBWI-002,test_mmu_tlbwi_overwrite,TLBWI 覆写同位置,验证新旧内容转换,多次 TLBWI；验证覆写,Directed,Testcase,coherency_cg,mmu_tlboper_sva.sv:a_tlbwi_overwrite,cp0_tlbwi_seq,覆写正确生效,P1,mmu/rtl/ct_mmu_tlboper.v,OpenRISCV2030 C910 TLB ISA,Planned,,,
REQ-F8,F8 TLB 失效与软操作,F8.15,TLBWR 随机替换,TC-TLBWR-001,test_mmu_tlbwr_random_replace,TLBWR 按 RRPV 替换一条,验证 RRPV 随机替换,连续 TLBWR；监测替换位置,Constrained-Random,Mixed,coherency_cg|l2tlb_rrpv_cg,mmu_tlboper_sva.sv:a_tlbwr_rrpv,cp0_tlbwr_seq,RRPV 控制的替换生效,P1,mmu/rtl/ct_mmu_tlboper.v,OpenRISCV2030 C910 TLB ISA,Planned,,,
REQ-F8,F8 TLB 失效与软操作,F8.15,TLBWR 随机替换,TC-TLBWR-002,test_mmu_tlbwr_rrpv_policy,TLBWR 与 RRPV 老化,验证 RRPV 老化行为,多次 TLBWR；监测 RRPV 值,Directed,Mixed,coherency_cg|l2tlb_rrpv_cg,mmu_tlboper_sva.sv:a_rrpv_aging,cp0_tlbwr_seq,RRPV 老化行为正确反映,P1,mmu/rtl/ct_mmu_tlboper.v,OpenRISCV2030 C910 TLB ISA,Planned,,,
REQ-F9,F9 CSR 寄存器与特权控制,F9.1,SATP 读,TC-CSR-001,test_mmu_csr_satp_read,读 SATP 返回当前配置,验证 SATP 读取准确,发起 SATP 读请求；验证返回值,Directed,Testcase,csr_cg,mmu_cp0_sva.sv:a_satp_read,cp0_reg_rw_seq,读出 PPN+ASID+MODE 准确,P0,mmu/rtl/ct_mmu_regs.v,Sv39 ISA §3.1.6.1 SATP,Planned,Phase9:p9-cp0-tc_csr_001:cp0_tests,mmu_verification/testbench/test/cp0_tests/test_mmu_csr_satp_read.svh,test_name=test_mmu_csr_satp_read; reviewer=B; checker=csr_cg
REQ-F9,F9 CSR 寄存器与特权控制,F9.1,SATP 读,TC-CSR-002,test_mmu_csr_satp_read_both,双 SATP 读,验证两份 SATP 独立,切换 satp_sel；分别读取,Directed,Testcase,csr_cg,mmu_cp0_sva.sv:a_dual_satp_read,cp0_satp_sel_toggle_seq,读出两份 SATP 内容不同,P0,mmu/rtl/ct_mmu_regs.v,Sv39 ISA §3.1.6.1 SATP,Planned,Phase9:p9-cp0-tc_csr_002:cp0_tests,mmu_verification/testbench/test/cp0_tests/test_mmu_csr_satp_read_both.svh,test_name=test_mmu_csr_satp_read_both; reviewer=B; checker=csr_cg
REQ-F9,F9 CSR 寄存器与特权控制,F9.2,SATP 写,TC-CSR-003,test_mmu_csr_satp_write,写 SATP 后读出一致,验证写入和读取一致,写 SATP；读回；对比,Directed,Testcase,csr_cg,mmu_cp0_sva.sv:a_satp_write,cp0_reg_rw_seq,读出值与写入值一致,P0,mmu/rtl/ct_mmu_regs.v,Sv39 ISA §3.1.6.1 SATP,Planned,Phase9:p9-cp0-tc_csr_003:cp0_tests,mmu_verification/testbench/test/cp0_tests/test_mmu_csr_satp_write.svh,test_name=test_mmu_csr_satp_write; reviewer=B; checker=csr_cg
REQ-F9,F9 CSR 寄存器与特权控制,F9.3,SATP 字段,TC-CSR-004,test_mmu_csr_satp_fields,SATP MODE/ASID/PPN 字段,验证字段分离和独立,写不同 MODE/ASID/PPN 组合,Directed,Testcase,csr_cg,mmu_cp0_sva.sv:a_satp_fields,cp0_reg_rw_seq,各字段独立有效,P0,mmu/rtl/ct_mmu_regs.v,Sv39 ISA §3.1.6.1 SATP,Planned,Phase9:p9-cp0-tc_csr_004:cp0_tests,mmu_verification/testbench/test/cp0_tests/test_mmu_csr_satp_fields.svh,test_name=test_mmu_csr_satp_fields; reviewer=B; checker=csr_cg
REQ-F9,F9 CSR 寄存器与特权控制,F9.3,SATP 字段,TC-CSR-005,test_mmu_csr_mode_disable,MODE=0 disable MMU,验证 MODE=0 关闭翻译,设置 MODE=0；发起地址翻译,Directed,Testcase,csr_cg,mmu_cp0_sva.sv:a_mmu_disable,cp0_reg_rw_seq,翻译失效；VA=PA passthrough,P1,mmu/rtl/ct_mmu_regs.v,Sv39 ISA §3.1.6.1 SATP,Planned,Phase9:p9-cp0-tc_csr_005:cp0_tests,mmu_verification/testbench/test/cp0_tests/test_mmu_csr_mode_disable.svh,test_name=test_mmu_csr_mode_disable; reviewer=B; checker=csr_cg
REQ-F9,F9 CSR 寄存器与特权控制,F9.3,SATP 字段,TC-CSR-006,test_mmu_csr_mode_sv39,MODE=8 enable Sv39,验证 MODE=8 启用 Sv39,设置 MODE=8；发起翻译,Directed,Testcase,csr_cg,mmu_cp0_sva.sv:a_sv39_enable,cp0_reg_rw_seq,Sv39 翻译启用,P0,mmu/rtl/ct_mmu_regs.v,Sv39 ISA §3.1.6.1 SATP,Planned,Phase9:p9-cp0-tc_csr_006:cp0_tests,mmu_verification/testbench/test/cp0_tests/test_mmu_csr_mode_sv39.svh,test_name=test_mmu_csr_mode_sv39; reviewer=B; checker=csr_cg
REQ-F9,F9 CSR 寄存器与特权控制,F9.4,双 SATP,TC-CSR-007,test_mmu_csr_dual_satp_sel,satp_sel 选择 SATP,验证 satp_sel 切换正确,设置不同 satp_sel；读取,Directed,Testcase,csr_cg,mmu_cp0_sva.sv:a_satp_sel,cp0_satp_sel_toggle_seq,satp_sel=0→SATP0；=1→SATP1,P0,mmu/rtl/ct_mmu_regs.v,OpenRISCV2030 架构,Planned,Phase9:p9-cp0-tc_csr_007:cp0_tests,mmu_verification/testbench/test/cp0_tests/test_mmu_csr_dual_satp_sel.svh,test_name=test_mmu_csr_dual_satp_sel; reviewer=B; checker=csr_cg
REQ-F9,F9 CSR 寄存器与特权控制,F9.4,双 SATP,TC-CSR-008,test_mmu_csr_satp_switch,SATP 热切换,验证 SATP0↔SATP1 切换后翻译正确,配置两份 SATP；切换；发起翻译,Directed,Mixed,csr_cg|translation_sb,mmu_cp0_sva.sv:a_hotswap,cp0_satp_hotswap_vseq,新 SATP 参与翻译,P1,mmu/rtl/ct_mmu_regs.v,OpenRISCV2030 架构,Planned,Phase9:p9-cp0-tc_csr_008:cp0_tests,mmu_verification/testbench/test/cp0_tests/test_mmu_csr_satp_switch.svh,test_name=test_mmu_csr_satp_switch; reviewer=B; checker=csr_cg + translation_sb
REQ-F9,F9 CSR 寄存器与特权控制,F9.5,SATP 写后失效,TC-CSR-009,test_mmu_csr_satp_write_tlb_inval,写 SATP 后 TLB 失效,验证 SATP 写触发失效,写新 SATP；检查 TLB,Directed,Mixed,csr_cg|invalidation_sb,mmu_cp0_sva.sv:a_satp_inval,cp0_reg_rw_seq,TLB 自动清除或需显式 SFENCE,P1,mmu/rtl/ct_mmu_regs.v|mmu/rtl/ct_mmu_tlboper.v,OpenRISCV2030 架构,Planned,Phase9:p9-cp0-tc_csr_009:cp0_tests,mmu_verification/testbench/test/cp0_tests/test_mmu_csr_satp_write_tlb_inval.svh,test_name=test_mmu_csr_satp_write_tlb_inval; reviewer=B; checker=csr_cg + invalidation_sb
REQ-F9,F9 CSR 寄存器与特权控制,F9.6,MXR 影响,TC-PRIV-001,test_mmu_priv_mxr_impact,MXR=1 时可执行页可读,验证 MXR 权限放宽,MXR=0/1；分别访问执行页,Directed,Covergroup,cross_scenario_cg,mmu_cp0_sva.sv:a_mxr_effect,cp0_mxr_sum_cross_seq,MXR=1 时读取成功；=0 拒绝,P1,mmu/rtl/ct_mmu_top.v,Sv39 ISA §3.1.1 MXR,Planned,Phase9:p9-cross-tc_priv_001:cross_tests,mmu_verification/testbench/test/cross_tests/test_mmu_priv_mxr_impact.svh,test_name=test_mmu_priv_mxr_impact; reviewer=B; checker=cross_scenario_cg
REQ-F9,F9 CSR 寄存器与特权控制,F9.6,MXR 影响,TC-PRIV-002,test_mmu_priv_mxr_fetch_denied,MXR 不影响取指,验证无 X 权限仍拒绝取指,MXR=1；无 X 权限；发起取指,Directed,Covergroup,cross_scenario_cg,mmu_cp0_sva.sv:a_mxr_no_effect_fetch,cp0_mxr_sum_cross_seq,取指仍被拒绝,P1,mmu/rtl/ct_mmu_top.v,Sv39 ISA §3.1.1 MXR,Planned,Phase9:p9-cross-tc_priv_002:cross_tests,mmu_verification/testbench/test/cross_tests/test_mmu_priv_mxr_fetch_denied.svh,test_name=test_mmu_priv_mxr_fetch_denied; reviewer=B; checker=cross_scenario_cg
REQ-F9,F9 CSR 寄存器与特权控制,F9.7,SUM 影响,TC-PRIV-003,test_mmu_priv_sum_impact,SUM=1 时 S mode 可访问 U 页,验证 SUM 权限放宽,SUM=0/1；S mode 访问 U 页,Directed,Covergroup,cross_scenario_cg,mmu_cp0_sva.sv:a_sum_effect,cp0_mxr_sum_cross_seq,SUM=1 时访问成功；=0 拒绝,P1,mmu/rtl/ct_mmu_top.v,Sv39 ISA §3.1.1 SUM,Planned,Phase9:p9-cross-tc_priv_003:cross_tests,mmu_verification/testbench/test/cross_tests/test_mmu_priv_sum_impact.svh,test_name=test_mmu_priv_sum_impact; reviewer=B; checker=cross_scenario_cg
REQ-F9,F9 CSR 寄存器与特权控制,F9.7,SUM 影响,TC-PRIV-004,test_mmu_priv_sum_m_mode,SUM 不影响 M mode,验证 M mode 不受 SUM 限制,M mode；SUM=0；访问 U 页,Directed,Covergroup,cross_scenario_cg,mmu_cp0_sva.sv:a_sum_m_skip,cp0_mxr_sum_cross_seq,M mode 访问不受 SUM 影响,P1,mmu/rtl/ct_mmu_top.v,Sv39 ISA §3.1.1 SUM,Planned,Phase9:p9-cross-tc_priv_004:cross_tests,mmu_verification/testbench/test/cross_tests/test_mmu_priv_sum_m_mode.svh,test_name=test_mmu_priv_sum_m_mode; reviewer=B; checker=cross_scenario_cg
REQ-F9,F9 CSR 寄存器与特权控制,F9.8,MPRV 影响,TC-PRIV-005,test_mmu_priv_mprv_u_mode,MPRV=1 M mode 数据用 MPP 特权,验证 MPRV 特权级转换,MPRV=1；MPP=User；M mode 数据访问,Directed,Covergroup,cross_scenario_cg,mmu_cp0_sva.sv:a_mprv_effect,cp0_mprv_seq,数据访问权限按 MPP 检查,P1,mmu/rtl/ct_mmu_top.v,Sv39 ISA §3.1.1 MPRV,Planned,Phase9:p9-cross-tc_priv_005:cross_tests,mmu_verification/testbench/test/cross_tests/test_mmu_priv_mprv_u_mode.svh,test_name=test_mmu_priv_mprv_u_mode; reviewer=B; checker=cross_scenario_cg
REQ-F9,F9 CSR 寄存器与特权控制,F9.8,MPRV 影响,TC-PRIV-006,test_mmu_priv_mprv_off,MPRV=0 无特权转换,验证 MPRV=0 时使用当前特权,MPRV=0；M mode；数据访问,Directed,Covergroup,cross_scenario_cg,mmu_cp0_sva.sv:a_mprv_no_effect,cp0_mprv_seq,权限按当前特权检查,P1,mmu/rtl/ct_mmu_top.v,Sv39 ISA §3.1.1 MPRV,Planned,Phase9:p9-cross-tc_priv_006:cross_tests,mmu_verification/testbench/test/cross_tests/test_mmu_priv_mprv_off.svh,test_name=test_mmu_priv_mprv_off; reviewer=B; checker=cross_scenario_cg
REQ-F9,F9 CSR 寄存器与特权控制,F9.9,特权模式切换,TC-PRIV-007,test_mmu_priv_mode_u,U mode 最低权限,验证 U mode 权限最低,priv_mode=0(U)；访问 S/M 页,Directed,Covergroup,cross_scenario_cg,mmu_cp0_sva.sv:a_u_mode_low,cp0_priv_switch_seq,U mode 访问被拒绝,P0,mmu/rtl/ct_mmu_top.v,Sv39 ISA §3.1 权限,Planned,Phase9:p9-cross-tc_priv_007:cross_tests,mmu_verification/testbench/test/cross_tests/test_mmu_priv_mode_u.svh,test_name=test_mmu_priv_mode_u; reviewer=B; checker=cross_scenario_cg
REQ-F9,F9 CSR 寄存器与特权控制,F9.9,特权模式切换,TC-PRIV-008,test_mmu_priv_mode_s,S mode 中级权限,验证 S mode 可访问 S/G 页,priv_mode=1(S)；访问 S/U 页,Directed,Covergroup,cross_scenario_cg,mmu_cp0_sva.sv:a_s_mode_mid,cp0_priv_switch_seq,S mode 权限中级,P0,mmu/rtl/ct_mmu_top.v,Sv39 ISA §3.1 权限,Planned,Phase9:p9-cross-tc_priv_008:cross_tests,mmu_verification/testbench/test/cross_tests/test_mmu_priv_mode_s.svh,test_name=test_mmu_priv_mode_s; reviewer=B; checker=cross_scenario_cg
REQ-F9,F9 CSR 寄存器与特权控制,F9.10,PTW 禁用,TC-CSR-010,test_mmu_csr_ptw_disable,ptw_en=0 禁用 walk,验证 TLB miss 时不启动 walk,ptw_en=0；TLB miss,Directed,Testcase,translation_sb|ptw_walk_cg,mmu_cp0_sva.sv:a_ptw_disable,cp0_ptw_disable_seq,TLB miss 返回 fault；无 walk,P1,mmu/rtl/ct_mmu_top.v|mmu/rtl/ptw.sv,OpenRISCV2030 架构,Planned,Phase9:p9-cp0-tc_csr_010:cp0_tests,mmu_verification/testbench/test/cp0_tests/test_mmu_csr_ptw_disable.svh,test_name=test_mmu_csr_ptw_disable; reviewer=B; checker=translation_sb + ptw_walk_cg
REQ-F9,F9 CSR 寄存器与特权控制,F9.11,no_op_req 行为,TC-CSR-011,test_mmu_csr_no_op,no_op_req=1 新请求暂停,验证新请求被暂停；进行中请求继续,no_op_req=1；并发请求,Directed,Testcase,coherency_sb,mmu_cp0_sva.sv:a_no_op_stall,cp0_no_op_seq,新请求暂停；in-flight 继续,P2,mmu/rtl/ct_mmu_regs.v,OpenRISCV2030 架构,Planned,Phase9:p9-cp0-tc_csr_011:cp0_tests,mmu_verification/testbench/test/cp0_tests/test_mmu_csr_no_op.svh,test_name=test_mmu_csr_no_op; reviewer=B; checker=coherency_sb
REQ-F9,F9 CSR 寄存器与特权控制,F9.12,maee 使能,TC-CSR-012,test_mmu_csr_maee,maee 低功耗使能,验证 maee 配置影响功耗控制,配置 maee；检查门控信号,Directed,Testcase,coherency_sb,mmu_cp0_sva.sv:a_maee_config,cp0_reg_rw_seq,maee 影响生效,P2,mmu/rtl/ct_mmu_regs.v|mmu/rtl/ct_mmu_top.v,OpenRISCV2030 架构,Planned,Phase9:p9-cp0-tc_csr_012:cp0_tests,mmu_verification/testbench/test/cp0_tests/test_mmu_csr_maee.svh,test_name=test_mmu_csr_maee; reviewer=B; checker=coherency_sb
REQ-F9,F9 CSR 寄存器与特权控制,F9.13,cskyee 配置,TC-CSR-013,test_mmu_csr_cskyee,cskyee ISA 扩展使能,验证 cskyee 配置应用,配置 cskyee；检查行为,Directed,Testcase,coherency_sb,mmu_cp0_sva.sv:a_cskyee_config,cp0_reg_rw_seq,cskyee 配置应用,P2,mmu/rtl/ct_mmu_regs.v,OpenRISCV2030 架构,Planned,Phase9:p9-cp0-tc_csr_013:cp0_tests,mmu_verification/testbench/test/cp0_tests/test_mmu_csr_cskyee.svh,test_name=test_mmu_csr_cskyee; reviewer=B; checker=coherency_sb
REQ-F9,F9 CSR 寄存器与特权控制,F9.14,ICG 时钟门控,TC-CSR-014,test_mmu_csr_icg_enable,icg_en=1 所有时钟打开,验证 ICG 使能,icg_en=1；检查时钟活跃,Directed,Testcase,coherency_sb,mmu_cp0_sva.sv:a_icg_enable,cp0_reg_rw_seq,时钟打开,P1,mmu/rtl/ct_mmu_top.v|mmu/rtl/ct_mmu_regs.v,OpenRISCV2030 架构,Planned,Phase9:p9-cp0-tc_csr_014:cp0_tests,mmu_verification/testbench/test/cp0_tests/test_mmu_csr_icg_enable.svh,test_name=test_mmu_csr_icg_enable; reviewer=B; checker=coherency_sb
REQ-F9,F9 CSR 寄存器与特权控制,F9.14,ICG 时钟门控,TC-CSR-015,test_mmu_csr_icg_disable,icg_en=0 时钟门控,验证 ICG 禁用启用门控,icg_en=0；检查时钟门控,Directed,Testcase,coherency_sb,mmu_cp0_sva.sv:a_icg_disable,cp0_reg_rw_seq,时钟门控启用,P1,mmu/rtl/ct_mmu_top.v|mmu/rtl/ct_mmu_regs.v,OpenRISCV2030 架构,Planned,Phase9:p9-cp0-tc_csr_015:cp0_tests,mmu_verification/testbench/test/cp0_tests/test_mmu_csr_icg_disable.svh,test_name=test_mmu_csr_icg_disable; reviewer=B; checker=coherency_sb
REQ-F9,F9 CSR 寄存器与特权控制,F9.15,CSR 操作完成,TC-CSR-016,test_mmu_csr_complete_signal,mmu_cp0_cmplt 握手脉冲,验证 CSR 操作完成握手,发起 CSR 读/写；监测 cmplt,Directed,Testcase,csr_cg,mmu_cp0_sva.sv:a_cmplt_pulse,cp0_reg_rw_seq,cmplt 单周期脉冲确认完成,P0,mmu/rtl/ct_mmu_regs.v,OpenRISCV2030 架构,Planned,Phase9:p9-cp0-tc_csr_016:cp0_tests,mmu_verification/testbench/test/cp0_tests/test_mmu_csr_complete_signal.svh,test_name=test_mmu_csr_complete_signal; reviewer=B; checker=csr_cg
REQ-F10.0,MMU 异常与特权管理,F10.1,IFU page fault (V=0),EXC-001,test_ifu_pgflt_v_bit_zero,指令侧虚页（PTE.V=0）产生 page fault,产生准确的 IFU page fault 信号,虚页访问激励，触发 fault,Directed,Testcase,ifu_pagefault_cg,mmu_ifu_sva.sv:a_pgflt_v_zero,ifu_pagefault_trigger_seq,mmu_ifu_pgflt=1 准确上升 1 拍,P0,mmu/rtl/mmu_l1itlb.sv,Sv39 ISA §4.3,Planned,Phase9:p9-err-exc_001:err_tests,mmu_verification/testbench/test/err_tests/test_ifu_pgflt_v_bit_zero.svh,test_name=test_ifu_pgflt_v_bit_zero; reviewer=B; checker=pgflt_sb
REQ-F10.0,MMU 异常与特权管理,F10.2,IFU page fault (U违规),EXC-002,test_ifu_pgflt_user_priv_vio,用户模式访问监管页产生 fault,特权级检查正确性,priv_mode=U + S 页访问,Directed,Testcase,priv_fault_cg,mmu_ifu_sva.sv:a_pgflt_priv,ifu_pagefault_trigger_seq,pgflt 因特权违规触发,P0,mmu/rtl/mmu_l1itlb.sv,Sv39 ISA §4.4.1,Planned,Phase9:p9-err-exc_002:err_tests,mmu_verification/testbench/test/err_tests/test_ifu_pgflt_user_priv_vio.svh,test_name=test_ifu_pgflt_user_priv_vio; reviewer=B; checker=pgflt_sb
REQ-F10.0,MMU 异常与特权管理,F10.3,IFU page fault (X=0),EXC-003,test_ifu_pgflt_exec_deny,指令侧无执行权限产生 fault,执行权限检查正确,X bit=0 + 指令 fetch,Directed,Testcase,exec_fault_cg,mmu_ifu_sva.sv:a_pgflt_x_zero,ifu_pagefault_trigger_seq,pgflt 因 X=0 触发,P0,mmu/rtl/mmu_l1itlb.sv,Sv39 ISA §4.4.2,Planned,Phase9:p9-err-exc_003:err_tests,mmu_verification/testbench/test/err_tests/test_ifu_pgflt_exec_deny.svh,test_name=test_ifu_pgflt_exec_deny; reviewer=B; checker=pgflt_sb
REQ-F10.0,MMU 异常与特权管理,F10.4,LSU pipe0 store page fault,EXC-004,test_lsu_pgflt_store_pipe0,管道0 存指令的 page fault,store 指令权限检查,illegal store 激励,Directed,Testcase,dtlb_fault_cg,mmu_lsu_sva.sv:a_pgflt_store_p0,lsu_pipe0_seq,store pipe0 pgflt 正确,P0,mmu/rtl/mmu_l1dtlb.sv,Sv39 ISA §4.4.3,Planned,Phase9:p9-err-exc_004:err_tests,mmu_verification/testbench/test/err_tests/test_lsu_pgflt_store_pipe0.svh,test_name=test_lsu_pgflt_store_pipe0; reviewer=B; checker=pgflt_sb
REQ-F10.0,MMU 异Exception And Privilege,F10.5,LSU pipe1 load page fault,EXC-005,test_lsu_pgflt_load_pipe1,管道1 读指令的 page fault,load 指令权限检查,illegal load 激励,Directed,Testcase,dtlb_fault_cg,mmu_lsu_sva.sv:a_pgflt_load_p1,lsu_pipe1_seq,load pipe1 pgflt 正确,P0,mmu/rtl/mmu_l1dtlb.sv,Sv39 ISA §4.4.1,Planned,Phase9:p9-err-exc_005:err_tests,mmu_verification/testbench/test/err_tests/test_lsu_pgflt_load_pipe1.svh,test_name=test_lsu_pgflt_load_pipe1; reviewer=B; checker=pgflt_sb
REQ-F10.0,MMU 异常与特权管理,F10.6,LSU access fault (PMP deny),EXC-006,test_lsu_access_fault_pmp_deny,PMP 模块拒绝产生 access fault,PMP 权限检查联动,PMP deny 激励,Directed,Testcase,pmp_fault_cg,mmu_pmp_sva.sv:a_pmp_access_fault,pmp_flg_deny_fetch_seq,PMP 拒绝触发 access_fault,P0,mmu/rtl/ct_mmu_top.v:171,Sv39 ISA §3.7,Planned,Phase9:p9-err-exc_006:err_tests,mmu_verification/testbench/test/err_tests/test_lsu_access_fault_pmp_deny.svh,test_name=test_lsu_access_fault_pmp_deny; reviewer=B; checker=access_fault_sb
REQ-F10.0,MMU 异常与特权管理,F10.7,LSU access fault (bus error),EXC-007,test_lsu_access_fault_bus_error,总线错误转化为 access fault,总线错误处理,bus_error 注入,Error-Injection,Testcase,bus_err_cg,mmu_ptw_sva.sv:a_bus_err_fault,ptw_mem_bus_error_inject_seq,bus_error 转化为 access_fault,P1,mmu/rtl/ptw.sv,Sv39 ISA §3.2.2,Planned,Phase9:p9-err-exc_007:err_tests,mmu_verification/testbench/test/err_tests/test_lsu_access_fault_bus_error.svh,test_name=test_lsu_access_fault_bus_error; reviewer=B; checker=access_fault_sb
REQ-F10.0,MMU 异常与特权管理,F10.8,Pipe2 prefetch pa2_err,EXC-008,test_pipe2_prefetch_err,Prefetch 通道的翻译错误信号,prefetch 错误处理,prefetch 错误激励,Directed,Testcase,prefetch_err_cg,mmu_pf_sva.sv:a_pa2_err,lsu_prefetch_pipe2_seq,pa2_err 脉冲正确,P1,mmu/rtl/ct_mmu_top.v:115,MMU 规格 §5.2,Planned,Phase9:p9-err-exc_008:err_tests,mmu_verification/testbench/test/err_tests/test_pipe2_prefetch_err.svh,test_name=test_pipe2_prefetch_err; reviewer=B; checker=prefetch_sb
REQ-F10.0,MMU 异常与特权管理,F10.9,bad_vpn record accuracy,EXC-009,test_bad_vpn_record_accuracy,RTU 异常时 bad_vpn 正确记录,bad_vpn 登记正确性,多异常激励,Directed,Testcase,bad_vpn_cg,mmu_rtu_sva.sv:a_bad_vpn_match,multiple pgflt triggers,bad_vpn[26:0] 与异常 VPN 一致,P0,mmu/rtl/ct_mmu_top.v:182,MMU 规格 §4.1,Planned,Phase9:p9-err-exc_009:err_tests,mmu_verification/testbench/test/err_tests/test_bad_vpn_record_accuracy.svh,test_name=test_bad_vpn_record_accuracy; reviewer=B; checker=pgflt_sb
REQ-F10.0,MMU 异常与特权管理,F10.10,expt_vld MB cleanup,EXC-010,test_expt_vld_mb_cleanup,RTU 异常触发 pending MB 清理,MB 项清理正确,expt_vld=1 激励,Directed,Testcase,mb_cleanup_cg,mmu_rtu_sva.sv:a_expt_mb_clr,ptw_mem_bus_error_inject_seq,expt_vld=1 时 MB entry 清理,P0,mmu/rtl/ptw_mbuf.sv,MMU 规格 §3.4,Planned,Phase9:p9-err-exc_010:err_tests,mmu_verification/testbench/test/err_tests/test_expt_vld_mb_cleanup.svh,test_name=test_expt_vld_mb_cleanup; reviewer=B; checker=mb_sb
REQ-F10.0,MMU 异常与特权管理,F10.11,rtu_yy_xx_flush all pending,EXC-011,test_rtu_flush_all_pending,全流水线冲刷时 MMU 清理 pending 请求,flush 清理完整性,flush 信号激励,Directed,Testcase,flush_sb_cg,mmu_rtu_sva.sv:a_flush_reqq_clr,concurrent + rtu_yy_xx_flush,flush 时所有 ReqQ pending 清理,P0,mmu/rtl/mmu_l2tlb_reqq.sv,MMU 规格 §3.3,Planned,Phase9:p9-flush-exc_011:flush_tests,mmu_verification/testbench/test/flush_tests/test_rtu_flush_all_pending.svh,test_name=test_rtu_flush_all_pending; reviewer=B; checker=reqq_sb
REQ-F10.0,MMU 异常与特权管理,F10.12,sec/deny during fault,EXC-012,test_sec_deny_during_fault,异常时 sec/deny 位保持正确,异常 flag 输出一致性,异常激励 + sec/deny check,Constrained-Random,Testcase,sec_deny_flag_cg,mmu_ifu_sva.sv:a_sec_deny_fault,mixed concurrent,sec/deny 位在异常时保持,P1,mmu/rtl/mmu_l1itlb.sv,MMU 规格 §2.2,Planned,Phase9:p9-err-exc_012:err_tests,mmu_verification/testbench/test/err_tests/test_sec_deny_during_fault.svh,test_name=test_sec_deny_during_fault; reviewer=B; checker=pgflt_sb
REQ-F10.0,MMU 异常与特权管理,F10.13,concurrent exc priority,EXC-013,test_concurrent_exc_priority,IFU/LSU 同时异常时优先级唯一,多源异常仲裁,concurrent IFU/LSU/Pipe2 faults,Error-Injection,Testcase,exc_priority_cg,mmu_top_sva.sv:a_exc_priority,concurrent exc inject,优先级唯一、无冲突,P1,mmu/rtl/ct_mmu_top.v,MMU 规格 §2.1,Planned,Phase9:p9-err-exc_013:err_tests,mmu_verification/testbench/test/err_tests/test_concurrent_exc_priority.svh,test_name=test_concurrent_exc_priority; reviewer=B; checker=exception_arb_sb
REQ-F10.0,MMU 异常与特权管理,F10.14,recovery after exception,EXC-014,test_recovery_after_exception,异常清理后 TLB 正常工作,异常恢复正确性,fault trigger → recovery,Directed,Testcase,recovery_sb_cg,mmu_top_sva.sv:a_recovery_ok,fault trigger + recovery,异常恢复后 TLB 正常,P1,mmu/rtl/ct_mmu_top.v,验证计划 F10.14,Planned,Phase9:p9-err-exc_014:err_tests,mmu_verification/testbench/test/err_tests/test_recovery_after_exception.svh,test_name=test_recovery_after_exception; reviewer=B; checker=recovery_sb
REQ-F11.0,MMU 性能计数,F11.1,iutlb_miss pulse count,PERF-001,test_iutlb_miss_pulse_1to1,L1 ITLB miss 时脉冲输出,iutlb_miss 脉冲计数,iutlb miss 激励,Directed,Testcase,perf_miss_cg,mmu_perf_sva.sv:a_iutlb_miss_pulse,ifu_random_vaddr_seq,iutlb_miss 脉冲与 miss 1:1,P0,mmu/rtl/mmu_l1itlb.sv,MMU 规格 §6.1,Planned,Phase9:p9-perf-perf_001:perf_tests,mmu_verification/testbench/test/perf_tests/test_iutlb_miss_pulse_1to1.svh,test_name=test_iutlb_miss_pulse_1to1; reviewer=B; checker=perf_mon_sb
REQ-F11.0,MMU 性能计数,F11.2,iutlb_miss 1:1 with real miss,PERF-002,test_iutlb_miss_gated_by_cnt_en,cnt_en 门控 iutlb_miss 脉冲,计数门控功能,cnt_en toggle,Directed,Testcase,perf_gating_cg,mmu_perf_sva.sv:a_cnt_en_gating,cnt_en toggle seq,cnt_en=0 时无脉冲,P0,mmu/rtl/ct_mmu_top.v:46,MMU 规格 §6.1,Planned,Phase9:p9-perf-perf_002:perf_tests,mmu_verification/testbench/test/perf_tests/test_iutlb_miss_gated_by_cnt_en.svh,test_name=test_iutlb_miss_gated_by_cnt_en; reviewer=B; checker=perf_mon_sb
REQ-F11.0,MMU 性能计数,F11.3,dutlb_miss pipe0,PERF-003,test_dutlb_miss_pipe0_counted,pipe0 miss 时脉冲有效,pipe0 miss 计数,pipe0 miss 激励,Directed,Testcase,perf_pipe_cg,mmu_perf_sva.sv:a_dutlb_miss_p0,lsu_pipe0_seq,pipe0 miss 计数准确,P0,mmu/rtl/mmu_l1dtlb.sv,MMU 规格 §6.1.1,Planned,Phase9:p9-perf-perf_003:perf_tests,mmu_verification/testbench/test/perf_tests/test_dutlb_miss_pipe0_counted.svh,test_name=test_dutlb_miss_pipe0_counted; reviewer=B; checker=perf_mon_sb
REQ-F11.0,MMU 性能计数,F11.4,dutlb_miss pipe1,PERF-004,test_dutlb_miss_pipe1_counted,pipe1 miss 时脉冲有效,pipe1 miss 计数,pipe1 miss 激励,Directed,Testcase,perf_pipe_cg,mmu_perf_sva.sv:a_dutlb_miss_p1,lsu_pipe1_seq,pipe1 miss 计数准确,P0,mmu/rtl/mmu_l1dtlb.sv,MMU 规格 §6.1.2,Planned,Phase9:p9-perf-perf_004:perf_tests,mmu_verification/testbench/test/perf_tests/test_dutlb_miss_pipe1_counted.svh,test_name=test_dutlb_miss_pipe1_counted; reviewer=B; checker=perf_mon_sb
REQ-F11.0,MMU 性能计数,F11.5,jtlb_miss L2 miss,PERF-005,test_jtlb_miss_counted,L2 TLB 真实 miss 产生脉冲,jtlb_miss 计数,jtlb miss 激励,Directed,Testcase,perf_l2_cg,mmu_perf_sva.sv:a_jtlb_miss_pulse,l2tlb miss seq,jtlb_miss 脉冲正确,P0,mmu/rtl/mmu_l2tlb.sv,MMU 规格 §6.1.3,Planned,Phase9:p9-perf-perf_005:perf_tests,mmu_verification/testbench/test/perf_tests/test_jtlb_miss_counted.svh,test_name=test_jtlb_miss_counted; reviewer=B; checker=perf_mon_sb
REQ-F11.0,MMU 性能计数,F11.6,concurrent miss pulses,PERF-006,test_concurrent_miss_pulses,并发 pipe0/pipe1/L2 miss 脉冲,并发计数正确,concurrent miss 激励,Constrained-Random,Testcase,perf_concurrent_cg,mmu_perf_sva.sv:a_concurrent_miss,mmu_concurrent_3pipe_vseq,并发 miss 脉冲不丢失,P1,mmu/rtl/ct_mmu_top.v,MMU 规格 §6.2,Planned,Phase9:p9-perf-perf_006:perf_tests,mmu_verification/testbench/test/perf_tests/test_concurrent_miss_pulses.svh,test_name=test_concurrent_miss_pulses; reviewer=B; checker=perf_mon_sb
REQ-F11.0,MMU 性能计数,F11.7,perf under stress,PERF-007,test_perf_under_stress,压力下性能计数准确,压力场景计数正确,高压力激励,Constrained-Random,Testcase,perf_stress_cg,mmu_perf_sva.sv:a_perf_accuracy,mmu_stress_all_ports_vseq,压力下计数仍准确,P2,mmu/rtl/ct_mmu_top.v,验证计划 F14.9,Planned,Phase9:p9-perf-perf_007:perf_tests,mmu_verification/testbench/test/perf_tests/test_perf_under_stress.svh,test_name=test_perf_under_stress; reviewer=B; checker=perf_mon_sb
REQ-F12.0,MMU 低功耗与 DFT,F12.1,icg_en clock stop,PWR-001,test_icg_en_clock_stop,空闲时 icg_en=0 停止时钟,时钟门控功能,icg_en toggle,Directed,Testcase,power_icg_cg,mmu_power_sva.sv:a_icg_clock_stop,icg toggle seq,icg_en=0 时时钟停止,P1,mmu/rtl/ct_mmu_top.v:39,MMU 规格 §7.1,Planned,Phase9:p9-err-pwr_001:err_tests,mmu_verification/testbench/test/err_tests/test_icg_en_clock_stop.svh,test_name=test_icg_en_clock_stop; reviewer=B; checker=clock_mon_sb
REQ-F12.0,MMU 低功耗与 DFT,F12.2,icg_en=1 normal,PWR-002,test_icg_en_normal_work,icg_en=1 时所有请求正常,时钟使能功能,normal operation + icg_en=1,Directed,Testcase,power_func_cg,mmu_power_sva.sv:a_icg_normal,normal seq,icg_en=1 时功能正常,P0,mmu/rtl/ct_mmu_top.v,MMU 规格 §7.1,Planned,Phase9:p9-err-pwr_002:err_tests,mmu_verification/testbench/test/err_tests/test_icg_en_normal_work.svh,test_name=test_icg_en_normal_work; reviewer=B; checker=function_sb
REQ-F12.0,MMU 低功耗与 DFT,F12.3,scan_en force clock,PWR-003,test_scan_en_force_clock,DFT scan mode 强制时钟,scan 模式时钟控制,scan_en=1 激励,Directed,Testcase,power_scan_cg,mmu_power_sva.sv:a_scan_force_clk,scan toggle seq,scan_en=1 强制时钟打开,P1,mmu/rtl/ct_mmu_top.v:176,DFT 规格 §3.1,Planned,Phase9:p9-err-pwr_003:err_tests,mmu_verification/testbench/test/err_tests/test_scan_en_force_clock.svh,test_name=test_scan_en_force_clock; reviewer=B; checker=clock_mon_sb
REQ-F12.0,MMU 低功耗与 DFT,F12.4,smp_disable snoop,PWR-004,test_smp_disable_snoop,smp_disable=1 关闭 snoop 广播,snoop 控制功能,smp_disable toggle,Directed,Testcase,power_smp_cg,mmu_power_sva.sv:a_smp_disable,smp toggle seq,smp_disable=1 时关闭 snoop,P2,mmu/rtl/ct_mmu_top.v:44,MMU 规格 §7.2,Planned,Phase9:p9-err-pwr_004:err_tests,mmu_verification/testbench/test/err_tests/test_smp_disable_snoop.svh,test_name=test_smp_disable_snoop; reviewer=B; checker=snoop_sb
REQ-F12.0,MMU 低功耗与 DFT,F12.5,clock gating transition,PWR-005,test_clock_gating_transition,时钟门控转换无毛刺,时钟门控稳定性,icg on/off 序列,Directed,Testcase,power_glitch_cg,mmu_power_sva.sv:a_no_clock_glitch,icg transition seq,时钟门控转换无毛刺,P1,mmu/rtl/ct_mmu_top.v,MMU 规格 §7.3,Planned,Phase9:p9-err-pwr_005:err_tests,mmu_verification/testbench/test/err_tests/test_clock_gating_transition.svh,test_name=test_clock_gating_transition; reviewer=B; checker=clock_mon_sb
REQ-F13.0,MMU 复位与初始化,F13.1,cpurst_b async assert,RST-001,test_cpurst_b_async_assert,复位异步断言、同步释放,复位正确性,async reset pulse,Directed,Testcase,reset_assert_cg,mmu_reset_sva.sv:a_cpurst_async,reset pulse seq,复位异步断言正确,P0,mmu/rtl/ct_mmu_top.v:38,MMU 规格 §8.1,Planned,Phase9:p9-flush-rst_001:flush_tests,mmu_verification/testbench/test/flush_tests/test_cpurst_b_async_assert.svh,test_name=test_cpurst_b_async_assert; reviewer=B; checker=reset_sb
REQ-F13.0,MMU 复位与初始化,F13.2,TLB invalid after reset,RST-002,test_tlb_invalid_after_reset,复位后 TLB 全无效,TLB 复位功能,reset → release → check,Directed,Testcase,reset_tlb_cg,mmu_reset_sva.sv:a_tlb_inv_after_rst,reset release seq,复位后 TLB 全无效,P0,mmu/rtl/mmu_l1itlb.sv,MMU 规格 §8.2,Planned,Phase9:p9-flush-rst_002:flush_tests,mmu_verification/testbench/test/flush_tests/test_tlb_invalid_after_reset.svh,test_name=test_tlb_invalid_after_reset; reviewer=B; checker=tlb_valid_sb
REQ-F13.0,MMU 复位与初始化,F13.3,reg default values,RST-003,test_reg_default_values,"寄存器默认值：SATP=0, priv=M",寄存器复位值正确,reset → read regs,Directed,Testcase,reset_reg_cg,mmu_reset_sva.sv:a_reg_default,reg read seq,"SATP=0, priv=M mode",P0,mmu/rtl/ct_mmu_regs.v,MMU 规格 §8.3,Planned,Phase9:p9-flush-rst_003:flush_tests,mmu_verification/testbench/test/flush_tests/test_reg_default_values.svh,test_name=test_reg_default_values; reviewer=B; checker=reg_sb
REQ-F13.0,MMU 复位与初始化,F13.4,reset during PTW walk,RST-004,test_reset_during_ptw_walk,PTW walk 中止、TWU FSM 停止,PTW 复位恢复,PTW walk → async reset,Directed,Testcase,reset_ptw_cg,mmu_reset_sva.sv:a_ptw_fsm_idle,ptw walk reset seq,walk 中止，TWU FSM → IDLE,P1,mmu/rtl/ptw.sv,MMU 规格 §8.4,Planned,Phase9:p9-flush-rst_004:flush_tests,mmu_verification/testbench/test/flush_tests/test_reset_during_ptw_walk.svh,test_name=test_reset_during_ptw_walk; reviewer=B; checker=ptw_recovery_sb
REQ-F13.0,MMU 复位与初始化,F13.5,reset during response,RST-005,test_reset_during_response,响应途中复位无错误,响应复位恢复,response pipeline → reset,Directed,Testcase,reset_resp_cg,mmu_reset_sva.sv:a_resp_clean_rst,resp reset seq,响应中止无错误,P1,mmu/rtl/mmu_l1itlb.sv,MMU 规格 §8.5,Planned,Phase9:p9-flush-rst_005:flush_tests,mmu_verification/testbench/test/flush_tests/test_reset_during_response.svh,test_name=test_reset_during_response; reviewer=B; checker=resp_sb
REQ-F13.0,MMU 复位与初始化,F13.6,reset output no X,RST-006,test_reset_output_no_x,复位期间输出无 X,X 检查,reset monitor,Directed,Testcase,reset_x_cg,mmu_reset_sva.sv:a_no_x_during_rst,x monitor seq,复位期间输出无 X,P1,mmu/rtl/ct_mmu_top.v,验证方法 §2.3,Planned,Phase9:p9-flush-rst_006:flush_tests,mmu_verification/testbench/test/flush_tests/test_reset_output_no_x.svh,test_name=test_reset_output_no_x; reviewer=B; checker=x_monitor
REQ-F13.0,MMU 复位与初始化,F13.7,mmu_en after reset,RST-007,test_mmu_en_after_reset,mmu_xx_mmu_en 初始状态指示,MMU 使能信号,reset → release → check,Directed,Testcase,reset_mmu_en_cg,mmu_reset_sva.sv:a_mmu_en_init,mmu_en read seq,mmu_xx_mmu_en 指示正确,P1,mmu/rtl/ct_mmu_top.v:50,MMU 规格 §8.6,Planned,Phase9:p9-flush-rst_007:flush_tests,mmu_verification/testbench/test/flush_tests/test_mmu_en_after_reset.svh,test_name=test_mmu_en_after_reset; reviewer=B; checker=mmu_en_sb
REQ-F13.0,MMU 复位与初始化,F13.8,immediate operation,RST-008,test_reset_immediate_operation,复位后立即可工作,复位恢复速度,reset → immediate request,Directed,Testcase,reset_immed_cg,mmu_reset_sva.sv:a_ready_after_rst,immed request seq,复位后立即可工作,P0,mmu/rtl/ct_mmu_top.v,MMU 规格 §8.7,Planned,Phase9:p9-flush-rst_008:flush_tests,mmu_verification/testbench/test/flush_tests/test_reset_immediate_operation.svh,test_name=test_reset_immediate_operation; reviewer=B; checker=function_sb
REQ-F14.0,MMU 压力与综合场景,F14.1,3pipe concurrent max,STRESS-001,test_3pipe_concurrent_max_rate,IFU+LSU0+LSU1+Pipe2 打满,三路打满功能,high rate concurrent,Constrained-Random,Testcase,stress_3pipe_cg,mmu_arb_sva.sv:a_no_deadlock,mmu_stress_all_ports_vseq,3 pipe 打满无死锁,P1,mmu/rtl/mmu_arb.sv,MMU 规格 §9.1,Planned,Phase9:p9-perf-stress_001:perf_tests,mmu_verification/testbench/test/perf_tests/test_3pipe_concurrent_max_rate.svh,test_name=test_3pipe_concurrent_max_rate; reviewer=B; checker=arb_sb
REQ-F14.0,MMU 压力与综合场景,F14.2,L2TLB saturated MB full,STRESS-002,test_l2tlb_saturated_mb_full,L2 TLB+MB 饱和,容量饱和功能,L2 full setup,Constrained-Random,Testcase,stress_l2_cg,mmu_l2tlb_sva.sv:a_l2_mb_full,l2 saturation vseq,L2+MB 饱和功能正常,P1,mmu/rtl/mmu_l2tlb.sv,MMU 规格 §9.2,Planned,Phase9:p9-perf-stress_002:perf_tests,mmu_verification/testbench/test/perf_tests/test_l2tlb_saturated_mb_full.svh,test_name=test_l2tlb_saturated_mb_full; reviewer=B; checker=l2_sb
REQ-F14.0,MMU 压力与综合场景,F14.3,bank conflict reqq full,STRESS-003,test_l2_bank_conflict_and_reqq_full,8 bank 冲突+ReqQ 满,bank 冲突处理,8 bank conflict scenario,Constrained-Random,Testcase,stress_bank_cg,mmu_arb_sva.sv:a_bank_fair,bank conflict vseq,bank 冲突+ReqQ 满可恢复,P2,mmu/rtl/mmu_l2tlb_reqq.sv,MMU 规格 §9.3,Planned,Phase9:p9-perf-stress_003:perf_tests,mmu_verification/testbench/test/perf_tests/test_l2_bank_conflict_and_reqq_full.svh,test_name=test_l2_bank_conflict_and_reqq_full; reviewer=B; checker=l2_sb
REQ-F14.0,MMU 压力与综合场景,F14.4,PTW 4tws full wakeup,STRESS-004,test_ptw_4tws_full_wakeup_dense,4 TWU+MB 满，wakeup 高密度,PTW 满载功能,4 TWU thrash scenario,Constrained-Random,Testcase,stress_ptw_cg,mmu_ptw_sva.sv:a_wakeup_accurate,mmu_ptw_thrash_vseq,4 TWU+MB 满，wakeup 正确,P1,mmu/rtl/ptw.sv,MMU 规格 §9.4,Planned,Phase9:p9-perf-stress_004:perf_tests,mmu_verification/testbench/test/perf_tests/test_ptw_4tws_full_wakeup_dense.svh,test_name=test_ptw_4tws_full_wakeup_dense; reviewer=B; checker=ptw_sb
REQ-F14.0,MMU 压力与综合场景,F14.5,SATP hotswap,STRESS-005,test_satp_hotswap_concurrent,SATP 热切换无中断,SATP 切换功能,rapid SATP switch + access,Constrained-Random,Testcase,stress_satp_cg,mmu_cp0_sva.sv:a_satp_switch_ok,mmu_satp_hotswap_vseq,SATP 热切换无中断,P1,mmu/rtl/ct_mmu_regs.v,MMU 规格 §9.5,Planned,Phase9:p9-perf-stress_005:perf_tests,mmu_verification/testbench/test/perf_tests/test_satp_hotswap_concurrent.svh,test_name=test_satp_hotswap_concurrent; reviewer=B; checker=satp_sb
REQ-F14.0,MMU 压力与综合场景,F14.6,SFENCE high freq,STRESS-006,test_sfence_high_frequency,高频 SFENCE 无死锁,SFENCE 处理,high freq SFENCE request,Constrained-Random,Testcase,stress_sfence_cg,mmu_tlbop_sva.sv:a_sfence_deadlock,mmu_sfence_during_walk_vseq,高频 SFENCE 无死锁,P1,mmu/rtl/ct_mmu_tlboper.v,MMU 规格 §9.6,Planned,Phase9:p9-perf-stress_006:perf_tests,mmu_verification/testbench/test/perf_tests/test_sfence_high_frequency.svh,test_name=test_sfence_high_frequency; reviewer=B; checker=inv_sb
REQ-F14.0,MMU 压力与综合场景,F14.7,ASID thrashing,STRESS-007,test_asid_thrashing,多 ASID 切换 hit rate 恢复,ASID 切换功能,rapid ASID context switch,Constrained-Random,Testcase,stress_asid_cg,mmu_cp0_sva.sv:a_asid_switch_ok,mmu_asid_context_switch_vseq,多 ASID 切换 hit rate 恢复快,P1,mmu/rtl/ct_mmu_top.v,MMU 规格 §9.7,Planned,Phase9:p9-perf-stress_007:perf_tests,mmu_verification/testbench/test/perf_tests/test_asid_thrashing.svh,test_name=test_asid_thrashing; reviewer=B; checker=asid_sb
REQ-F14.0,MMU 压力与综合场景,F14.8,huge 4k page mix,STRESS-008,test_huge_4k_page_mix,1G/2M/4K 混合替换正确,巨页混合功能,1G/2M/4K page access mix,Constrained-Random,Testcase,stress_page_cg,mmu_l2tlb_sva.sv:a_page_size_mix,mmu_huge_page_mix_vseq,1G/2M/4K 混合替换正确,P1,mmu/rtl/mmu_l2tlb.sv,MMU 规格 §9.8,Planned,Phase9:p9-perf-stress_008:perf_tests,mmu_verification/testbench/test/perf_tests/test_huge_4k_page_mix.svh,test_name=test_huge_4k_page_mix; reviewer=B; checker=page_size_sb
REQ-F14.0,MMU 压力与综合场景,F14.9,100k txn stable run,STRESS-009,test_100k_txn_stable_run,100K+ 事务无死锁/数据错,长时间稳定性,100K+ txn stimulus,Constrained-Random,Testcase,stress_stability_cg,mmu_top_sva.sv:a_no_deadlock,mmu_stress_all_ports_vseq,100K+ 事务无死锁/数据错,P0,mmu/rtl/ct_mmu_top.v,验证计划 F14.9,Planned,Phase9:p9-perf-stress_009:perf_tests,mmu_verification/testbench/test/perf_tests/test_100k_txn_stable_run.svh,test_name=test_100k_txn_stable_run; reviewer=B; checker=txn_sb
REQ-F14.0,MMU 压力与综合场景,F14.10,error rain,STRESS-010,test_error_rain_mixed_fault,random bus_error+illegal PTE,错误处理功能,error injection stimulus,Error-Injection,Testcase,stress_error_cg,mmu_error_sva.sv:a_error_handling,mmu_error_rain_vseq,random bus_error + illegal PTE,P1,mmu/rtl/ptw.sv,MMU 规格 §9.9,Planned,Phase9:p9-perf-stress_010:perf_tests,mmu_verification/testbench/test/perf_tests/test_error_rain_mixed_fault.svh,test_name=test_error_rain_mixed_fault; reviewer=B; checker=error_sb
REQ-F14.0,MMU 压力与综合场景,F14.11,RRPV aging,STRESS-011,test_rrpv_aging_replacement,RRPV 替换在高 miss 下正确,替换政策正确性,high miss rate stimulus,Constrained-Random,Testcase,stress_replace_cg,mmu_l2tlb_sva.sv:a_rrpv_correct,mmu_rrpv_aging_vseq,RRPV 替换在高 miss 下正确,P2,mmu/rtl/mmu_l2tlb_replacement_policy.sv,MMU 规格 §9.10,Planned,Phase9:p9-perf-stress_011:perf_tests,mmu_verification/testbench/test/perf_tests/test_rrpv_aging_replacement.svh,test_name=test_rrpv_aging_replacement; reviewer=B; checker=replace_sb
REQ-F14.0,MMU 压力与综合场景,F14.12,reset mid transaction,STRESS-012,test_reset_mid_transaction,mid-transaction 复位恢复正确,复位恢复功能,reset during mid-txn,Error-Injection,Testcase,stress_reset_cg,mmu_reset_sva.sv:a_mid_txn_recovery,mmu_reset_midtransaction_vseq,mid-transaction 复位恢复正确,P1,mmu/rtl/ct_mmu_top.v,MMU 规格 §8.4,Planned,Phase9:p9-perf-stress_012:perf_tests,mmu_verification/testbench/test/perf_tests/test_reset_mid_transaction.svh,test_name=test_reset_mid_transaction; reviewer=B; checker=mid_txn_sb
REQ-F14.0,MMU 压力与综合场景,F14.13,power gating,STRESS-013,test_power_gating_sequence,门控序列无异常,电源管理功能,power gating sequence,Directed,Testcase,stress_power_cg,mmu_power_sva.sv:a_power_gating_ok,mmu_power_gating_vseq,门控序列无异常,P2,mmu/rtl/ct_mmu_top.v,MMU 规格 §7.4,Planned,Phase9:p9-perf-stress_013:perf_tests,mmu_verification/testbench/test/perf_tests/test_power_gating_sequence.svh,test_name=test_power_gating_sequence; reviewer=B; checker=power_sb
F1.14,L1ITLB PLRU 复位初值,F1.14,L1ITLB_PLRU_RST,ITLB_PLRU_RST_001,IFU PLRU reset init,L1 ITLB iplru tree post-reset deterministic state,Verify iplru pointer post-reset is 0/known,reset+ifu_random_vaddr_seq first 16 distinct VPN,Directed,Function Coverage,cg_itlb,sva_plru_valid,ifu_random_vaddr_seq,first 16 alloc deterministic order,P0,mmu/rtl/ct_mmu_iplru.v,Internal,Active,,,
F1.10b,SFENCE.VMA VA-only 8-bit alias,F1.10b,L1ITLB_SFENCE_VA8,ITLB_INV_VA8_alias_001,IFU SFENCE VA8 alias,L1 ITLB INV_VA only matches VPN[7:0] - alias risk,Verify aliased VPN entries also invalidated by intent,tlb_inv_va_seq with VPN[7:0]-collide,Directed,Function Coverage,cg_inv_va_alias,N/A,tlb_inv_va_seq,All aliased entries flushed,P0,mmu/rtl/mmu_l1itlb.sv,Internal,Active,,,
F1.15,refill+INV race,F1.15,L1ITLB_REFILL_INV_RACE,ITLB_REFILL_INV_RACE_001,IFU refill vs INV race,L1 ITLB INV during pending refill,Verify refill blocked or replayed,tlb_inv_during_walk_vseq,Directed,Function Coverage,cg_itlb,sva_inv_during_refill,tlb_inv_during_walk_vseq,No stale entry installed,P1,mmu/rtl/mmu_l1itlb.sv,Internal,Active,,,
F1.16,hit+refill PLRU 一致,F1.16,L1ITLB_HIT_REFILL,ITLB_PLRU_HIT_REFILL_001,IFU PLRU hit+refill,L1 ITLB PLRU update on concurrent hit and refill,Verify PLRU correct precedence,ifu_random_vaddr_seq + concurrent hit,Directed,Function Coverage,cg_itlb,sva_plru_valid,ifu_random_vaddr_seq,PLRU consistent,P1,mmu/rtl/ct_mmu_iplru.v,Internal,Active,,,
F1.17,pgs encoding 不匹配,F1.17,L1ITLB_PGS,ITLB_PGS_MISMATCH_001,IFU pgs mismatch,L1 ITLB pgs vs L2 refill page-size mismatch,Verify mismatch detected/illegal,error inject seq,Error-Injection,Function Coverage,cg_itlb,sva_pgs_valid,ifu_pagefault_trigger_seq,Page fault or refill rejected,P1,mmu/rtl/mmu_l1itlb.sv,Internal,Active,,,
F1.18,abort 中段 refill,F1.18,L1ITLB_ABORT_REFILL,ITLB_ABORT_REFILL_001,IFU abort mid-refill,L1 ITLB abort during pending refill,Verify abort cancels install or completes silently,ifu_abort_seq mid-refill,Directed,Function Coverage,cg_itlb,sva_abt_protocol,ifu_abort_seq,No spurious install,P1,mmu/rtl/mmu_l1itlb.sv,Internal,Active,,,
F1.13,FST/huge mix,F1.13,L1ITLB_FST_MIX,ITLB_FST_MIX_001,IFU FST huge mix,L1 ITLB FST + huge entry mixed allocation,Verify huge_entry vs fst_entry coexist,ifu_huge_page_fetch_seq mix,Directed,Function Coverage,cg_itlb,N/A,ifu_huge_page_fetch_seq,No collision,P1,mmu/rtl/ct_mmu_iutlb_huge_entry.v ct_mmu_iutlb_fst_entry.v,Internal,Active,,,
F2.3,DTLB MB FSM WFI,F2.3,L1DTLB_MB_FSM,DTLB_MB_FSM_WFI_001,LSU MB WFI states,L1 DTLB MB FSM WFI/WAIT/REFILL transitions,Verify all FSM states/transitions visited,mb_wfi_seq,Directed,Function Coverage,mbuf_alloc_cg cg_mbuf_fsm,sva_mb_fsm,mb_wfi_seq,All states reached,P0,mmu/rtl/mmu_l1dtlb_mb_entry.sv,Internal,Active,,,
F2.10,credit boundary,F2.10,L1DTLB_CREDIT,DTLB_CREDIT_BOUND_001,LSU credit max-1,L1 DTLB MB credit at max-1 boundary,Verify exact 8-credit max behavior,credit boundary seq,Directed,Function Coverage,mbuf_alloc_cg,sva_credit_wrap,lsu_random_vaddr_seq,No deadlock at boundary,P0,mmu/rtl/mmu_l1dtlb_scheduler.sv,Internal,Active,,,
F2.13,DTLB INV VA 8-bit alias,F2.13,L1DTLB_INV_VA8,DTLB_INV_VA8_alias_001,LSU SFENCE VA8 alias,L1 DTLB INV_VA only VPN[7:0] - alias risk,Verify aliased entries flushed,tlb_inv_va_seq alias,Directed,Function Coverage,cg_inv_va_alias,N/A,tlb_inv_va_seq,All aliased entries flushed,P0,mmu/rtl/mmu_l1dtlb.sv,Internal,Active,,,
F2.14,STAMO Pipe0 only,F2.14,L1DTLB_STAMO_ASYM,DTLB_STAMO_PIPE0_001,LSU STAMO Pipe0,STAMO bypass on Pipe0 only - Pipe1 negative,Verify Pipe1 STAMO not effective,stamo pipe asym seq,Directed,Function Coverage,attr_propagation_cg,sva_stamo_bypass,lsu_stamo_seq,Pipe0 PA from stamo_pa Pipe1 ignored,P0,mmu/rtl/mmu_l1dtlb_hit_rd.sv,Internal,Active,,,
F2.14,STAMO Pipe1 negative,F2.14,L1DTLB_STAMO_ASYM,DTLB_STAMO_PIPE1_NEG_001,LSU STAMO Pipe1 neg,Negative test STAMO via Pipe1,Verify rejected/no bypass,stamo pipe1 seq,Directed,Function Coverage,attr_propagation_cg,sva_stamo_bypass,lsu_stamo_seq,No bypass,P0,mmu/rtl/mmu_l1dtlb_hit_rd.sv,Internal,Active,,,
F2.15,DTLB 3-way install arb,F2.15,L1DTLB_INSTALL_ARB,DTLB_INSTALL_ARB_001,LSU install priority,L1 DTLB install path 3-way arb (refill/MB/STAMO),Verify priority deterministic,install_priority seq,Directed,Function Coverage,mbuf_alloc_cg,N/A,lsu_install_seq,Priority correct,P0,mmu/rtl/mmu_l1dtlb_install.sv,Internal,Active,,,
F2.16,DTLB allocator full+race,F2.16,L1DTLB_ALLOC,DTLB_ALLOC_FULL_001,LSU allocator full,L1 DTLB allocator FFZ full and race,Verify FFZ corner,full+race seq,Stress,Function Coverage,mbuf_alloc_cg,sva_alloc_unique,lsu_random_vaddr_seq,No double alloc,P0,mmu/rtl/mmu_l1dtlb_allocator.sv,Internal,Active,,,
F2.16,DTLB allocator race,F2.16,L1DTLB_ALLOC,DTLB_ALLOC_RACE_001,LSU allocator race,Concurrent dual-port allocation race,Verify uniqueness,full+race seq,Stress,Function Coverage,mbuf_alloc_cg,sva_alloc_unique,lsu_random_vaddr_seq,Single alloc per cycle,P0,mmu/rtl/mmu_l1dtlb_allocator.sv,Internal,Active,,,
F2.17,wakeup broadcast,F2.17,L1DTLB_WAKEUP,DTLB_WAKEUP_BCAST_001,LSU wakeup broadcast,L1 DTLB wakeup all waiters on refill,Verify wakeup broadcast,wakeup_broadcast seq,Directed,Function Coverage,mbuf_alloc_cg,sva_wakeup_broadcast,mmu_concurrent_3pipe_vseq,All waiters wake,P0,mmu/rtl/mmu_l1dtlb_scheduler.sv,Internal,Active,,,
F2.18,busy threshold,F2.18,L1DTLB_BUSY,DTLB_BUSY_THRESHOLD_001,LSU MB full threshold,L1 DTLB busy threshold/back-pressure,Verify busy correctly asserted,mb_full seq,Directed,Function Coverage,mbuf_alloc_cg,N/A,lsu_random_vaddr_seq,Busy correct,P1,mmu/rtl/mmu_l1dtlb_scheduler.sv,Internal,Active,,,
F2.19,hit+miss concurrent,F2.19,L1DTLB_CONCURRENT,DTLB_HIT_MISS_CONCURRENT_001,LSU pipe01 hit/miss,Pipe0 hit + Pipe1 miss same cycle,Verify no interference,pipe01 mixed seq,Directed,Function Coverage,dtlb_cg,N/A,lsu_pipe01_concurrent_seq,Both correct,P1,mmu/rtl/mmu_l1dtlb.sv,Internal,Active,,,
F2.20,MB pgflt + abort late refill,F2.20,L1DTLB_MB_ABT,DTLB_MB_PGFLT_001,LSU MB pgflt,MB pending pgflt response,Verify report path,abort+pgflt seq,Error-Injection,Function Coverage,mbuf_alloc_cg cg_mbuf_fsm,sva_mb_fsm,lsu_pagefault_trigger_seq,Pgflt reported,P1,mmu/rtl/mmu_l1dtlb_mb_entry.sv,Internal,Active,,,
F2.20,MB abort late refill,F2.20,L1DTLB_MB_ABT,DTLB_MB_ABT_LATE_REFILL_001,LSU abort late refill,MB abort while refill mid-flight,Verify entry cleared no install,abt_late_refill seq,Error-Injection,Function Coverage,cg_mbuf_fsm,sva_mb_fsm,lsu_abort_seq,No spurious install,P1,mmu/rtl/mmu_l1dtlb_mb_entry.sv,Internal,Active,,,
F2.21,install ID check,F2.21,L1DTLB_INSTALL_ID,DTLB_INSTALL_ID_CHK_001,LSU install ID,Install ID match check,Verify ID matches outstanding MB,sva trigger,SVA,Assertion,N/A,sva_install_id,lsu_random_vaddr_seq,No ID mismatch,P1,mmu/rtl/mmu_l1dtlb_install.sv,Internal,Active,,,
F2.22,huge mix dual hit,F2.22,L1DTLB_HUGE_DUAL,DTLB_HUGE_MIX_001,LSU huge mix,Huge+4K entries dual-port hit,Verify mux/PLRU correct,huge mix seq,Directed,Function Coverage,dtlb_cg,N/A,lsu_huge_page_seq,Both PA correct,P1,mmu/rtl/mmu_l1dtlb.sv ct_mmu_dutlb_huge_entry.v,Internal,Active,,,
F2.22,dual-hit mux,F2.22,L1DTLB_DUAL_HIT,DTLB_DUAL_HIT_MUX_001,LSU dual hit mux,Dual-port hit conflicting way,Verify mux winner deterministic,dual hit seq,Directed,Function Coverage,dtlb_cg,N/A,lsu_pipe01_concurrent_seq,Mux deterministic,P1,mmu/rtl/mmu_l1dtlb_hit_rd.sv,Internal,Active,,,
F3.15,L2 skew hash,F3.15,L2TLB_HASH,TC-HASH-001,L2 skew hash distribution,Skew-Associative bank index hash 8 banks,Verify hash function evenly distributes,hash dist seq,Directed,Function Coverage,l2tlb_skew_hash_cg,N/A,l2tlb_random_vaddr_seq,Distribution within tolerance,P0,mmu/rtl/mmu_l2tlb.sv,Internal,Active,,,
F3.15,L2 skew hash bank conflict,F3.15,L2TLB_HASH,TC-HASH-002,L2 hash bank conflict,Adversarial VA pattern triggering bank conflict,Verify mask/serialize handles,bank conflict seq,Directed,Function Coverage,l2tlb_skew_hash_cg,N/A,l2tlb_random_vaddr_seq,No livelock,P1,mmu/rtl/mmu_arb.sv,Internal,Active,,,
F3.15,L2 skew hash documentation,F3.15,L2TLB_HASH,TC-HASH-DOC-001,L2 hash spec doc,Document skew hash polynomial in spec,Verify doc consistent with RTL,N/A,Documentation,N/A,N/A,N/A,Doc match,P1,mmu/rtl/mmu_l2tlb.sv,Internal,Active,,,,
F3.16,L2 SRAM RAW,F3.16,L2TLB_SRAM_RAW,TC-SRAM-RAW-001,L2 SRAM same-cycle RAW,Same-cycle write-then-read on same addr,Verify RAW behavior matches model,sram raw seq,Directed,Function Coverage,sram_collision_cg,N/A,l2tlb_random_vaddr_seq,Match expected,P0,mmu/rtl/ct_spsram_256x196.v,Internal,Active,,,
F13.13,L2 SRAM WEN,F13.13,L2TLB_SRAM_WEN,TC-SRAM-WEN-001,L2 SRAM byte-WEN,SRAM WEN bit-mask write,Verify WEN per-bit valid,wen seq,Directed,Function Coverage,sram_collision_cg,sva_wen_bit,l2tlb_random_vaddr_seq,Bits correctly written,P2,mmu/rtl/ct_spram_wrapper.sv,Internal,Active,,,
F3.17,L2 SRAM no-reset valid clear,F3.17,L2TLB_SRAM_RST,TC-SRAM-RST-001,L2 SRAM no-reset,SRAM macro no reset valid clear by ext FF,Verify post-reset no-X first read,reset+read seq,Directed,Function Coverage,sram_collision_cg,sva_no_x_after_reset,l2tlb_base_seq,No X first read,P0,mmu/rtl/ct_spsram_256x196.v,Internal,Active,,,
F3.18,L2 RRPV wbuf bypass,F3.18,L2TLB_RRPV_WBUF,TC-RRPV-WBUF-001,L2 RRPV wbuf bypass,RRPV wbuf write-buffer bypass path,Verify bypass correct,rrpv wbuf seq,Directed,Function Coverage,rrpv_wbuf_cg,N/A,l2tlb_random_vaddr_seq,Bypass path correct,P0,mmu/rtl/mmu_l2tlb_rrpv_wbuf.sv,Internal,Active,,,
F3.18,L2 RRPV wbuf flush,F3.18,L2TLB_RRPV_WBUF,TC-RRPV-WBUF-002,L2 RRPV wbuf flush,RRPV wbuf flush draining to SRAM,Verify drain correct,rrpv wbuf flush seq,Directed,Function Coverage,rrpv_wbuf_cg,N/A,l2tlb_random_vaddr_seq,Drain correct,P0,mmu/rtl/mmu_l2tlb_rrpv_wbuf.sv,Internal,Active,,,
F3.18,L2 RRPV wbuf concurrent,F3.18,L2TLB_RRPV_WBUF,TC-RRPV-WBUF-003,L2 RRPV wbuf concurrent,Concurrent RRPV update + access,Verify no race,wbuf concurrent seq,Directed,Function Coverage,rrpv_wbuf_cg,N/A,l2tlb_random_vaddr_seq,No race,P1,mmu/rtl/mmu_l2tlb_rrpv_wbuf.sv,Internal,Active,,,
F3.19,L2 RRPV wbuf full,F3.19,L2TLB_RRPV_FULL,TC-RRPV-FULL-001,L2 RRPV wbuf full,RRPV wbuf full back-pressure,Verify stall correct,wbuf full seq,Directed,Function Coverage,rrpv_wbuf_cg,N/A,l2tlb_random_vaddr_seq,Back-pressure correct,P1,mmu/rtl/mmu_l2tlb_rrpv_wbuf.sv,Internal,Active,,,
F3.20,L2 victim corner,F3.20,L2TLB_VICTIM,TC-RRPV-VICTIM-001,L2 victim all-3,All ways at RRPV=3 victim selection,Verify all promoted,victim corner seq,Directed,Function Coverage,l2tlb_bank_cg,N/A,l2tlb_random_vaddr_seq,Selection deterministic,P1,mmu/rtl/mmu_l2tlb_replacement_policy.sv,Internal,Active,,,
F3.20,L2 victim none-3,F3.20,L2TLB_VICTIM,TC-RRPV-VICTIM-002,L2 victim no-3,No way at RRPV=3 promotion,Verify aging,victim corner seq,Directed,Function Coverage,l2tlb_bank_cg,N/A,l2tlb_random_vaddr_seq,Aging correct,P1,mmu/rtl/mmu_l2tlb_replacement_policy.sv,Internal,Active,,,
F3.20,L2 victim mixed,F3.20,L2TLB_VICTIM,TC-RRPV-VICTIM-003,L2 victim mixed,Mixed RRPV values,Verify lowest selected,victim corner seq,Directed,Function Coverage,l2tlb_bank_cg,N/A,l2tlb_random_vaddr_seq,Lowest selected,P1,mmu/rtl/mmu_l2tlb_replacement_policy.sv,Internal,Active,,,
F3.21,L2 pplru reset,F3.21,L2TLB_PPLRU,TC-PPLRU-RST-001,L2 pplru reset,pplru tree post-reset state,Verify deterministic init,reset+seq,Directed,Function Coverage,l2tlb_bank_cg,N/A,l2tlb_base_seq,Deterministic,P1,mmu/rtl/pplru.sv,Internal,Active,,,
F3.22,L2 ReqQ FSM,F3.22,L2TLB_REQQ,TC-REQQ-FSM-001,L2 ReqQ FSM coverage,ReqQ FSM all states/transitions,Verify all visited,reqq seq,Directed,Function Coverage,l2tlb_reqq_cg,N/A,l2tlb_random_vaddr_seq,All states reached,P0,mmu/rtl/mmu_l2tlb_reqq.sv,Internal,Active,,,
F3.22,L2 ReqQ bypass,F3.22,L2TLB_REQQ,TC-REQQ-BYPASS-001,L2 ReqQ bypass empty,ReqQ bypass when empty,Verify direct path,reqq seq,Directed,Function Coverage,l2tlb_reqq_cg,N/A,l2tlb_random_vaddr_seq,Bypass correct,P0,mmu/rtl/mmu_l2tlb_reqq.sv,Internal,Active,,,
F3.23,L2 ReqQ retry,F3.23,L2TLB_REQQ_RETRY,TC-REQQ-RETRY-001,L2 ReqQ retry,Retry on bank conflict,Verify retry path,retry seq,Directed,Function Coverage,l2tlb_reqq_cg,N/A,l2tlb_random_vaddr_seq,Retry correct,P0,mmu/rtl/mmu_l2tlb_reqq_entry.sv,Internal,Active,,,
F3.23,L2 ReqQ FFZ,F3.23,L2TLB_REQQ_FFZ,TC-REQQ-FFZ-001,L2 ReqQ FFZ alloc,Find-First-Zero alloc all entries,Verify all slots used,reqq ffz seq,Directed,Function Coverage,l2tlb_reqq_cg,N/A,l2tlb_random_vaddr_seq,All slots used,P0,mmu/rtl/mmu_l2tlb_reqq.sv,Internal,Active,,,
F3.24,L2 ReqQ ITLB DTLB share,F3.24,L2TLB_REQQ,TC-REQQ-ITLB-DTLB-001,L2 ReqQ shared,ITLB and DTLB requests sharing ReqQ,Verify fair sharing,reqq mix seq,Constrained-Random,Function Coverage,l2tlb_reqq_cg,N/A,l2tlb_random_vaddr_seq,Fair sharing,P0,mmu/rtl/mmu_l2tlb_reqq.sv,Internal,Active,,,
F3.25,L2 MB SFENCE abort,F3.25,L2TLB_MB,TC-MB-SFENCE-ABORT-001,L2 MB SFENCE abort,SFENCE while MB pending,Verify entry aborted,mb sfence seq,Directed,Function Coverage,mbuf_alloc_cg,sva_mb_fsm,tlb_inv_during_walk_vseq,MB cleared,P0,mmu/rtl/mmu_l2tlb_mb_entry.sv,Internal,Active,,,
F3.26,L2 MB dedup,F3.26,L2TLB_MB,TC-MB-DEDUP-001,L2 MB dedup,Same VA back-to-back miss dedup,Verify single MB entry,mb dedup seq,Directed,Function Coverage,mbuf_alloc_cg,N/A,l2tlb_random_vaddr_seq,Single entry,P0,mmu/rtl/mmu_l2tlb_mb.sv,Internal,Active,,,
F3.27,L2 MB FFZ bias,F3.27,L2TLB_MB,TC-MB-FFZ-BIAS-001,L2 MB FFZ alloc bias,FFZ allocation entry bias,Verify all entries used,mb ffz seq,Stress,Function Coverage,mbuf_alloc_cg,N/A,l2tlb_random_vaddr_seq,All entries used,P0,mmu/rtl/mmu_l2tlb_mb.sv,Internal,Active,,,
F3.27,L2 MB dealloc race,F3.27,L2TLB_MB,TC-MB-DEALLOC-RACE-001,L2 MB dealloc race,Concurrent dealloc/alloc,Verify uniqueness,mb race seq,Stress,Function Coverage,mbuf_alloc_cg,N/A,l2tlb_random_vaddr_seq,No double,P0,mmu/rtl/mmu_l2tlb_mb.sv,Internal,Active,,,
F3.28,L2 refill atomic,F3.28,L2TLB_REFILL,TC-REFILL-ATOMIC-001,L2 refill atomic,Refill writes one cycle atomic,Verify atomicity,refill atomic seq,SVA,Assertion,N/A,sva_refill_atomic,l2tlb_random_vaddr_seq,Atomic,P0,mmu/rtl/mmu_l2tlb.sv,Internal,Active,,,
F3.29,L2 INV refill race,F3.29,L2TLB_INV_REFILL,TC-INV-REFILL-RACE-001,L2 INV refill race,INV during refill,Verify priority,inv refill race seq,Directed,Function Coverage,mbuf_alloc_cg,sva_inv_during_refill,tlb_inv_during_walk_vseq,No stale,P0,mmu/rtl/mmu_l2tlb.sv,Internal,Active,,,
F3.30,L2 latency,F3.30,L2TLB_LATENCY,TC-L2-LATENCY-001,L2 latency profile,L2 hit/miss latency profile,Verify ranges,perf seq,Directed,Function Coverage,perf_event_cg,N/A,l2tlb_random_vaddr_seq,Ranges OK,P1,mmu/rtl/mmu_l2tlb.sv,Internal,Active,,,
F3.31,L2 arb mask,F3.31,L2TLB_ARB,TC-ARB-MASK-001,L2 arb mask,L2 arbiter mask path,Verify masking correct,arb mask seq,Directed,Function Coverage,cg_xbar_select,N/A,l2tlb_random_vaddr_seq,Mask correct,P1,mmu/rtl/mmu_arb.sv,Internal,Active,,,
F3.32,L2 arb work-conserving,F3.32,L2TLB_ARB,TC-ARB-WC-001,L2 arb work-conserving,No idle when grants available,Verify WC,arb wc seq,Directed,Function Coverage,cg_xbar_select,N/A,l2tlb_random_vaddr_seq,WC,P1,mmu/rtl/mmu_arb.sv,Internal,Active,,,
F3.32,L2 arb priority,F3.32,L2TLB_ARB,TC-ARB-PRIO-001,L2 arb priority,L2 arbiter priority chain,Verify deterministic,arb prio seq,Directed,Function Coverage,cg_xbar_select,N/A,l2tlb_random_vaddr_seq,Priority correct,P1,mmu/rtl/mmu_arb.sv,Internal,Active,,,
F3.34,L2 FPGA-ASIC equiv (RTL),F3.34,L2TLB_FPGA_ASIC,TC-FPGA-ASIC-EQ-001,L2 FPGA ASIC RTL,FPGA-ASIC RAM model equivalence (RTL),Verify equiv,fpga asic seq,Directed,Function Coverage,sram_collision_cg,sva_sram_equiv,l2tlb_base_seq,Equiv,P1,mmu/rtl/mmu_fpga_ram.sv,Internal,Active,,,
F13.10,L2 FPGA-ASIC equiv (W2R),F13.10,L2TLB_FPGA_ASIC,TC-FPGA-ASIC-EQ-002,L2 FPGA ASIC W2R,Same-cycle write-then-read FPGA vs ASIC,Verify behavior,fpga w2r seq,Directed,Function Coverage,sram_collision_cg,sva_sram_equiv,l2tlb_random_vaddr_seq,Equiv,P0,mmu/rtl/mmu_fpga_ram.sv,Internal,Active,,,
F3.35,L2 SRAM cross-bank,F3.35,L2TLB_SRAM_CROSS,TC-SRAM-CROSS-001,L2 SRAM cross-bank,Cross-bank concurrent access,Verify independence,cross seq,Directed,Function Coverage,l2tlb_bank_cg,N/A,l2tlb_random_vaddr_seq,Independent,P1,mmu/rtl/mmu_l2tlb.sv,Internal,Active,,,
F3.36,L2 valid clear post-reset,F3.36,L2TLB_RST_VLD,TC-RST-VLD-CLR-001,L2 valid clear post-reset,Valid bits cleared post-reset,Verify all-zero,reset seq,Directed,Function Coverage,sram_collision_cg,sva_no_x_after_reset,l2tlb_base_seq,All clear,P1,mmu/rtl/mmu_l2tlb.sv,Internal,Active,,,
F3.37,L2 xbar idle,F3.37,L2TLB_XBAR,TC-XBAR-IDLE-001,L2 xbar idle TWU fallback,Idle TWU fallback selection,Verify idle path,xbar idle seq,Directed,Function Coverage,cg_xbar_select,N/A,l2tlb_random_vaddr_seq,Idle correct,P1,mmu/rtl/one_to_four_xbar.sv,Internal,Active,,,
F3.37,L2 xbar abort,F3.37,L2TLB_XBAR,TC-XBAR-ABORT-001,L2 xbar abort dispatch,Abort during dispatch,Verify abort,xbar abort seq,Error-Injection,Function Coverage,cg_xbar_select,N/A,l2tlb_random_vaddr_seq,Aborted,P1,mmu/rtl/one_to_four_xbar.sv,Internal,Active,,,
F3.38,L2 LP gating,F3.38,L2TLB_LP,TC-LP-GATING-001,L2 LP gating,Low-power gating during idle,Verify gating,lp seq,Directed,Function Coverage,cg_dft,sva_icg_hold,l2tlb_base_seq,Gating OK,P2,mmu/rtl/mmu_l2tlb.sv,Internal,Active,,,
F3.39,L2 DFT SRAM,F3.39,L2TLB_DFT,TC-DFT-SRAM-001,L2 DFT SRAM,DFT path SRAM bypass,Verify DFT,dft seq,Directed,Function Coverage,cg_dft,N/A,l2tlb_base_seq,DFT correct,P2,mmu/rtl/ct_spram_wrapper.sv,Internal,Active,,,
F3.40,L2 hash distribution,F3.40,L2TLB_HASH_DIST,TC-HASH-DIST-001,L2 hash dist analysis,Hash distribution analysis,Verify uniformity,hash dist seq,Constrained-Random,Function Coverage,l2tlb_skew_hash_cg,N/A,l2tlb_random_vaddr_seq,Uniform,P2,mmu/rtl/mmu_l2tlb.sv,Internal,Active,,,
F4.13,A bit page-fault,F4.13,PTW_AD,TC-AD-A-PGFLT-001,PTW A=0 read pgflt,A=0 read trap-only no HW write-back,Verify page-fault,pte A=0 read seq,Directed,Function Coverage,pagefault_cg,sva_a_bit_pgflt,ptw_random_pte_seq,Pgflt raised,P0,mmu/rtl/ptw.sv,Sv39§4.3,Active,,,
F4.14,D bit page-fault,F4.14,PTW_AD,TC-AD-D-PGFLT-001,PTW D=0 write pgflt,D=0 write trap-only no HW write-back,Verify page-fault,pte D=0 write seq,Directed,Function Coverage,pagefault_cg,sva_d_bit_pgflt,ptw_random_pte_seq,Pgflt raised,P0,mmu/rtl/ptw.sv,Sv39§4.3,Active,,,
F4.46,A/D trap-only generic,F4.46,PTW_AD_TRAP,TC-AD-TRAP-ONLY-001,PTW A/D trap only,Trap-only A/D no auto write-back,Verify no PTE write,sva trigger,SVA,Assertion,N/A,sva_a_bit_pgflt sva_d_bit_pgflt,ptw_random_pte_seq,No PTE write,P0,mmu/rtl/ptw.sv,Internal,Active,,,
F4.23,Wakeup broadcast PTW,F4.23,PTW_WAKEUP,TC-WAKEUP-BCAST-001,PTW wakeup broadcast,PTW refill broadcasts to all waiters,Verify all wake,wakeup broadcast seq,Directed,Function Coverage,mbuf_alloc_cg,sva_wakeup_broadcast,mmu_concurrent_3pipe_vseq,All waiters wake,P0,mmu/rtl/ptw.sv,Internal,Active,,,
F4.28,TWU CSR FSM,F4.28,PTW_TWU_CSR,TC-TWU-CSR-FSM-001,TWU CSR FSM coverage,TWU CSR FSM all states,Verify all,twu fsm seq,Directed,Function Coverage,cg_twu_csr_fsm,N/A,ptw_random_pte_seq,All visited,P1,mmu/rtl/twu.sv,Internal,Active,,,
F4.29,TWU CSR refill,F4.29,PTW_TWU_CSR,TC-TWU-CSR-REFILL-001,TWU CSR refill,TWU CSR refill path,Verify refill,twu refill seq,Directed,Function Coverage,cg_twu_csr_fsm,N/A,ptw_random_pte_seq,Refill ok,P1,mmu/rtl/twu.sv,Internal,Active,,,
F4.30,TWU data ready,F4.30,PTW_TWU_DATA,TC-TWU-DATA-RDY-001,TWU data ready,TWU data_rdy handshake,Verify timing,twu data seq,Directed,Function Coverage,cg_twu_csr_fsm,N/A,ptw_random_pte_seq,Handshake ok,P1,mmu/rtl/twu.sv,Internal,Active,,,
F4.31,PMBUF FFZ,F4.31,PTW_PMBUF,TC-PMBUF-FFZ-001,PTW PMBUF FFZ alloc,ptw_mbuf 9-entry FFZ alloc,Verify all entries,ffz seq,Stress,Function Coverage,mbuf_alloc_cg,N/A,ptw_random_pte_seq,All used,P0,mmu/rtl/ptw_mbuf.sv,Internal,Active,,,
F4.32,PMBUF round-robin,F4.32,PTW_PMBUF,TC-PMBUF-RR-001,PTW PMBUF RR,ptw_mbuf round-robin among waiters,Verify fairness,rr seq,Constrained-Random,Function Coverage,mbuf_alloc_cg,N/A,ptw_random_pte_seq,Fair RR,P0,mmu/rtl/ptw_mbuf.sv,Internal,Active,,,
F4.33,PMBUF ITLB slot,F4.33,PTW_PMBUF,TC-PMBUF-ITLB-SLOT-001,PTW PMBUF ITLB slot,ITLB-reserved slot,Verify reservation,itlb slot seq,Directed,Function Coverage,mbuf_alloc_cg,N/A,ifu_random_vaddr_seq,Reserved,P0,mmu/rtl/ptw_mbuf.sv,Internal,Active,,,
F4.34,PMBUF multi-TWU,F4.34,PTW_PMBUF,TC-PMBUF-MULTI-TWU-001,PTW PMBUF multi-TWU,One PMBUF entry handled by multiple TWU one-hot,Verify one-hot,multi-twu seq,Directed,Function Coverage,mbuf_alloc_cg cg_xbar_select,N/A,ptw_random_pte_seq,One-hot ok,P0,mmu/rtl/ptw_mbuf.sv,Internal,Active,,,
F4.35,MBUF entry FSM,F4.35,PTW_MBUF_FSM,TC-MBUF-FSM-001,PTW MBUF FSM,mbuf_entry FSM all states/transitions,Verify all,mbuf fsm seq,SVA,Assertion,cg_mbuf_fsm,sva_mb_fsm,ptw_random_pte_seq,Visited,P1,mmu/rtl/mbuf_entry.sv,Internal,Active,,,
F4.36,PMBUF dedup,F4.36,PTW_PMBUF,TC-PMBUF-DEDUP-001,PTW PMBUF dedup,Same VA dedup in PMBUF,Verify single,dedup seq,Directed,Function Coverage,mbuf_alloc_cg,N/A,ptw_random_pte_seq,Single,P0,mmu/rtl/ptw_mbuf.sv,Internal,Active,,,
F4.37,PMBUF write-back fairness,F4.37,PTW_PMBUF,TC-PMBUF-WB-FAIR-001,PTW PMBUF WB fairness,Write-back fairness,Verify fair,wb fair seq,Constrained-Random,Function Coverage,mbuf_alloc_cg,N/A,ptw_random_pte_seq,Fair,P0,mmu/rtl/ptw_mbuf.sv,Internal,Active,,,
F4.38,PDE ASID stale,F4.38,PTW_PDE,TC-PDE-ASID-STALE-001,PDE ASID stale,PDE-cache hit ASID match,Verify match,pde stale seq,Directed,Function Coverage,satp_hazard_cg,sva_pde_asid_match,cp0_satp_sel_toggle_seq,Match,P0,mmu/rtl/PDE_cache.sv,Internal,Active,,,
F4.39,PDE mux,F4.39,PTW_PDE,TC-PDE-MUX-001,PDE mux selection,L1PDE/L2PDE mux,Verify mux,pde mux seq,Directed,Function Coverage,satp_hazard_cg,N/A,ptw_random_pte_seq,Mux ok,P0,mmu/rtl/L1PDE_cache.sv,Internal,Active,,,
F4.40,PDE clear,F4.40,PTW_PDE,TC-PDE-CLR-001,PDE cache clear,PDE cache clear via SFENCE,Verify clear,pde clr seq,Directed,Function Coverage,satp_hazard_cg,N/A,tlb_inv_all_seq,Cleared,P0,mmu/rtl/PDE_cache.sv,Internal,Active,,,
F4.41,pplru one-hot,F4.41,PTW_PPLRU,TC-PPLRU-ONEHOT-001,PTW pplru one-hot,pplru victim one-hot,Verify one-hot,pplru seq,SVA,Assertion,N/A,sva_pplru_onehot,ptw_random_pte_seq,One-hot,P1,mmu/rtl/pplru.sv,Internal,Active,,,
F4.42,PMBUF LSU ID/grant channel,F4.42,PTW_PMBUF_LSU,TC-PMBUF-REQ-RESP-ID-BASIC-001;TC-PMBUF-GRANT-HOLD-ADDR-ID-001,test_pmbuf_req_resp_id_basic_001;test_pmbuf_grant_hold_addr_id_001,PTW-LSU channel carries request ID and scalar grant,Verify request ID echo and grant fire semantics,ptw_mem_normal_rsp_seq + ptw_mem_grant_backpressure_seq,Directed,Assertion + Function Coverage,cp_lsu_req_fire;cp_lsu_grant_wait,PTW-SVA-LSUID-001;PTW-SVA-LSUID-003;PTW-SVA-GRANT-001;PTW-SVA-GRANT-002,ptw_mem_normal_rsp_seq;ptw_mem_grant_backpressure_seq,req ID matches MBUF entry and req&&grant creates outstanding,P0,mmu/rtl/ptw_mbuf.sv;mmu/rtl/mbuf_entry.sv,ptw_lsu_id Phase14,Active,Phase14:ptw-lsu-id,mmu_verification/testbench/test/ptw_lsu_protocol_tests/ptw_lsu_id_phase12_tests.svh,legacy TC-PMBUF-LSU-CHN-001 superseded by PTW-LSU-ID/GRANT requirements
F4.43,PMBUF OOO response by ID,F4.43,PTW_PMBUF,TC-PMBUF-OOO-RESPONSE-BY-ID-001,test_pmbuf_ooo_response_by_id_001,Multiple legal responses may return out of accept order when routed by ID,Verify completion uses response ID and source key,ptw_mem_slow_rsp_seq + ptw_mem_ooo_rsp_seq,Directed,Assertion + Function Coverage,cp_lsu_ooo_response,PTW-SVA-LSUID-004;PTW-SVA-LSUID-005,ptw_mem_ooo_rsp_seq,OOO response closes matching ID without corrupting other entry,P0,mmu/rtl/ptw_mbuf.sv;mmu/rtl/mbuf_entry.sv,ptw_lsu_id Phase14,Active,Phase14:ptw-lsu-id,mmu_verification/testbench/test/ptw_lsu_protocol_tests/ptw_lsu_id_phase12_tests.svh,legacy TC-PMBUF-MULTI-RESP-001 mandatory in-order expectation obsolete
F4.44,PMBUF ID forward progress and drain,F4.44,PTW_PMBUF,TC-PMBUF-MULTI-OUTSTANDING-ID-001;TC-PMBUF-ABORT-DRAIN-MULTI-001,test_pmbuf_multi_outstanding_id_001;test_pmbuf_abort_drain_multi_001,All-busy progress uses ID-indexed outstanding and abort drain,Verify forward progress with multiple IDs and drain completion,ptw_mem_slow_rsp_seq + mmu_sfence_during_walk_vseq,Directed + Stress,Function Coverage,cp_lsu_two_outstanding;cp_lsu_abort_drain_multi,PTW-SVA-LSUID-002;PTW-SVA-ABDRN-005,ptw_mem_slow_rsp_seq;mmu_sfence_during_walk_vseq,No deadlock with multiple IDs and drain waits all responses,P0,mmu/rtl/ptw_mbuf.sv;mmu/rtl/mbuf_entry.sv,ptw_lsu_id Phase14,Active,Phase14:ptw-lsu-id,mmu_verification/testbench/test/ptw_lsu_protocol_tests/ptw_lsu_id_phase12_tests.svh,legacy TC-PMBUF-NO-DEADLOCK-001 now backed by ID outstanding and abort-drain evidence
F4.45,TWU addr boundary,F4.45,PTW_ADDR_BND,TC-TWU-ADDR-BOUND-001,TWU addr boundary,VA/PA boundary 0/all-ones,Verify behavior,addr bound seq,Directed,Function Coverage,cg_twu_csr_fsm,N/A,ptw_random_pte_seq,Boundary ok,P2,mmu/rtl/twu.sv,Internal,Active,,,
F4.47,PTW abort before grant,F4.47,PTW_ABORT,TC-PMBUF-ABORT-BEFORE-GRANT-CANCEL-001,test_pmbuf_abort_before_grant_cancel_001,Held PTW-LSU request cancelled before grant creates no outstanding,Verify abort before grant has no response requirement,ptw_mem_grant_long_backpressure_seq + mmu_sfence_during_walk_vseq,Error-Injection,Assertion + Function Coverage,cp_lsu_abort_before_grant,PTW-SVA-GRANT-003,ptw_mem_grant_long_backpressure_seq;mmu_sfence_during_walk_vseq,held request cancelled without entry outstanding,P0,mmu/rtl/ptw_mbuf.sv;mmu/rtl/mbuf_entry.sv,ptw_lsu_id Phase14,Active,Phase14:ptw-lsu-id,mmu_verification/testbench/test/ptw_lsu_protocol_tests/ptw_lsu_id_phase12_tests.svh,legacy TC-PTW-ABORT-001 refined to grant-aware cancel semantics
F4.48,PTW abort drain with ID,F4.48,PTW_ABORT,TC-PMBUF-ABORT-DRAIN-MULTI-001;TC-PMBUF-NO-NEW-REQ-DURING-DRAIN-001,test_pmbuf_abort_drain_multi_001;test_pmbuf_no_new_req_during_drain_001,Abort keeps granted entries on until response IDs drain and blocks new requests,Verify response-ID drain no create no request no PDE update,ptw_mem_slow_rsp_seq + ptw_mem_ooo_rsp_seq + mmu_sfence_during_walk_vseq,Error-Injection,Assertion + Function Coverage,cp_lsu_abort_drain_multi;cp_lsu_abort_drain_no_req,PTW-SVA-ABDRN-002;PTW-SVA-ABDRN-003;PTW-SVA-ABDRN-004;PTW-SVA-ABDRN-005,ptw_mem_slow_rsp_seq;mmu_sfence_during_walk_vseq,drain waits all response IDs and blocks new traffic,P0,mmu/rtl/ptw_mbuf.sv;mmu/rtl/ptw.sv,ptw_lsu_id Phase14,Active,Phase14:ptw-lsu-id,mmu_verification/testbench/test/ptw_lsu_protocol_tests/ptw_lsu_id_phase12_tests.svh,legacy TC-PTW-ABORT-BCAST-001 refined to response-ID drain semantics
F4.49,PMBUF bus-error by response ID,F4.49,PTW_PMBUF,TC-PMBUF-BUS-ERROR-ROUTE-BY-ID-001,test_pmbuf_bus_error_route_by_id_001,bus-error response routes to matching MBUF ID and source key,Verify bus error no CHK and no PDE update,ptw_mem_bus_error_by_count1_seq + lsu_mapped_pipe0_rr_seq,Error-Injection,Assertion + Function Coverage,cp_lsu_buserr_by_id;cp_lsu_bus_error_no_chk,PTW-SVA-BUSERR-001;PTW-SVA-PDE-UPD-026,ptw_mem_bus_error_by_count1_seq,bus error only affects matching response ID,P0,mmu/rtl/mbuf_entry.sv;mmu/rtl/ptw_mbuf.sv,ptw_lsu_id Phase14,Active,Phase14:ptw-lsu-id,mmu_verification/testbench/test/ptw_lsu_protocol_tests/ptw_lsu_id_phase12_tests.svh,legacy TC-PMBUF-BUSERR-FAIR-001 refined to response-ID route and no-update evidence
F4.50,SATP-walk consist,F4.50,PTW_SATP,TC-SATP-WALK-CONSIST-001,SATP-walk consistency,SATP write vs in-flight walk,Verify consistency,satp walk seq,Directed,Function Coverage,satp_hazard_cg,N/A,cp0_satp_sel_toggle_seq,Consistent,P1,mmu/rtl/ptw.sv,Internal,Active,,,
F4.51,XBAR fairness,F4.51,PTW_XBAR,TC-XBAR-FAIR-001,XBAR fairness,Cross-bar fairness 4 sources,Verify fair,xbar fair seq,Stress,Function Coverage,cg_xbar_select,N/A,mmu_stress_all_ports_vseq,Fair,P1,mmu/rtl/one_to_four_xbar.sv,Internal,Active,,,
F4.51,XBAR drain,F4.51,PTW_XBAR,TC-XBAR-DRAIN-001,XBAR drain,Cross-bar drain on flush,Verify drain,xbar drain seq,Directed,Function Coverage,cg_xbar_select,N/A,mmu_stress_all_ports_vseq,Drained,P1,mmu/rtl/one_to_four_xbar.sv,Internal,Active,,,
F4.52,XBAR mask latency,F4.52,PTW_XBAR,TC-XBAR-MASK-LAT-001,XBAR mask latency,Mask change latency,Verify latency,xbar mask seq,Directed,Function Coverage,cg_xbar_select,N/A,ptw_random_pte_seq,Latency ok,P1,mmu/rtl/one_to_four_xbar.sv,Internal,Active,,,
F4.53,PTW busy consistency,F4.53,PTW_BUSY,TC-PTW-BUSY-CONSIST-001,PTW busy consistency,tlb_busy vs internal state,Verify consistent,busy seq,SVA,Assertion,N/A,sva_ptw_busy,mmu_stress_all_ports_vseq,Consistent,P1,mmu/rtl/ptw.sv,Internal,Active,,,
F4.53,PTW watchdog,F4.53,PTW_WD,TC-PTW-WATCHDOG-001,PTW watchdog timeout,Watchdog detects hang,Verify timeout,watchdog seq,Stress,Function Coverage,perf_event_cg,N/A,mmu_stress_all_ports_vseq,Timeout caught,P1,mmu/rtl/ptw.sv,Internal,Active,,,
F4.54,PMP mid-walk,F4.54,PTW_PMP_MID,TC-PMP-MIDWALK-001,PTW PMP mid-walk,PMP change during walk,Verify behavior,midwalk seq,Directed,Function Coverage,pmp_cg,N/A,ptw_random_pte_seq,Behavior defined,P1,mmu/rtl/ct_mmu_top.v,Internal,Active,,,
F4.54,SysMap mid-walk,F4.54,PTW_SYSMAP_MID,TC-SYSMAP-MIDWALK-001,PTW SysMap mid-walk,SysMap config change during walk,Verify behavior,midwalk seq,Directed,Function Coverage,sysmap_cg,N/A,ptw_random_pte_seq,Behavior defined,P1,mmu/rtl/ct_mmu_sysmap.v,Internal,Active,,,
F4.55,PTE RSW,F4.55,PTW_RSW,TC-PTE-RSW-001,PTE RSW bits ignored,PTE RSW software bits ignored by HW,Verify ignored,rsw seq,Directed,Function Coverage,ptw_walk_cg,N/A,ptw_random_pte_seq,Ignored,P2,mmu/rtl/ptw.sv,Sv39§4.3,Active,,,
F4.55,MBUF multi-level,F4.55,PTW_MULTI,TC-MBUF-MULTI-LEVEL-001,MBUF multi-level walk,Multi-level walk progress,Verify level transitions,multi-level seq,Directed,Function Coverage,ptw_walk_cg cg_mbuf_fsm,N/A,ptw_random_pte_seq,Levels visited,P1,mmu/rtl/mbuf_entry.sv,Internal,Active,,,
F4.55,CSR refill priority,F4.55,PTW_CSR_PRIO,TC-CSR-REFILL-PRIO-001,CSR refill priority,CSR refill vs normal walk priority,Verify priority,csr prio seq,Directed,Function Coverage,csr_cg,N/A,ptw_random_pte_seq,Priority ok,P1,mmu/rtl/twu.sv,Internal,Active,,,
F5.13,XBAR fallback,F5.13,XBAR_FB,TC-XBAR-FALLBACK-001,XBAR idle TWU fallback,Idle TWU fallback path,Verify fallback,fallback seq,Directed,Function Coverage,cg_xbar_select,N/A,ptw_random_pte_seq,Fallback ok,P1,mmu/rtl/one_to_four_xbar.sv,Internal,Active,,,
F5.14,XBAR dispatch abort,F5.14,XBAR_DISPATCH,TC-XBAR-DISPATCH-ABORT-001,XBAR dispatch abort,Abort during dispatch,Verify abort,dispatch abort seq,Error-Injection,Function Coverage,cg_xbar_select,N/A,lsu_abort_seq,Aborted,P1,mmu/rtl/one_to_four_xbar.sv,Internal,Active,,,
F5.11,Arb bank mask,F5.11,ARB_BANK,TC-ARB-BANK-MASK-001,Arb bank mask,Arb bank mask timing,Verify timing,bank mask seq,Directed,Function Coverage,cg_xbar_select,N/A,l2tlb_random_vaddr_seq,Timing ok,P1,mmu/rtl/mmu_arb.sv,Internal,Active,,,
F5.12,Arb BP latency,F5.12,ARB_BP,TC-ARB-BP-LAT-001,Arb back-pressure latency,Back-pressure latency,Verify latency,bp lat seq,Directed,Function Coverage,perf_event_cg,N/A,mmu_stress_all_ports_vseq,Latency ok,P1,mmu/rtl/mmu_arb.sv,Internal,Active,,,
F6.10,SysMap 8 ports,F6.10,SYSMAP_8PORT,TC-SYSMAP-8PORT-001,SysMap 8 ports,SysMap 8-port lookup independence,Verify independence,8port seq,Directed,Function Coverage,sysmap_cg,N/A,sysmap_random_seq,Independent,P1,mmu/rtl/ct_mmu_sysmap.v,Internal,Active,,,
F6.11,SysMap priority,F6.11,SYSMAP_PRIO,TC-SYSMAP-PRIO-001,SysMap priority chain,Region priority chain,Verify lowest-id wins,priority seq,Directed,Function Coverage,sysmap_cg,N/A,sysmap_random_seq,Lowest wins,P1,mmu/rtl/ct_mmu_sysmap_hit.v,Internal,Active,,,
F6.12,SysMap default flag,F6.12,SYSMAP_DEFAULT,TC-SYSMAP-DEFAULT-001,SysMap default flag,No-region default flag,Verify default,default seq,Directed,Function Coverage,sysmap_cg,N/A,sysmap_random_seq,Default applied,P1,mmu/rtl/ct_mmu_sysmap.v,Internal,Active,,,
F6.13,SysMap edge boundary,F6.13,SYSMAP_EDGE,TC-SYSMAP-EDGE-001,SysMap edge boundary,Region boundary +/- 1,Verify edge,edge seq,Directed,Function Coverage,sysmap_cg,N/A,sysmap_random_seq,Edge correct,P1,mmu/rtl/ct_mmu_sysmap_hit.v,Internal,Active,,,
F6.14,SysMap PA width,F6.14,SYSMAP_WIDTH,TC-SYSMAP-WIDTH-001,SysMap PA width,PA_WIDTH parameter,Verify,width seq,Directed,Function Coverage,sysmap_cg,N/A,sysmap_random_seq,Param correct,P2,mmu/rtl/ct_mmu_sysmap.v,Internal,Active,,,
F6.15,SysMap MEL alignment,F6.15,SYSMAP_MEL,TC-SYSMAP-MEL-ALIGN-001,SysMap MEL alignment,MEL/MEH alignment,Verify alignment,mel seq,Directed,Function Coverage,sysmap_cg,N/A,sysmap_random_seq,Alignment ok,P1,mmu/rtl/ct_mmu_sysmap.v,Internal,Active,,,
F6.16,SysMap disable,F6.16,SYSMAP_DIS,TC-SYSMAP-DISABLE-001,SysMap disable,Disable region,Verify disable,disable seq,Directed,Function Coverage,sysmap_cg,N/A,sysmap_random_seq,Disabled,P1,mmu/rtl/ct_mmu_sysmap.v,Internal,Active,,,
F6.16,SysMap align,F6.16,SYSMAP_ALN,TC-SYSMAP-ALIGN-001,SysMap region align,Region 4K aligned,Verify align,align seq,Directed,Function Coverage,sysmap_cg,N/A,sysmap_random_seq,Aligned,P1,mmu/rtl/ct_mmu_sysmap.v,Internal,Active,,,
F7.3,PMP fetch non-symmetric,F7.3,PMP_FETCH,TC-PMP-FETCH-NONSYM-001,PMP fetch non-symmetric,Only 4 fetch ports vs 8 total,Verify asymmetric,pmp fetch seq,Directed,Function Coverage,pmp_cg,sva_pmp_fetch_4ports,sysmap_random_seq,Asymmetric ok,P1,mmu/rtl/ct_mmu_top.v,Internal,Active,,,
F7.9,PMP PTW map,F7.9,PMP_PTW,TC-PMP-PTW-MAP-001,PMP PTW PA mapping,PTW PA mapped to PMP,Verify mapping,pmp ptw seq,Directed,Function Coverage,pmp_cg,N/A,ptw_random_pte_seq,Mapped,P1,mmu/rtl/ct_mmu_top.v,Internal,Active,,,
F7.10,PMP PA consistency,F7.10,PMP_PA,TC-PMP-PA-CONSIST-001,PMP PA consistency,PMP PA across pipes,Verify consistent,pmp pa seq,Directed,Function Coverage,pmp_cg,N/A,sysmap_random_seq,Consistent,P1,mmu/rtl/ct_mmu_top.v,Internal,Active,,,
F7.11,PMP independence,F7.11,PMP_INDEP,TC-PMP-INDEP-001,PMP port independence,8-port independence,Verify independent,pmp indep seq,Directed,Function Coverage,pmp_cg,N/A,sysmap_random_seq,Independent,P1,mmu/rtl/ct_mmu_top.v,Internal,Active,,,
F7.12,PMP PDE cache,F7.12,PMP_PDE,TC-PMP-PDE-CACHE-001,PMP PDE-cache PMP,PDE-cache PMP check,Verify check,pmp pde seq,Directed,Function Coverage,pmp_cg,N/A,ptw_random_pte_seq,Checked,P1,mmu/rtl/PDE_cache.sv,Internal,Active,,,
F8.2,SFENCE mix-page,F8.2,SFENCE_MIX,TC-SFENCE-MIX-PG-001,SFENCE mixed page-size,SFENCE.VMA mixed 4K/2M/1G,Verify all flushed,sfence mix seq,Directed,Function Coverage,tlb_inv_cg cg_inv_va_alias,N/A,tlb_inv_va_seq,All flushed,P0,mmu/rtl/ct_mmu_tlboper.v,Sv39§4.4.2,Active,,,
F8.16,TLBOPER counter,F8.16,TLBOPER_CNT,TC-TLBOPER-CNT-001,TLBOPER counter,Counter increment per op,Verify count,counter seq,Directed,Function Coverage,tlb_inv_cg,N/A,tlb_inv_va_seq,Counted,P1,mmu/rtl/ct_mmu_tlboper.v,Internal,Active,,,
F8.17,SFENCE B2B,F8.17,TLBOPER_B2B,TC-SFENCE-B2B-001,SFENCE back-to-back,Back-to-back SFENCE,Verify handshake,b2b seq,Directed,Function Coverage,tlb_inv_cg,N/A,tlb_inv_all_seq,Handshake ok,P1,mmu/rtl/ct_mmu_tlboper.v,Internal,Active,,,
F8.18,SFENCE abort pulse,F8.18,TLBOPER_ABT,TC-SFENCE-ABORT-PULSE-001,SFENCE abort pulse,Abort pulse handling,Verify pulse,abt pulse seq,Error-Injection,Function Coverage,tlb_inv_cg,sva_abt_protocol,tlb_inv_va_seq,Pulse ok,P1,mmu/rtl/ct_mmu_tlboper.v,Internal,Active,,,
F8.19,TLBOPER serialize,F8.19,TLBOPER_SER,TC-TLBOPER-SERIALIZE-001,TLBOPER serialize,TLBOPER serialization,Verify serialization,serialize seq,Directed,Function Coverage,tlb_inv_cg,N/A,tlb_inv_all_seq,Serialized,P1,mmu/rtl/ct_mmu_tlboper.v,Internal,Active,,,
F8.20,TLBWR FSM,F8.20,TLBOPER_WR_FSM,TC-TLBWR-FSM-001,TLBWR FSM,TLBWR write FSM,Verify all states,tlbwr seq,Directed,Function Coverage,tlb_inv_cg,N/A,tlb_inv_va_seq,All states,P1,mmu/rtl/ct_mmu_tlboper.v,Internal,Active,,,
F8.21,INVVA cross-page,F8.21,TLBOPER_INVVA_X,TC-INVVA-XPG-001,INVVA cross-page,INVVA crossing page boundary,Verify behavior,invva xpg seq,Directed,Function Coverage,cg_inv_va_alias,N/A,tlb_inv_va_seq,Behavior ok,P1,mmu/rtl/ct_mmu_tlboper.v,Internal,Active,,,
F8.22,TLBR ASID/G,F8.22,TLBOPER_ASID_G,TC-TLBR-ASID-G-001,TLBR ASID/G semantics,TLBR ASID + G-bit semantics,Verify,asid g seq,Directed,Function Coverage,tlb_inv_cg,N/A,tlb_inv_va_asid_seq,Semantics ok,P1,mmu/rtl/ct_mmu_tlboper.v,Internal,Active,,,
F9.3,CSR illegal MODE,F9.3,CSR_MODE_ILLEGAL,TC-CSR-MODE-ILLEGAL-001,CSR illegal MODE,SATP MODE!=8 silently dropped,Verify drop,illegal mode seq,Error-Injection,Function Coverage,csr_cg,sva_satp_mode_illegal,cp0_satp_sel_toggle_seq,Dropped,P0,mmu/rtl/ct_mmu_regs.v,Sv39§4.1.11,Active,,,
F9.16,CSR partial write,F9.16,CSR_PART_WR,TC-CSR-PARTIAL-WR-001,CSR partial write,SATP partial bits write,Verify behavior,partial wr seq,Directed,Function Coverage,csr_cg,N/A,cp0_satp_sel_toggle_seq,Behavior ok,P1,mmu/rtl/ct_mmu_regs.v,Internal,Active,,,
F9.17,MCIR no-op,F9.17,CSR_MCIR_NOOP,TC-MCIR-NOOP-001,MCIR no-op,MCIR no-op handling,Verify no side effect,noop seq,Directed,Function Coverage,csr_cg,N/A,cp0_satp_sel_toggle_seq,No effect,P1,mmu/rtl/ct_mmu_regs.v,Internal,Active,,,
F9.18,SATP utlb_clr,F9.18,CSR_SATP_CLR,TC-SATP-UTLB-CLR-001,SATP utlb_clr pulse,SATP write triggers utlb_clr,Verify pulse,satp clr seq,Directed,Function Coverage,satp_hazard_cg,N/A,cp0_satp_sel_toggle_seq,Pulse ok,P0,mmu/rtl/ct_mmu_regs.v,Internal,Active,,,
F9.19,MIR/MEL/MEH,F9.19,CSR_MIR,TC-MIR-MEL-MEH-001,CSR MIR/MEL/MEH,MIR/MEL/MEH register R/W,Verify R/W,mir seq,Directed,Function Coverage,csr_cg,N/A,cp0_satp_sel_toggle_seq,R/W ok,P1,mmu/rtl/ct_mmu_regs.v,Internal,Active,,,
F9.20,SATP-PTW hazard,F9.20,CSR_SATP_PTW,TC-SATP-PTW-HAZARD-001,SATP-PTW hazard,SATP write during PTW,Verify hazard,satp ptw seq,Directed,Function Coverage,satp_hazard_cg,N/A,cp0_satp_sel_toggle_seq,Hazard handled,P0,mmu/rtl/ct_mmu_regs.v,Internal,Active,,,
F9.21,CSR TLBOPER hazard,F9.21,CSR_TLBOPER,TC-CSR-TLBOPER-HAZARD-001,CSR TLBOPER hazard,CSR write during TLBOPER,Verify hazard,csr tlboper seq,Directed,Function Coverage,satp_hazard_cg,N/A,tlb_inv_during_walk_vseq,Hazard handled,P1,mmu/rtl/ct_mmu_regs.v,Internal,Active,,,
F9.21,MPRV mux,F9.21,CSR_MPRV,TC-MPRV-MUX-001,MPRV mux,MPRV bit privilege mux,Verify mux,mprv seq,Directed,Function Coverage,csr_cg,N/A,cp0_satp_sel_toggle_seq,Mux ok,P1,mmu/rtl/ct_mmu_top.v,Internal,Active,,,
F9.22,CSR reset default,F9.22,CSR_RST,TC-CSR-RST-DEFAULT-001,CSR reset default,All CSR post-reset defaults,Verify defaults,reset seq,Directed,Function Coverage,csr_cg,N/A,cp0_csr_init_seq,Defaults ok,P1,mmu/rtl/ct_mmu_regs.v,Internal,Active,,,
F10.15,MMU EN dual,F10.15,TOP_MMU_EN,TC-MMU-EN-DUAL-001,MMU EN dual signals,mmu_lsu_mmu_en vs mmu_xx_mmu_en consistency,Verify consist,mmu_en seq,Directed,Function Coverage,attr_propagation_cg,sva_mmu_en_consist,cp0_satp_sel_toggle_seq,Consistent,P0,mmu/rtl/ct_mmu_top.v,Internal,Active,,,
F10.16,Debug info,F10.16,TOP_DBG,TC-DBG-INFO-001,MMU debug info,had_debug_info[33:0] bit decode,Verify decode,dbg seq,Directed,Function Coverage,perf_event_cg,N/A,mmu_random_seq,Decode ok,P1,mmu/rtl/ct_mmu_top.v,Internal,Active,,,
F10.17,IFU abt mid-miss,F10.17,TOP_IFU_ABT,TC-IFU-ABT-MIDMISS-001,IFU abort mid-miss,IFU abort during L1 miss,Verify abort proto,ifu abt seq,Error-Injection,Function Coverage,perf_event_cg,sva_abt_protocol,ifu_abort_seq,Proto ok,P1,mmu/rtl/ct_mmu_top.v,Internal,Active,,,
F10.17,LSU abt in-flight,F10.17,TOP_LSU_ABT,TC-LSU-ABT-INFLIGHT-001,LSU abort in-flight,LSU abort during L2 refill,Verify clear,lsu abt seq,Error-Injection,Function Coverage,cg_mbuf_fsm,sva_abt_protocol,lsu_abort_seq,Cleared,P1,mmu/rtl/ct_mmu_top.v,Internal,Active,,,
F10.18,STAMO bypass,F10.18,TOP_STAMO,TC-STAMO-BYPASS-001,STAMO bypass,STAMO bypass to PA,Verify bypass,stamo seq,Directed,Function Coverage,attr_propagation_cg,sva_stamo_bypass,lsu_stamo_seq,Bypass ok,P0,mmu/rtl/mmu_l1dtlb_hit_rd.sv,Internal,Active,,,
F10.19,Pipe2 attr,F10.19,TOP_PIPE2,TC-PIPE2-ATTR-001,Pipe2 attr subset,Pipe2 only sec/share,Verify subset,pipe2 seq,Directed,Function Coverage,attr_propagation_cg,N/A,lsu_random_vaddr_seq,Subset ok,P1,mmu/rtl/ct_mmu_top.v,Internal,Active,,,
F10.20,VABUF protocol,F10.20,TOP_VABUF,TC-VABUF-PROTO-001,VABUF protocol,lsu_mmu_vabuf 28-bit,Verify protocol,vabuf seq,Directed,Function Coverage,attr_propagation_cg,N/A,lsu_random_vaddr_seq,Proto ok,P2,mmu/rtl/mmu_l1dtlb.sv,Internal,Active,,,
F10.21,3-pipe miss,F10.21,TOP_3PIPE,TC-3PIPE-MISS-001,3-pipe concurrent miss,IFU+LSU0+LSU1 miss same cycle,Verify handling,3pipe seq,Stress,Function Coverage,mbuf_alloc_cg,N/A,mmu_concurrent_3pipe_vseq,Handled,P1,mmu/rtl/ct_mmu_top.v,Internal,Active,,,
F10.21,Credit deadlock,F10.21,TOP_CREDIT,TC-CREDIT-DEADLOCK-001,Credit deadlock guard,Credit/MB worst-case stress,Verify no deadlock,credit deadlock seq,Stress,Function Coverage,mbuf_alloc_cg,N/A,mmu_stress_all_ports_vseq,No deadlock,P1,mmu/rtl/mmu_l1dtlb.sv,Internal,Active,,,
F10.22,Exception priority,F10.22,TOP_EXC_PRIO,TC-EXC-PRIO-001,Multi-exception priority,Concurrent exception priority,Verify priority,exc seq,Error-Injection,Function Coverage,pagefault_cg,sva_exc_priority,mmu_error_rain_vseq,Priority ok,P1,mmu/rtl/ct_mmu_top.v,Internal,Active,,,
F11.9,HPCP pulse,F11.9,HPCP_PULSE,TC-HPCP-PULSE-001,HPCP pulse width,Miss pulse width 1 cycle,Verify pulse,hpcp pulse seq,SVA,Assertion,cg_hpcp,N/A,mmu_random_seq,Pulse ok,P1,mmu/rtl/ct_mmu_top.v,Internal,Active,,,
F11.12,HPCP jtlb def,F11.12,HPCP_JTLB,TC-HPCP-JTLB-DEF-001,HPCP jtlb_miss def,jtlb_miss = L2 only,Verify def,hpcp jtlb seq,Directed,Function Coverage,cg_hpcp,N/A,mmu_random_seq,Def ok,P1,mmu/rtl/ptw.sv,Internal,Active,,,
F11.13,HPCP concurrent,F11.13,HPCP_CONC,TC-HPCP-CONCUR-001,HPCP concurrent miss,Concurrent miss not lost,Verify accuracy,hpcp conc seq,Stress,Function Coverage,cg_hpcp,N/A,mmu_concurrent_3pipe_vseq,Accurate,P1,mmu/rtl/ct_mmu_top.v,Internal,Active,,,
F11.14,HPCP stress,F11.14,HPCP_STRESS,TC-HPCP-STRESS-001,HPCP stress accuracy,High-pressure miss accuracy,Verify accuracy,hpcp stress seq,Stress,Function Coverage,cg_hpcp,N/A,mmu_stress_all_ports_vseq,Accurate,P2,mmu/rtl/ct_mmu_top.v,Internal,Active,,,
F11.10,DUTLB dbg state,F11.10,HPCP_DBG,TC-DUTLB-DBG-ST-001,DUTLB debug state,dutlb_top_ref_cur_st[2:0] enc,Verify enc,dutlb dbg seq,Directed,Function Coverage,perf_event_cg,N/A,mmu_random_seq,Enc ok,P2,mmu/rtl/mmu_l1dtlb.sv,Internal,Active,,,
F11.11,TWU port map,F11.11,HPCP_TWU_PORT,TC-TWU-PORT-MAP-001,TWU port map,TWU 6-port vs 4 TWU mapping,Verify mapping,port map seq,Directed,Function Coverage,cg_xbar_select,N/A,ptw_random_pte_seq,Mapping ok,P2,mmu/rtl/ptw.sv,Internal,Active,,,
F12.6,DFT scan,F12.6,DFT_SCAN,TC-DFT-SCAN-001,DFT scan integration,Scan chain integration,Verify scan,scan seq,Directed,Function Coverage,cg_dft,N/A,dft_scan_seq,Scan ok,P2,mmu/rtl/ct_spram_wrapper.sv,Internal,Active,,,
F12.7,DFT BIST,F12.7,DFT_BIST,TC-DFT-BIST-001,DFT BIST,BIST signals,Verify BIST,bist seq,Directed,Function Coverage,cg_dft,N/A,dft_bist_seq,BIST ok,P2,mmu/rtl/ct_spsram_256x196.v,Internal,Active,,,
F12.8,ICG latch,F12.8,DFT_ICG,TC-ICG-LATCH-001,ICG latch hold,cp0_mmu_icg_en latch hold,Verify hold,icg seq,SVA,Assertion,cg_dft,sva_icg_hold,mmu_power_gating_vseq,Hold ok,P1,mmu/rtl/mmu_l1dtlb.sv,Internal,Active,,,
F13.9,SRAM rst valid,F13.9,RST_SRAM_VLD,TC-SRAM-RST-VALID-001,SRAM reset valid,SRAM macro no reset valid clear ext FF,Verify no X,reset seq,SVA,Assertion,sram_collision_cg,sva_no_x_after_reset,mmu_reset_seq,No X,P0,mmu/rtl/ct_spsram_256x196.v,Internal,Active,,,
F13.11,Reset sequence,F13.11,RST_SEQ,TC-RST-SEQ-001,Reset release sequence,SysMap/PMP/L2/PTW startup order,Verify order,reset order seq,Directed,Function Coverage,perf_event_cg,sva_reset_order,mmu_reset_seq,Order ok,P1,mmu/rtl/ct_mmu_top.v,Internal,Active,,,
F13.12,Reset mid-walk,F13.12,RST_MID,TC-RST-MIDWALK-001,Reset mid-walk,Reset during PTW walk,Verify clean,mid walk reset seq,Error-Injection,Function Coverage,cg_mbuf_fsm,N/A,mmu_reset_midtransaction_vseq,Clean,P1,mmu/rtl/ptw.sv,Internal,Active,,,
F13.12,Reset MB clear,F13.12,RST_MB,TC-RST-MB-CLR-001,Reset MB clear,MB entries cleared on reset,Verify clear,reset mb seq,Directed,Function Coverage,cg_mbuf_fsm,N/A,mmu_reset_seq,Cleared,P1,mmu/rtl/mmu_l1dtlb.sv,Internal,Active,,,
F14.14,Bypass attr default,F14.14,BYP_ATTR,TC-BYPASS-ATTR-001,Bypass mode attr,Bypass mode attribute defaults,Verify defaults,bypass seq,Directed,Function Coverage,attr_propagation_cg,N/A,cp0_satp_sel_toggle_seq,Defaults ok,P0,mmu/rtl/mmu_l1dtlb.sv,Internal,Active,,,
F14.15,SATP hotswap,F14.15,SATP_HOT,TC-SATP-HOTSWAP-001,SATP hotswap,SATP hotswap utlb_clr,Verify behavior,hotswap seq,Directed,Function Coverage,satp_hazard_cg,N/A,cp0_satp_sel_toggle_seq,Behavior ok,P0,mmu/rtl/ct_mmu_regs.v,Internal,Active,,,
F14.16,Priv race,F14.16,PRIV_RACE,TC-PRIV-RACE-001,Privilege race,Priv switch vs in-flight,Verify race,priv race seq,Directed,Function Coverage,satp_hazard_cg,sva_priv_race,cp0_satp_sel_toggle_seq,Race handled,P1,mmu/rtl/ct_mmu_top.v,Internal,Active,,,
F14.17,CSR cmplt proto,F14.17,CSR_CMPLT,TC-CSR-CMPLT-PROTO-001,CSR cmplt protocol,mmu_cp0_cmplt/tlb_done timing,Verify timing,csr cmplt seq,SVA,Assertion,csr_cg,sva_csr_handshake,cp0_satp_sel_toggle_seq,Timing ok,P1,mmu/rtl/ct_mmu_regs.v,Internal,Active,,,
F14.17,Bad VPN cond,F14.17,BAD_VPN,TC-BADVPN-COND-001,Bad VPN condition,bad_vpn trigger condition,Verify cond,bad vpn seq,Directed,Function Coverage,csr_cg,N/A,ifu_pagefault_trigger_seq,Cond ok,P1,mmu/rtl/ct_mmu_regs.v,Internal,Active,,,
F14.18,PTW LSU proto,F14.18,PTW_LSU_PROTO,TC-PTW-LSU-PROTO-001,PTW LSU protocol,mmu_lsu_data_req protocol,Verify proto,ptw lsu proto seq,SVA,Assertion,cg_xbar_select,sva_ptw_lsu_chn,ptw_random_pte_seq,Proto ok,P0,mmu/rtl/ct_mmu_top.v,Internal,Active,,,
F14.19,Param wrap,F14.19,PARAM_WRAP,TC-PARAM-WRAP-001,Parameter wrap,MB_DEPTH/CREDIT wrap,Verify wrap,param wrap seq,Constrained-Random,Function Coverage,mbuf_alloc_cg,sva_credit_wrap,lsu_random_vaddr_seq,Wrap ok,P1,mmu/rtl/mmu_l1dtlb.sv,Internal,Active,,,
F14.19,Age compare,F14.19,AGE_CMP,TC-AGE-CMP-001,Age compare,Age underflow/wrap,Verify compare,age seq,Constrained-Random,Function Coverage,mbuf_alloc_cg,N/A,lsu_random_vaddr_seq,Compare ok,P1,mmu/rtl/mmu_l1dtlb.sv,Internal,Active,,,
F14.19,ASID protocol,F14.19,ASID_PROTO,TC-ASID-PROTO-001,ASID protocol,SATP ASID switch auto-flush vs manual,Verify proto,asid proto seq,Directed,Function Coverage,satp_hazard_cg,N/A,cp0_satp_sel_toggle_seq,Proto ok,P1,mmu/rtl/ct_mmu_top.v,Internal,Active,,,
F14.20,MB bypass priority,F14.20,MB_BYP_PRIO,TC-MB-BYPASS-PRIO-001,MB bypass priority,MB empty bypass priority,Verify priority,mb bypass seq,Directed,Function Coverage,mbuf_alloc_cg,N/A,lsu_random_vaddr_seq,Priority ok,P1,mmu/rtl/mmu_l1dtlb_scheduler.sv,Internal,Active,,,
F14.20,Dual hit PLRU,F14.20,DUAL_PLRU,TC-DUAL-HIT-PLRU-001,Dual hit PLRU,Dual-port hit PLRU race,Verify PLRU,dual plru seq,Directed,Function Coverage,dtlb_cg,N/A,lsu_pipe01_concurrent_seq,PLRU ok,P1,mmu/rtl/ct_mmu_dplru.v,Internal,Active,,,
# ============================================================================================================================================================================================================,,,,,,,,,,,,,,,,,,,,,
# === v3.0 Final Gap/BUG Addendum (aligned with MMU_VerificationPlan_v3.md + plan_v1/v2/v3) ==================================================================================================================,,,,,,,,,,,,,,,,,,,,,
# ============================================================================================================================================================================================================,,,,,,,,,,,,,,,,,,,,,
# --- Section v3.A: Errata-Downgraded TCs (6 false-positives from v2.0 -> Functional P1, positive-protection SVA retained) -----------------------------------------------------------------------------------,,,,,,,,,,,,,,,,,,,,
F4.NEW.2,TWU cross-stage fetch_type (errata),F4.NEW.2,TWU_CROSS_STAGE_FETCH_TYPE,TC-BUG-001,TWU fst/scd/thd fetch_type use correctness,scd/thd use their own *_pmp_fetch_type; verify positive coverage (no reuse of fst_pmp_fetch_type across stages),Verify correct per-stage fetch_type usage,twu_multi_stage_seq,Functional,Function Coverage,cg_twu_stage_cross,N/A,twu_multi_stage_seq,No cross-stage misuse,P1,mmu/rtl/twu.sv#L1175,Internal v3,Functional,Phase11:positive_guard,mmu_v3_regression_list,test_name=test_bug_001_twu_fst_fetch_type; seed_policy=phase11_v3_regression:94201-94203; owner=B; review_mode=A+B; xfail_required=0; blocked_reason=
F4.NEW.3,thd_chk A-bit positive guard (errata),F4.NEW.3,TWU_THD_A_BIT,TC-BUG-002,thd_chk A-bit page_fault detection 4K/2M/1G,thd_chk must be leaf; A=0 triggers pgflt via thd_chk_page_flt for 4K/2M/1G; positive protection via SVA,Verify A-bit check fires pgflt on all leaf sizes,twu_a_bit_violation_seq,Functional,Assertion,N/A,sva_thd_a_bit_pgflt,twu_a_bit_violation_seq,pgflt on A=0 leaf,P1,mmu/rtl/twu.sv,Internal v3,Functional,Phase11:positive_guard,mmu_v3_regression_list,test_name=test_bug_002_thd_chk_4k_a_bit; seed_policy=phase11_v3_regression:94201-94203; owner=B; review_mode=A+B; xfail_required=0; blocked_reason=
F4.NEW.1,Leaf refill + PDE cache update separation (errata),F4.NEW.1,TWU_LEAF_REFILL,TC-BUG-003,thd_chk_refill_req vs mbuf_cache_upd non-leaf restriction,thd_chk is leaf; refill_req may fire whenever no exception; mbuf_cache_upd non-leaf-only restricts PDE cache content only; positive guard via SVA,Verify PDE cache never polluted by leaf PTEs,twu_leaf_refill_seq,Functional,Assertion,cg_pde_leaf_nonleaf,sva_pde_nonleaf_upd,twu_leaf_refill_seq,No leaf PTE enters PDE cache,P1,mmu/rtl/twu.sv mmu/rtl/ptw_mbuf.sv,Internal v3,Functional,Phase11:positive_guard,mmu_v3_regression_list,test_name=test_bug_003_thd_chk_leaf_refill; seed_policy=phase11_v3_regression:94201-94203; owner=B; review_mode=A+B; xfail_required=0; blocked_reason=
F5.NEW.1,mmu_arb bank mask literal (errata -> positive coverage),F5.NEW.1,ARB_BANK_MASK,TC-BUG-004,mmu_arb bank_sel 8'b literal coverage,mmu_arb.sv#L142 uses full 8'b00110011 literal; positive coverage of bank_sel modes,Verify bank_sel covers all mask modes,arb_bank_mask_seq,Functional,Function Coverage,cg_bank_sel_mask,N/A,arb_bank_mask_seq,All mask modes covered,P1,mmu/rtl/mmu_arb.sv#L142,Internal v3,Functional,Phase11:positive_guard,mmu_v3_regression_list,test_name=test_bug_004_mmu_arb_bank_mask; seed_policy=phase11_v3_regression:94201-94203; owner=B; review_mode=A+B; xfail_required=0; blocked_reason=
# --- Section v3.B: Real-Bug TCs (confirmed defects; priority upgraded P1 -> P0; BUG_HUNT; blocked waiting RTL fix) -------------------------------------------------------------------------------------------,,,,,,,,,,,,,,,,,,,,,
F3.4,L2 raw_vld && gating (real bug),F3.4,L2_RAW_VLD_AND_GATE,TC-BUG-005,L2 raw_vld must AND not OR,mmu_l2tlb.sv#L456 raw_vld = pipe_vld || ptw_req should be &&; OR lets PTW read/write enter tag compare hit pipeline,Verify PTW writes do not trigger false tag hit,l2_raw_vld_seq,BUG_HUNT,Assertion,N/A,sva_raw_vld_and_gate,l2_raw_vld_seq,No false hit on PTW write,P0,mmu/rtl/mmu_l2tlb.sv#L456,Internal v3,Blocked-Waiting-RTL-Fix,Phase11:bug_hunt,mmu_bug_hunt_list|mmu_v3_regression_list,test_name=test_bug_005_l2_raw_vld_and_gate; seed_policy=phase11_bug_hunt:manual; owner=B; review_mode=A+B; xfail_required=1; blocked_reason=real RTL defect; needs xfail handling
F3.5,L2 arb_l2tlb_is_dtlb store type (real bug),F3.5,L2_IS_DTLB_STORE,TC-BUG-006,arb_l2tlb_is_dtlb store 3'b110 path,mmu_l2tlb.sv#L512 duplicates 3'b010 twice and misses store 3'b110; store requests mis-routed,Verify load(010) and store(110) both set is_dtlb,l2_dtlb_type_seq,BUG_HUNT,Function Coverage,cg_l2_store_dtlb_tag,sva_l2_is_dtlb_match,l2_dtlb_type_seq,Both load and store dtlb paths active,P0,mmu/rtl/mmu_l2tlb.sv#L512,Internal v3,Blocked-Waiting-RTL-Fix,Phase11:bug_hunt,mmu_bug_hunt_list|mmu_v3_regression_list,test_name=test_bug_006_l2_is_dtlb_store; seed_policy=phase11_bug_hunt:manual; owner=B; review_mode=A+B; xfail_required=1; blocked_reason=real RTL defect; needs xfail handling
F3.NEW.1,RRPV post-INV state (real bug),F3.NEW.1,RRPV_POST_INV,TC-BUG-007,SFENCE INVVA RRPV reset,mmu_l2tlb_replacement_policy.sv: invalidated entry RRPV not cleared after SFENCE; stale RRPV pollutes next victim,Verify RRPV cleared / entry marked invalid after INV,sfence_rrpv_seq,BUG_HUNT,Assertion,cg_rrpv_post_inv,sva_rrpv_inv_state,sfence_rrpv_seq,RRPV state clean post-INV,P0,mmu/rtl/mmu_l2tlb_replacement_policy.sv,Internal v3,Blocked-Waiting-RTL-Fix,Phase11:bug_hunt,mmu_bug_hunt_list|mmu_v3_regression_list,test_name=test_bug_007_rrpv_post_inv; seed_policy=phase11_bug_hunt:manual; owner=B; review_mode=A+B; xfail_required=1; blocked_reason=real RTL defect; needs xfail handling
F12.NEW.1,PPLRU entry0 first hit (real bug),F12.NEW.1,PPLRU_ENTRY0_FIRST_HIT,TC-BUG-008,PPLRU entry 0 first hit update,pplru.sv entry 0 hit_num_flop==0 causes PLRU tree skip-update on first hit to entry 0 after reset,Verify PLRU updates on first hit to entry 0 after reset,pplru_entry0_seq,BUG_HUNT,Assertion,N/A,sva_pplru_entry0_first_hit,pplru_entry0_seq,PLRU updates on first hit,P0,mmu/rtl/pplru.sv,Internal v3,Blocked-Waiting-RTL-Fix,Phase11:bug_hunt,mmu_bug_hunt_list|mmu_v3_regression_list,test_name=test_bug_008_pplru_entry0_first_hit; seed_policy=phase11_bug_hunt:manual; owner=B; review_mode=A+B; xfail_required=1; blocked_reason=real RTL defect; needs xfail handling
# --- Section v3.C: Deleted TCs (v2.0 judgments falsified; numbers kept as gap placeholders) ------------------------------------------------------------------------------------------------------------------,,,,,,,,,,,,,,,,,,,,,
# DELETED_v3: TC-BUG-009 removed - twu.sv CSR Arbiter case is 2'b01/2'b10, no duplicate. Number retained as gap for traceability.,,,,,,,,,,,,,,,,,,,,
# DELETED_v3: TC-BUG-010 removed - twu.sv#L1040 already has else ptw_nxt_st = TWU_IDLE closing branch, no latch inferred. Number retained as gap for traceability.,,,,,,,,,,,,,,,,,,,,
# --- Section v3.D: New P0/P1/P2 Bugs Discovered in v3 RTL Re-review --------------------------------------------------------------------------------------------------------------------------------------------,,,,,,,,,,,,,,,,,,,,,
F4.NEW.4,TWU 2M CSR cross branch duplication (real P0 high-risk R19),F4.NEW.4,TWU_2M_CSR_CROSS,TC-BUG-011,TWU 2MB CSR cross csr_data_flop shift update,twu.sv#L1128-L1133 else if(twu_crs2_1g && twu_csr_cross) duplicated; 2nd line should be twu_crs2_2m && twu_csr_cross. 2MB huge page CSR cross case csr_data_flop not shift-updated; later CSR refill uses stale data. Independent JIRA ticket.,Verify 2MB CSR cross triggers csr_data_flop update,twu_2m_csr_cross_seq,BUG_HUNT,Assertion,cg_twu_2m_csr_cross,sva_twu_2m_cross_data,twu_2m_csr_cross_seq,csr_data_flop updated on 2M cross,P0,mmu/rtl/twu.sv#L1128-L1133,Internal v3,Blocked-Waiting-RTL-Fix,Phase11:bug_hunt,commented_out,test_name=test_bug_011_twu_2m_csr_cross; seed_policy=phase11_r19_gate:blocked; owner=B; review_mode=A+B; xfail_required=1; blocked_reason=R19 open; keep out of runnable lists until closure
F4.NEW.5,TWU CSR grant onehot (P1 blind spot),F4.NEW.5,TWU_CSR_GRANT_ONEHOT,TC-BUG-012,TWU_IDLE csr_grant onehot guarantee,twu.sv#L1052-L1063 TWU_IDLE tests csr_grant bit[1]/bit[0] sequentially; anomalous arbiter 2'b11 biases to 1G branch; need onehot SVA,Verify csr_grant never simultaneously 2'b11,twu_csr_grant_seq,BUG_HUNT,Assertion,N/A,sva_csr_grant_onehot,twu_csr_grant_seq,csr_grant onehot,P1,mmu/rtl/twu.sv#L1052-L1063,Internal v3,Planned,Phase11:bug_hunt,mmu_bug_hunt_list|mmu_v3_regression_list,test_name=test_bug_012_csr_grant_onehot; seed_policy=phase11_bug_hunt:manual; owner=B; review_mode=A+B; xfail_required=0; blocked_reason=
F5.NEW.2,Arb PTW write pipe reset race (P1 blind spot),F5.NEW.2,ARB_PTW_WR_RESET,TC-BUG-013,arb_ptw_grant -> ptw_write_req1/req2 reset safety,mmu_arb.sv#L180-L235 two-beat pipe: if reset / ptw_xx_cmplt arrives mid-flight may produce SRAM stale write,Verify reset clears both write_req1/req2 without stale write,arb_ptw_reset_race_seq,BUG_HUNT,Assertion,N/A,sva_ptw_write_pipe_reset_safe,arb_ptw_reset_race_seq,No stale SRAM write on reset,P1,mmu/rtl/mmu_arb.sv#L180-L235,Internal v3,Planned,Phase11:bug_hunt,mmu_bug_hunt_list|mmu_v3_regression_list,test_name=test_bug_013_ptw_write_pipe_reset; seed_policy=phase11_r20_focus:94301-94310; owner=B; review_mode=A+B; xfail_required=0; blocked_reason=R20 focused seed gate
F5.NEW.3,Xbar cold-start TWU0 bias (P1 blind spot),F5.NEW.3,XBAR_COLD_START,TC-BUG-014,one_to_four_xbar twu_req_point_r reset initial,one_to_four_xbar.sv#L100-L115: twu_req_point_r reset init 4'b0001 causes cold-start first requests biased to TWU0,Verify first 16 PDE_xbar_req distribution,xbar_cold_start_seq,BUG_HUNT,Function Coverage,cg_xbar_cold_start,N/A,xbar_cold_start_seq,TWU0..3 distribution fair,P1,mmu/rtl/one_to_four_xbar.sv#L100-L115,Internal v3,Planned,Phase11:bug_hunt,mmu_bug_hunt_list|mmu_v3_regression_list,test_name=test_bug_014_xbar_cold_start; seed_policy=phase11_r20_focus:94301-94310; owner=B; review_mode=A+B; xfail_required=0; blocked_reason=R20 focused seed gate
F8.NEW.2,Legacy INVVA FSM comment residue (P2 doc),F8.NEW.2,INVVA_LEGACY_FSM_DOC,TC-BUG-015,14-state INVVA FSM comment cleanup,ct_mmu_tlboper.v#L685-L730 original 14-state INVVA FSM comment residue (replaced by single-pass). Non-sim TC - code review tracking only.,Code review tracking,N/A,DOC_REVIEW,N/A,N/A,N/A,N/A,Reviewed and cleaned,P2,mmu/rtl/ct_mmu_tlboper.v#L685-L730,Internal v3,DOC_REVIEW,Phase11:doc_review,doc_only,test_name=-; seed_policy=doc_only; owner=B; review_mode=A+B; xfail_required=0; blocked_reason=non-runnable documentation review item
# --- Section v3.E: F4.42a/b/c PTW->LSU LSU-ID/grant compatibility rows for legacy wrappers -----------------------------------------------------------------------------------------------,,,,,,,,,,,,,,,,,,,,,
F4.42a,PTW->LSU multi-outstanding by ID compatibility,F4.42a,PMBUF_MULTI_OUTSTANDING_ID_COMPAT,TC-PMBUF-MULTI-OUTSTANDING-ID-COMPAT-001,test_pmbuf_serial_outstanding_001,Legacy serial wrapper redirects to multi outstanding by ID compatibility,Verify two or more legal outstanding IDs and no duplicate same ID,ptw_mem_slow_rsp_seq ptw_mem_max_outstanding_seq,Functional,Assertion + Function Coverage,cp_lsu_two_outstanding,PTW-SVA-LSUID-002,ptw_mem_max_outstanding_seq,multi outstanding legal by different ID,P0,mmu/rtl/ptw_mbuf.sv;mmu/rtl/mbuf_entry.sv,ptw_lsu_id Phase14,Active,Phase14:legacy-wrapper,compile-visible legacy wrapper only,test_name=test_pmbuf_serial_outstanding_001; alias_of=test_pmbuf_multi_outstanding_id_001; active_regression=0; old single-outstanding expected obsolete
F4.42a,PTW->LSU grant hold addr ID stability compatibility,F4.42a,PMBUF_GRANT_HOLD_ADDR_ID_COMPAT,TC-PMBUF-GRANT-HOLD-ADDR-ID-COMPAT-001,test_pmbuf_addr_stable_001,Legacy address-stability wrapper redirects to grant hold addr ID size stability,Verify held request fields stay stable until scalar grant,ptw_mem_grant_backpressure_seq,Functional,Assertion + Function Coverage,cp_lsu_grant_wait,PTW-SVA-GRANT-001,ptw_mem_grant_backpressure_seq,addr ID size stable during grant wait,P0,mmu/rtl/ptw_mbuf.sv;mmu/rtl/mbuf_entry.sv,ptw_lsu_id Phase14,Active,Phase14:legacy-wrapper,compile-visible legacy wrapper only,test_name=test_pmbuf_addr_stable_001; alias_of=test_pmbuf_grant_hold_addr_id_001; active_regression=0; old until-vld wording replaced by until-grant
F4.42b,PTW->LSU request response ID echo compatibility,F4.42b,PMBUF_REQ_RSP_ID_COMPAT,TC-PMBUF-REQ-RESP-ID-BASIC-COMPAT-001,test_pmbuf_no_tag_001,Legacy no-tag wrapper redirects to request and response ID route,Verify request ID echo and response ID match,ptw_mem_normal_rsp_seq,Assertion,Assertion + Function Coverage,cp_lsu_req_fire;cp_lsu_rsp_id_match,PTW-SVA-LSUID-001;PTW-SVA-LSUID-004,ptw_mem_normal_rsp_seq,req/rsp ID observed and matched,P0,mmu/rtl/ptw_mbuf.sv;mmu/rtl/mbuf_entry.sv,ptw_lsu_id Phase14,Active,Phase14:legacy-wrapper,compile-visible legacy wrapper only,test_name=test_pmbuf_no_tag_001; alias_of=test_pmbuf_req_resp_id_basic_001; active_regression=0; old no-tag expected obsolete
F4.42b,PTW->LSU in-order subset by ID compatibility,F4.42b,PMBUF_INORDER_RESP_ID_COMPAT,TC-PMBUF-INORDER-RESP-ID-COMPAT-001,test_pmbuf_inorder_resp_001,Legacy in-order wrapper redirects to legal in-order subset of ID-routed responses,Verify in-order response still matches by response ID,ptw_mem_normal_rsp_seq,Assertion,Assertion + Function Coverage,cp_lsu_rsp_id_match,PTW-SVA-LSUID-004;PTW-SVA-LSUID-005,ptw_mem_normal_rsp_seq,response matches rsp_id and does not imply strict global order,P0,mmu/rtl/ptw_mbuf.sv;mmu/rtl/mbuf_entry.sv,ptw_lsu_id Phase14,Active,Phase14:legacy-wrapper,compile-visible legacy wrapper only,test_name=test_pmbuf_inorder_resp_001; alias_of=test_pmbuf_req_resp_id_basic_001; active_regression=0; OOO closure is PTW-LSU-MULTI-002
F4.42c,PTW->LSU grant hold ptr ID compatibility,F4.42c,PMBUF_PTR_HOLD_ID_COMPAT,TC-PMBUF-GRANT-HOLD-PTR-ID-COMPAT-001,test_pmbuf_ptr_hold_001,Legacy ptr-hold wrapper redirects to grant-held request pointer and ID stability,Verify selected request pointer and ID hold stable while grant is low,ptw_mem_grant_backpressure_seq,Assertion,Assertion + Function Coverage,cp_lsu_grant_wait,PTW-SVA-GRANT-001,ptw_mem_grant_backpressure_seq,held request pointer and ID stable before grant,P1,mmu/rtl/ptw_mbuf.sv;mmu/rtl/mbuf_entry.sv,ptw_lsu_id Phase14,Active,Phase14:legacy-wrapper,compile-visible legacy wrapper only,test_name=test_pmbuf_ptr_hold_001; alias_of=test_pmbuf_grant_hold_addr_id_001; active_regression=0; old pointer-only wording expanded to ID grant hold
# --- Section v3.F: Supporting Covergroup / Interface / FSM Errata Rows -----------------------------------------------------------------------------------------------------------------------------------------,,,,,,,,,,,,,,,,,,,,,
F2.3a,DTLB MB FSM WFG bypass path,F2.3a,DTLB_MB_FSM_WFG_BYPASS,TC-MB-WFG-BYPASS-001,MB Entry IDLE->WFC bypass (alloc_vld & issue_grant),MB Entry FSM 7 states include WFG; alloc_vld with simultaneous issue_grant bypasses WFG directly to WFC,Verify bypass path reaches WFC without WFG,mb_wfg_bypass_seq,Directed,Function Coverage,cg_mb_fsm_wfg,N/A,mb_wfg_bypass_seq,Bypass hit; WFC reached,P1,mmu/rtl/mbuf_entry.sv mmu/rtl/mmu_l1dtlb_mb_entry.sv,Internal v3,Planned,,,
F2.3b,DTLB MB FSM WFG grant+abort race,F2.3b,DTLB_MB_FSM_WFG_ABT,TC-MB-WFG-ABT-001,MB Entry WFG grant+abort same-cycle to ABT,WFG state sees grant and abort at the same cycle; must transition to ABT path cleanly,Verify WFG->ABT transition on race,mb_wfg_abt_race_seq,Directed,Function Coverage,cg_mb_fsm_wfg,N/A,mb_wfg_abt_race_seq,ABT reached cleanly,P1,mmu/rtl/mbuf_entry.sv,Internal v3,Planned,,,
F8.NEW.1,SFENCE INVVA single-pass FSM mixed page-size,F8.NEW.1,SFENCE_INVVA_SINGLE_PASS,TC-SFENCE-SINGLE-PASS-001,INVVA single-pass FSM mixed 4K/2M/1G,INVVA simplified from 14-state to single-pass FSM; mixed page-size with same VPN must flush all matching entries in single pass,Verify single-pass covers mixed page-size,sfence_invva_single_pass_seq,Directed,Function Coverage,cg_sfence_invva_pgs,N/A,sfence_invva_single_pass_seq,All matching entries flushed in single pass,P1,mmu/rtl/ct_mmu_tlboper.v,Internal v3,Planned,,,
F7.NEW.1,PMP fetch asymmetry (only 4 fetch enable ports),F7.NEW.1,PMP_FETCH_ASYM,TC-PMP-FETCH-ASYM-001,MMU->PMP fetch{3,5,6,7} only,"Top only has mmu_pmp_fetch{3,5,6,7}; L2TLB PMP ports have no fetch type; pmp_mmu_fetch* does not exist as top input",Verify 4-port fetch coverage and no extra input,pmp_fetch_seq,Functional,Function Coverage,cg_pmp_fetch_ports,N/A,pmp_fetch_seq,Only 4 fetch ports active,P1,Planned,,
F7.NEW.2,PMP flg5/6/7 NEW extension ports,F7.NEW.2,PMP_FLG_NEW,TC-PMP-FLG-NEW-001,pmp_mmu_flg5/6/7 PTW extension ports,pmp_mmu_flg5/6/7 marked [NEW] PTW extension ports; verify plumbing and functional use,Verify flg5/6/7 propagate and gate correctly,pmp_flg_new_seq,Functional,Function Coverage,cg_pmp,N/A,pmp_flg_cross_8port_seq,flg5/6/7 active,P1,mmu/rtl/ct_mmu_top.v,Internal v3,Planned,,,
F10.NEW.1,mmu_yy_xx_no_op signal semantics,F10.NEW.1,MMU_YY_XX_NO_OP,TC-NO-OP-SIG-001,mmu_yy_xx_no_op output semantics,mmu_yy_xx_no_op top-level output not previously captured; verify activation/deactivation and gating of TLB response,Verify no_op output semantics,no_op_seq,Directed,Function Coverage,csr_cg,N/A,cp0_no_op_seq,no_op correctly gates outputs,P1,mmu/rtl/ct_mmu_top.v mmu/rtl/ct_mmu_regs.v,Internal v3,Planned,,,
# --- Section v3.G: Interface Group Supplement (groups 13/14) and erratum tracking rows -----------------------------------------------------------------------------------------------------------------------,,,,,,,,,,,,,,,,,,,,,
F9.IF13,Global enable/TLB Oper handshake group,F9.IF13,IF_GROUP_13,TC-IF-GRP13-001,mmu_xx_mmu_en/mmu_lsu_mmu_en/mmu_cp0_tlb_done,Top-level broadcast enable + LSU-specific enable + TLB Oper done handshake; interface group 13 supplement,Verify broadcast enable and done handshake,misc_en_broadcast_seq cp0_tlb_done_seq,Functional,Function Coverage,csr_cg,sva_csr_handshake,cp0_satp_sel_toggle_seq,en/done timing ok,P1,mmu/rtl/ct_mmu_top.v mmu/rtl/ct_mmu_regs.v,Internal v3,Planned,,,
F9.IF14,CSR detail control group,F9.IF14,IF_GROUP_14,TC-IF-GRP14-001,cp0_mmu_cskyee/reg_num/mpp/wdata/wreg,CSR fine-grained write channel; interface group 14 supplement; driver must support all 5 fields,Verify all CSR detail fields drive correctly,cp0_reg_rw_seq cp0_mxr_sum_cross_seq,Functional,Function Coverage,cg_cp0,N/A,cp0_reg_rw_seq,All CSR fields respond,P1,mmu/rtl/ct_mmu_regs.v,Internal v3,Planned,,,
F9.ERR1,regs_ptw_cur_asid width erratum (16-bit),F9.ERR1,ASID_WIDTH_ERR,TC-ASID-WIDTH-ERR-001,regs_ptw_cur_asid 16-bit confirmation,regs_ptw_cur_asid internal width is 16-bit matching SATP.ASID; v2 annotation of 8-bit corrected,Verify 16-bit ASID width,asid_width_check_seq,Directed,Function Coverage,satp_hazard_cg,N/A,cp0_satp_switch_seq,16-bit ASID consistency,P2,mmu/rtl/ct_mmu_regs.v mmu/rtl/twu.sv,Internal v3,Planned,,,
# --- Section v3.1: TWU/MBUF Architecture Clarification Addendum (TWU = 6-stage pipeline; twu_mask = per-TWU self-block; PTW MBUF no-overflow invariant vs L2TLB MB; mmu_lsu_tlb_busy source = L1 DTLB MB) -----,,,,,,,,,,,,,,,,,,,,,
F4.5,TWU 6-stage pipeline architecture (not FSM),F4.5,TWU_PIPELINE_ARCH,TC-TWU-PIPELINE-BACK2BACK-001,TWU back-to-back pipeline feed,TWU is a 6-stage pipeline (FST_PMP->FST_CHK->SCD_PMP->SCD_CHK->THD_PMP->THD_CHK); in steady state can accept one new PDE request per clock from xbar; multiple in-flight PTE reads may coexist in one TWU and issue multiple requests to MBUF,Prove pipeline accepts back-to-back requests when not masked and fills 2~6 stages simultaneously,twu_pipeline_back2back_seq,Directed,Function Coverage,cg_twu_pipeline_occupancy,sva_twu_pipeline_no_stall_when_unmasked,twu_pipeline_back2back_seq,Occupancy bins 2..6 hit; no stall when !twu_mask,P0,mmu/rtl/twu.sv#L355-L371 mmu/rtl/ptw.sv#L380-L420 mmu/rtl/ptw_mbuf.sv#L30-L80,Internal v3.1,Planned,,,
F4.NEW.2,TWU multi-inflight legality,F4.NEW.2,TWU_MULTI_INFLIGHT,TC-TWU-MULTI-INFLIGHT-001,Single TWU multiple concurrent PTE reads,One TWU may have several requests at different pipeline levels (1G/2M/4K) simultaneously and may issue multiple reads to MBUF in different cycles; cover legality of concurrent in-flight requests sharing MBUF responses,Cover and assert legal multi-inflight state within one TWU,twu_multi_inflight_seq,Directed,Function Coverage,cg_twu_pipeline_occupancy,sva_twu_multi_inflight_legal,twu_multi_inflight_seq,Occupancy>=2 hit without protocol violation,P1,mmu/rtl/twu.sv#L363-L371 mmu/rtl/ptw_mbuf.sv,Internal v3.1,Planned,,,
F4.52,twu_mask per-TWU self-block semantics,F4.52,TWU_MASK_SELF,TC-TWU-MASK-SELF-001,Single TWU masks itself (PMP wait / non-leaf chk wait) while others serve,twu_mask[i]=fst_pmp_wait|scd_pmp_wait|thd_pmp_wait|(fst_chk_vld&!fst_chk_page_flt&!fst_chk_leaf_vld&!scd_pmp_wait)|(scd_chk_vld&!scd_chk_page_flt&!scd_chk_leaf_vld&!thd_pmp_wait); it is a per-TWU self-block flag indicating that THIS TWU cannot accept a new xbar PDE request; it is NOT derived from MBUF fullness,Assert the exact RTL equation and verify xbar still dispatches to the other 3 unmasked TWUs,twu_mask_single_seq,Directed,Function Coverage,cg_twu_mask_per_twu,sva_twu_mask_semantics,twu_mask_single_seq,Only masked TWU refuses; others handshake normally,P0,mmu/rtl/twu.sv#L359,Internal v3.1,Planned,,,
F4.52,twu_mask all-mask => xbar drop,F4.52,TWU_MASK_ALL,TC-TWU-MASK-ALL-001,All 4 TWUs masked simultaneously,one_to_four_xbar.sv#L77: twu_ready=~(&twu_mask); when all 4 TWUs mask themselves xbar must drop ready for that cycle and must NOT lose in-flight xbar_pde_req (stable until ready),Assert twu_ready equivalence and non-loss behavior under all-mask,twu_mask_all_seq,Directed,Function Coverage,cg_twu_mask_per_twu,sva_twu_ready_equiv + sva_xbar_drop_when_all_mask,twu_mask_all_seq,xbar_pde_ready=0; request stable and recovered next cycle,P0,mmu/rtl/one_to_four_xbar.sv#L77,Internal v3.1,Planned,,,
F4.6,PTW MBUF no-overflow invariant vs L2TLB Miss Buffer,F4.6,MBUF_NO_OVERFLOW,TC-PMBUF-NO-OVERFLOW-001,PTW MBUF <= L2TLB MB entry count (one-to-one sizing),PTW MBUF entry count (9) equals L2TLB Miss Buffer entry count by design; MBUF may become full but can never overflow; RTL has NO back-pressure path where MBUF-full blocks a new TWU request,Assert invariant and verify no hidden back-pressure from MBUF-full toward twu_mask,mbuf_pressure_seq,Directed,Function Coverage,cg_mbuf_no_overflow,sva_ptw_mbuf_no_overflow + sva_no_backpressure_to_twu_from_mbuf_full,mbuf_pressure_seq,ptw_mbuf_occ<=l2tlb_mb_occ<=9; twu_mask unchanged when MBUF full,P0,mmu/rtl/ptw_mbuf.sv mmu/rtl/mmu_l2tlb_mb.sv,Internal v3.1,Planned,,,
F4.24,mmu_lsu_tlb_busy source = L1 DTLB MB full (not PTW MBUF),F4.24,TLB_BUSY_SRC,TC-BUSY-SRC-DTLB-MB-001,tlb_busy driven by &mb_entry_vld of L1 DTLB MB,"mmu_lsu_tlb_busy is driven by &mb_entry_vld inside mmu_l1dtlb.sv#L1229 (L1 DTLB Miss Buffer all-valid), NOT by PTW MBUF fullness; previous descriptions conflating the two are corrected",Assert exact equivalence and cross-cover with PTW MBUF state to prove independence,l1dtlb_mb_fill_seq + mbuf_pressure_seq,Directed,Function Coverage,cg_tlb_busy_source,sva_busy_from_dtlb_mb_only,l1dtlb_mb_fill_seq,tlb_busy<=>(&mb_entry_vld_l1dtlb); independent of ptw_mbuf_full,P0,mmu/rtl/mmu_l1dtlb.sv#L1229 mmu/rtl/ct_mmu_top.v,Internal v3.1,Planned,,,
F4.53,busy source independence cross-cover,F4.53,TLB_BUSY_CROSS,TC-BUSY-SRC-DTLB-MB-001,"Cross cg {l1dtlb_mb_full, ptw_mbuf_full} x tlb_busy","Cross coverage confirms mmu_lsu_tlb_busy is asserted iff L1 DTLB MB full, regardless of PTW MBUF state",Cover all 4 combinations of {l1dtlb_mb_full, ptw_mbuf_full} and check tlb_busy correspondence,l1dtlb_mb_fill_seq + mbuf_pressure_seq,Functional,Function Coverage,cg_tlb_busy_source,sva_busy_from_dtlb_mb_only,l1dtlb_mb_fill_seq,Cross bins hit and invariant holds,P0,mmu/rtl/mmu_l1dtlb.sv#L1229,Internal v3.1,,,
# --- Section v4.0: plan_v4 Addendum (F2.NEW.3-6; F3.NEW.2-5) ---,,,,,,,,,,,,,,,,,,,,,
REQ-2.NEW,L1DTLB MMU关闭广播状态,F2.NEW.3,dutlb_xx_mmu_off MMU关闭广播,TC-DTLB-MMU-OFF-001,test_mmu_dtlb_mmu_off_broadcast,MMU关闭时L1DTLB广播dutlb_xx_mmu_off状态到下游模块,验证MMU关闭时L2TLB不收到翻译请求且信号正确广播,cp0_no_op_seq禁用MMU + lsu_random_vaddr_seq,Directed,Function Coverage,cg_dtlb_mmu_off,sva_mmu_off_no_req,cp0_no_op_seq,MMU off后dutlb_xx_mmu_off=1且无L2TLB请求,P1,mmu_l1dtlb.sv; L1DTLB_Interfaces.md §2.6.3,L1DTLB Spec v4.0,Planned,,,
REQ-2.NEW,L1DTLB L2TLB请求Load标志,F2.NEW.4,dutlb_l2tlb_req_is_load请求类型标志,TC-DTLB-L2-IS-LOAD-001,test_mmu_dtlb_l2req_is_load,Miss请求携带1-bit Load/Store标志传递到L2TLB用于调度,验证Load/Store标志随L2TLB请求正确传递,lsu_st_ld_mix_seq混合LD/ST操作,Directed,Function Coverage,cg_l2tlb_req_type,—,lsu_st_ld_mix_seq,is_load=1对应LD; is_load=0对应ST,P1,mmu_l1dtlb.sv; mmu_arb.sv; L1DTLB_Interfaces.md §2.3.1,L1DTLB Spec v4.0,Planned,,,
REQ-2.NEW,L2TLB回填双信号语义,F2.NEW.5,jtlb_dutlb_ref_pavld vs ref_cmplt双信号,TC-L2REF-CMPLT-NO-PAVLD-001,test_mmu_l2ref_cmplt_no_pavld,cmplt=1且pavld=0表示PageFault L1DTLB仅释放MB不安装PA,验证cmplt=1 pavld=0路径下MB释放但无PA安装,注入PageFault PTE使L2TLB触发cmplt=1 pavld=0,Directed,Function Coverage + Assertion,cg_l2ref_dual_signal,sva_l2ref_cmplt_pavld_excl,lsu_random_vaddr_seq,cmplt=1 pavld=0时MB释放但无PA安装,P0,mmu_l1dtlb.sv; L1DTLB_Interfaces.md §2.3.2,L1DTLB Spec v4.0,Planned,,,
REQ-2.NEW,PTW→L1DTLB回填异常语义,F2.NEW.6,ptw_l1dtlb_ref_pavld vs ref_cmplt双信号,TC-PTWREF-CMPLT-ACCERR-001,test_mmu_ptwref_cmplt_access_fault,PTW AccessFault时ref_cmplt=1 ref_pavld=0 L1DTLB不安装PA直接上报异常,验证PTW AccessFault路径双信号正确,PMP配置拒绝PTW PTE读触发AccessFault,Directed,Function Coverage + Assertion,cg_ptw_ref_dual_signal,sva_ptw_ref_pavld_when_no_err,pmp_flg_deny_rw_seq,AccessFault时ref_cmplt=1 ref_pavld=0 无PA安装,P0,mmu_l1dtlb.sv; ptw.sv; L1DTLB_Interfaces.md §2.4.1,L1DTLB Spec v4.0,Planned,,,
REQ-2.NEW,PTW→L1DTLB回填异常语义,F2.NEW.6,ptw_l1dtlb_ref_pavld vs ref_cmplt双信号,TC-PTWREF-CMPLT-PGFLT-001,test_mmu_ptwref_cmplt_pagefault,PTW PageFault时ref_cmplt=1 ref_pavld=0 L1DTLB不安装PA直接上报异常,验证PTW PageFault路径双信号正确,注入V=0或权限违反PTE触发PageFault,Directed,Function Coverage + Assertion,cg_ptw_ref_dual_signal,sva_ptw_ref_pavld_when_no_err,ptw_mem_illegal_pte_seq,PageFault时ref_cmplt=1 ref_pavld=0 无PA安装,P0,mmu_l1dtlb.sv; ptw.sv; L1DTLB_Interfaces.md §2.4.1,L1DTLB Spec v4.0,Planned,,,
REQ-3.NEW,L2TLB Tag比较模式控制,F3.NEW.2,arb_l2tlb_cmp_with_va Tag比较模式,TC-L2TLB-CMP-VA-001,test_mmu_l2tlb_cmp_with_va_4k,4K页大小下cmp_with_va模式Tag比较使用完整VPN[26:0],验证4K页时cmp_with_va控制位正确,4K页面构造hit场景,Directed,Function Coverage + Assertion,cg_l2tlb_cmp_mode,sva_cmp_with_va_per_pgs,ifu_base_seq,4K页cmp_with_va=1时全VPN匹配命中,P1,mmu_arb.sv; mmu_l2tlb.sv; L2TLB_Interface.md §3.2,L2TLB Spec v4.0,Planned,,,
REQ-3.NEW,L2TLB Tag比较模式控制,F3.NEW.2,arb_l2tlb_cmp_with_va Tag比较模式,TC-L2TLB-CMP-VA-002,test_mmu_l2tlb_cmp_with_va_2m,2M页大小下cmp_with_va使用VPN[26:9],验证2M页时cmp_with_va控制正确,2M巨页构造hit场景,Directed,Function Coverage + Assertion,cg_l2tlb_cmp_mode,sva_cmp_with_va_per_pgs,ifu_huge_page_fetch_seq,2M页VPN[8:0]忽略时仍命中,P1,mmu_arb.sv; mmu_l2tlb.sv; L2TLB_Interface.md §3.2,L2TLB Spec v4.0,Planned,,,
REQ-3.NEW,L2TLB Tag比较模式控制,F3.NEW.2,arb_l2tlb_cmp_with_va Tag比较模式,TC-L2TLB-CMP-VA-003,test_mmu_l2tlb_cmp_with_va_1g,1G页大小下cmp_with_va使用VPN[26:18],验证1G页时cmp_with_va控制正确,1G巨页构造hit场景,Directed,Function Coverage + Assertion,cg_l2tlb_cmp_mode,sva_cmp_with_va_per_pgs,ifu_huge_page_fetch_seq,1G页VPN[17:0]忽略时仍命中,P1,mmu_arb.sv; mmu_l2tlb.sv; L2TLB_Interface.md §3.2,L2TLB Spec v4.0,Planned,,,
REQ-3.NEW,L2TLB PTW完成通知,F3.NEW.3,l2tlb_arb_ptw_cmplt PTW完成脉冲,TC-L2TLB-PTW-CMPLT-001,test_mmu_l2tlb_ptw_cmplt_pulse,PTW Refill写回后L2TLB产生1周期ptw_cmplt脉冲通知Arbiter,验证PTW Refill后ptw_cmplt脉冲时序正确,触发PTW完整walk完成refill流程,Directed,Assertion,cg_l2tlb_ptw_cmplt,sva_ptw_cmplt_after_refill,mmu_ptw_thrash_vseq,refill写入后次周期ptw_cmplt=1,P1,mmu_l2tlb.sv; L2TLB_Interface.md §3.1,L2TLB Spec v4.0,Planned,,,
REQ-3.NEW,PTW→L2TLB回填异常语义,F3.NEW.4,ptw_l2tlb_ref_cmplt vs ref_data_vld双信号,TC-PTW-L2REF-NOVALID-001,test_mmu_ptw_l2ref_cmplt_no_data_vld,Walk完成但有错误时cmplt=1 data_vld=0 L2TLB仅释放MB不写Tag/Data,验证Walk错误路径双信号正确且L2TLB不写SRAM,注入PageFault或AccessFault触发cmplt=1 data_vld=0,Directed,Function Coverage + Assertion,cg_ptw_l2ref_dual_signal,sva_ptw_l2tlb_ref_cmplt_vld_legal,ptw_mem_illegal_pte_seq,cmplt=1 data_vld=0时L2TLB MB释放Tag/Data SRAM不更新,P0,mmu_l2tlb.sv; ptw.sv; L2TLB_Interface.md §4.2,L2TLB Spec v4.0,Planned,,,
REQ-3.NEW,L2TLB-PTW复合ID端到端完整性,F3.NEW.5,l2tlb_ptw_id复合ID端到端追踪,TC-L2PTW-ID-CHAIN-001,test_mmu_l2ptw_id_chain_integrity,复合ID=[L1EID|L2EID] PTW完成后原样返回用于双路由,验证复合ID全流程不变性,单次DTLB miss触发PTW walk观察ID全路径,Directed,Assertion,cg_l2ptw_id_coverage,sva_l2ptw_id_integrity,lsu_base_seq,PTW返回ID与发出ID完全一致,P0,mmu_l2tlb.sv; ptw.sv; L2TLB_Interface.md §4.1,L2TLB Spec v4.0,Planned,,,
REQ-3.NEW,L2TLB-PTW复合ID并发不污染,F3.NEW.5,l2tlb_ptw_id多并发Miss无交叉,TC-L2PTW-ID-MULTI-MISS-001,test_mmu_l2ptw_id_multi_miss_no_cross,多并发Miss时每个请求ID独立不交叉污染,验证多并发Miss场景ID不交叉,8个并发DTLB miss构造多ID在飞场景,Constrained-Random,Function Coverage + Assertion,cg_l2ptw_id_coverage,sva_l2ptw_id_integrity,lsu_back2back_seq,多ID在飞时各ID回路无交叉,P0,mmu_l2tlb.sv; ptw.sv; L2TLB_Interface.md §4.2,L2TLB Spec v4.0,Planned,,,
# --- Section v4.0: plan_v5 Addendum (F4.NEW.6-11; F5.16) ---,,,,,,,,,,,,,,,,,,,,,
REQ-4.NEW,PTW→L2TLB反压机制,F4.NEW.6,ptw_l2tlb_ready PTW反压信号,TC-PTW-READY-001,test_mmu_ptw_ready_all_mask_low,全部4 TWU的twu_xbar_mask全为高时ptw_l2tlb_ready拉低,验证4 TWU全阻塞时ready拉低时序正确,构造4 TWU同时PMP wait阻塞场景,Directed,Assertion,cg_ptw_ready_transition,sva_ptw_l2tlb_ready_when_all_mask,pmp_flg_cross_8port_seq,所有4 TWU mask=1时ready=0,P0,ptw.sv; twu.sv; one_to_four_xbar.sv; MMU_PTW_Interface.md,MMU_VerificationPlan_v3.md F4.NEW.6,Planned,,,
REQ-4.NEW,PTW→L2TLB反压机制,F4.NEW.6,ptw_l2tlb_ready PTW反压信号,TC-PTW-READY-002,test_mmu_ptw_ready_one_unblock,任意一路TWU退出阻塞态时ready立即恢复高电平,验证任意一路ready恢复时序,解除其中一路TWU mask,Directed,Assertion,cg_ptw_ready_transition,sva_ptw_l2tlb_ready_when_all_mask,pmp_flg_normal_seq,一路mask=0后ready=1,P0,ptw.sv; twu.sv,MMU_VerificationPlan_v3.md F4.NEW.6,Planned,,,
REQ-4.NEW,PTW→L2TLB反压机制,F4.NEW.6,ptw_l2tlb_ready PTW反压信号,TC-PTW-READY-003,test_mmu_ptw_ready_l2tlb_stall,L2TLB在ready=0时不发送新请求,验证L2TLB协议遵从ready信号,ready=0时注入L2TLB请求观察不接收,Directed,Assertion,cg_ptw_ready_transition,sva_ptw_l2tlb_ready_when_all_mask,mmu_ptw_thrash_vseq,ready=0期间L2TLB不发送新jtlb_ptw_req,P0,ptw.sv; mmu_l2tlb.sv,MMU_VerificationPlan_v3.md F4.NEW.6,Planned,,,
REQ-4.NEW,twu_idle与twu_xbar_mask语义区分,F4.NEW.7,twu_idle vs twu_xbar_mask语义,TC-TWU-IDLE-MASK-001,test_mmu_twu_idle_implies_no_mask,twu_idle=1蕴含twu_xbar_mask=0但反之不成立,验证idle与mask逻辑关系,构造TWU有在途请求但未mask场景,Directed,Assertion,cg_twu_idle_vs_mask_state,sva_twu_idle_implies_no_mask,mmu_ptw_thrash_vseq,twu_idle=1时mask=0; mask=0不保证idle=1,P1,twu.sv; ptw.sv; MMU_PTW_Interface.md,MMU_VerificationPlan_v3.md F4.NEW.7,Planned,,,
REQ-4.NEW,xbar_twu_hit_level PDE Cache命中级别,F4.NEW.8,xbar_twu_hit_level[2:0]命中编码,TC-PDE-CACHE-HIT-L3-001,test_mmu_pde_cache_hit_l3_skip_thd,L3PDE命中时TWU直接进入THD_PMP阶段跳过FST/SCD,验证hit_level=3'b100时TWU跳级正确,预填L3PDE cache构造命中场景,Directed,Function Coverage + Assertion,cg_xbar_hit_level,sva_twu_skip_stage_on_hit,mmu_ptw_thrash_vseq,hit_level=3'b100时直接到THD_PMP,P1,L1PDE_cache.sv; L2PDE_cache.sv; one_to_four_xbar.sv; twu.sv,MMU_VerificationPlan_v3.md F4.NEW.8,Planned,,,
REQ-4.NEW,xbar_twu_hit_level PDE Cache命中级别,F4.NEW.8,xbar_twu_hit_level[2:0]命中编码,TC-PDE-CACHE-HIT-L2-001,test_mmu_pde_cache_hit_l2_skip_scd,L2PDE命中时TWU进入SCD_PMP阶段,验证hit_level=3'b010时TWU进入SCD_PMP,预填L2PDE cache构造命中场景,Directed,Function Coverage,cg_xbar_hit_level,sva_twu_skip_stage_on_hit,mmu_ptw_thrash_vseq,hit_level=3'b010时进入SCD_PMP,P1,L2PDE_cache.sv; one_to_four_xbar.sv; twu.sv,MMU_VerificationPlan_v3.md F4.NEW.8,Planned,,,
REQ-4.NEW,xbar_twu_hit_level PDE Cache命中级别,F4.NEW.8,xbar_twu_hit_level[2:0]命中编码,TC-PDE-CACHE-MISS-001,test_mmu_pde_cache_full_miss_full_ptw,全Miss时TWU启动完整三级PTW遍历,验证hit_level=3'b000时完整三级PTW,清空PDE cache构造全Miss场景,Directed,Function Coverage,cg_xbar_hit_level,—,mmu_ptw_thrash_vseq,全Miss时完整FST→SCD→THD三级PTW,P1,one_to_four_xbar.sv; twu.sv,MMU_VerificationPlan_v3.md F4.NEW.8,Planned,,,
REQ-4.NEW,TWU→L2TLB异常直通旁路,F4.NEW.9,twu异常通知绕过mmu_arb直达L2TLB,TC-TWU-PGFLT-BYPASS-001,test_mmu_twu_pgflt_bypass_arb,Arbiter被占用时PageFault通知绕过mmu_arb即时到达L2TLB,验证PageFault直通路径旁路Arbiter,Arbiter繁忙时TWU产生PageFault,Directed,Assertion,cg_twu_except_while_arb_busy,sva_twu_except_bypasses_arb,mmu_stress_all_ports_vseq,Arbiter忙时pgflt即时到达L2TLB,P0,twu.sv; mmu_l2tlb.sv,MMU_VerificationPlan_v3.md F4.NEW.9,Planned,,,
REQ-4.NEW,TWU→L2TLB异常直通旁路,F4.NEW.9,twu异常通知绕过mmu_arb直达L2TLB,TC-TWU-ACCERR-BYPASS-001,test_mmu_twu_accerr_bypass_arb,AccessFault通知绕过mmu_arb即时到达L2TLB,验证AccessFault直通路径旁路Arbiter,TWU产生AccessFault(PMP deny),Directed,Assertion,cg_twu_except_while_arb_busy,sva_twu_except_bypasses_arb,pmp_flg_deny_rw_seq,AccErr即时到达L2TLB,P0,twu.sv; mmu_l2tlb.sv,MMU_VerificationPlan_v3.md F4.NEW.9,Planned,,,
REQ-4.NEW,TWU→L2TLB异常直通旁路,F4.NEW.9,twu异常通知绕过mmu_arb直达L2TLB,TC-TWU-EXCEPT-CONFLICT-001,test_mmu_twu_except_conflict_pgflt_accflt,同一次遍历pgflt与acc_err互斥不同时有效,验证pgflt/acc_err互斥性,同一TWU触发both类型异常覆盖,Directed,Assertion,cg_twu_except_while_arb_busy,sva_twu_pgflt_acc_mutex,mmu_ptw_thrash_vseq,pgflt与acc_err不同周期同时为1,P0,twu.sv,MMU_VerificationPlan_v3.md F4.NEW.9,Planned,,,
REQ-4.NEW,twu_data_ready MBUF→TWU数据分发门控,F4.NEW.10,twu_data_ready[2:0]分级门控,TC-MBUF-READY-GATE-001,test_mmu_mbuf_ready_gate_no_early_vld,twu_data_ready=0时MBUF不提前发出mbuf_twu_data_vld,验证MBUF等待TWU就绪后才分发,构造data_ready=0场景观察MBUF不发vld,Directed,Assertion,cg_twu_data_ready_per_stage,sva_mbuf_waits_twu_ready,mmu_ptw_thrash_vseq,data_ready=0时mbuf_twu_data_vld=0,P1,ptw_mbuf.sv; twu.sv; mbuf_entry.sv,MMU_VerificationPlan_v3.md F4.NEW.10,Planned,,,
REQ-4.NEW,twu_data_ready MBUF→TWU数据分发门控,F4.NEW.10,twu_data_ready[2:0]分级门控,TC-MBUF-HAVE-001,test_mmu_mbuf_have_no_resend,mbuf_twu_have=1时TWU不重发LSU请求,验证MBUF have信号防止重发,构造MBUF已有VPN缓存场景,Directed,Assertion,cg_twu_data_ready_per_stage,sva_mbuf_have_no_resend,mmu_ptw_thrash_vseq,mbuf_twu_have=1时无重复LSU请求,P1,ptw_mbuf.sv; twu.sv,MMU_VerificationPlan_v3.md F4.NEW.10,Planned,,,
REQ-4.NEW,twu_data_ready MBUF→TWU数据分发门控,F4.NEW.10,twu_data_ready[2:0]分级门控,TC-MBUF-MULTI-TWU-READY-001,test_mmu_mbuf_multi_twu_independent_ready,多TWU共享同一MBUF entry时各twu_data_ready独立控制,验证多TWU独立data_ready机制,4 TWU共享MBUF entry各自独立接收,Constrained-Random,Function Coverage,cg_twu_data_ready_per_stage,—,mmu_stress_all_ports_vseq,各TWU独立在正确时刻接收MBUF数据,P1,ptw_mbuf.sv; twu.sv,MMU_VerificationPlan_v3.md F4.NEW.10,Planned,,,
REQ-4.NEW,Arbiter→TWU三通道grant仲裁,F4.NEW.11,三路grant one-hot仲裁,TC-ARB-GRANT-ONEHOT-001,test_mmu_arb_grant_onehot_check,三路grant同周期最多一路有效,验证refill/acc_err/pgflt grant one-hot,构造多TWU同时请求场景,Directed,Assertion,cg_arb_grant_type,sva_arb_twu_grant_onehot,mmu_stress_all_ports_vseq,grant最多1 bit同时为1,P1,mmu_arb.sv; twu.sv; mmu_l2tlb.sv,MMU_VerificationPlan_v3.md F4.NEW.11,Planned,,,
REQ-4.NEW,Arbiter→TWU三通道grant仲裁,F4.NEW.11,三路grant one-hot仲裁,TC-ARB-REFILL-EXCEPT-PRIO-001,test_mmu_arb_refill_except_priority,exception grant与refill grant的相对优先级正确,验证exception优先于refill,同周期refill请求和exception请求同时到达,Directed,Function Coverage,cg_arb_grant_type,sva_twu_din_stable_on_grant,mmu_stress_all_ports_vseq,exception grant优先于refill grant,P1,mmu_arb.sv; twu.sv,MMU_VerificationPlan_v3.md F4.NEW.11,Planned,,,
REQ-4.NEW,Arbiter→TWU三通道grant仲裁,F4.NEW.11,三路grant one-hot仲裁,TC-ARB-MULTI-TWU-FAIRNESS-001,test_mmu_arb_multi_twu_fairness,多TWU同时refill请求时Arbiter公平调度不饿死,验证round-robin公平性,4 TWU同时持续refill请求,Constrained-Random,Function Coverage,cg_arb_grant_type,—,mmu_stress_all_ports_vseq,每个TWU都能获得grant不被饿死,P1,mmu_arb.sv,MMU_VerificationPlan_v3.md F4.NEW.11,Planned,,,
REQ-5.NEW,PTW→Arbiter独立VPN字段,F5.16,ptw_arb_ref_vpn VPN字段,TC-ARB-VPN-MATCH-001,test_mmu_arb_vpn_match_tag_din,ptw_arb_ref_vpn与tag_din内VPN字段完全一致,验证独立VPN字段端到端正确,PTW发起refill观察vpn与tag_din对比,Directed,Assertion,cg_ptw_arb_pgs_type,sva_ptw_arb_vpn_matches_tag,mmu_ptw_thrash_vseq,ptw_arb_ref_vpn==tag_din[VPN field],P1,mmu_arb.sv; ptw.sv,MMU_VerificationPlan_v3.md F5.16,Planned,,,
REQ-5.NEW,PTW→Arbiter独立VPN字段,F5.16,ptw_arb_ref_vpn VPN字段,TC-ARB-PGS-MATCH-001,test_mmu_arb_pgs_bank_select,三种页大小下ptw_arb_ref_vpn正确选择bank,验证不同pgs下VPN bank选择正确,4K/2M/1G页分别触发refill,Directed,Function Coverage,cg_ptw_arb_pgs_type,sva_ptw_arb_vpn_matches_tag,ifu_huge_page_fetch_seq + lsu_huge_page_seq,不同pgs时bank选择正确,P1,mmu_arb.sv; ptw.sv,MMU_VerificationPlan_v3.md F5.16,Planned,,,
# --- Section v4.0: plan_v6 Addendum (F4.NEW.12-14; F6.NEW.1-7; F7.NEW.3-9) ---,,,,,,,,,,,,,,,,,,,,,
REQ-4.NEW,TWU MAEE双路属性选路,F4.NEW.12,TWU MAEE dual-path attribute selection,TC-TWU-MAEE0-CSR-001,test_mmu_twu_maee0_csr_path,MAEE=0时TWU发现叶PTE后触发fst_chk_csr_req进入CSR FSM查询sysmap,验证MAEE=0时每次叶PTE发现都触发sysmap查询,cp0_agent set MAEE=0 + lsu_base_seq构造叶PTE触发,Directed,Function Coverage + Assertion,cg_maee_leaf_level,sva_twu_maee_paths_mutex,lsu_base_seq,MAEE=0时fst_chk_csr_req=1且fst_chk_refill_req=0,P0,twu.sv:L413 L424,MMU_VerificationPlan_v3.md F4.NEW.12,Planned,,,
REQ-4.NEW,TWU MAEE双路属性选路,F4.NEW.12,TWU MAEE dual-path attribute selection,TC-TWU-MAEE0-CSR-002,test_mmu_twu_maee0_csr_symmetric,MAEE=0时FST/SCD/THD三级对称触发csr_req,验证三级对称结构下CSR路径正确,触发三级叶PTE各级csr_req,Directed,Function Coverage,cg_maee_leaf_level,sva_twu_maee_paths_mutex,mmu_ptw_thrash_vseq,三级各触发对应csr_req,P0,twu.sv:L553 L560,MMU_VerificationPlan_v3.md F4.NEW.12,Planned,,,
REQ-4.NEW,TWU MAEE双路属性选路,F4.NEW.12,TWU MAEE dual-path attribute selection,TC-TWU-MAEE1-REFILL-001,test_mmu_twu_maee1_direct_refill,MAEE=1时直接使用PTE扩展属性字段跳过CSR FSM,验证MAEE=1时fst_chk_csr_req=0且直接refill,cp0_agent set MAEE=1 + lsu_base_seq,Directed,Assertion,cg_maee_leaf_level,sva_twu_maee_paths_mutex,lsu_base_seq,MAEE=1时fst_chk_refill_req=1 fst_chk_csr_req=0,P0,twu.sv:L413 L424,MMU_VerificationPlan_v3.md F4.NEW.12,Planned,,,
REQ-4.NEW,TWU MAEE双路属性选路,F4.NEW.12,TWU MAEE dual-path attribute selection,TC-TWU-MAEE-SWITCH-001,test_mmu_twu_maee_dynamic_switch,动态切换MAEE翻译途中属性不乱序,验证MAEE切换时属性一致性,翻译进行中切换MAEE CSR值,Directed,Function Coverage,cg_maee_path,sva_twu_maee_paths_mutex,cp0_reg_rw_seq + lsu_base_seq,MAEE切换后翻译属性无乱序,P0,twu.sv:L413 L424 L553 L560,MMU_VerificationPlan_v3.md F4.NEW.12,Planned,,,
REQ-4.NEW,PMP三级序列化——PTW发LSU请求的前提,F4.NEW.13,PMP三级串行化 PTW LSU请求顺序约束,TC-TWU-PMP-SERIAL-001,test_mmu_twu_pmp_serial_order,三级PMP序列化顺序FST→SCD→THD不乱序,验证PMP三级严格串行,触发三级PMP检查观察顺序,Directed,Assertion,cg_pmp_per_level_result,sva_pmp_check_before_lsu_req,mmu_ptw_thrash_vseq,FST PMP完成→SCD PMP→THD PMP无乱序,P0,twu.sv:L243-246 L961-964,MMU_VerificationPlan_v3.md F4.NEW.13,Planned,,,
REQ-4.NEW,PMP三级序列化——PTW发LSU请求的前提,F4.NEW.13,PMP三级串行化 PTW LSU请求顺序约束,TC-TWU-PMP-WAIT-STALL-001,test_mmu_twu_pmp_wait_stall_mask,PMP wait期间twu_mask=1 xbar不派发新请求,验证PMP等待期间TWU整体阻塞,构造PMP wait场景观察mask信号,Directed,Assertion,cg_pmp_per_level_result,sva_pmp_wait_implies_mask,pmp_flg_deny_rw_seq,pmp_wait期间twu_mask=1,P0,twu.sv:L243-246,MMU_VerificationPlan_v3.md F4.NEW.13,Planned,,,
REQ-4.NEW,PMP三级序列化——PTW发LSU请求的前提,F4.NEW.13,PMP三级串行化 PTW LSU请求顺序约束,TC-PTW-PMP-BEFORE-LSU-001,test_mmu_ptw_pmp_check_before_lsu_req,PMP检查通过后才允许发LSU请求,验证PMP→LSU顺序约束,观察PMP check通过后LSU req时序,Directed,Assertion,cg_pmp_per_level_result,sva_pmp_check_before_lsu_req,pmp_flg_normal_seq,PMP pass后才出现mmu_lsu_data_req=1,P0,twu.sv:L243-246 L1001-1014,MMU_VerificationPlan_v3.md F4.NEW.13,Planned,,,
REQ-4.NEW,PMP三级序列化——PTW发LSU请求的前提,F4.NEW.13,PMP三级串行化 PTW LSU请求顺序约束,TC-PTW-PMP-DENY-STOP-REQ-001,test_mmu_ptw_pmp_deny_stop_lsu_req,PMP deny时不产生LSU请求直接报AccessFault,验证PMP deny→AccessFault路径,PMP配置拒绝读权限,Directed,Assertion,cg_pmp_per_level_result,sva_pmp_deny_no_refill,pmp_flg_deny_rw_seq,PMP deny后无mmu_lsu_data_req且立即报AccFlt,P0,twu.sv:L372-376 L961-964,MMU_VerificationPlan_v3.md F4.NEW.13,Planned,,,
REQ-4.NEW,pmp_grant one-hot控制mmu_pmp_pa多路选择,F4.NEW.14,pmp_grant[2:0] one-hot PA多路选择,TC-TWU-PMP-GRANT-ONEHOT-001,test_mmu_twu_pmp_grant_onehot,pmp_grant[2:0]同周期最多1 bit有效,验证pmp_grant one-hot约束,构造三级PMP检查场景,Directed,Assertion,cg_pmp_grant_level,sva_pmp_grant_onehot,mmu_ptw_thrash_vseq,pmp_grant同时最多1 bit为1,P1,twu.sv:L1001-1014,MMU_VerificationPlan_v3.md F4.NEW.14,Planned,,,
REQ-4.NEW,pmp_grant one-hot控制mmu_pmp_pa多路选择,F4.NEW.14,pmp_grant[2:0] one-hot PA多路选择,TC-PTW-PMP-PA-1G-001,test_mmu_ptw_pmp_pa_format_1g,1G叶时pmp_grant=3'b100且PA低18 bit=0,验证1G叶PA格式正确,构造1G叶PTE触发FST PMP,Directed,Assertion,cg_pmp_pa_format,sva_pmp_grant_onehot,ifu_huge_page_fetch_seq,pmp_grant=3'b100时PA[17:0]=0,P1,twu.sv:L1001-1014,MMU_VerificationPlan_v3.md F4.NEW.14,Planned,,,
REQ-4.NEW,pmp_grant one-hot控制mmu_pmp_pa多路选择,F4.NEW.14,pmp_grant[2:0] one-hot PA多路选择,TC-PTW-PMP-PA-2M-001,test_mmu_ptw_pmp_pa_format_2m,2M叶时pmp_grant=3'b010且PA低9 bit=0,验证2M叶PA格式正确,构造2M叶PTE触发SCD PMP,Directed,Assertion,cg_pmp_pa_format,sva_pmp_grant_onehot,lsu_huge_page_seq,pmp_grant=3'b010时PA[8:0]=0,P1,twu.sv:L1001-1014,MMU_VerificationPlan_v3.md F4.NEW.14,Planned,,,
REQ-4.NEW,pmp_grant one-hot控制mmu_pmp_pa多路选择,F4.NEW.14,pmp_grant[2:0] one-hot PA多路选择,TC-PTW-PMP-PA-4K-001,test_mmu_ptw_pmp_pa_format_4k,4K叶时pmp_grant=3'b001且PA全28 bit有效,验证4K叶PA格式正确,构造4K叶PTE触发THD PMP,Directed,Assertion,cg_pmp_pa_format,sva_pmp_grant_onehot,lsu_base_seq,pmp_grant=3'b001时PA全28 bit有效,P1,twu.sv:L1001-1014,MMU_VerificationPlan_v3.md F4.NEW.14,Planned,,,
REQ-6.NEW,MAEE控制TWU进入sysmap CSR路径,F6.NEW.1,MAEE控制TWU CSR vs PTE直通路径,TC-SYSMAP-MAEE0-ATTR-001,test_mmu_sysmap_maee0_attr_lookup,MAEE=0时叶PTE发现后进入CSR FSM通过sysmap查询PA区域属性,验证MAEE=0触发sysmap查询,MAEE=0 + 叶PTE发现场景,Directed,Function Coverage + Assertion,cg_maee_path,sva_twu_maee_paths_mutex,lsu_base_seq,MAEE=0时fst_chk_csr_req=1 进入sysmap查询,P0,twu.sv:L413 L424 L553 L560,MMU_VerificationPlan_v3.md F6.NEW.1,Planned,,,
REQ-6.NEW,MAEE控制TWU进入sysmap CSR路径,F6.NEW.1,MAEE控制TWU CSR vs PTE直通路径,TC-SYSMAP-MAEE0-ATTR-002,test_mmu_sysmap_maee0_three_level_sym,MAEE=0时FST/SCD/THD三级对称触发csr_req,验证三级对称CSR路径,三级叶PTE各级触发csr_req,Directed,Function Coverage,cg_maee_path,sva_twu_maee_paths_mutex,mmu_ptw_thrash_vseq,三级均触发csr_req,P0,twu.sv:L553 L560,MMU_VerificationPlan_v3.md F6.NEW.1,Planned,,,
REQ-6.NEW,MAEE控制TWU进入sysmap CSR路径,F6.NEW.1,MAEE控制TWU CSR vs PTE直通路径,TC-SYSMAP-MAEE1-SKIP-CSR-001,test_mmu_sysmap_maee1_skip_csr_fsm,MAEE=1时CSR FSM不进入fst_chk_csr_req=0,验证MAEE=1时直接refill无sysmap查询,MAEE=1 + 叶PTE发现场景,Directed,Assertion,cg_maee_path,sva_twu_maee_paths_mutex,lsu_base_seq,MAEE=1时fst_chk_csr_req=0,P0,twu.sv:L413,MMU_VerificationPlan_v3.md F6.NEW.1,Planned,,,
REQ-6.NEW,sysmap_mmu_flg替换CSR refill data flag字段,F6.NEW.2,sysmap flag替换回填数据,TC-SYSMAP-FLG-REFILL-001,test_mmu_sysmap_flg_replace_refill,MAEE=0时sysmap_mmu_flg[4:0]正确替换CSR refill data中flag字段,验证TLB回填后属性字段与sysmap region flag位对位一致,配置sysmap region + 触发MAEE=0回填,Directed,Function Coverage + Assertion,cg_sysmap_flg_per_region,sva_csr_refill_flg_matches_sysmap,sysmap_region_setup_seq + lsu_base_seq,回填数据bit[60:56]=sysmap_mmu_flg,P0,twu.sv:L1086; sysmap.h,MMU_VerificationPlan_v3.md F6.NEW.2,Planned,,,
REQ-6.NEW,sysmap_mmu_flg替换CSR refill data flag字段,F6.NEW.2,sysmap flag替换回填数据,TC-SYSMAP-FLG-REGION0-001,test_mmu_sysmap_flg_region0_5b01111,SYSMAP0 region flag=5'b01111正确传播到TLB回填属性,验证SYSMAP0 flag传播正确,PA映射到SYSMAP0 region触发MAEE=0回填,Directed,Function Coverage,cg_sysmap_flg_per_region,sva_csr_refill_flg_matches_sysmap,sysmap_region_setup_seq,回填属性=5'b01111 Sec=0/So=1/Buf=1/Ca=1/Sh=1,P0,ct_mmu_sysmap.v:L155; sysmap.h,MMU_VerificationPlan_v3.md F6.NEW.2,Planned,,,
REQ-6.NEW,sysmap_mmu_flg替换CSR refill data flag字段,F6.NEW.2,sysmap flag替换回填数据,TC-SYSMAP-FLG-REGION7-001,test_mmu_sysmap_flg_region7_5b01111,SYSMAP7 region flag=5'b01111正确传播到TLB回填属性,验证SYSMAP7 flag传播正确,PA映射到SYSMAP7 region触发MAEE=0回填,Directed,Function Coverage,cg_sysmap_flg_per_region,sva_csr_refill_flg_matches_sysmap,sysmap_region_setup_seq,回填属性=5'b01111,P0,ct_mmu_sysmap.v; sysmap.h,MMU_VerificationPlan_v3.md F6.NEW.2,Planned,,,
REQ-6.NEW,跨界检测——两相sysmap hit比较,F6.NEW.3,CRS1/CRS2两阶段hit比较检测跨界,TC-SYSMAP-CROSS-SAME-001,test_mmu_sysmap_cross_no_boundary,不跨界时CRS1与CRS2 hit相同twu_csr_cross=0,验证不跨界时cross=0不触发降级,大页起始和末尾PA在同一region,Directed,Assertion,cg_sysmap_cross_1g,sva_sysmap_cross_degrade,sysmap_region_setup_seq,twu_csr_cross=0 pgs保持不变,P0,twu.sv:L1050-1055,MMU_VerificationPlan_v3.md F6.NEW.3,Planned,,,
REQ-6.NEW,跨界检测——两相sysmap hit比较,F6.NEW.3,CRS1/CRS2两阶段hit比较检测跨界,TC-SYSMAP-CROSS-1G-DIFF-001,test_mmu_sysmap_cross_1g_boundary,1G页跨界时CRS1与CRS2 hit不同twu_csr_cross=1触发降级,验证1G页跨界触发cross=1,1G大页PA跨越region边界,Directed,Assertion + Function Coverage,cg_sysmap_cross_1g,sva_sysmap_cross_degrade,sysmap_boundary_seq,twu_csr_cross=1 触发1G→2M降级,P0,twu.sv:L1050-1055 L1040-1048,MMU_VerificationPlan_v3.md F6.NEW.3,Planned,,,
REQ-6.NEW,跨界检测——两相sysmap hit比较,F6.NEW.3,CRS1/CRS2两阶段hit比较检测跨界,TC-SYSMAP-CROSS-2M-DIFF-001,test_mmu_sysmap_cross_2m_boundary,2M页跨界时twu_csr_cross=1触发降级,验证2M页跨界触发cross=1,2M大页PA跨越region边界,Directed,Assertion + Function Coverage,cg_sysmap_cross_2m,sva_sysmap_cross_degrade,sysmap_boundary_seq,twu_csr_cross=1 触发2M→4K降级,P0,twu.sv:L1050-1055 L1040-1048,MMU_VerificationPlan_v3.md F6.NEW.3,Planned,,,
REQ-6.NEW,跨界检测——两相sysmap hit比较,F6.NEW.3,CRS1/CRS2两阶段hit比较检测跨界,TC-SYSMAP-CROSS-PARTIAL-HIT-001,test_mmu_sysmap_cross_one_miss,一次hit有效一次无命中也视为跨界,验证部分命中场景,大页末尾PA落在无region区域,Directed,Assertion,cg_sysmap_cross_1g,sva_sysmap_cross_degrade,sysmap_boundary_seq,hit不一致时cross=1,P0,twu.sv:L1050-1055,MMU_VerificationPlan_v3.md F6.NEW.3,Planned,,,
REQ-6.NEW,sysmap跨界触发强制页大小降级,F6.NEW.4,跨界→强制降级页大小,TC-SYSMAP-DEGRADE-1G2M-001,test_mmu_sysmap_degrade_1g_to_2m,1G页跨界后回填pgs=3'b010(2M)而非3'b100(1G),验证1G→2M降级逻辑,1G大页跨越region边界触发降级,Directed,Assertion,cg_sysmap_degrade_pgs,sva_sysmap_cross_degrade,sysmap_boundary_seq,回填csr_refill_pgs=3'b010,P0,twu.sv:L1040-1048,MMU_VerificationPlan_v3.md F6.NEW.4,Planned,,,
REQ-6.NEW,sysmap跨界触发强制页大小降级,F6.NEW.4,跨界→强制降级页大小,TC-SYSMAP-DEGRADE-2M4K-001,test_mmu_sysmap_degrade_2m_to_4k,2M页跨界后回填pgs=3'b001(4K),验证2M→4K降级逻辑,2M大页跨越region边界触发降级,Directed,Assertion,cg_sysmap_degrade_pgs,sva_sysmap_cross_degrade,sysmap_boundary_seq,回填csr_refill_pgs=3'b001,P0,twu.sv:L1040-1048,MMU_VerificationPlan_v3.md F6.NEW.4,Planned,,,
REQ-6.NEW,sysmap跨界触发强制页大小降级,F6.NEW.4,跨界→强制降级页大小,TC-SYSMAP-NO-DEGRADE-1G-001,test_mmu_sysmap_no_degrade_1g,不跨界1G页回填pgs保持3'b100,验证不跨界不降级,1G大页在同一region内不跨界,Directed,Assertion,cg_sysmap_degrade_pgs,sva_sysmap_cross_degrade,sysmap_region_setup_seq,不跨界时csr_refill_pgs=3'b100,P0,twu.sv:L1040-1048,MMU_VerificationPlan_v3.md F6.NEW.4,Planned,,,
REQ-6.NEW,sysmap跨界触发强制页大小降级,F6.NEW.4,跨界→强制降级页大小,TC-SYSMAP-NO-DEGRADE-2M-001,test_mmu_sysmap_no_degrade_2m,不跨界2M页回填pgs保持3'b010,验证2M不跨界不降级,2M大页在同一region内,Directed,Assertion,cg_sysmap_degrade_pgs,sva_sysmap_cross_degrade,sysmap_region_setup_seq,不跨界时csr_refill_pgs=3'b010,P0,twu.sv:L1040-1048,MMU_VerificationPlan_v3.md F6.NEW.4,Planned,,,
REQ-6.NEW,PTW向sysmap发送PA按页级对齐,F6.NEW.5,sysmap PA页级对齐,TC-SYSMAP-PA-ALIGN-1G-001,test_mmu_sysmap_pa_align_1g,1G叶时发送sysmap的PA低18 bit恒为0,验证1G叶PA对齐正确,触发1G叶PTE CSR FSM查询,Directed,Assertion,cg_sysmap_pa_align,—,ifu_huge_page_fetch_seq,sysmap PA低18 bit=0,P1,twu.sv,MMU_VerificationPlan_v3.md F6.NEW.5,Planned,,,
REQ-6.NEW,PTW向sysmap发送PA按页级对齐,F6.NEW.5,sysmap PA页级对齐,TC-SYSMAP-PA-ALIGN-2M-001,test_mmu_sysmap_pa_align_2m,2M叶时发送sysmap的PA低9 bit恒为0,验证2M叶PA对齐正确,触发2M叶PTE CSR FSM查询,Directed,Assertion,cg_sysmap_pa_align,—,lsu_huge_page_seq,sysmap PA低9 bit=0,P1,twu.sv,MMU_VerificationPlan_v3.md F6.NEW.5,Planned,,,
REQ-6.NEW,PTW向sysmap发送PA按页级对齐,F6.NEW.5,sysmap PA页级对齐,TC-SYSMAP-PA-ALIGN-4K-001,test_mmu_sysmap_pa_align_4k,4K叶时发送sysmap的PA全28 bit有效,验证4K叶PA格式正确,触发4K叶PTE CSR FSM查询,Directed,Assertion,cg_sysmap_pa_align,—,lsu_base_seq,4K PA全28 bit有效,P1,twu.sv,MMU_VerificationPlan_v3.md F6.NEW.5,Planned,,,
REQ-6.NEW,4 TWU独立sysmap端口并发查询,F6.NEW.6,4 TWU并发sysmap查询,TC-SYSMAP-4TWU-CONCURRENT-001,test_mmu_sysmap_4twu_concurrent_query,4 TWU同周期并发sysmap查询各路hit/flg独立正确,验证4路并发查询互不干扰,构造4 TWU同时进入CSR FSM查询sysmap,Constrained-Random,Function Coverage,cg_sysmap_4twu_concurrent,—,mmu_stress_all_ports_vseq,4路查询结果各自独立正确,P1,ptw.sv:L289 L342 L395 L448,MMU_VerificationPlan_v3.md F6.NEW.6,Planned,,,
REQ-6.NEW,4 TWU独立sysmap端口并发查询,F6.NEW.6,4 TWU并发sysmap查询,TC-SYSMAP-TWU-PORT-MAP-001,test_mmu_sysmap_twu_port_mapping,端口号3/5/6/7映射关系正确 TWU one=3 two=5 three=6 four=7,验证sysmap端口映射正确,驱动各端口PA观察flg返回路由,Directed,Function Coverage,cg_sysmap_4twu_concurrent,—,sysmap_region_setup_seq,flg3→twu_one flg5→twu_two flg6→twu_three flg7→twu_four,P1,ptw.sv:L289-290 L342-343 L395-396 L448-449,MMU_VerificationPlan_v3.md F6.NEW.6,Planned,,,
REQ-6.NEW,sysmap无命中时默认flag=5'b10011,F6.NEW.7,sysmap无命中默认属性,TC-SYSMAP-NO-HIT-DEFAULT-001,test_mmu_sysmap_no_hit_default_flag,PA落在所有region范围外时sysmap_mmu_flg=5'b10011,验证无命中默认flag值,配置sysmap region使PA落在范围外,Directed,Function Coverage,cg_sysmap_default_flag,—,sysmap_region_setup_seq,sysmap_mmu_flg=5'b10011 So=1/不可缓存,P2,ct_mmu_sysmap.v:L155,MMU_VerificationPlan_v3.md F6.NEW.7,Planned,,,
REQ-6.NEW,sysmap无命中时默认flag=5'b10011,F6.NEW.7,sysmap无命中默认属性,TC-SYSMAP-DEFAULT-FLAG-BIT-001,test_mmu_sysmap_default_flag_bit_verify,无命中时默认So=1/不可缓存属性正确传播到TLB回填,验证默认属性传播到TLB,PA无region命中 + MAEE=0触发回填,Directed,Function Coverage,cg_sysmap_default_flag,sva_csr_refill_flg_matches_sysmap,sysmap_region_setup_seq,TLB回填属性=5'b10011,P2,ct_mmu_sysmap.v:L155,MMU_VerificationPlan_v3.md F6.NEW.7,Planned,,,
REQ-7.NEW,PMP检查是PTW发LSU请求的前提,F7.NEW.3,PMP→LSU顺序约束,TC-PTW-PMP-WAIT-NO-LSU-001,test_mmu_ptw_pmp_wait_no_lsu_req,pmp_wait=1的任意周期mmu_lsu_data_req必须为0,验证PMP等待期间无LSU请求,构造pmp_wait=1场景观察LSU req,Directed,Assertion,cg_pmp_per_level_result,sva_no_lsu_req_during_pmp_wait,pmp_flg_deny_rw_seq,pmp_wait=1时mmu_lsu_data_req=0,P0,twu.sv:L243-246,MMU_VerificationPlan_v3.md F7.NEW.3,Planned,,,
REQ-7.NEW,PTW各级PMP PA格式——页级对齐,F7.NEW.4,PMP PA页级对齐格式,TC-PTW-PMP-PA-ZERO-001,test_mmu_ptw_pmp_pa_zero_no_request,pmp_grant=3'b000时mmu_pmp_pa全零不产生误判,验证无有效请求时PA全零,grant=3'b000场景,Directed,Assertion,cg_pmp_pa_format,sva_pmp_grant_onehot,—,pmp_grant=3'b000时PA=28'b0,P0,twu.sv:L1001-1014,MMU_VerificationPlan_v3.md F7.NEW.4,Planned,,,
REQ-7.NEW,PMP deny→TWU AccessFault→L2TLB异常直通,F7.NEW.5,PMP deny→AccessFault直通,TC-PTW-PMP-DENY-ACCFLT-001,test_mmu_ptw_pmp_deny_access_fault,PTW访问R=0的PMP region触发AccessFault不产生LSU请求,验证R=0 PMP deny→AccessFault,PMP配置R=0触发PTW PTE读,Directed,Assertion,cg_pmp_deny_by_level,sva_pmp_deny_acc_fault,pmp_flg_deny_rw_seq,R=0 PMP deny→AccFlt 无mmu_lsu_data_req,P0,twu.sv:L372-376 L961-964,MMU_VerificationPlan_v3.md F7.NEW.5,Planned,,,
REQ-7.NEW,PMP deny→TWU AccessFault→L2TLB异常直通,F7.NEW.5,PMP deny→AccessFault直通,TC-PTW-PMP-DENY-NO-REFILL-001,test_mmu_ptw_pmp_deny_no_refill,PMP deny后TWU不进行回填直接报异常,验证PMP deny无回填行为,PMP deny场景,Directed,Assertion,cg_pmp_deny_by_level,sva_pmp_deny_no_lsu_req,pmp_flg_deny_rw_seq,PMP deny后无L2TLB refill写入,P0,twu.sv:L961-964,MMU_VerificationPlan_v3.md F7.NEW.5,Planned,,,
REQ-7.NEW,PMP deny→TWU AccessFault→L2TLB异常直通,F7.NEW.5,PMP deny→AccessFault直通,TC-PTW-PMP-MMODE-L0-001,test_mmu_ptw_pmp_mmode_l0_bypass,M-mode且L=0时PMP检查被绕过不产生AccessFault,验证M-mode L=0绕过PMP,设置M-mode + L=0 PMP region,Directed,Function Coverage,cg_pmp_deny_by_level,sva_pmp_deny_acc_fault,cp0_priv_switch_seq,M-mode L=0时无AccFlt,P0,twu.sv:L372-376,MMU_VerificationPlan_v3.md F7.NEW.5,Planned,,,
REQ-7.NEW,PMP deny→TWU AccessFault→L2TLB异常直通,F7.NEW.5,PMP deny→AccessFault直通,TC-PTW-PMP-MMODE-L1-001,test_mmu_ptw_pmp_mmode_l1_check,M-mode且L=1时PMP检查生效,验证M-mode L=1 PMP生效,设置M-mode + L=1 PMP region R=0,Directed,Assertion,cg_pmp_deny_by_level,sva_pmp_deny_acc_fault,cp0_priv_switch_seq + pmp_flg_deny_rw_seq,M-mode L=1 R=0时产生AccFlt,P0,twu.sv:L372-376,MMU_VerificationPlan_v3.md F7.NEW.5,Planned,,,
REQ-7.NEW,PMP wait状态触发twu_xbar_mask,F7.NEW.6,PMP wait→twu_mask传播,TC-TWU-MASK-PMP-WAIT-001,test_mmu_twu_mask_from_pmp_wait,PMP wait期间twu_mask必须为1,验证pmp_wait→mask传播,单路PMP wait场景,Directed,Assertion,cg_twu_mask_cause,sva_pmp_wait_implies_mask,pmp_flg_deny_rw_seq,pmp_wait=1时twu_mask=1,P1,twu.sv:L243-246,MMU_VerificationPlan_v3.md F7.NEW.6,Planned,,,
REQ-7.NEW,PMP wait状态触发twu_xbar_mask,F7.NEW.6,PMP wait→twu_mask传播,TC-TWU-MASK-ALL4-PMP-001,test_mmu_twu_mask_all4_pmp_wait,4 TWU全PMP wait时ptw_l2tlb_ready=0,验证4路全mask时ready拉低,构造4 TWU同时PMP wait场景,Directed,Assertion,cg_twu_mask_cause,sva_pmp_wait_implies_mask,pmp_flg_cross_8port_seq,4路mask=1时ptw_l2tlb_ready=0,P1,twu.sv:L243-246; ptw.sv,MMU_VerificationPlan_v3.md F7.NEW.6,Planned,,,
REQ-7.NEW,PTW PMP端口fetch恒为0,F7.NEW.7,mmu_pmp_fecth PTW端口恒为0,TC-PTW-PMP-FETCH-ZERO-001,test_mmu_ptw_pmp_fetch_always_zero,所有PTW PMP场景下mmu_pmp_fecth{3/5/6/7}均为0,验证PTW PMP fetch信号恒为0,覆盖所有PTW PMP检查场景,Directed,Assertion,—,sva_ptw_pmp_fetch_zero,mmu_ptw_thrash_vseq,mmu_pmp_fecth3/5/6/7=0 in all PTW PMP cycles,P1,twu.sv:L1001-1014; ptw.sv:L61-64,MMU_VerificationPlan_v3.md F7.NEW.7,Planned,,,
REQ-7.NEW,PTW PMP端口fetch恒为0,F7.NEW.7,mmu_pmp_fecth PTW端口恒为0,TC-PTW-PMP-R-CHECK-001,test_mmu_ptw_pmp_r_bit_check,PMP模块接收fetch=0后使用R-bit而非X-bit判断权限,验证PTW使用R-bit检查,PMP配置fetch=0 R=0场景,Directed,Function Coverage,cg_pmp_deny_by_level,sva_ptw_pmp_fetch_zero,pmp_flg_deny_rw_seq,fetch=0时使用flg[0]=R判断 flg[2]=X不用,P1,twu.sv:L372-376; ptw.sv:L61-64,MMU_VerificationPlan_v3.md F7.NEW.7,Planned,,,
REQ-7.NEW,RTL typo mmu_pmp_fecth7绑定,F7.NEW.8,RTL typo mmu_pmp_fecth7,TC-PTW-PMP-TYPO-BIND-001,test_mmu_ptw_pmp_typo_port_binding,UVM pmp_agent port7绑定必须使用mmu_pmp_fecth7(typo名称),验证typo端口名绑定正确不使用正确拼写,编译时验证pmp_if使用mmu_pmp_fecth7,Directed,Code Review / Compile Check,—,—,—,pmp_if使用mmu_pmp_fecth7编译成功 mmu_pmp_fetch7会导致连接失败,P1,ptw.sv:L62,MMU_VerificationPlan_v3.md F7.NEW.8,Planned,,,
REQ-7.NEW,PTW 4 TWU PMP端口分配 pa3/5/6/7,F7.NEW.9,PTW PMP端口映射3/5/6/7,TC-PTW-PMP-PORT-MAP-001,test_mmu_ptw_pmp_port_mapping,pmp_mmu_flg3反馈给twu_one端口映射不错位,验证4路PMP端口映射正确,驱动4路pmp_mmu_flg观察TWU接收路由,Directed,Function Coverage,cg_ptw_pmp_port_map,—,pmp_flg_cross_8port_seq,flg3→twu_one flg5→twu_two flg6→twu_three flg7→twu_four,P1,ptw.sv:L291 L300 L344 L353 L397 L406 L450 L459,MMU_VerificationPlan_v3.md F7.NEW.9,Planned,,,
REQ-7.NEW,PTW 4 TWU PMP端口分配 pa3/5/6/7,F7.NEW.9,PTW PMP端口映射3/5/6/7,TC-PTW-PMP-PORT-CONCURRENT-001,test_mmu_ptw_pmp_port_concurrent,4 TWU同时发出PMP请求时4路pa/flg信号独立正确,验证并发独立性,4 TWU同时发PMP请求,Constrained-Random,Function Coverage,cg_ptw_pmp_port_map,—,mmu_stress_all_ports_vseq,4路pa/flg并发无串扰,P1,ptw.sv:L52-64,MMU_VerificationPlan_v3.md F7.NEW.9,Planned,,,
# --- Section v7.0: bus_error 并发协议 + PDE Cache 时序重构 ---,,,,,,,,,,,,,,,,,,,,,
REQ-4.NEW,bus_error 与 data_vld 同拍并发协议（v7.0）,F4.22,lsu_mmu_bus_error 并发非互斥,TC-MBUF-BUS-ERR-CONCURRENT-001,test_mmu_mbuf_bus_err_concurrent,lsu_mmu_bus_error=1 与 lsu_mmu_data_vld=1 必然同拍到来（非互斥）；bus_error=1 时数据无效但握手完成,验证 bus_error 与 data_vld 同拍合法过渡；mbuf_get 不置 1；bus_err_flop→1,ptw_bus_error_inject_seq,Assertion,cg_mbuf_bus_err_concurrent,sva_bus_err_with_data_vld,ptw_bus_error_inject_seq,bus_error&data_vld 同拍合法；mbuf_get=0,P0,mmu/rtl/ptw_mbuf.sv mmu/rtl/mbuf_entry.sv,MMU_VerificationPlan_v3.md v7.0 F4.22,Planned,,,,
REQ-4.NEW,mbuf_get !bus_error 门控（v7.0）,F4.22,mbuf_get 门控 bus_error,TC-MBUF-GET-NO-BUS-ERR-001,test_mmu_mbuf_get_not_set_on_bus_err,bus_error=1 时 mbuf_get 不置 1，防止无效数据被 write_back_req 回填 TLB,验证门控语义 + bus_err_write_back_req 独立路径,ptw_bus_error_inject_seq,Assertion,cg_mbuf_bus_err_concurrent,sva_mbuf_get_not_set_on_bus_err sva_mbuf_get_bus_err_mutex,ptw_bus_error_inject_seq,mbuf_get=0 when bus_error=1,P0,mmu/rtl/mbuf_entry.sv,MMU_VerificationPlan_v3.md v7.0 F4.22,Planned,,,,
REQ-4.NEW,mbuf_get 与 mbuf_bus_err_flop 互斥（v7.0 F4.35 扩充）,F4.35,mbuf FSM bus_err 互斥,TC-MBUF-FSM-MUTEX-001,test_mmu_mbuf_get_buserr_flop_mutex,mbuf_get=1 与 mbuf_bus_err_flop=1 不可同时为高,验证 FSM 状态组合不冲突,ptw_random_pte_seq + ptw_bus_error_inject_seq,Assertion,cg_mbuf_fsm,sva_mbuf_get_bus_err_mutex,ptw_bus_error_inject_seq,两位互斥恒成立,P0,mmu/rtl/mbuf_entry.sv,MMU_VerificationPlan_v3.md v7.0 F4.35,Planned,,,,
REQ-4.NEW,PDE Cache 更新时序重构（v7.0 F4.NEW.1）,F4.NEW.1,pde_updata 四寄存器次周期驱动,TC-PDE-CACHE-TIMING-001,test_mmu_pde_cache_one_cycle_delay,ptw_mbuf 引入 pde_updata_data_vld/data_flop/vpn/lvl 四寄存器；次周期驱动 mbuf_cache_upd,验证 PDE Cache 次周期写入时序,ptw_random_pte_seq,Assertion,cg_pde_cache_timing,sva_pde_cache_one_cycle_delay,ptw_random_pte_seq,mbuf_cache_upd 落后 data_vld 一拍,P0,mmu/rtl/ptw_mbuf.sv,MMU_VerificationPlan_v3.md v7.0 F4.NEW.1,Planned,,,,
REQ-4.NEW,PDE Cache 叶级不更新（v7.0 F4.NEW.1）,F4.NEW.1,pde_updata_lvl[0]=1 排除叶级,TC-PDE-CACHE-LVL-001,test_mmu_pde_cache_no_leaf_entry,pde_updata_lvl[0]=1 排除 THD/4K 叶级更新，PDE Cache 仅存非叶 PTE,验证 PDE Cache 不被叶 PTE 污染,ptw_random_pte_seq,Assertion,cg_pde_cache_timing,sva_pde_cache_no_leaf_entry,ptw_random_pte_seq,PDE Cache 永不含叶 PTE,P0,mmu/rtl/ptw_mbuf.sv,MMU_VerificationPlan_v3.md v7.0 F4.NEW.1,Planned,,,,
# --- Section v7.1: xbar 两级分发 + mbuf_twu_have per-TWU 位向量 ---,,,,,,,,,,,,,,,,,,,,,
REQ-4.NEW,xbar 两级分发策略（v7.1 F4.NEW.15）,F4.NEW.15,idle-first priority encoder + pointer fallback,TC-XBAR-IDLE-FIRST-001,test_mmu_xbar_idle_first_priority,Stage-1 优先编码器从 twu_idle[3:0] 选第一个空闲 TWU 优先级 TWU0>1>2>3,验证多 TWU idle 时固定优先级分发,mmu_ptw_thrash_vseq,Assertion,cg_xbar_dispatch_mode,sva_xbar_idle_first_priority,mmu_ptw_thrash_vseq,Stage-1 命中最小索引 idle TWU,P0,mmu/rtl/one_to_four_xbar.sv#L92-L97,MMU_VerificationPlan_v3.md v7.1 F4.NEW.15,Planned,,,,
REQ-4.NEW,xbar pointer 仅在 no_twu_idle 时生效（v7.1 F4.NEW.15）,F4.NEW.15,twu_req_point_r pointer fallback,TC-XBAR-POINTER-FALLBACK-001,test_mmu_xbar_pointer_only_when_no_idle,no_twu_idle=1 时改用 twu_req_point_r 轮转；no_twu_idle=0 时 pointer 路径被屏蔽,验证 pointer fallback 语义,mmu_stress_all_ports_vseq,Assertion,cg_xbar_dispatch_mode,sva_xbar_pointer_only_when_no_idle,mmu_stress_all_ports_vseq,pointer 仅在全 busy 时驱动 twu_req,P0,mmu/rtl/one_to_four_xbar.sv#L106-L162,MMU_VerificationPlan_v3.md v7.1 F4.NEW.15,Planned,,,,
REQ-4.NEW,xbar 模式切换无丢请求（v7.1 F4.NEW.15）,F4.NEW.15,idle-first↔pointer 切换,TC-XBAR-MODE-SWITCH-001,test_mmu_xbar_mode_switch_no_loss,模式切换瞬间无丢请求、无双重派发,验证切换期间正确性,mmu_stress_all_ports_vseq,Constrained-Random,Function Coverage,cg_xbar_dispatch_mode,—,mmu_stress_all_ports_vseq,切换期间 1:1 派发,P1,mmu/rtl/one_to_four_xbar.sv,MMU_VerificationPlan_v3.md v7.1 F4.NEW.15,Planned,,,
REQ-4.NEW,mbuf_twu_have per-TWU 位向量生成（v7.1 F4.NEW.16）,F4.NEW.16,mbuf_twu_have[3:0] 生成正确性,TC-MBUF-TWU-HAVE-GEN-001,test_mmu_mbuf_twu_have_from_vld_entries,mbuf_twu_have[k]=1 iff 存在 mbuf entry i 满足 vld[i]=1 且 twu_idx[i]==k,验证 9 entry 遍历 one-hot 匹配正确,mmu_ptw_thrash_vseq,Assertion,cg_mbuf_twu_have_patterns,sva_mbuf_twu_have_from_vld_entries,mmu_ptw_thrash_vseq,匹配语义与 RTL 一致,P1,mmu/rtl/ptw_mbuf.sv#L164-L189,MMU_VerificationPlan_v3.md v7.1 F4.NEW.16,Planned,,,,
REQ-4.NEW,twu_busy 包含 mbuf_twu_have（v7.1 F4.NEW.17）,F4.NEW.17,twu_busy = mbuf_twu_have | pipe_vld | csr_busy,TC-TWU-BUSY-INCL-MBUF-HAVE-001,test_mmu_twu_busy_includes_mbuf_have,流水全空+csr_busy=0 但 mbuf_twu_have[k]=1 时 twu_idle[k]=0；xbar 一级不选中,验证 twu_busy 不变式与 xbar 分发隔离,mmu_ptw_thrash_vseq,Assertion,cg_mbuf_twu_have_patterns,sva_twu_busy_includes_mbuf_have,mmu_ptw_thrash_vseq,在飞 mbuf 期间 xbar 不误派,P1,mmu/rtl/twu.sv#L365-L371 mmu/rtl/one_to_four_xbar.sv#L92-L162,MMU_VerificationPlan_v3.md v7.1 F4.NEW.17,Planned,,,,
# --- Section v7.2: PMP Agent 完善（F7.NEW.10~F7.NEW.22 + 19 TCs + 4 风险） ---,,,,,,,,,,,,,,,,,,,,,
REQ-7.NEW,PMP TOR 区间 bottom/top 级联（v7.2 F7.NEW.10）,F7.NEW.10,TOR bottom[i]=pmpaddr[i-1],TC-PMP-TOR-CHAIN-001,test_mmu_pmp_tor_chain,bottom[0]=29'b1；bottom[i]=pmpaddr[i-1]；hit = addr≥bottom && addr<upaddr,验证 TOR 级联正常区间命中,pmp_tor_chain_seq,Directed,Function Coverage + Assertion,cg_pmp_addr_mode_per_entry,sva_pmp_tor_chain,pmp_tor_chain_seq,TOR 正确命中多区间,P0,pmp/rtl/ct_pmp_comp_hit.v pmp/rtl/ct_pmp_acc.v#L54-L59,MMU_VerificationPlan_v3.md v7.2 F7.NEW.10,Planned,,,
REQ-7.NEW,PMP TOR 零宽/逆序退化（v7.2 F7.NEW.11）,F7.NEW.11,零宽 TOR 恒不命中,TC-PMP-TOR-ZERO-LEN-001,test_mmu_pmp_tor_zero_length,pmpaddr[i]==pmpaddr[i-1] 区间宽度为 0；pmpaddr[i]<pmpaddr[i-1] 非法；均不命中,验证零宽/逆序 TOR 不命中,pmp_tor_zero_seq,Directed,Function Coverage,cg_pmp_addr_mode_per_entry,sva_pmp_tor_chain,pmp_tor_zero_seq,零宽/逆序恒不命中,P1,pmp/rtl/ct_pmp_comp_hit.v,MMU_VerificationPlan_v3.md v7.2 F7.NEW.11,Planned,,,
REQ-7.NEW,PMP NAPOT 掩码 4K..1T 全档覆盖（v7.2 F7.NEW.12）,F7.NEW.12,NAPOT casez 29 档,TC-PMP-NAPOT-ALL-SIZES-001,test_mmu_pmp_napot_all_sizes,casez 匹配尾部 1 个数决定区间大小，从 4KB 到 1TB 共 29 档,验证 29 档 NAPOT 尺寸正确命中,pmp_napot_size_sweep_seq,Constrained-Random,Function Coverage,cg_pmp_napot_size,sva_pmp_napot_mask_shape,pmp_napot_size_sweep_seq,29 档尺寸全部正确命中,P0,pmp/rtl/ct_pmp_comp_hit.v#L69-L102,MMU_VerificationPlan_v3.md v7.2 F7.NEW.12,Planned,,,
REQ-7.NEW,PMP NAPOT 非法 pattern 不命中（v7.2 F7.NEW.13）,F7.NEW.13,非法 pattern → mask=0,TC-PMP-NAPOT-ILLEGAL-001,test_mmu_pmp_napot_illegal_pattern,非法 pmpaddr 尾部 pattern 无 casez 匹配分支，napot_mask=0，恒不命中（偏离 spec 推荐）,验证非法 pattern 下恒不命中,pmp_napot_illegal_seq,Directed,Function Coverage,cg_pmp_napot_size,sva_pmp_napot_mask_shape,pmp_napot_illegal_seq,非法 pattern 恒不命中,P1,pmp/rtl/ct_pmp_comp_hit.v,MMU_VerificationPlan_v3.md v7.2 F7.NEW.13,Planned,,,
REQ-7.NEW,PMP NA4 未实现（v7.2 F7.NEW.14 RTL Gap）,F7.NEW.14,na4_addr_match=1'b0,TC-PMP-NA4-UNSUPPORTED-001,test_mmu_pmp_na4_never_hits,mmu_na4_addr_match=1'b0；任何 NA4 配置恒不命中（RTL Gap R-NEW.PMP.2）,断言 NA4 hit 恒为 0,pmp_na4_seq,Directed,Assertion,cg_pmp_addr_mode_per_entry,sva_pmp_na4_never_hits,pmp_na4_seq,NA4 恒不命中,P1,pmp/rtl/ct_pmp_comp_hit.v#L59,MMU_VerificationPlan_v3.md v7.2 F7.NEW.14,Planned,,,
REQ-7.NEW,PMP 优先级 lowest-idx wins（v7.2 F7.NEW.15）,F7.NEW.15,多 hit 取最低索引,TC-PMP-PRIORITY-LOWEST-IDX-001,test_mmu_pmp_priority_lowest_index,多 entry 同时命中时 casez 从最低 index 选择；后续 hit 被掩盖,验证 priority 选择语义 + 0..7 winner 全覆盖,pmp_multi_hit_seq,Constrained-Random,Function Coverage + Assertion,cg_pmp_priority_hit_index,sva_pmp_priority_lowest_wins,pmp_multi_hit_seq,winner=min(hit_set),P0,pmp/rtl/ct_pmp_acc.v#L170-L192,MMU_VerificationPlan_v3.md v7.2 F7.NEW.15,Planned,,,
REQ-7.NEW,PMP 默认权限 M 全允许（v7.2 F7.NEW.16）,F7.NEW.16,M-mode 无命中 flg=4'b0111,TC-PMP-DEFAULT-M-ALLOW-001,test_mmu_pmp_default_m_allow,"cp0_mach_mode=1 且无命中时 pmp_mmu_flg_y=4'b0111（L=0,X=W=R=1）",验证 M-mode 默认允许,pmp_default_m_seq,Directed,Assertion,cg_pmp_priv_perm_matrix,sva_pmp_m_mode_no_match_allow,pmp_default_m_seq,M-mode 无命中允许访问,P0,pmp/rtl/ct_pmp_acc.v#L163-L166,MMU_VerificationPlan_v3.md v7.2 F7.NEW.16,Planned,,,
REQ-7.NEW,PMP 默认权限 非 M 全拒绝（v7.2 F7.NEW.16）,F7.NEW.16,U/S-mode 无命中 flg=4'b0000,TC-PMP-DEFAULT-U-DENY-001,test_mmu_pmp_default_u_deny,非 M-mode 无命中时 pmp_mmu_flg_y=4'b0000 全拒绝,验证 U/S-mode 默认拒绝,pmp_default_u_seq,Directed,Assertion,cg_pmp_priv_perm_matrix,sva_pmp_u_mode_no_match_deny,pmp_default_u_seq,U/S-mode 无命中拒绝访问,P0,pmp/rtl/ct_pmp_acc.v#L163-L166,MMU_VerificationPlan_v3.md v7.2 F7.NEW.16,Planned,,,
REQ-7.NEW,"PMP flg 位序 {L,X,W,R} 固定（v7.2 F7.NEW.17 纠正 F7.2）",F7.NEW.17,"pmp_mmu_flg[3:0]={L,X,W,R}",TC-PMP-FLG-LXWR-ORDER-001,test_mmu_pmp_flg_lxwr_order,bit[3]=L bit[2]=X bit[1]=W bit[0]=R；非 Reserved,验证位序与 RTL 一致 + Ref Model shadow 拼装一致,pmp_flg_order_seq,Directed,Assertion,cg_pmp_priv_perm_matrix,sva_pmp_flg_bit_layout,pmp_flg_order_seq,各位与 RTL 对位一致,P0,pmp/rtl/ct_pmp_acc.v#L163 L195 L308,MMU_VerificationPlan_v3.md v7.2 F7.NEW.17,Planned,,,
REQ-7.NEW,PMP L-bit 锁定 + TOR 依赖锁（v7.2 F7.NEW.18）,F7.NEW.18,L=1 屏蔽写 + pmp[i+1].L&TOR 锁 pmp[i]addr,TC-PMP-L-BIT-LOCK-001,test_mmu_pmp_l_bit_lock_no_update,L=1 时 pmp{i}cfg/addr 写被忽略；pmp{i+1}.L=1 且 A=TOR 时 pmp{i}addr 也锁,验证双路 L-bit 门控写,pmp_lock_seq,Directed,Assertion,cg_pmp_lock_sequence,sva_pmp_l_bit_lock_no_update,pmp_lock_seq,锁定后写被吞,P0,pmp/rtl/ct_pmp_regs.v,MMU_VerificationPlan_v3.md v7.2 F7.NEW.18,Planned,,,
REQ-7.NEW,PMP L-bit 复位清 0（v7.2 F7.NEW.19 RTL Gap）,F7.NEW.19,cpurst_b 清 pmp_cfg_lock,TC-PMP-L-BIT-RESET-CLR-001,test_mmu_pmp_l_bit_reset_clear,复位后所有 L=0（偏离 RISC-V Priv spec 的 sticky 语义，R-NEW.PMP.3）,验证复位后 L 清 0,pmp_reset_seq,Directed,Assertion,cg_pmp_lock_sequence,sva_pmp_l_bit_lock_no_update,pmp_reset_seq,复位后 pmp*cfg.L=0,P1,pmp/rtl/ct_pmp_regs.v#L83-L88,MMU_VerificationPlan_v3.md v7.2 F7.NEW.19,Planned,,,
REQ-7.NEW,PMP MPRV port 2 免疫（v7.2 F7.NEW.20）,F7.NEW.20,pmp_mprv_status_2=1'b0,TC-PMP-MPRV-PORT2-IMMUNE-001,test_mmu_pmp_mprv_port2_immune,port 2 LSU 预取端口 mprv 硬连线 0，MPRV 不影响该端口,验证 port 2 MPRV 免疫,pmp_mprv_port2_seq,Directed,Assertion,cg_pmp_mprv_scenarios,sva_pmp_mprv_port2_zero,pmp_mprv_port2_seq,port 2 mprv 输入恒 0,P1,pmp/rtl/ct_pmp_top.v#L130-L157,MMU_VerificationPlan_v3.md v7.2 F7.NEW.20,Planned,,,
REQ-7.NEW,PMP MPRV port 3 取指抑制（v7.2 F7.NEW.20）,F7.NEW.20,pmp_mprv_status_3=mprv&!fetch3,TC-PMP-MPRV-PORT3-FETCH-MASK-001,test_mmu_pmp_mprv_port3_fetch_mask,port 3 取指时 mprv 被屏蔽，仅数据访问适用,验证 fetch3=1 时 mprv 输入为 0,pmp_mprv_port3_seq,Directed,Assertion,cg_pmp_mprv_scenarios,sva_pmp_mprv_port3_fetch_mask,pmp_mprv_port3_seq,fetch 时屏蔽 MPRV,P1,pmp/rtl/ct_pmp_top.v#L130-L157,MMU_VerificationPlan_v3.md v7.2 F7.NEW.20,Planned,,,
REQ-7.NEW,PMP pmpcfg2 硬连线 0（v7.2 F7.NEW.21 RTL Gap）,F7.NEW.21,pmpcfg2=64'b0 pmp8-15 不实现,TC-PMP-PMPCFG2-ZERO-001,test_mmu_pmp_pmpcfg2_hardwired_zero,pmpcfg2/pmpaddr8-15 CSR 写无效，读回恒 0（R-NEW.PMP.4）,验证 pmpcfg2 读 0 写无效,pmp_pmpcfg2_seq,Directed,Function Coverage,cg_pmp_addr_mode_per_entry,—,pmp_pmpcfg2_seq,读 pmpcfg2=0 写不改状态,P2,pmp/rtl/ct_pmp_regs.v#L512,MMU_VerificationPlan_v3.md v7.2 F7.NEW.21,Planned,,,
REQ-7.NEW,PMP 5 端口实测 vs 8 端口规格（v7.2 F7.NEW.22 RTL Gap）,F7.NEW.22,ct_pmp_top 仅 5 实例 vs spec 8,TC-PMP-5PORT-REGRESS-001,test_mmu_pmp_5port_concurrent_regress,5 端口 x_ct_pmp_acc0..4 并发实测作为回归主线（R-NEW.PMP.1 高优）,验证 5 端口并发无串扰,pmp_5port_concurrent_seq,Constrained-Random,Function Coverage,cg_pmp_port_concurrency,—,pmp_5port_concurrent_seq,5 端口 flg 独立正确,P0,pmp/rtl/ct_pmp_top.v,MMU_VerificationPlan_v3.md v7.2 F7.NEW.22,Planned,,,
REQ-7.NEW,PMP 8 端口规格回归（v7.2 F7.NEW.22 spec回归）,F7.NEW.22,8 端口规格 + port5/6/7 waiver,TC-PMP-8PORT-SPEC-001,test_mmu_pmp_8port_spec_regression,8 端口并发作为 spec 回归；port 5/6/7 按 waiver 处理（悬空/默认 deny）,验证 8 端口场景下 port 0..4 正常 + 5/6/7 waiver,pmp_8port_spec_seq,Constrained-Random,Function Coverage,cg_pmp_port_concurrency,—,pmp_8port_spec_seq,8 端口 spec 回归通过,P1,pmp/rtl/ct_pmp_top.v,MMU_VerificationPlan_v3.md v7.2 F7.NEW.22,Planned,,,
REQ-7.NEW,PMP TOR L-lock 依赖写屏蔽（v7.2 F7.NEW.18 补充 TC）,F7.NEW.18,pmp[i+1].L&TOR → pmp[i]addr 锁,TC-PMP-TOR-LOCK-DEP-001,test_mmu_pmp_tor_lock_dependency,验证 pmp{i+1} 锁定 TOR 时对 pmp{i}addr 的写也被吞,验证 TOR 依赖锁双路径,pmp_tor_lock_seq,Directed,Assertion,cg_pmp_lock_sequence,sva_pmp_l_bit_lock_no_update,pmp_tor_lock_seq,被依赖地址写被吞,P0,pmp/rtl/ct_pmp_regs.v,MMU_VerificationPlan_v3.md v7.2 F7.NEW.18,Planned,,,
# --- Section v7.2: R-NEW.PMP 风险登记 ---,,,,,,,,,,,,,,,,,,,,,
R-NEW.PMP.1,RTL 5 端口 vs spec 8 端口缺口,R-NEW.PMP.1,RTL-Gap-PMP.1,RISK-PMP-PORT-GAP-001,risk_pmp_port_gap_high,ct_pmp_top.v 仅 5 个 ct_pmp_acc 实例；spec 目标 8 端口,风险登记 + waiver + ECO 建议,N/A,Risk-Tracking,N/A,N/A,N/A,设计方 ECO 或 waiver 闭环,P0,pmp/rtl/ct_pmp_top.v,MMU_VerificationPlan_v3.md v7.2 R-NEW.PMP.1,Planned,,,,
R-NEW.PMP.2,NA4 模式未实现,R-NEW.PMP.2,RTL-Gap-NA4,RISK-PMP-NA4-001,risk_pmp_na4_medium,mmu_na4_addr_match=1'b0 恒不命中；建议 ECO 或用 NAPOT(4K) 替代,风险登记 + waiver,N/A,Risk-Tracking,N/A,sva_pmp_na4_never_hits,N/A,NA4 行为登记为已知,P1,pmp/rtl/ct_pmp_comp_hit.v#L59,MMU_VerificationPlan_v3.md v7.2 R-NEW.PMP.2,Planned,,,,
R-NEW.PMP.3,L-bit 复位清 0 偏离规范,R-NEW.PMP.3,RTL-Gap-L-RESET,RISK-PMP-L-RESET-001,risk_pmp_l_reset_medium,复位清 L-bit，偏离 RISC-V Priv spec sticky 语义；建议改 power-on reset only,风险登记 + spec 偏差说明,N/A,Risk-Tracking,N/A,N/A,N/A,spec 偏差登记,P1,pmp/rtl/ct_pmp_regs.v#L83-L88,MMU_VerificationPlan_v3.md v7.2 R-NEW.PMP.3,Planned,,,,
R-NEW.PMP.4,pmpcfg2 硬连线 0,R-NEW.PMP.4,RTL-Gap-PMPCFG2,RISK-PMP-PMPCFG2-001,risk_pmp_pmpcfg2_low,pmpcfg2/pmpaddr8-15 不实现；RISC-V 允许 0/16/64 entry，本 RTL 8 entry,风险登记 + 文档说明,N/A,Risk-Tracking,N/A,N/A,N/A,8 entry 实现说明,P2,pmp/rtl/ct_pmp_regs.v#L512,MMU_VerificationPlan_v3.md v7.2 R-NEW.PMP.4,Planned,,,,
PHASE9-p9-ptw-ptw_005,Phase 9 wrapper catalog import for ptw_tests,PTW,PTW,PTW-005,test_ptw_l2_pde_cache_replace,Phase 9 generated wrapper for ptw_tests,Compile-visible runnable wrapper mapped from Phase 9 system catalog; checker=ptw_walk_cg,ptw_page_table_build_2m_seq + cache invalidation,Directed,ptw_walk_cg,,,ptw_page_table_build_2m_seq + cache invalidation,Wrapper compiles and runs clean under Phase 9/derived regression gate,P1,,archive_merged_20260607/csv/phase9_b_stage_catalog_system.csv,Implemented,Phase9:p9-ptw-ptw_005:ptw_tests,mmu_verification/testbench/test/ptw_tests/test_ptw_l2_pde_cache_replace.svh,test_name=test_ptw_l2_pde_cache_replace; reviewer=A+B; checker=ptw_walk_cg
PHASE9-p9-ptw-ptw_007,Phase 9 wrapper catalog import for ptw_tests,PTW,PTW,PTW-007,test_ptw_l1_pde_miss_walk,Phase 9 generated wrapper for ptw_tests,Compile-visible runnable wrapper mapped from Phase 9 system catalog; checker=ptw_walk_cg,ptw_deep_tree_random_seq,Directed,ptw_walk_cg,,,ptw_deep_tree_random_seq,Wrapper compiles and runs clean under Phase 9/derived regression gate,P1,,archive_merged_20260607/csv/phase9_b_stage_catalog_system.csv,Implemented,Phase9:p9-ptw-ptw_007:ptw_tests,mmu_verification/testbench/test/ptw_tests/test_ptw_l1_pde_miss_walk.svh,test_name=test_ptw_l1_pde_miss_walk; reviewer=A+B; checker=ptw_walk_cg
PHASE9-p9-ptw-ptw_008,Phase 9 wrapper catalog import for ptw_tests,PTW,PTW,PTW-008,test_ptw_l1_pde_cache_replace,Phase 9 generated wrapper for ptw_tests,Compile-visible runnable wrapper mapped from Phase 9 system catalog; checker=ptw_walk_cg,多次 L1 cache 填充,Directed,ptw_walk_cg,,,多次 L1 cache 填充,Wrapper compiles and runs clean under Phase 9/derived regression gate,P1,,archive_merged_20260607/csv/phase9_b_stage_catalog_system.csv,Implemented,Phase9:p9-ptw-ptw_008:ptw_tests,mmu_verification/testbench/test/ptw_tests/test_ptw_l1_pde_cache_replace.svh,test_name=test_ptw_l1_pde_cache_replace; reviewer=A+B; checker=ptw_walk_cg
PHASE9-p9-ptw-ptw_014,Phase 9 wrapper catalog import for ptw_tests,PTW,PTW,PTW-014,test_mbuf_ooo_response,Phase 9 generated wrapper for ptw_tests,Compile-visible runnable wrapper mapped from Phase 9 system catalog; checker=ptw_walk_cg,ptw_mem_ooo_rsp_seq,Directed,ptw_walk_cg,,,ptw_mem_ooo_rsp_seq,Wrapper compiles and runs clean under Phase 9/derived regression gate,P1,,archive_merged_20260607/csv/phase9_b_stage_catalog_system.csv,Implemented,Phase9:p9-ptw-ptw_014:ptw_tests,mmu_verification/testbench/test/ptw_tests/test_mbuf_ooo_response.svh,test_name=test_mbuf_ooo_response; reviewer=A+B; checker=ptw_walk_cg
PHASE9-p9-ptw-ptw_017,Phase 9 wrapper catalog import for ptw_tests,PTW,PTW,PTW-017,test_pte_reserved_bits,Phase 9 generated wrapper for ptw_tests,Compile-visible runnable wrapper mapped from Phase 9 system catalog; checker=ptw_walk_cg,ptw_mem_illegal_pte_seq (reserved != 0),Directed,ptw_walk_cg,,,ptw_mem_illegal_pte_seq (reserved != 0),Wrapper compiles and runs clean under Phase 9/derived regression gate,P1,,archive_merged_20260607/csv/phase9_b_stage_catalog_system.csv,Implemented,Phase9:p9-ptw-ptw_017:ptw_tests,mmu_verification/testbench/test/ptw_tests/test_pte_reserved_bits.svh,test_name=test_pte_reserved_bits; reviewer=A+B; checker=ptw_walk_cg
PHASE9-p9-ptw-ptw_018,Phase 9 wrapper catalog import for ptw_tests,PTW,PTW,PTW-018,test_pte_misaligned_ppn_2m,Phase 9 generated wrapper for ptw_tests,Compile-visible runnable wrapper mapped from Phase 9 system catalog; checker=ptw_walk_cg,2M 巨页 PPN[0] != 0,Directed,ptw_walk_cg,,,2M 巨页 PPN[0] != 0,Wrapper compiles and runs clean under Phase 9/derived regression gate,P1,,archive_merged_20260607/csv/phase9_b_stage_catalog_system.csv,Implemented,Phase9:p9-ptw-ptw_018:ptw_tests,mmu_verification/testbench/test/ptw_tests/test_pte_misaligned_ppn_2m.svh,test_name=test_pte_misaligned_ppn_2m; reviewer=A+B; checker=ptw_walk_cg
PHASE9-p9-ptw-ptw_019,Phase 9 wrapper catalog import for ptw_tests,PTW,PTW,PTW-019,test_pte_misaligned_ppn_1g,Phase 9 generated wrapper for ptw_tests,Compile-visible runnable wrapper mapped from Phase 9 system catalog; checker=ptw_walk_cg,1G 巨页 PPN[9:0] != 0,Directed,ptw_walk_cg,,,1G 巨页 PPN[9:0] != 0,Wrapper compiles and runs clean under Phase 9/derived regression gate,P1,,archive_merged_20260607/csv/phase9_b_stage_catalog_system.csv,Implemented,Phase9:p9-ptw-ptw_019:ptw_tests,mmu_verification/testbench/test/ptw_tests/test_pte_misaligned_ppn_1g.svh,test_name=test_pte_misaligned_ppn_1g; reviewer=A+B; checker=ptw_walk_cg
PHASE9-p9-ptw-ptw_021,Phase 9 wrapper catalog import for ptw_tests,PTW,PTW,PTW-021,test_pte_x_bit_mxr_mix,Phase 9 generated wrapper for ptw_tests,Compile-visible runnable wrapper mapped from Phase 9 system catalog; checker=ptw_walk_cg,"X=1 R=0, MXR=0/1",Directed,ptw_walk_cg,,,"X=1 R=0, MXR=0/1",Wrapper compiles and runs clean under Phase 9/derived regression gate,P1,,archive_merged_20260607/csv/phase9_b_stage_catalog_system.csv,Implemented,Phase9:p9-ptw-ptw_021:ptw_tests,mmu_verification/testbench/test/ptw_tests/test_pte_x_bit_mxr_mix.svh,test_name=test_pte_x_bit_mxr_mix; reviewer=A+B; checker=ptw_walk_cg
PHASE9-p9-ptw-ptw_024,Phase 9 wrapper catalog import for ptw_tests,PTW,PTW,PTW-024,test_huge_page_2m_direct,Phase 9 generated wrapper for ptw_tests,Compile-visible runnable wrapper mapped from Phase 9 system catalog; checker=ptw_walk_cg,ptw_page_table_build_2m_seq,Directed,ptw_walk_cg,,,ptw_page_table_build_2m_seq,Wrapper compiles and runs clean under Phase 9/derived regression gate,P1,,archive_merged_20260607/csv/phase9_b_stage_catalog_system.csv,Implemented,Phase9:p9-ptw-ptw_024:ptw_tests,mmu_verification/testbench/test/ptw_tests/test_huge_page_2m_direct.svh,test_name=test_huge_page_2m_direct; reviewer=A+B; checker=ptw_walk_cg
PHASE9-p9-ptw-ptw_025,Phase 9 wrapper catalog import for ptw_tests,PTW,PTW,PTW-025,test_huge_page_4k_full_walk,Phase 9 generated wrapper for ptw_tests,Compile-visible runnable wrapper mapped from Phase 9 system catalog; checker=ptw_walk_cg,ptw_page_table_build_4k_seq,Directed,ptw_walk_cg,,,ptw_page_table_build_4k_seq,Wrapper compiles and runs clean under Phase 9/derived regression gate,P1,,archive_merged_20260607/csv/phase9_b_stage_catalog_system.csv,Implemented,Phase9:p9-ptw-ptw_025:ptw_tests,mmu_verification/testbench/test/ptw_tests/test_huge_page_4k_full_walk.svh,test_name=test_huge_page_4k_full_walk; reviewer=A+B; checker=ptw_walk_cg
PHASE9-p9-ptw-ptw_026,Phase 9 wrapper catalog import for ptw_tests,PTW,PTW,PTW-026,test_huge_page_mixed,Phase 9 generated wrapper for ptw_tests,Compile-visible runnable wrapper mapped from Phase 9 system catalog; checker=ptw_walk_cg,mmu_huge_page_mix_vseq,Directed,ptw_walk_cg,,,mmu_huge_page_mix_vseq,Wrapper compiles and runs clean under Phase 9/derived regression gate,P1,,archive_merged_20260607/csv/phase9_b_stage_catalog_system.csv,Implemented,Phase9:p9-ptw-ptw_026:ptw_tests,mmu_verification/testbench/test/ptw_tests/test_huge_page_mixed.svh,test_name=test_huge_page_mixed; reviewer=A+B; checker=ptw_walk_cg
PHASE9-p9-ptw-ptw_027,Phase 9 wrapper catalog import for ptw_tests,PTW,PTW,PTW-027,test_satp_switch_during_walk,Phase 9 generated wrapper for ptw_tests,Compile-visible runnable wrapper mapped from Phase 9 system catalog; checker=translation_sb,mmu_satp_hotswap_vseq,Directed,translation_sb,,,mmu_satp_hotswap_vseq,Wrapper compiles and runs clean under Phase 9/derived regression gate,P1,,archive_merged_20260607/csv/phase9_b_stage_catalog_system.csv,Implemented,Phase9:p9-ptw-ptw_027:ptw_tests,mmu_verification/testbench/test/ptw_tests/test_satp_switch_during_walk.svh,test_name=test_satp_switch_during_walk; reviewer=A+B; checker=translation_sb
PHASE9-p9-ptw-twu_001,Phase 9 wrapper catalog import for ptw_tests,TWU,PTW,TWU-001,test_twu_idle_state,Phase 9 generated wrapper for ptw_tests,Compile-visible runnable wrapper mapped from Phase 9 system catalog; checker=ptw_walk_cg,Power gate simulation,Directed,ptw_walk_cg,,,Power gate simulation,Wrapper compiles and runs clean under Phase 9/derived regression gate,P1,,archive_merged_20260607/csv/phase9_b_stage_catalog_system.csv,Implemented,Phase9:p9-ptw-twu_001:ptw_tests,mmu_verification/testbench/test/ptw_tests/test_twu_idle_state.svh,test_name=test_twu_idle_state; reviewer=A+B; checker=ptw_walk_cg
PHASE9-p9-ptw-arb_003,Phase 9 wrapper catalog import for ptw_tests,ARB,PTW,ARB-003,test_arb_tlboper_above_prefetch,Phase 9 generated wrapper for ptw_tests,Compile-visible runnable wrapper mapped from Phase 9 system catalog; checker=arb_sva,TLBOper + Prefetch 并发,Directed,arb_sva,,,TLBOper + Prefetch 并发,Wrapper compiles and runs clean under Phase 9/derived regression gate,P1,,archive_merged_20260607/csv/phase9_b_stage_catalog_system.csv,Implemented,Phase9:p9-ptw-arb_003:ptw_tests,mmu_verification/testbench/test/ptw_tests/test_arb_tlboper_above_prefetch.svh,test_name=test_arb_tlboper_above_prefetch; reviewer=A+B; checker=arb_sva
PHASE9-p9-ptw-arb_007,Phase 9 wrapper catalog import for ptw_tests,ARB,PTW,ARB-007,test_arb_bank_conflict_resolution,Phase 9 generated wrapper for ptw_tests,Compile-visible runnable wrapper mapped from Phase 9 system catalog; checker=arb_sva,同一 VPN 多 bank 映射,Directed,arb_sva,,,同一 VPN 多 bank 映射,Wrapper compiles and runs clean under Phase 9/derived regression gate,P1,,archive_merged_20260607/csv/phase9_b_stage_catalog_system.csv,Implemented,Phase9:p9-ptw-arb_007:ptw_tests,mmu_verification/testbench/test/ptw_tests/test_arb_bank_conflict_resolution.svh,test_name=test_arb_bank_conflict_resolution; reviewer=A+B; checker=arb_sva
PHASE9-p9-ptw-pde_001,Phase 9 wrapper catalog import for ptw_tests,PDE,PTW,PDE-001,test_pde_cache_l2_single_entry,Phase 9 generated wrapper for ptw_tests,Compile-visible runnable wrapper mapped from Phase 9 system catalog; checker=ptw_walk_cg,L2 PDE 写入与查询,Directed,ptw_walk_cg,,,L2 PDE 写入与查询,Wrapper compiles and runs clean under Phase 9/derived regression gate,P1,,archive_merged_20260607/csv/phase9_b_stage_catalog_system.csv,Implemented,Phase9:p9-ptw-pde_001:ptw_tests,mmu_verification/testbench/test/ptw_tests/test_pde_cache_l2_single_entry.svh,test_name=test_pde_cache_l2_single_entry; reviewer=A+B; checker=ptw_walk_cg
PHASE9-p9-ptw-pde_002,Phase 9 wrapper catalog import for ptw_tests,PDE,PTW,PDE-002,test_pde_cache_l1_single_entry,Phase 9 generated wrapper for ptw_tests,Compile-visible runnable wrapper mapped from Phase 9 system catalog; checker=ptw_walk_cg,L1 PDE 写入与查询,Directed,ptw_walk_cg,,,L1 PDE 写入与查询,Wrapper compiles and runs clean under Phase 9/derived regression gate,P1,,archive_merged_20260607/csv/phase9_b_stage_catalog_system.csv,Implemented,Phase9:p9-ptw-pde_002:ptw_tests,mmu_verification/testbench/test/ptw_tests/test_pde_cache_l1_single_entry.svh,test_name=test_pde_cache_l1_single_entry; reviewer=A+B; checker=ptw_walk_cg
PHASE9-p9-ptw-pde_003,Phase 9 wrapper catalog import for ptw_tests,PDE,PTW,PDE-003,test_pde_cache_clear_on_ptw_reset,Phase 9 generated wrapper for ptw_tests,Compile-visible runnable wrapper mapped from Phase 9 system catalog; checker=ptw_walk_cg,regs_ptw_clr 复位,Directed,ptw_walk_cg,,,regs_ptw_clr 复位,Wrapper compiles and runs clean under Phase 9/derived regression gate,P1,,archive_merged_20260607/csv/phase9_b_stage_catalog_system.csv,Implemented,Phase9:p9-ptw-pde_003:ptw_tests,mmu_verification/testbench/test/ptw_tests/test_pde_cache_clear_on_ptw_reset.svh,test_name=test_pde_cache_clear_on_ptw_reset; reviewer=A+B; checker=ptw_walk_cg
PHASE9-p9-pmp-ptw_032,Phase 9 wrapper catalog import for pmp_tests,PTW,PMP,PTW-032,test_pmp_deny_walk_abort,Phase 9 generated wrapper for pmp_tests,Compile-visible runnable wrapper mapped from Phase 9 system catalog; checker=ptw_walk_cg,PMP 拒绝权限,Directed,ptw_walk_cg,,,PMP 拒绝权限,Wrapper compiles and runs clean under Phase 9/derived regression gate,P1,,archive_merged_20260607/csv/phase9_b_stage_catalog_system.csv,Implemented,Phase9:p9-pmp-ptw_032:pmp_tests,mmu_verification/testbench/test/pmp_tests/test_pmp_deny_walk_abort.svh,test_name=test_pmp_deny_walk_abort; reviewer=A+B; checker=ptw_walk_cg
PHASE9-p9-sysmap-ptw_033,Phase 9 wrapper catalog import for sysmap_tests,PTW,SYSMAP,PTW-033,test_sysmap_hit_bypass_walk,Phase 9 generated wrapper for sysmap_tests,Compile-visible runnable wrapper mapped from Phase 9 system catalog; checker=ptw_walk_cg,SysMap region hit,Directed,ptw_walk_cg,,,SysMap region hit,Wrapper compiles and runs clean under Phase 9/derived regression gate,P1,,archive_merged_20260607/csv/phase9_b_stage_catalog_system.csv,Implemented,Phase9:p9-sysmap-ptw_033:sysmap_tests,mmu_verification/testbench/test/sysmap_tests/test_sysmap_hit_bypass_walk.svh,test_name=test_sysmap_hit_bypass_walk; reviewer=A+B; checker=ptw_walk_cg
PHASE9-p9-sysmap-sysmap_ptw_001,Phase 9 wrapper catalog import for sysmap_tests,SYSMAP,SYSMAP,SYSMAP-PTW-001,test_sysmap_vs_ptw_priority,Phase 9 generated wrapper for sysmap_tests,Compile-visible runnable wrapper mapped from Phase 9 system catalog; checker=sysmap_cg,SysMap hit & TLB hit 同时存在,Directed,sysmap_cg,,,SysMap hit & TLB hit 同时存在,Wrapper compiles and runs clean under Phase 9/derived regression gate,P1,,archive_merged_20260607/csv/phase9_b_stage_catalog_system.csv,Implemented,Phase9:p9-sysmap-sysmap_ptw_001:sysmap_tests,mmu_verification/testbench/test/sysmap_tests/test_sysmap_vs_ptw_priority.svh,test_name=test_sysmap_vs_ptw_priority; reviewer=A+B; checker=sysmap_cg
PHASE9-p9-sysmap-sysmap_ptw_002,Phase 9 wrapper catalog import for sysmap_tests,SYSMAP,SYSMAP,SYSMAP-PTW-002,test_sysmap_multi_region_coverage,Phase 9 generated wrapper for sysmap_tests,Compile-visible runnable wrapper mapped from Phase 9 system catalog; checker=sysmap_cg,sysmap_region_setup_seq x 8 region,Directed,sysmap_cg,,,sysmap_region_setup_seq x 8 region,Wrapper compiles and runs clean under Phase 9/derived regression gate,P1,,archive_merged_20260607/csv/phase9_b_stage_catalog_system.csv,Implemented,Phase9:p9-sysmap-sysmap_ptw_002:sysmap_tests,mmu_verification/testbench/test/sysmap_tests/test_sysmap_multi_region_coverage.svh,test_name=test_sysmap_multi_region_coverage; reviewer=A+B; checker=sysmap_cg
PHASE9-p9-sysmap-sysmap_ptw_003,Phase 9 wrapper catalog import for sysmap_tests,SYSMAP,SYSMAP,SYSMAP-PTW-003,test_sysmap_no_walk_required,Phase 9 generated wrapper for sysmap_tests,Compile-visible runnable wrapper mapped from Phase 9 system catalog; checker=sysmap_cg,SysMap hit 时 LSU 无数据请求,Directed,sysmap_cg,,,SysMap hit 时 LSU 无数据请求,Wrapper compiles and runs clean under Phase 9/derived regression gate,P1,,archive_merged_20260607/csv/phase9_b_stage_catalog_system.csv,Implemented,Phase9:p9-sysmap-sysmap_ptw_003:sysmap_tests,mmu_verification/testbench/test/sysmap_tests/test_sysmap_no_walk_required.svh,test_name=test_sysmap_no_walk_required; reviewer=A+B; checker=sysmap_cg
PHASE9-p9-perf-perf_ptw_001,Phase 9 wrapper catalog import for perf_tests,PERF,PERF,PERF-PTW-001,test_ptw_walk_latency,Phase 9 generated wrapper for perf_tests,Compile-visible runnable wrapper mapped from Phase 9 system catalog; checker=perf_mon,Long random walk sequence,Directed,perf_mon,,,Long random walk sequence,Wrapper compiles and runs clean under Phase 9/derived regression gate,P1,,archive_merged_20260607/csv/phase9_b_stage_catalog_system.csv,Implemented,Phase9:p9-perf-perf_ptw_001:perf_tests,mmu_verification/testbench/test/perf_tests/test_ptw_walk_latency.svh,test_name=test_ptw_walk_latency; reviewer=B; checker=perf_mon
PHASE9-p9-perf-perf_arb_001,Phase 9 wrapper catalog import for perf_tests,PERF,PERF,PERF-ARB-001,test_arb_throughput_max,Phase 9 generated wrapper for perf_tests,Compile-visible runnable wrapper mapped from Phase 9 system catalog; checker=perf_mon,mmu_stress_all_ports_vseq,Directed,perf_mon,,,mmu_stress_all_ports_vseq,Wrapper compiles and runs clean under Phase 9/derived regression gate,P1,,archive_merged_20260607/csv/phase9_b_stage_catalog_system.csv,Implemented,Phase9:p9-perf-perf_arb_001:perf_tests,mmu_verification/testbench/test/perf_tests/test_arb_throughput_max.svh,test_name=test_arb_throughput_max; reviewer=B; checker=perf_mon
# v7.8 audit non-function import generated 2026-06-07,,,,,,,,,,,,,,,,,,,,,
# v7.8 audit import separator,L1DTLB audit Excel/testpoint rows imported below; source audit files remain read-only; function-description content excluded.,,,,,,,,,,,,,,,,,,,,
L1DTLB-AUD-IMPORT-001-AUD-001,"L1DTLB Basic Lookup, Dual Pipe, and Page Size",AUD-001,pipe0单端口basic hit,AUD-001,`test_mmu_l1dtlb_dtlb_hit_001` / `lsu_pipe0_only_seq`,pipe0发起valid VA，命中有效4K L1DTLB entry，pipe1无请求,Purpose: pipe0单端口basic hit | Stimuli: pipe0发起valid VA，命中有效4K L1DTLB entry，pipe1无请求 | Expected: T0返回pipe0 pa_vld、PA和属性；不分配MB、不发L2 request、不写exception array,pipe0发起valid VA，命中有效4K L1DTLB entry，pipe1无请求,Directed,Testcase,L1DTLB_TS_BASIC_HIT_PIPE0; AUD-001,,`test_mmu_l1dtlb_dtlb_hit_001` / `lsu_pipe0_only_seq`,"Criteria (PASS/FAIL): LSU response、translation scoreboard、MB valid delta和L2 request均符合hit路径. A UVM_ERROR, SVA failure, scoreboard mismatch, or missing required coverage bin fails this item.",Audit,,doc/l1dtlb_uvm_audit/L1DTLB_TRISTAN_IP_Hardware_tp_V1.xlsx; doc/l1dtlb_uvm_audit/l1dtlb_testpoint_audit.md; doc/l1dtlb_uvm_audit/l1dtlb_3_9_3_10_traceability.md; doc/l1dtlb_uvm_audit/l1dtlb_3_11_traceability.md,Audit-Imported,L1DTLB-Audit-Phase6,doc/l1dtlb_uvm_audit/L1DTLB_UVM_Phase6_Progress.md,Non-function-description audit import; Phase6G replay and closure PASS 28/28; future/formal items are vabuf equivalence and exact PLRU victim.
L1DTLB-AUD-IMPORT-002-AUD-002,"L1DTLB Basic Lookup, Dual Pipe, and Page Size",AUD-002,pipe1单端口basic hit,AUD-002,`test_mmu_l1dtlb_dtlb_hit_002` / `lsu_pipe1_only_seq`,pipe1发起valid VA，命中有效4K L1DTLB entry，pipe0无请求,Purpose: pipe1单端口basic hit | Stimuli: pipe1发起valid VA，命中有效4K L1DTLB entry，pipe0无请求 | Expected: T0返回pipe1 pa_vld、PA和属性；pipe0无串扰响应,pipe1发起valid VA，命中有效4K L1DTLB entry，pipe0无请求,Directed,Testcase,L1DTLB_TS_BASIC_HIT_PIPE1; AUD-002,,`test_mmu_l1dtlb_dtlb_hit_002` / `lsu_pipe1_only_seq`,"Criteria (PASS/FAIL): per-pipe response和fault信号按pipe归属比较. A UVM_ERROR, SVA failure, scoreboard mismatch, or missing required coverage bin fails this item.",Audit,,doc/l1dtlb_uvm_audit/L1DTLB_TRISTAN_IP_Hardware_tp_V1.xlsx; doc/l1dtlb_uvm_audit/l1dtlb_testpoint_audit.md; doc/l1dtlb_uvm_audit/l1dtlb_3_9_3_10_traceability.md; doc/l1dtlb_uvm_audit/l1dtlb_3_11_traceability.md,Audit-Imported,L1DTLB-Audit-Phase6,doc/l1dtlb_uvm_audit/L1DTLB_UVM_Phase6_Progress.md,Non-function-description audit import; Phase6G replay and closure PASS 28/28; future/formal items are vabuf equivalence and exact PLRU victim.
L1DTLB-AUD-IMPORT-003-AUD-003,"L1DTLB Basic Lookup, Dual Pipe, and Page Size",AUD-003,pipe0/pipe1同拍dual hit,AUD-003,"`test_mmu_l1dtlb_dtlb_concurrent_001`, `test_mmu_l1dtlb_dtlb_dual_hit_mux_001`",两个pipe同cycle valid，分别覆盖命中同一entry和不同entry,Purpose: pipe0/pipe1同拍dual hit | Stimuli: 两个pipe同cycle valid，分别覆盖命中同一entry和不同entry | Expected: 两个pipe同拍独立返回T0 hit结果；一端不能压掉另一端,两个pipe同cycle valid，分别覆盖命中同一entry和不同entry,Directed,Testcase,L1DTLB_TS_BASIC_DUAL_HIT; AUD-003,,"`test_mmu_l1dtlb_dtlb_concurrent_001`, `test_mmu_l1dtlb_dtlb_dual_hit_mux_001`","Criteria (PASS/FAIL): cover同拍dual hit同entry/不同entry，检查两个PA/attr响应. A UVM_ERROR, SVA failure, scoreboard mismatch, or missing required coverage bin fails this item.",Audit,,doc/l1dtlb_uvm_audit/L1DTLB_TRISTAN_IP_Hardware_tp_V1.xlsx; doc/l1dtlb_uvm_audit/l1dtlb_testpoint_audit.md; doc/l1dtlb_uvm_audit/l1dtlb_3_9_3_10_traceability.md; doc/l1dtlb_uvm_audit/l1dtlb_3_11_traceability.md,Audit-Imported,L1DTLB-Audit-Phase6,doc/l1dtlb_uvm_audit/L1DTLB_UVM_Phase6_Progress.md,Non-function-description audit import; Phase6G replay and closure PASS 28/28; future/formal items are vabuf equivalence and exact PLRU victim.
L1DTLB-AUD-IMPORT-004-AUD-004,"L1DTLB Basic Lookup, Dual Pipe, and Page Size",AUD-004,同拍hit+miss,AUD-004,`test_mmu_l1dtlb_dtlb_hit_miss_concurrent_001`,一个pipe命中TLB，另一个pipe miss并需要MB allocation,Purpose: 同拍hit+miss | Stimuli: 一个pipe命中TLB，另一个pipe miss并需要MB allocation | Expected: hit响应不被miss路径、busy、MB full或L2 request阻塞；miss按规则进入MB/L2流程,一个pipe命中TLB，另一个pipe miss并需要MB allocation,Directed,Testcase,L1DTLB_TS_BASIC_HIT_MISS; AUD-004,,`test_mmu_l1dtlb_dtlb_hit_miss_concurrent_001`,"Criteria (PASS/FAIL): cross entry_hit与miss allocation，检查hit端T0 response和miss端MB/L2事件. A UVM_ERROR, SVA failure, scoreboard mismatch, or missing required coverage bin fails this item.",Audit,,doc/l1dtlb_uvm_audit/L1DTLB_TRISTAN_IP_Hardware_tp_V1.xlsx; doc/l1dtlb_uvm_audit/l1dtlb_testpoint_audit.md; doc/l1dtlb_uvm_audit/l1dtlb_3_9_3_10_traceability.md; doc/l1dtlb_uvm_audit/l1dtlb_3_11_traceability.md,Audit-Imported,L1DTLB-Audit-Phase6,doc/l1dtlb_uvm_audit/L1DTLB_UVM_Phase6_Progress.md,Non-function-description audit import; Phase6G replay and closure PASS 28/28; future/formal items are vabuf equivalence and exact PLRU victim.
L1DTLB-AUD-IMPORT-005-AUD-032,"L1DTLB Basic Lookup, Dual Pipe, and Page Size",AUD-032,4K/2M/1G page size匹配,AUD-032,"`test_mmu_l1dtlb_dtlb_huge_001`, `_002`, `_003`, `test_mmu_l1dtlb_dtlb_huge_mix_001`",分别构造4K、2M、1G entry，覆盖hit、miss、invalidate、refill/install后再次hit,Purpose: 4K/2M/1G page size匹配 | Stimuli: 分别构造4K、2M、1G entry，覆盖hit、miss、invalidate、refill/install后再次hit | Expected: 按page size比较VPN；PA拼接和属性来自命中entry/refill结果,分别构造4K、2M、1G entry，覆盖hit、miss、invalidate、refill/install后再次hit,Directed,Testcase,L1DTLB_TS_BASIC_PAGE_SIZE_4K_2M_1G; AUD-032,,"`test_mmu_l1dtlb_dtlb_huge_001`, `_002`, `_003`, `test_mmu_l1dtlb_dtlb_huge_mix_001`","Criteria (PASS/FAIL): page size bins、VPN compare范围、PA/attr scoreboard和invalidate后miss. A UVM_ERROR, SVA failure, scoreboard mismatch, or missing required coverage bin fails this item.",Audit,,doc/l1dtlb_uvm_audit/L1DTLB_TRISTAN_IP_Hardware_tp_V1.xlsx; doc/l1dtlb_uvm_audit/l1dtlb_testpoint_audit.md; doc/l1dtlb_uvm_audit/l1dtlb_3_9_3_10_traceability.md; doc/l1dtlb_uvm_audit/l1dtlb_3_11_traceability.md,Audit-Imported,L1DTLB-Audit-Phase6,doc/l1dtlb_uvm_audit/L1DTLB_UVM_Phase6_Progress.md,Non-function-description audit import; Phase6G replay and closure PASS 28/28; future/formal items are vabuf equivalence and exact PLRU victim.
L1DTLB-AUD-IMPORT-006-AUD-033,"L1DTLB Basic Lookup, Dual Pipe, and Page Size",AUD-033,多entry同VA匹配诊断,AUD-033,`test_mmu_l1dtlb_dtlb_entry_field_model_001` plus whitebox diagnostic sequence,人工构造多个valid entry可同时匹配同一VA,Purpose: 多entry同VA匹配诊断 | Stimuli: 人工构造多个valid entry可同时匹配同一VA | Expected: 若spec保留最高index优先，则输出按最高index；若后续定义multi-hit非法，则SVA报错且test仅作diagnostic,人工构造多个valid entry可同时匹配同一VA,Directed + White-box,Assertion Coverage,L1DTLB_TS_BASIC_MULTI_HIT_DIAG; AUD-033,,`test_mmu_l1dtlb_dtlb_entry_field_model_001` plus whitebox diagnostic sequence,"Criteria (PASS/FAIL): entry hit vector、selected index、multi-hit invariant或priority cover. A UVM_ERROR, SVA failure, scoreboard mismatch, or missing required coverage bin fails this item.",Audit,,doc/l1dtlb_uvm_audit/L1DTLB_TRISTAN_IP_Hardware_tp_V1.xlsx; doc/l1dtlb_uvm_audit/l1dtlb_testpoint_audit.md; doc/l1dtlb_uvm_audit/l1dtlb_3_9_3_10_traceability.md; doc/l1dtlb_uvm_audit/l1dtlb_3_11_traceability.md,Audit-Imported,L1DTLB-Audit-Phase6,doc/l1dtlb_uvm_audit/L1DTLB_UVM_Phase6_Progress.md,Non-function-description audit import; Phase6G replay and closure PASS 28/28; future/formal items are vabuf equivalence and exact PLRU victim.
L1DTLB-AUD-IMPORT-007-AUD-051,"L1DTLB Basic Lookup, Dual Pipe, and Page Size",AUD-051,entry字段建模完整性,AUD-051,`test_mmu_l1dtlb_dtlb_entry_field_model_001`,refill/install写入VPN、PPN、page size、flag后发起hit、permission和attribute访问,Purpose: entry字段建模完整性 | Stimuli: refill/install写入VPN、PPN、page size、flag后发起hit、permission和attribute访问 | Expected: valid entry字段在hit、fault判断、PA生成和属性输出中一致使用；invalid entry不参与hit,refill/install写入VPN、PPN、page size、flag后发起hit、permission和attribute访问,Directed,Testcase,L1DTLB_TS_BASIC_ENTRY_FIELD_MODEL; AUD-051,,`test_mmu_l1dtlb_dtlb_entry_field_model_001`,"Criteria (PASS/FAIL): entry probe与LSU response/scoreboard一致，覆盖flag[13:0]属性输出. A UVM_ERROR, SVA failure, scoreboard mismatch, or missing required coverage bin fails this item.",Audit,,doc/l1dtlb_uvm_audit/L1DTLB_TRISTAN_IP_Hardware_tp_V1.xlsx; doc/l1dtlb_uvm_audit/l1dtlb_testpoint_audit.md; doc/l1dtlb_uvm_audit/l1dtlb_3_9_3_10_traceability.md; doc/l1dtlb_uvm_audit/l1dtlb_3_11_traceability.md,Audit-Imported,L1DTLB-Audit-Phase6,doc/l1dtlb_uvm_audit/L1DTLB_UVM_Phase6_Progress.md,Non-function-description audit import; Phase6G replay and closure PASS 28/28; future/formal items are vabuf equivalence and exact PLRU victim.
L1DTLB-AUD-IMPORT-008-AUD-011,"L1DTLB Request Control, Abort, Busy, and Wakeup",AUD-011,abort+hit允许组合响应,AUD-011,`test_mmu_l1dtlb_dtlb_abort_001` with directed hit case,va_vld=1、abort=1且TLB hit,Purpose: abort+hit允许组合响应 | Stimuli: va_vld=1、abort=1且TLB hit | Expected: DTLB可以仍返回T0 PA/attr；abort不等价于输出清零，LSU侧丢弃该响应,va_vld=1、abort=1且TLB hit,Directed,Testcase,L1DTLB_TS_CTRL_ABORT_HIT; AUD-011,,`test_mmu_l1dtlb_dtlb_abort_001` with directed hit case,"Criteria (PASS/FAIL): hit+abort response被采样，且无非法state update. A UVM_ERROR, SVA failure, scoreboard mismatch, or missing required coverage bin fails this item.",Audit,,doc/l1dtlb_uvm_audit/L1DTLB_TRISTAN_IP_Hardware_tp_V1.xlsx; doc/l1dtlb_uvm_audit/l1dtlb_testpoint_audit.md; doc/l1dtlb_uvm_audit/l1dtlb_3_9_3_10_traceability.md; doc/l1dtlb_uvm_audit/l1dtlb_3_11_traceability.md,Audit-Imported,L1DTLB-Audit-Phase6,doc/l1dtlb_uvm_audit/L1DTLB_UVM_Phase6_Progress.md,Non-function-description audit import; Phase6G replay and closure PASS 28/28; future/formal items are vabuf equivalence and exact PLRU victim.
L1DTLB-AUD-IMPORT-009-AUD-012,"L1DTLB Request Control, Abort, Busy, and Wakeup",AUD-012,abort+miss无状态后果,AUD-012,"`test_mmu_l1dtlb_dtlb_abort_001`, `test_mmu_l1dtlb_dtlb_alloc_race_001`",abort=1且该请求若未abort会TLB/expt miss,Purpose: abort+miss无状态后果 | Stimuli: abort=1且该请求若未abort会TLB/expt miss | Expected: 不分配MB、不发L2 request、不进入refill FSM,abort=1且该请求若未abort会TLB/expt miss,Directed,Testcase,L1DTLB_TS_CTRL_ABORT_MISS; AUD-012,,"`test_mmu_l1dtlb_dtlb_abort_001`, `test_mmu_l1dtlb_dtlb_alloc_race_001`","Criteria (PASS/FAIL): MB valid不增加、L2 request无fire、no wakeup/expt write. A UVM_ERROR, SVA failure, scoreboard mismatch, or missing required coverage bin fails this item.",Audit,,doc/l1dtlb_uvm_audit/L1DTLB_TRISTAN_IP_Hardware_tp_V1.xlsx; doc/l1dtlb_uvm_audit/l1dtlb_testpoint_audit.md; doc/l1dtlb_uvm_audit/l1dtlb_3_9_3_10_traceability.md; doc/l1dtlb_uvm_audit/l1dtlb_3_11_traceability.md,Audit-Imported,L1DTLB-Audit-Phase6,doc/l1dtlb_uvm_audit/L1DTLB_UVM_Phase6_Progress.md,Non-function-description audit import; Phase6G replay and closure PASS 28/28; future/formal items are vabuf equivalence and exact PLRU victim.
L1DTLB-AUD-IMPORT-010-AUD-013,"L1DTLB Request Control, Abort, Busy, and Wakeup",AUD-013,abort不消费exception array,AUD-013,`test_mmu_l1dtlb_dtlb_abort_001` with expt-hit directed extension,aborted request命中pending exception array entry,Purpose: abort不消费exception array | Stimuli: aborted request命中pending exception array entry | Expected: 不向该aborted request报告fault；不释放expt entry和对应MB entry,aborted request命中pending exception array entry,Directed (planned),Testcase,L1DTLB_TS_CTRL_ABORT_EXPT_HIT; AUD-013,,`test_mmu_l1dtlb_dtlb_abort_001` with expt-hit directed extension,"Criteria (PASS/FAIL): expt-CAM match被观察但clear/MB release不发生，后续非abort replay仍可消费. A UVM_ERROR, SVA failure, scoreboard mismatch, or missing required coverage bin fails this item.",Audit,,doc/l1dtlb_uvm_audit/L1DTLB_TRISTAN_IP_Hardware_tp_V1.xlsx; doc/l1dtlb_uvm_audit/l1dtlb_testpoint_audit.md; doc/l1dtlb_uvm_audit/l1dtlb_3_9_3_10_traceability.md; doc/l1dtlb_uvm_audit/l1dtlb_3_11_traceability.md,Audit-Imported,L1DTLB-Audit-Phase6,doc/l1dtlb_uvm_audit/L1DTLB_UVM_Phase6_Progress.md,Non-function-description audit import; Phase6G replay and closure PASS 28/28; future/formal items are vabuf equivalence and exact PLRU victim.
L1DTLB-AUD-IMPORT-011-AUD-014,"L1DTLB Request Control, Abort, Busy, and Wakeup",AUD-014,vabuf无功能影响,AUD-014,add low-priority directed/random cover in L1DTLB wrapper,相同VA/IID/type/mode/TLB状态下只改变vabuf,Purpose: vabuf无功能影响 | Stimuli: 相同VA/IID/type/mode/TLB状态下只改变vabuf | Expected: PA、fault、attribute、MB allocation和L2 request行为不变,相同VA/IID/type/mode/TLB状态下只改变vabuf,Coverage / planned directed,Functional Coverage,L1DTLB_TS_CTRL_VABUF_NO_EFFECT; AUD-014,,add low-priority directed/random cover in L1DTLB wrapper,"Criteria (PASS/FAIL): monitor采样vabuf变化，scoreboard比较输出等价. A UVM_ERROR, SVA failure, scoreboard mismatch, or missing required coverage bin fails this item.",Audit,,doc/l1dtlb_uvm_audit/L1DTLB_TRISTAN_IP_Hardware_tp_V1.xlsx; doc/l1dtlb_uvm_audit/l1dtlb_testpoint_audit.md; doc/l1dtlb_uvm_audit/l1dtlb_3_9_3_10_traceability.md; doc/l1dtlb_uvm_audit/l1dtlb_3_11_traceability.md,Audit-Imported,L1DTLB-Audit-Phase6,doc/l1dtlb_uvm_audit/L1DTLB_UVM_Phase6_Progress.md,Non-function-description audit import; Phase6G replay and closure PASS 28/28; future/formal items are vabuf equivalence and exact PLRU victim.
L1DTLB-AUD-IMPORT-012-AUD-009,"L1DTLB Request Control, Abort, Busy, and Wakeup",AUD-009,busy为任意MB valid,AUD-009,"`test_mmu_l1dtlb_dtlb_busy_any_inflight_001`, `test_mmu_l1dtlb_dtlb_busy_restart_mode_001`",MB occupancy为1到满的各个状态，包括hit-under-miss期间,Purpose: busy为任意MB valid | Stimuli: MB occupancy为1到满的各个状态，包括hit-under-miss期间 | Expected: `mmu_lsu_tlb_busy`在任意MB entry valid时为1；busy不是MB full，也不阻止hit/direct-map请求,MB occupancy为1到满的各个状态，包括hit-under-miss期间,Directed,Testcase,L1DTLB_TS_CTRL_BUSY_ANY_INFLIGHT; AUD-009,,"`test_mmu_l1dtlb_dtlb_busy_any_inflight_001`, `test_mmu_l1dtlb_dtlb_busy_restart_mode_001`","Criteria (PASS/FAIL): cross busy与MB occupancy 1..8，采样busy=1期间hit成功. A UVM_ERROR, SVA failure, scoreboard mismatch, or missing required coverage bin fails this item.",Audit,,doc/l1dtlb_uvm_audit/L1DTLB_TRISTAN_IP_Hardware_tp_V1.xlsx; doc/l1dtlb_uvm_audit/l1dtlb_testpoint_audit.md; doc/l1dtlb_uvm_audit/l1dtlb_3_9_3_10_traceability.md; doc/l1dtlb_uvm_audit/l1dtlb_3_11_traceability.md,Audit-Imported,L1DTLB-Audit-Phase6,doc/l1dtlb_uvm_audit/L1DTLB_UVM_Phase6_Progress.md,Non-function-description audit import; Phase6G replay and closure PASS 28/28; future/formal items are vabuf equivalence and exact PLRU victim.
L1DTLB-AUD-IMPORT-013-AUD-010,"L1DTLB Request Control, Abort, Busy, and Wakeup",AUD-010,install触发wakeup广播,AUD-010,`test_mmu_l1dtlb_dtlb_wakeup_complete_bcast_001`,正常refill/install写入TLB entry,Purpose: install触发wakeup广播 | Stimuli: 正常refill/install写入TLB entry | Expected: `mmu_lsu_tlb_wakeup[11:0]`只允许12'hfff或12'h000，作为广播提示，不携带pipe/IID/entry语义,正常refill/install写入TLB entry,Directed,Testcase,L1DTLB_TS_CTRL_WAKEUP_INSTALL; AUD-010,,`test_mmu_l1dtlb_dtlb_wakeup_complete_bcast_001`,"Criteria (PASS/FAIL): install事件与wakeup事件级匹配，wakeup形态为全0/全1. A UVM_ERROR, SVA failure, scoreboard mismatch, or missing required coverage bin fails this item.",Audit,,doc/l1dtlb_uvm_audit/L1DTLB_TRISTAN_IP_Hardware_tp_V1.xlsx; doc/l1dtlb_uvm_audit/l1dtlb_testpoint_audit.md; doc/l1dtlb_uvm_audit/l1dtlb_3_9_3_10_traceability.md; doc/l1dtlb_uvm_audit/l1dtlb_3_11_traceability.md,Audit-Imported,L1DTLB-Audit-Phase6,doc/l1dtlb_uvm_audit/L1DTLB_UVM_Phase6_Progress.md,Non-function-description audit import; Phase6G replay and closure PASS 28/28; future/formal items are vabuf equivalence and exact PLRU victim.
L1DTLB-AUD-IMPORT-014-AUD-010,"L1DTLB Request Control, Abort, Busy, and Wakeup",AUD-010,exception replay触发wakeup广播,AUD-010,"`test_mmu_l1dtlb_dtlb_wakeup_expt_001`, `test_mmu_l1dtlb_dtlb_wakeup_multi_retry_001`",LSU replay命中exception array并消费page/access fault,Purpose: exception replay触发wakeup广播 | Stimuli: LSU replay命中exception array并消费page/access fault | Expected: fault replay完成时发出广播wakeup；MB CAM hit、MB full drop、RTU flush、ABT late refill不单独触发wakeup,LSU replay命中exception array并消费page/access fault,Directed,Testcase,L1DTLB_TS_CTRL_WAKEUP_EXPT; AUD-010,,"`test_mmu_l1dtlb_dtlb_wakeup_expt_001`, `test_mmu_l1dtlb_dtlb_wakeup_multi_retry_001`","Criteria (PASS/FAIL): expt clear/MB release与wakeup关联，negative source不触发wakeup. A UVM_ERROR, SVA failure, scoreboard mismatch, or missing required coverage bin fails this item.",Audit,,doc/l1dtlb_uvm_audit/L1DTLB_TRISTAN_IP_Hardware_tp_V1.xlsx; doc/l1dtlb_uvm_audit/l1dtlb_testpoint_audit.md; doc/l1dtlb_uvm_audit/l1dtlb_3_9_3_10_traceability.md; doc/l1dtlb_uvm_audit/l1dtlb_3_11_traceability.md,Audit-Imported,L1DTLB-Audit-Phase6,doc/l1dtlb_uvm_audit/L1DTLB_UVM_Phase6_Progress.md,Non-function-description audit import; Phase6G replay and closure PASS 28/28; future/formal items are vabuf equivalence and exact PLRU victim.
L1DTLB-AUD-IMPORT-015-AUD-042_AUD-054,"L1DTLB Request Control, Abort, Busy, and Wakeup","AUD-042, AUD-054",reset初始状态,"AUD-042, AUD-054",`test_mmu_l1dtlb_dtlb_reset_state_001`,reset assert/deassert后第一个可检查周期,Purpose: reset初始状态 | Stimuli: reset assert/deassert后第一个可检查周期 | Expected: TLB valid全0、MB IDLE/invalid、exception invalid、sent清0、busy/wakeup/fault/pa_vld无毛刺，credit为初始最大值,reset assert/deassert后第一个可检查周期,Directed,Testcase,"L1DTLB_TS_CTRL_RESET_STATE; AUD-042, AUD-054",,`test_mmu_l1dtlb_dtlb_reset_state_001`,"Criteria (PASS/FAIL): reset state probe、external outputs和scheduler credit一致. A UVM_ERROR, SVA failure, scoreboard mismatch, or missing required coverage bin fails this item.",Audit,,doc/l1dtlb_uvm_audit/L1DTLB_TRISTAN_IP_Hardware_tp_V1.xlsx; doc/l1dtlb_uvm_audit/l1dtlb_testpoint_audit.md; doc/l1dtlb_uvm_audit/l1dtlb_3_9_3_10_traceability.md; doc/l1dtlb_uvm_audit/l1dtlb_3_11_traceability.md,Audit-Imported,L1DTLB-Audit-Phase6,doc/l1dtlb_uvm_audit/L1DTLB_UVM_Phase6_Progress.md,Non-function-description audit import; Phase6G replay and closure PASS 28/28; future/formal items are vabuf equivalence and exact PLRU victim.
L1DTLB-AUD-IMPORT-016-AUD-005,"L1DTLB Miss Buffer Allocation, CAM, and FSM",AUD-005,双pipe同4K miss去重,AUD-005,`test_mmu_l1dtlb_dtlb_alloc_001` with directed same-VPN case,pipe0/pipe1同拍miss同完整27-bit 4K VPN，至少一个free MB,Purpose: 双pipe同4K miss去重 | Stimuli: pipe0/pipe1同拍miss同完整27-bit 4K VPN，至少一个free MB | Expected: 只分配一个MB entry，固定写pipe0请求，pipe1不额外分配,pipe0/pipe1同拍miss同完整27-bit 4K VPN，至少一个free MB,Directed,Testcase,L1DTLB_TS_MB_DUAL_SAME_4K_DEDUP; AUD-005,,`test_mmu_l1dtlb_dtlb_alloc_001` with directed same-VPN case,"Criteria (PASS/FAIL): allocation count为1、allocated VPN等于pipe0、pipe1无第二entry. A UVM_ERROR, SVA failure, scoreboard mismatch, or missing required coverage bin fails this item.",Audit,,doc/l1dtlb_uvm_audit/L1DTLB_TRISTAN_IP_Hardware_tp_V1.xlsx; doc/l1dtlb_uvm_audit/l1dtlb_testpoint_audit.md; doc/l1dtlb_uvm_audit/l1dtlb_3_9_3_10_traceability.md; doc/l1dtlb_uvm_audit/l1dtlb_3_11_traceability.md,Audit-Imported,L1DTLB-Audit-Phase6,doc/l1dtlb_uvm_audit/L1DTLB_UVM_Phase6_Progress.md,Non-function-description audit import; Phase6G replay and closure PASS 28/28; future/formal items are vabuf equivalence and exact PLRU victim.
L1DTLB-AUD-IMPORT-017-AUD-006,"L1DTLB Miss Buffer Allocation, CAM, and FSM",AUD-006,双pipe不同4K双分配,AUD-006,`test_mmu_l1dtlb_dtlb_alloc_two_lowest_free_001`,两pipe同拍miss不同完整VPN，至少两个free MB,Purpose: 双pipe不同4K双分配 | Stimuli: 两pipe同拍miss不同完整VPN，至少两个free MB | Expected: 两个miss在T1分配到两个最低编号free entry,两pipe同拍miss不同完整VPN，至少两个free MB,Directed,Testcase,L1DTLB_TS_MB_DUAL_DIFF_4K_TWO_FREE; AUD-006,,`test_mmu_l1dtlb_dtlb_alloc_two_lowest_free_001`,"Criteria (PASS/FAIL): 同cycle两个allocation、entry id为最低两个free、payload按pipe写入. A UVM_ERROR, SVA failure, scoreboard mismatch, or missing required coverage bin fails this item.",Audit,,doc/l1dtlb_uvm_audit/L1DTLB_TRISTAN_IP_Hardware_tp_V1.xlsx; doc/l1dtlb_uvm_audit/l1dtlb_testpoint_audit.md; doc/l1dtlb_uvm_audit/l1dtlb_3_9_3_10_traceability.md; doc/l1dtlb_uvm_audit/l1dtlb_3_11_traceability.md,Audit-Imported,L1DTLB-Audit-Phase6,doc/l1dtlb_uvm_audit/L1DTLB_UVM_Phase6_Progress.md,Non-function-description audit import; Phase6G replay and closure PASS 28/28; future/formal items are vabuf equivalence and exact PLRU victim.
L1DTLB-AUD-IMPORT-018-AUD-007,"L1DTLB Miss Buffer Allocation, CAM, and FSM",AUD-007,单free entry按IID年龄仲裁,AUD-007,add directed IID-age extension to allocation tests,两pipe同拍miss不同VPN，只有一个free MB，覆盖普通和wrap边界IID,Purpose: 单free entry按IID年龄仲裁 | Stimuli: 两pipe同拍miss不同VPN，只有一个free MB，覆盖普通和wrap边界IID | Expected: older IID赢得allocation，younger不分配且作为合法无响应/等待重试,两pipe同拍miss不同VPN，只有一个free MB，覆盖普通和wrap边界IID,Directed (planned),Testcase,L1DTLB_TS_MB_DUAL_DIFF_4K_ONE_FREE_AGE; AUD-007,,add directed IID-age extension to allocation tests,"Criteria (PASS/FAIL): allocated IID/VPN和未分配pipe一致，覆盖pipe0 older/pipe1 older. A UVM_ERROR, SVA failure, scoreboard mismatch, or missing required coverage bin fails this item.",Audit,,doc/l1dtlb_uvm_audit/L1DTLB_TRISTAN_IP_Hardware_tp_V1.xlsx; doc/l1dtlb_uvm_audit/l1dtlb_testpoint_audit.md; doc/l1dtlb_uvm_audit/l1dtlb_3_9_3_10_traceability.md; doc/l1dtlb_uvm_audit/l1dtlb_3_11_traceability.md,Audit-Imported,L1DTLB-Audit-Phase6,doc/l1dtlb_uvm_audit/L1DTLB_UVM_Phase6_Progress.md,Non-function-description audit import; Phase6G replay and closure PASS 28/28; future/formal items are vabuf equivalence and exact PLRU victim.
L1DTLB-AUD-IMPORT-019-AUD-008,"L1DTLB Miss Buffer Allocation, CAM, and FSM",AUD-008,MB full drop/retry,AUD-008,"`test_mmu_l1dtlb_dtlb_alloc_full_001`, `test_mmu_l1dtlb_dtlb_mb_001`, `_002`",8个MB entry全valid，新TLB/expt miss到达,Purpose: MB full drop/retry | Stimuli: 8个MB entry全valid，新TLB/expt miss到达 | Expected: 不覆盖已有entry、不分配新entry；busy=1，LSU依赖wakeup/replay协议后续重试,8个MB entry全valid，新TLB/expt miss到达,Directed,Testcase,L1DTLB_TS_MB_FULL_DROP_RETRY; AUD-008,,"`test_mmu_l1dtlb_dtlb_alloc_full_001`, `test_mmu_l1dtlb_dtlb_mb_001`, `_002`","Criteria (PASS/FAIL): MB occupancy=8 bin、无allocation、后续wakeup后重试路径. A UVM_ERROR, SVA failure, scoreboard mismatch, or missing required coverage bin fails this item.",Audit,,doc/l1dtlb_uvm_audit/L1DTLB_TRISTAN_IP_Hardware_tp_V1.xlsx; doc/l1dtlb_uvm_audit/l1dtlb_testpoint_audit.md; doc/l1dtlb_uvm_audit/l1dtlb_3_9_3_10_traceability.md; doc/l1dtlb_uvm_audit/l1dtlb_3_11_traceability.md,Audit-Imported,L1DTLB-Audit-Phase6,doc/l1dtlb_uvm_audit/L1DTLB_UVM_Phase6_Progress.md,Non-function-description audit import; Phase6G replay and closure PASS 28/28; future/formal items are vabuf equivalence and exact PLRU victim.
L1DTLB-AUD-IMPORT-020-AUD-020,"L1DTLB Miss Buffer Allocation, CAM, and FSM",AUD-020,MB CAM hit不分配不wakeup,AUD-020,`test_mmu_l1dtlb_dtlb_mb_001` with MB CAM hit directed case,第二个请求访问已有pending MB entry的完整4K VPN,Purpose: MB CAM hit不分配不wakeup | Stimuli: 第二个请求访问已有pending MB entry的完整4K VPN | Expected: 不新增MB entry、不立即wakeup、不产生pa_vld/fault响应；等待原MB refill完成后由LSU replay,第二个请求访问已有pending MB entry的完整4K VPN,Directed,Testcase,L1DTLB_TS_MB_CAM_HIT_NO_ALLOC; AUD-020,,`test_mmu_l1dtlb_dtlb_mb_001` with MB CAM hit directed case,"Criteria (PASS/FAIL): MB valid count不变、wakeup不拉高、后续replay成功. A UVM_ERROR, SVA failure, scoreboard mismatch, or missing required coverage bin fails this item.",Audit,,doc/l1dtlb_uvm_audit/L1DTLB_TRISTAN_IP_Hardware_tp_V1.xlsx; doc/l1dtlb_uvm_audit/l1dtlb_testpoint_audit.md; doc/l1dtlb_uvm_audit/l1dtlb_3_9_3_10_traceability.md; doc/l1dtlb_uvm_audit/l1dtlb_3_11_traceability.md,Audit-Imported,L1DTLB-Audit-Phase6,doc/l1dtlb_uvm_audit/L1DTLB_UVM_Phase6_Progress.md,Non-function-description audit import; Phase6G replay and closure PASS 28/28; future/formal items are vabuf equivalence and exact PLRU victim.
L1DTLB-AUD-IMPORT-021-AUD-020,"L1DTLB Miss Buffer Allocation, CAM, and FSM",AUD-020,MB去重不按最终大页放宽,AUD-020,`test_mmu_l1dtlb_dtlb_huge_mix_001` plus MB CAM directed cover,两个miss最终可能返回2M/1G page，但pending MB CAM比较仍为完整4K VPN,Purpose: MB去重不按最终大页放宽 | Stimuli: 两个miss最终可能返回2M/1G page，但pending MB CAM比较仍为完整4K VPN | Expected: 只有完整4K VPN相同才去重；不能因最终page size大而错误合并不同4K VPN,两个miss最终可能返回2M/1G page，但pending MB CAM比较仍为完整4K VPN,Directed,Testcase,L1DTLB_TS_MB_4K_DEDUP_FOR_HUGE_FINAL; AUD-020,,`test_mmu_l1dtlb_dtlb_huge_mix_001` plus MB CAM directed cover,"Criteria (PASS/FAIL): MB CAM key使用完整VPN，2M/1G refill后再按entry page size hit. A UVM_ERROR, SVA failure, scoreboard mismatch, or missing required coverage bin fails this item.",Audit,,doc/l1dtlb_uvm_audit/L1DTLB_TRISTAN_IP_Hardware_tp_V1.xlsx; doc/l1dtlb_uvm_audit/l1dtlb_testpoint_audit.md; doc/l1dtlb_uvm_audit/l1dtlb_3_9_3_10_traceability.md; doc/l1dtlb_uvm_audit/l1dtlb_3_11_traceability.md,Audit-Imported,L1DTLB-Audit-Phase6,doc/l1dtlb_uvm_audit/L1DTLB_UVM_Phase6_Progress.md,Non-function-description audit import; Phase6G replay and closure PASS 28/28; future/formal items are vabuf equivalence and exact PLRU victim.
L1DTLB-AUD-IMPORT-022-AUD-056,"L1DTLB Miss Buffer Allocation, CAM, and FSM",AUD-056,MB entry状态派生信号,AUD-056,"`test_mmu_l1dtlb_dtlb_mb_state_signal_001`, `test_mmu_l1dtlb_dtlb_mb_fsm_wfi_001`",覆盖IDLE/WFG/WFC/WFI/PGFLT/ACFLT/ABT状态转换,Purpose: MB entry状态派生信号 | Stimuli: 覆盖IDLE/WFG/WFC/WFI/PGFLT/ACFLT/ABT状态转换 | Expected: entry_vld、entry_wfi、entry_wfc、ready、issued/sent与FSM语义一致,覆盖IDLE/WFG/WFC/WFI/PGFLT/ACFLT/ABT状态转换,Directed + White-box,Assertion Coverage,L1DTLB_TS_MB_STATE_SIGNAL; AUD-056,,"`test_mmu_l1dtlb_dtlb_mb_state_signal_001`, `test_mmu_l1dtlb_dtlb_mb_fsm_wfi_001`","Criteria (PASS/FAIL): whitebox state/signal cross和transition coverage. A UVM_ERROR, SVA failure, scoreboard mismatch, or missing required coverage bin fails this item.",Audit,,doc/l1dtlb_uvm_audit/L1DTLB_TRISTAN_IP_Hardware_tp_V1.xlsx; doc/l1dtlb_uvm_audit/l1dtlb_testpoint_audit.md; doc/l1dtlb_uvm_audit/l1dtlb_3_9_3_10_traceability.md; doc/l1dtlb_uvm_audit/l1dtlb_3_11_traceability.md,Audit-Imported,L1DTLB-Audit-Phase6,doc/l1dtlb_uvm_audit/L1DTLB_UVM_Phase6_Progress.md,Non-function-description audit import; Phase6G replay and closure PASS 28/28; future/formal items are vabuf equivalence and exact PLRU victim.
L1DTLB-AUD-IMPORT-023-AUD-059,"L1DTLB Miss Buffer Allocation, CAM, and FSM",AUD-059,PGFLT/ACFLT保持到replay或flush,AUD-059,"`test_mmu_l1dtlb_dtlb_mb_fault_hold_001`, `test_mmu_l1dtlb_dtlb_mb_pgflt_001`",fault refill写入exception array后，原请求长时间不replay,Purpose: PGFLT/ACFLT保持到replay或flush | Stimuli: fault refill写入exception array后，原请求长时间不replay | Expected: MB和exception entry保持valid，不超时自动释放；直到matching replay或RTU flush,fault refill写入exception array后，原请求长时间不replay,Directed,Testcase,L1DTLB_TS_MB_FAULT_HOLD; AUD-059,,"`test_mmu_l1dtlb_dtlb_mb_fault_hold_001`, `test_mmu_l1dtlb_dtlb_mb_pgflt_001`","Criteria (PASS/FAIL): fault entry lifetime、MB state和无spurious release. A UVM_ERROR, SVA failure, scoreboard mismatch, or missing required coverage bin fails this item.",Audit,,doc/l1dtlb_uvm_audit/L1DTLB_TRISTAN_IP_Hardware_tp_V1.xlsx; doc/l1dtlb_uvm_audit/l1dtlb_testpoint_audit.md; doc/l1dtlb_uvm_audit/l1dtlb_3_9_3_10_traceability.md; doc/l1dtlb_uvm_audit/l1dtlb_3_11_traceability.md,Audit-Imported,L1DTLB-Audit-Phase6,doc/l1dtlb_uvm_audit/L1DTLB_UVM_Phase6_Progress.md,Non-function-description audit import; Phase6G replay and closure PASS 28/28; future/formal items are vabuf equivalence and exact PLRU victim.
L1DTLB-AUD-IMPORT-024-AUD-060,"L1DTLB Miss Buffer Allocation, CAM, and FSM",AUD-060,非WFC stale refill处理,AUD-060,`test_mmu_l1dtlb_dtlb_refill_stale_id_001`,refill id对应entry处于IDLE/PGFLT/ACFLT或其他非WFC状态,Purpose: 非WFC stale refill处理 | Stimuli: refill id对应entry处于IDLE/PGFLT/ACFLT或其他非WFC状态 | Expected: 不写TLB、不写exception array、不wakeup，按stale完成丢弃,refill id对应entry处于IDLE/PGFLT/ACFLT或其他非WFC状态,Directed,Testcase,L1DTLB_TS_MB_STALE_REFILL_ID; AUD-060,,`test_mmu_l1dtlb_dtlb_refill_stale_id_001`,"Criteria (PASS/FAIL): stale refill事件与无副作用检查. A UVM_ERROR, SVA failure, scoreboard mismatch, or missing required coverage bin fails this item.",Audit,,doc/l1dtlb_uvm_audit/L1DTLB_TRISTAN_IP_Hardware_tp_V1.xlsx; doc/l1dtlb_uvm_audit/l1dtlb_testpoint_audit.md; doc/l1dtlb_uvm_audit/l1dtlb_3_9_3_10_traceability.md; doc/l1dtlb_uvm_audit/l1dtlb_3_11_traceability.md,Audit-Imported,L1DTLB-Audit-Phase6,doc/l1dtlb_uvm_audit/L1DTLB_UVM_Phase6_Progress.md,Non-function-description audit import; Phase6G replay and closure PASS 28/28; future/formal items are vabuf equivalence and exact PLRU victim.
L1DTLB-AUD-IMPORT-025-AUD-030_AUD-060,"L1DTLB Miss Buffer Allocation, CAM, and FSM","AUD-030, AUD-060",ABT late refill drain,"AUD-030, AUD-060",`test_mmu_l1dtlb_dtlb_mb_abt_late_refill_001`,entry因flush进入ABT后，旧refill返回,Purpose: ABT late refill drain | Stimuli: entry因flush进入ABT后，旧refill返回 | Expected: 只允许drain回IDLE；禁止TLB install、exception write和wakeup,entry因flush进入ABT后，旧refill返回,Directed,Testcase,"L1DTLB_TS_MB_ABT_LATE_REFILL; AUD-030, AUD-060",,`test_mmu_l1dtlb_dtlb_mb_abt_late_refill_001`,"Criteria (PASS/FAIL): ABT->IDLE transition，无install/expt/wakeup side effect. A UVM_ERROR, SVA failure, scoreboard mismatch, or missing required coverage bin fails this item.",Audit,,doc/l1dtlb_uvm_audit/L1DTLB_TRISTAN_IP_Hardware_tp_V1.xlsx; doc/l1dtlb_uvm_audit/l1dtlb_testpoint_audit.md; doc/l1dtlb_uvm_audit/l1dtlb_3_9_3_10_traceability.md; doc/l1dtlb_uvm_audit/l1dtlb_3_11_traceability.md,Audit-Imported,L1DTLB-Audit-Phase6,doc/l1dtlb_uvm_audit/L1DTLB_UVM_Phase6_Progress.md,Non-function-description audit import; Phase6G replay and closure PASS 28/28; future/formal items are vabuf equivalence and exact PLRU victim.
L1DTLB-AUD-IMPORT-026-AUD-021,"L1DTLB L2 Request, Scheduler, Credit, and Type Propagation",AUD-021,credit上下界和守恒,AUD-021,"`test_mmu_l1dtlb_dtlb_credit_001`, `_002`, `test_mmu_l1dtlb_dtlb_credit_bound_001`",reset、连续发request、credit return、credit>0时request+return同拍，覆盖credit=0且return同拍,Purpose: credit上下界和守恒 | Stimuli: reset、连续发request、credit return、credit>0时request+return同拍，覆盖credit=0且return同拍 | Expected: credit初值为DTLB专用ReqQ深度；只被request消耗、return归还；credit>0时同拍request+return计数不变；credit=0且同拍return不得当拍发request，return只让下一拍credit可用,reset、连续发request、credit return、credit>0时request+return同拍，覆盖credit=0且return同拍,Directed + White-box,Assertion Coverage,L1DTLB_TS_SCHED_CREDIT_BOUND; AUD-021,,"`test_mmu_l1dtlb_dtlb_credit_001`, `_002`, `test_mmu_l1dtlb_dtlb_credit_bound_001`","Criteria (PASS/FAIL): scheduler credit probe或SVA，request fire条件与credit一致. A UVM_ERROR, SVA failure, scoreboard mismatch, or missing required coverage bin fails this item.",Audit,,doc/l1dtlb_uvm_audit/L1DTLB_TRISTAN_IP_Hardware_tp_V1.xlsx; doc/l1dtlb_uvm_audit/l1dtlb_testpoint_audit.md; doc/l1dtlb_uvm_audit/l1dtlb_3_9_3_10_traceability.md; doc/l1dtlb_uvm_audit/l1dtlb_3_11_traceability.md,Audit-Imported,L1DTLB-Audit-Phase6,doc/l1dtlb_uvm_audit/L1DTLB_UVM_Phase6_Progress.md,Non-function-description audit import; Phase6G replay and closure PASS 28/28; future/formal items are vabuf equivalence and exact PLRU victim.
L1DTLB-AUD-IMPORT-027-AUD-022,"L1DTLB L2 Request, Scheduler, Credit, and Type Propagation",AUD-022,每拍最多一个L2 request,AUD-022,`test_mmu_l1dtlb_dtlb_sched_001`,多个MB ready或MB ready与current bypass同拍竞争,Purpose: 每拍最多一个L2 request | Stimuli: 多个MB ready或MB ready与current bypass同拍竞争 | Expected: L1DTLB->L2TLB每cycle最多一个request,多个MB ready或MB ready与current bypass同拍竞争,Directed,Testcase,L1DTLB_TS_SCHED_ONE_REQ_PER_CYCLE; AUD-022,,`test_mmu_l1dtlb_dtlb_sched_001`,"Criteria (PASS/FAIL): L2 request valid event计数，每cycle不超过1. A UVM_ERROR, SVA failure, scoreboard mismatch, or missing required coverage bin fails this item.",Audit,,doc/l1dtlb_uvm_audit/L1DTLB_TRISTAN_IP_Hardware_tp_V1.xlsx; doc/l1dtlb_uvm_audit/l1dtlb_testpoint_audit.md; doc/l1dtlb_uvm_audit/l1dtlb_3_9_3_10_traceability.md; doc/l1dtlb_uvm_audit/l1dtlb_3_11_traceability.md,Audit-Imported,L1DTLB-Audit-Phase6,doc/l1dtlb_uvm_audit/L1DTLB_UVM_Phase6_Progress.md,Non-function-description audit import; Phase6G replay and closure PASS 28/28; future/formal items are vabuf equivalence and exact PLRU victim.
L1DTLB-AUD-IMPORT-028-AUD-022,"L1DTLB L2 Request, Scheduler, Credit, and Type Propagation",AUD-022,old MB优先于bypass,AUD-022,`test_mmu_l1dtlb_dtlb_sched_001` with directed priority case,已有未发送ready MB entry，同时当前cycle出现可bypass新miss,Purpose: old MB优先于bypass | Stimuli: 已有未发送ready MB entry，同时当前cycle出现可bypass新miss | Expected: 发送old unsent MB entry，新bypass不得抢占,已有未发送ready MB entry，同时当前cycle出现可bypass新miss,Directed,Testcase,L1DTLB_TS_SCHED_OLD_MB_PRIORITY; AUD-022,,`test_mmu_l1dtlb_dtlb_sched_001` with directed priority case,"Criteria (PASS/FAIL): L2 request id/type来自old MB，new miss留在MB中待后续发送. A UVM_ERROR, SVA failure, scoreboard mismatch, or missing required coverage bin fails this item.",Audit,,doc/l1dtlb_uvm_audit/L1DTLB_TRISTAN_IP_Hardware_tp_V1.xlsx; doc/l1dtlb_uvm_audit/l1dtlb_testpoint_audit.md; doc/l1dtlb_uvm_audit/l1dtlb_3_9_3_10_traceability.md; doc/l1dtlb_uvm_audit/l1dtlb_3_11_traceability.md,Audit-Imported,L1DTLB-Audit-Phase6,doc/l1dtlb_uvm_audit/L1DTLB_UVM_Phase6_Progress.md,Non-function-description audit import; Phase6G replay and closure PASS 28/28; future/formal items are vabuf equivalence and exact PLRU victim.
L1DTLB-AUD-IMPORT-029-AUD-023,"L1DTLB L2 Request, Scheduler, Credit, and Type Propagation",AUD-023,bypass allocate+issue同拍,AUD-023,`test_mmu_l1dtlb_dtlb_alloc_race_001` or add directed bypass test,当前新miss可分配且无old unsent MB，credit允许发送,Purpose: bypass allocate+issue同拍 | Stimuli: 当前新miss可分配且无old unsent MB，credit允许发送 | Expected: 新miss必须先分配MB并携带entry id同拍发L2；下一拍entry进入WFC且issued/sent=1,当前新miss可分配且无old unsent MB，credit允许发送,Directed (planned),Testcase,L1DTLB_TS_SCHED_BYPASS_ALLOC_ISSUE; AUD-023,,`test_mmu_l1dtlb_dtlb_alloc_race_001` or add directed bypass test,"Criteria (PASS/FAIL): allocation event、L2 request eid、next-state WFC/sent一致. A UVM_ERROR, SVA failure, scoreboard mismatch, or missing required coverage bin fails this item.",Audit,,doc/l1dtlb_uvm_audit/L1DTLB_TRISTAN_IP_Hardware_tp_V1.xlsx; doc/l1dtlb_uvm_audit/l1dtlb_testpoint_audit.md; doc/l1dtlb_uvm_audit/l1dtlb_3_9_3_10_traceability.md; doc/l1dtlb_uvm_audit/l1dtlb_3_11_traceability.md,Audit-Imported,L1DTLB-Audit-Phase6,doc/l1dtlb_uvm_audit/L1DTLB_UVM_Phase6_Progress.md,Non-function-description audit import; Phase6G replay and closure PASS 28/28; future/formal items are vabuf equivalence and exact PLRU victim.
L1DTLB-AUD-IMPORT-030-AUD-050,"L1DTLB L2 Request, Scheduler, Credit, and Type Propagation",AUD-050,L2 request payload稳定,AUD-050,`test_mmu_l1dtlb_dtlb_type_prop_load_store_amo_001`,L2 request valid时覆盖load、store、AMO miss,Purpose: L2 request payload稳定 | Stimuli: L2 request valid时覆盖load、store、AMO miss | Expected: VPN、MB entry id和load/store access type稳定非X；entry id范围合法并与MB payload一致,L2 request valid时覆盖load、store、AMO miss,Directed,Testcase,L1DTLB_TS_SCHED_L2_REQ_PAYLOAD; AUD-050,,`test_mmu_l1dtlb_dtlb_type_prop_load_store_amo_001`,"Criteria (PASS/FAIL): L2 request interface probe、type bins、eid consistency. A UVM_ERROR, SVA failure, scoreboard mismatch, or missing required coverage bin fails this item.",Audit,,doc/l1dtlb_uvm_audit/L1DTLB_TRISTAN_IP_Hardware_tp_V1.xlsx; doc/l1dtlb_uvm_audit/l1dtlb_testpoint_audit.md; doc/l1dtlb_uvm_audit/l1dtlb_3_9_3_10_traceability.md; doc/l1dtlb_uvm_audit/l1dtlb_3_11_traceability.md,Audit-Imported,L1DTLB-Audit-Phase6,doc/l1dtlb_uvm_audit/L1DTLB_UVM_Phase6_Progress.md,Non-function-description audit import; Phase6G replay and closure PASS 28/28; future/formal items are vabuf equivalence and exact PLRU victim.
L1DTLB-AUD-IMPORT-031-AUD-019_AUD-050,"L1DTLB L2 Request, Scheduler, Credit, and Type Propagation","AUD-019, AUD-050",store/load/AMO type传播,"AUD-019, AUD-050",`test_mmu_l1dtlb_dtlb_type_prop_load_store_amo_001`,分别构造load miss、store miss、AMO/LDAMO类请求,Purpose: store/load/AMO type传播 | Stimuli: 分别构造load miss、store miss、AMO/LDAMO类请求 | Expected: store标识影响L2/PTW/PMP访问类型和permission判断；不直接改变同一entry的PA/属性输出,分别构造load miss、store miss、AMO/LDAMO类请求,Directed,Testcase,"L1DTLB_TS_SCHED_STORE_TYPE_PROP; AUD-019, AUD-050",,`test_mmu_l1dtlb_dtlb_type_prop_load_store_amo_001`,"Criteria (PASS/FAIL): L2 req type、PTW/PMP type、page fault原因和attr输出cross. A UVM_ERROR, SVA failure, scoreboard mismatch, or missing required coverage bin fails this item.",Audit,,doc/l1dtlb_uvm_audit/L1DTLB_TRISTAN_IP_Hardware_tp_V1.xlsx; doc/l1dtlb_uvm_audit/l1dtlb_testpoint_audit.md; doc/l1dtlb_uvm_audit/l1dtlb_3_9_3_10_traceability.md; doc/l1dtlb_uvm_audit/l1dtlb_3_11_traceability.md,Audit-Imported,L1DTLB-Audit-Phase6,doc/l1dtlb_uvm_audit/L1DTLB_UVM_Phase6_Progress.md,Non-function-description audit import; Phase6G replay and closure PASS 28/28; future/formal items are vabuf equivalence and exact PLRU victim.
L1DTLB-AUD-IMPORT-032-AUD-015,"L1DTLB Permission, Fault Timing, PMP, and Direct Map",AUD-015,T0/T1响应和fault pulse,AUD-015,"`test_mmu_l1dtlb_dtlb_resp_no_iid_t01_001`, `test_mmu_l1dtlb_dtlb_pa_vld_terminal_001`, `test_mmu_l1dtlb_dtlb_access_fault_t1_pairing_001`",TLB hit page fault、PMP access fault、exception page/access fault replay,Purpose: T0/T1响应和fault pulse | Stimuli: TLB hit page fault、PMP access fault、exception page/access fault replay | Expected: pa_vld/PA/page_fault在T0；access_fault在T1；page/access fault为1-cycle pulse；同一请求page/access fault互斥,TLB hit page fault、PMP access fault、exception page/access fault replay,Directed,Testcase,L1DTLB_TS_FAULT_RESPONSE_TIMING; AUD-015,,"`test_mmu_l1dtlb_dtlb_resp_no_iid_t01_001`, `test_mmu_l1dtlb_dtlb_pa_vld_terminal_001`, `test_mmu_l1dtlb_dtlb_access_fault_t1_pairing_001`","Criteria (PASS/FAIL): per-pipe temporal check、pulse width、request ownership. A UVM_ERROR, SVA failure, scoreboard mismatch, or missing required coverage bin fails this item.",Audit,,doc/l1dtlb_uvm_audit/L1DTLB_TRISTAN_IP_Hardware_tp_V1.xlsx; doc/l1dtlb_uvm_audit/l1dtlb_testpoint_audit.md; doc/l1dtlb_uvm_audit/l1dtlb_3_9_3_10_traceability.md; doc/l1dtlb_uvm_audit/l1dtlb_3_11_traceability.md,Audit-Imported,L1DTLB-Audit-Phase6,doc/l1dtlb_uvm_audit/L1DTLB_UVM_Phase6_Progress.md,Non-function-description audit import; Phase6G replay and closure PASS 28/28; future/formal items are vabuf equivalence and exact PLRU victim.
L1DTLB-AUD-IMPORT-033-AUD-016,"L1DTLB Permission, Fault Timing, PMP, and Direct Map",AUD-016,load访问R=0 page fault,AUD-016,`test_mmu_l1dtlb_dtlb_perm_ld_001` with directed PTE,load访问R=0且MXR不能放行的leaf PTE,Purpose: load访问R=0 page fault | Stimuli: load访问R=0且MXR不能放行的leaf PTE | Expected: T0返回pa_vld和page_fault，不进入PMP check,load访问R=0且MXR不能放行的leaf PTE,Directed,Testcase,L1DTLB_TS_FAULT_LOAD_R0; AUD-016,,`test_mmu_l1dtlb_dtlb_perm_ld_001` with directed PTE,"Criteria (PASS/FAIL): PTE setup、page_fault pulse、PMP token absence. A UVM_ERROR, SVA failure, scoreboard mismatch, or missing required coverage bin fails this item.",Audit,,doc/l1dtlb_uvm_audit/L1DTLB_TRISTAN_IP_Hardware_tp_V1.xlsx; doc/l1dtlb_uvm_audit/l1dtlb_testpoint_audit.md; doc/l1dtlb_uvm_audit/l1dtlb_3_9_3_10_traceability.md; doc/l1dtlb_uvm_audit/l1dtlb_3_11_traceability.md,Audit-Imported,L1DTLB-Audit-Phase6,doc/l1dtlb_uvm_audit/L1DTLB_UVM_Phase6_Progress.md,Non-function-description audit import; Phase6G replay and closure PASS 28/28; future/formal items are vabuf equivalence and exact PLRU victim.
L1DTLB-AUD-IMPORT-034-AUD-017,"L1DTLB Permission, Fault Timing, PMP, and Direct Map",AUD-017,MXR读X-only page,AUD-017,`test_mmu_l1dtlb_dtlb_perm_ld_002`,load访问X=1/R=0 page，分别MXR=0和MXR=1,Purpose: MXR读X-only page | Stimuli: load访问X=1/R=0 page，分别MXR=0和MXR=1 | Expected: MXR=0 page fault；MXR=1且其他检查通过时允许读,load访问X=1/R=0 page，分别MXR=0和MXR=1,Directed,Testcase,L1DTLB_TS_FAULT_LOAD_MXR; AUD-017,,`test_mmu_l1dtlb_dtlb_perm_ld_002`,"Criteria (PASS/FAIL): CP0 MXR setting、PTE flags、LSU response cross. A UVM_ERROR, SVA failure, scoreboard mismatch, or missing required coverage bin fails this item.",Audit,,doc/l1dtlb_uvm_audit/L1DTLB_TRISTAN_IP_Hardware_tp_V1.xlsx; doc/l1dtlb_uvm_audit/l1dtlb_testpoint_audit.md; doc/l1dtlb_uvm_audit/l1dtlb_3_9_3_10_traceability.md; doc/l1dtlb_uvm_audit/l1dtlb_3_11_traceability.md,Audit-Imported,L1DTLB-Audit-Phase6,doc/l1dtlb_uvm_audit/L1DTLB_UVM_Phase6_Progress.md,Non-function-description audit import; Phase6G replay and closure PASS 28/28; future/formal items are vabuf equivalence and exact PLRU victim.
L1DTLB-AUD-IMPORT-035-AUD-018,"L1DTLB Permission, Fault Timing, PMP, and Direct Map",AUD-018,store W=0/D=0 page fault,AUD-018,"`test_mmu_l1dtlb_dtlb_perm_st_001`, `_002`",store访问W=0 page和D=0 page,Purpose: store W=0/D=0 page fault | Stimuli: store访问W=0 page和D=0 page | Expected: T0 page fault；L1DTLB test不期待硬件D-bit update/writeback,store访问W=0 page和D=0 page,Directed,Testcase,L1DTLB_TS_FAULT_STORE_W_D; AUD-018,,"`test_mmu_l1dtlb_dtlb_perm_st_001`, `_002`","Criteria (PASS/FAIL): PTE不变、page_fault pulse、无D-bit writeback expectation. A UVM_ERROR, SVA failure, scoreboard mismatch, or missing required coverage bin fails this item.",Audit,,doc/l1dtlb_uvm_audit/L1DTLB_TRISTAN_IP_Hardware_tp_V1.xlsx; doc/l1dtlb_uvm_audit/l1dtlb_testpoint_audit.md; doc/l1dtlb_uvm_audit/l1dtlb_3_9_3_10_traceability.md; doc/l1dtlb_uvm_audit/l1dtlb_3_11_traceability.md,Audit-Imported,L1DTLB-Audit-Phase6,doc/l1dtlb_uvm_audit/L1DTLB_UVM_Phase6_Progress.md,Non-function-description audit import; Phase6G replay and closure PASS 28/28; future/formal items are vabuf equivalence and exact PLRU victim.
L1DTLB-AUD-IMPORT-036-AUD-016_AUD-018,"L1DTLB Permission, Fault Timing, PMP, and Direct Map","AUD-016, AUD-018",A/U/S/SUM权限组合,"AUD-016, AUD-018",permission directed extension,load/store分别覆盖A=0、U/S不满足、SUM开关组合、VA illegal,Purpose: A/U/S/SUM权限组合 | Stimuli: load/store分别覆盖A=0、U/S不满足、SUM开关组合、VA illegal | Expected: 满足spec的page fault条件均T0报page_fault；合法组合允许继续PMP,load/store分别覆盖A=0、U/S不满足、SUM开关组合、VA illegal,Coverage / planned directed,Functional Coverage,"L1DTLB_TS_FAULT_AD_US_SUM; AUD-016, AUD-018",,permission directed extension,"Criteria (PASS/FAIL): permission cover bins、page_fault与PMP token互斥/允许关系. A UVM_ERROR, SVA failure, scoreboard mismatch, or missing required coverage bin fails this item.",Audit,,doc/l1dtlb_uvm_audit/L1DTLB_TRISTAN_IP_Hardware_tp_V1.xlsx; doc/l1dtlb_uvm_audit/l1dtlb_testpoint_audit.md; doc/l1dtlb_uvm_audit/l1dtlb_3_9_3_10_traceability.md; doc/l1dtlb_uvm_audit/l1dtlb_3_11_traceability.md,Audit-Imported,L1DTLB-Audit-Phase6,doc/l1dtlb_uvm_audit/L1DTLB_UVM_Phase6_Progress.md,Non-function-description audit import; Phase6G replay and closure PASS 28/28; future/formal items are vabuf equivalence and exact PLRU victim.
L1DTLB-AUD-IMPORT-037-AUD-048,"L1DTLB Permission, Fault Timing, PMP, and Direct Map",AUD-048,page fault阻止PMP,AUD-048,`test_mmu_l1dtlb_dtlb_pf_blocks_pmp_001`,TLB hit但PTE权限/VA illegal导致page fault，同时PMP配置可产生access fault,Purpose: page fault阻止PMP | Stimuli: TLB hit但PTE权限/VA illegal导致page fault，同时PMP配置可产生access fault | Expected: 该请求T0 page_fault+pa_vld，不为该请求发PMP check，不产生同请求access fault,TLB hit但PTE权限/VA illegal导致page fault，同时PMP配置可产生access fault,Directed,Testcase,L1DTLB_TS_FAULT_PF_BLOCKS_PMP; AUD-048,,`test_mmu_l1dtlb_dtlb_pf_blocks_pmp_001`,"Criteria (PASS/FAIL): page_fault和PMP token/access_fault归属检查. A UVM_ERROR, SVA failure, scoreboard mismatch, or missing required coverage bin fails this item.",Audit,,doc/l1dtlb_uvm_audit/L1DTLB_TRISTAN_IP_Hardware_tp_V1.xlsx; doc/l1dtlb_uvm_audit/l1dtlb_testpoint_audit.md; doc/l1dtlb_uvm_audit/l1dtlb_3_9_3_10_traceability.md; doc/l1dtlb_uvm_audit/l1dtlb_3_11_traceability.md,Audit-Imported,L1DTLB-Audit-Phase6,doc/l1dtlb_uvm_audit/L1DTLB_UVM_Phase6_Progress.md,Non-function-description audit import; Phase6G replay and closure PASS 28/28; future/formal items are vabuf equivalence and exact PLRU victim.
L1DTLB-AUD-IMPORT-038-AUD-045_AUD-046_AUD-049,"L1DTLB Permission, Fault Timing, PMP, and Direct Map","AUD-045, AUD-046, AUD-049",T1 access fault与下一拍T0事件重叠,"AUD-045, AUD-046, AUD-049","`test_mmu_l1dtlb_dtlb_fault_overlap_pipe_001`, `test_mmu_l1dtlb_dtlb_access_fault_t1_pairing_001`",连续同pipe请求：上一拍进入PMP并在T1 access fault，当前拍又有T0 pa_vld/page_fault,Purpose: T1 access fault与下一拍T0事件重叠 | Stimuli: 连续同pipe请求：上一拍进入PMP并在T1 access fault，当前拍又有T0 pa_vld/page_fault | Expected: 同cycle裸信号可重叠，但必须归属不同请求；scoreboard不能把access_fault和当前pa_vld强配对,连续同pipe请求：上一拍进入PMP并在T1 access fault，当前拍又有T0 pa_vld/page_fault,Directed,Testcase,"L1DTLB_TS_FAULT_OVERLAP_PIPE; AUD-045, AUD-046, AUD-049",,"`test_mmu_l1dtlb_dtlb_fault_overlap_pipe_001`, `test_mmu_l1dtlb_dtlb_access_fault_t1_pairing_001`","Criteria (PASS/FAIL): request token、pipe、cycle pairing和fault ownership. A UVM_ERROR, SVA failure, scoreboard mismatch, or missing required coverage bin fails this item.",Audit,,doc/l1dtlb_uvm_audit/L1DTLB_TRISTAN_IP_Hardware_tp_V1.xlsx; doc/l1dtlb_uvm_audit/l1dtlb_testpoint_audit.md; doc/l1dtlb_uvm_audit/l1dtlb_3_9_3_10_traceability.md; doc/l1dtlb_uvm_audit/l1dtlb_3_11_traceability.md,Audit-Imported,L1DTLB-Audit-Phase6,doc/l1dtlb_uvm_audit/L1DTLB_UVM_Phase6_Progress.md,Non-function-description audit import; Phase6G replay and closure PASS 28/28; future/formal items are vabuf equivalence and exact PLRU victim.
L1DTLB-AUD-IMPORT-039-AUD-047_AUD-049,"L1DTLB Permission, Fault Timing, PMP, and Direct Map","AUD-047, AUD-049",PMP T1 payload归属,"AUD-047, AUD-049",`test_mmu_l1dtlb_dtlb_pmp_001`,TLB hit或direct map且无page fault，PMP配置拒绝read/write,Purpose: PMP T1 payload归属 | Stimuli: TLB hit或direct map且无page fault，PMP配置拒绝read/write | Expected: PA/attr在T0返回；T1 access_fault由上一拍有效PMP token产生，payload稳定,TLB hit或direct map且无page fault，PMP配置拒绝read/write,Directed,Testcase,"L1DTLB_TS_FAULT_PMP_ACCESS; AUD-047, AUD-049",,`test_mmu_l1dtlb_dtlb_pmp_001`,"Criteria (PASS/FAIL): PMP req payload、read/write type、T1 fault response. A UVM_ERROR, SVA failure, scoreboard mismatch, or missing required coverage bin fails this item.",Audit,,doc/l1dtlb_uvm_audit/L1DTLB_TRISTAN_IP_Hardware_tp_V1.xlsx; doc/l1dtlb_uvm_audit/l1dtlb_testpoint_audit.md; doc/l1dtlb_uvm_audit/l1dtlb_3_9_3_10_traceability.md; doc/l1dtlb_uvm_audit/l1dtlb_3_11_traceability.md,Audit-Imported,L1DTLB-Audit-Phase6,doc/l1dtlb_uvm_audit/L1DTLB_UVM_Phase6_Progress.md,Non-function-description audit import; Phase6G replay and closure PASS 28/28; future/formal items are vabuf equivalence and exact PLRU victim.
L1DTLB-AUD-IMPORT-040-AUD-041,"L1DTLB Permission, Fault Timing, PMP, and Direct Map",AUD-041,MMU off/M-mode direct map,AUD-041,`test_mmu_l1dtlb_dtlb_sysmap_001`,regs_mmu_en=0、effective M-mode、以及MPRV导致非M effective mode三类,Purpose: MMU off/M-mode direct map | Stimuli: regs_mmu_en=0、effective M-mode、以及MPRV导致非M effective mode三类 | Expected: MMU off/M-mode不查TLB、不分配MB、不产生PTE page fault，PA按VA direct map，属性来自sysmap；仍允许PMP检查,regs_mmu_en=0、effective M-mode、以及MPRV导致非M effective mode三类,Directed,Testcase,L1DTLB_TS_MODE_DIRECT_MAP; AUD-041,,`test_mmu_l1dtlb_dtlb_sysmap_001`,"Criteria (PASS/FAIL): direct-map PA/attr、MB/L2无副作用、PMP access_fault可触发. A UVM_ERROR, SVA failure, scoreboard mismatch, or missing required coverage bin fails this item.",Audit,,doc/l1dtlb_uvm_audit/L1DTLB_TRISTAN_IP_Hardware_tp_V1.xlsx; doc/l1dtlb_uvm_audit/l1dtlb_testpoint_audit.md; doc/l1dtlb_uvm_audit/l1dtlb_3_9_3_10_traceability.md; doc/l1dtlb_uvm_audit/l1dtlb_3_11_traceability.md,Audit-Imported,L1DTLB-Audit-Phase6,doc/l1dtlb_uvm_audit/L1DTLB_UVM_Phase6_Progress.md,Non-function-description audit import; Phase6G replay and closure PASS 28/28; future/formal items are vabuf equivalence and exact PLRU victim.
L1DTLB-AUD-IMPORT-041-AUD-039,"L1DTLB Permission, Fault Timing, PMP, and Direct Map",AUD-039,STAMO pipe1 bypass,AUD-039,"`test_mmu_l1dtlb_dtlb_stamo_001`, `test_mmu_l1dtlb_dtlb_stamo_pipe1_bypass_001`",pipe1/store pipe发STAMO bypass请求,Purpose: STAMO pipe1 bypass | Stimuli: pipe1/store pipe发STAMO bypass请求 | Expected: 返回LM/STAMO保存路径PA/attr；不查TLB、不分配MB、不写expt、不污染PLRU/refill路径,pipe1/store pipe发STAMO bypass请求,Directed,Testcase,L1DTLB_TS_MODE_STAMO_PIPE1; AUD-039,,"`test_mmu_l1dtlb_dtlb_stamo_001`, `test_mmu_l1dtlb_dtlb_stamo_pipe1_bypass_001`","Criteria (PASS/FAIL): pipe1 response source、无TLB/MB/L2 side effect. A UVM_ERROR, SVA failure, scoreboard mismatch, or missing required coverage bin fails this item.",Audit,,doc/l1dtlb_uvm_audit/L1DTLB_TRISTAN_IP_Hardware_tp_V1.xlsx; doc/l1dtlb_uvm_audit/l1dtlb_testpoint_audit.md; doc/l1dtlb_uvm_audit/l1dtlb_3_9_3_10_traceability.md; doc/l1dtlb_uvm_audit/l1dtlb_3_11_traceability.md,Audit-Imported,L1DTLB-Audit-Phase6,doc/l1dtlb_uvm_audit/L1DTLB_UVM_Phase6_Progress.md,Non-function-description audit import; Phase6G replay and closure PASS 28/28; future/formal items are vabuf equivalence and exact PLRU victim.
L1DTLB-AUD-IMPORT-042-AUD-040,"L1DTLB Permission, Fault Timing, PMP, and Direct Map",AUD-040,pipe0 STAMO negative,AUD-040,`test_mmu_l1dtlb_dtlb_stamo_pipe0_neg_001`,pipe0普通请求与STAMO相关控制同拍或尝试pipe0 STAMO,Purpose: pipe0 STAMO negative | Stimuli: pipe0普通请求与STAMO相关控制同拍或尝试pipe0 STAMO | Expected: pipe0不产生STAMO bypass效果，不污染pipe0普通translation,pipe0普通请求与STAMO相关控制同拍或尝试pipe0 STAMO,Directed,Testcase,L1DTLB_TS_MODE_STAMO_PIPE0_NEG; AUD-040,,`test_mmu_l1dtlb_dtlb_stamo_pipe0_neg_001`,"Criteria (PASS/FAIL): pipe0按普通TLB/direct-map路径，pipe1 bypass不串扰. A UVM_ERROR, SVA failure, scoreboard mismatch, or missing required coverage bin fails this item.",Audit,,doc/l1dtlb_uvm_audit/L1DTLB_TRISTAN_IP_Hardware_tp_V1.xlsx; doc/l1dtlb_uvm_audit/l1dtlb_testpoint_audit.md; doc/l1dtlb_uvm_audit/l1dtlb_3_9_3_10_traceability.md; doc/l1dtlb_uvm_audit/l1dtlb_3_11_traceability.md,Audit-Imported,L1DTLB-Audit-Phase6,doc/l1dtlb_uvm_audit/L1DTLB_UVM_Phase6_Progress.md,Non-function-description audit import; Phase6G replay and closure PASS 28/28; future/formal items are vabuf equivalence and exact PLRU victim.
L1DTLB-AUD-IMPORT-043-AUD-024,"L1DTLB Refill, Install, WFI, and Exception Array",AUD-024,install优先级WFI > PTW > L2,AUD-024,"`test_mmu_l1dtlb_dtlb_install_arb_001`, `test_mmu_l1dtlb_dtlb_refill_001`, `_002`",WFI candidate、PTW normal refill和L2 normal refill同cycle竞争,Purpose: install优先级WFI > PTW > L2 | Stimuli: WFI candidate、PTW normal refill和L2 normal refill同cycle竞争 | Expected: 每拍最多写一个TLB entry，固定优先级WFI、PTW、L2；未获grant的normal refill进入WFI保存,WFI candidate、PTW normal refill和L2 normal refill同cycle竞争,Directed,Testcase,L1DTLB_TS_INSTALL_ARB_WFI_PTW_L2; AUD-024,,"`test_mmu_l1dtlb_dtlb_install_arb_001`, `test_mmu_l1dtlb_dtlb_refill_001`, `_002`","Criteria (PASS/FAIL): install source select、entry write、loser WFI latch. A UVM_ERROR, SVA failure, scoreboard mismatch, or missing required coverage bin fails this item.",Audit,,doc/l1dtlb_uvm_audit/L1DTLB_TRISTAN_IP_Hardware_tp_V1.xlsx; doc/l1dtlb_uvm_audit/l1dtlb_testpoint_audit.md; doc/l1dtlb_uvm_audit/l1dtlb_3_9_3_10_traceability.md; doc/l1dtlb_uvm_audit/l1dtlb_3_11_traceability.md,Audit-Imported,L1DTLB-Audit-Phase6,doc/l1dtlb_uvm_audit/L1DTLB_UVM_Phase6_Progress.md,Non-function-description audit import; Phase6G replay and closure PASS 28/28; future/formal items are vabuf equivalence and exact PLRU victim.
L1DTLB-AUD-IMPORT-044-AUD-025,"L1DTLB Refill, Install, WFI, and Exception Array",AUD-025,多WFI最低entry优先,AUD-025,"`test_mmu_l1dtlb_dtlb_mb_fsm_wfi_001`, `test_mmu_l1dtlb_dtlb_install_id_chk_001`",两个或更多MB entry同时处于WFI且可install,Purpose: 多WFI最低entry优先 | Stimuli: 两个或更多MB entry同时处于WFI且可install | Expected: 选择最低编号WFI entry install，每拍仍只写一个TLB entry,两个或更多MB entry同时处于WFI且可install,Directed,Testcase,L1DTLB_TS_INSTALL_MULTI_WFI_LOWEST; AUD-025,,"`test_mmu_l1dtlb_dtlb_mb_fsm_wfi_001`, `test_mmu_l1dtlb_dtlb_install_id_chk_001`","Criteria (PASS/FAIL): WFI vector、selected id、entry update id. A UVM_ERROR, SVA failure, scoreboard mismatch, or missing required coverage bin fails this item.",Audit,,doc/l1dtlb_uvm_audit/L1DTLB_TRISTAN_IP_Hardware_tp_V1.xlsx; doc/l1dtlb_uvm_audit/l1dtlb_testpoint_audit.md; doc/l1dtlb_uvm_audit/l1dtlb_3_9_3_10_traceability.md; doc/l1dtlb_uvm_audit/l1dtlb_3_11_traceability.md,Audit-Imported,L1DTLB-Audit-Phase6,doc/l1dtlb_uvm_audit/L1DTLB_UVM_Phase6_Progress.md,Non-function-description audit import; Phase6G replay and closure PASS 28/28; future/formal items are vabuf equivalence and exact PLRU victim.
L1DTLB-AUD-IMPORT-045-AUD-057,"L1DTLB Refill, Install, WFI, and Exception Array",AUD-057,WFI data hold,AUD-057,`test_mmu_l1dtlb_dtlb_wfi_data_hold_001`,normal refill未获install grant进入WFI，等待多拍后install,Purpose: WFI data hold | Stimuli: normal refill未获install grant进入WFI，等待多拍后install | Expected: WFI期间保持原miss VPN、refill PPN、flag、page size稳定；后续install数据等于latch数据,normal refill未获install grant进入WFI，等待多拍后install,Directed,Testcase,L1DTLB_TS_INSTALL_WFI_DATA_HOLD; AUD-057,,`test_mmu_l1dtlb_dtlb_wfi_data_hold_001`,"Criteria (PASS/FAIL): WFI latch fields稳定性和最终entry write一致. A UVM_ERROR, SVA failure, scoreboard mismatch, or missing required coverage bin fails this item.",Audit,,doc/l1dtlb_uvm_audit/L1DTLB_TRISTAN_IP_Hardware_tp_V1.xlsx; doc/l1dtlb_uvm_audit/l1dtlb_testpoint_audit.md; doc/l1dtlb_uvm_audit/l1dtlb_3_9_3_10_traceability.md; doc/l1dtlb_uvm_audit/l1dtlb_3_11_traceability.md,Audit-Imported,L1DTLB-Audit-Phase6,doc/l1dtlb_uvm_audit/L1DTLB_UVM_Phase6_Progress.md,Non-function-description audit import; Phase6G replay and closure PASS 28/28; future/formal items are vabuf equivalence and exact PLRU victim.
L1DTLB-AUD-IMPORT-046-AUD-061,"L1DTLB Refill, Install, WFI, and Exception Array",AUD-061,install可见性与MB释放时序,AUD-061,`test_mmu_l1dtlb_dtlb_install_visibility_001`,TLB install与对应MB entry release同沿发生，并在同VPN请求前后发访问,Purpose: install可见性与MB释放时序 | Stimuli: TLB install与对应MB entry release同沿发生，并在同VPN请求前后发访问 | Expected: 写入前同组合周期不能命中新entry；下一可见cycle才允许命中；MB同沿释放,TLB install与对应MB entry release同沿发生，并在同VPN请求前后发访问,Directed,Testcase,L1DTLB_TS_INSTALL_VISIBILITY_RELEASE; AUD-061,,`test_mmu_l1dtlb_dtlb_install_visibility_001`,"Criteria (PASS/FAIL): same-cycle miss/hit boundary、next-cycle hit、MB valid drop. A UVM_ERROR, SVA failure, scoreboard mismatch, or missing required coverage bin fails this item.",Audit,,doc/l1dtlb_uvm_audit/L1DTLB_TRISTAN_IP_Hardware_tp_V1.xlsx; doc/l1dtlb_uvm_audit/l1dtlb_testpoint_audit.md; doc/l1dtlb_uvm_audit/l1dtlb_3_9_3_10_traceability.md; doc/l1dtlb_uvm_audit/l1dtlb_3_11_traceability.md,Audit-Imported,L1DTLB-Audit-Phase6,doc/l1dtlb_uvm_audit/L1DTLB_UVM_Phase6_Progress.md,Non-function-description audit import; Phase6G replay and closure PASS 28/28; future/formal items are vabuf equivalence and exact PLRU victim.
L1DTLB-AUD-IMPORT-047-AUD-026,"L1DTLB Refill, Install, WFI, and Exception Array",AUD-026,fault refill写exception array不写TLB,AUD-026,"`test_mmu_l1dtlb_dtlb_mb_pgflt_001`, `test_mmu_l1dtlb_dtlb_access_fault_source_parity_001`",PTW对WFC entry返回page/access fault，或L2返回page fault,Purpose: fault refill写exception array不写TLB | Stimuli: PTW对WFC entry返回page/access fault，或L2返回page fault | Expected: fault写exception array；不写TLB entry；L2 refill不作为access fault来源,PTW对WFC entry返回page/access fault，或L2返回page fault,Directed,Testcase,L1DTLB_TS_EXPT_FAULT_REFILL_WRITE; AUD-026,,"`test_mmu_l1dtlb_dtlb_mb_pgflt_001`, `test_mmu_l1dtlb_dtlb_access_fault_source_parity_001`","Criteria (PASS/FAIL): expt write probe、TLB entry no-write、后续fault replay. A UVM_ERROR, SVA failure, scoreboard mismatch, or missing required coverage bin fails this item.",Audit,,doc/l1dtlb_uvm_audit/L1DTLB_TRISTAN_IP_Hardware_tp_V1.xlsx; doc/l1dtlb_uvm_audit/l1dtlb_testpoint_audit.md; doc/l1dtlb_uvm_audit/l1dtlb_3_9_3_10_traceability.md; doc/l1dtlb_uvm_audit/l1dtlb_3_11_traceability.md,Audit-Imported,L1DTLB-Audit-Phase6,doc/l1dtlb_uvm_audit/L1DTLB_UVM_Phase6_Progress.md,Non-function-description audit import; Phase6G replay and closure PASS 28/28; future/formal items are vabuf equivalence and exact PLRU victim.
L1DTLB-AUD-IMPORT-048-AUD-027_AUD-058,"L1DTLB Refill, Install, WFI, and Exception Array","AUD-027, AUD-058",PTW/L2同拍fault写两entry,"AUD-027, AUD-058",`test_mmu_l1dtlb_dtlb_expt_id_map_001` with dual-fault extension,PTW和L2同cycle对不同MB id返回fault,Purpose: PTW/L2同拍fault写两entry | Stimuli: PTW和L2同cycle对不同MB id返回fault | Expected: 两个exception entry都记录；id在范围内并直接映射refill MB id,PTW和L2同cycle对不同MB id返回fault,Directed (planned),Testcase,"L1DTLB_TS_EXPT_DUAL_FAULT_WRITE; AUD-027, AUD-058",,`test_mmu_l1dtlb_dtlb_expt_id_map_001` with dual-fault extension,"Criteria (PASS/FAIL): expt wr0/wr1 valid、id map、array capacity等于MB depth. A UVM_ERROR, SVA failure, scoreboard mismatch, or missing required coverage bin fails this item.",Audit,,doc/l1dtlb_uvm_audit/L1DTLB_TRISTAN_IP_Hardware_tp_V1.xlsx; doc/l1dtlb_uvm_audit/l1dtlb_testpoint_audit.md; doc/l1dtlb_uvm_audit/l1dtlb_3_9_3_10_traceability.md; doc/l1dtlb_uvm_audit/l1dtlb_3_11_traceability.md,Audit-Imported,L1DTLB-Audit-Phase6,doc/l1dtlb_uvm_audit/L1DTLB_UVM_Phase6_Progress.md,Non-function-description audit import; Phase6G replay and closure PASS 28/28; future/formal items are vabuf equivalence and exact PLRU victim.
L1DTLB-AUD-IMPORT-049-AUD-028,"L1DTLB Refill, Install, WFI, and Exception Array",AUD-028,exception replay消费,AUD-028,"`test_mmu_l1dtlb_dtlb_mb_pgflt_001`, `test_mmu_l1dtlb_dtlb_wakeup_expt_001`",LSU replay匹配IID+完整4K VPN的fault entry,Purpose: exception replay消费 | Stimuli: LSU replay匹配IID+完整4K VPN的fault entry | Expected: page fault replay为T0，access fault replay为T1；exception entry和对应MB entry同拍释放；不再分配新MB,LSU replay匹配IID+完整4K VPN的fault entry,Directed,Testcase,L1DTLB_TS_EXPT_REPLAY_CONSUME; AUD-028,,"`test_mmu_l1dtlb_dtlb_mb_pgflt_001`, `test_mmu_l1dtlb_dtlb_wakeup_expt_001`","Criteria (PASS/FAIL): expt match/clear、MB release、fault timing、no allocation. A UVM_ERROR, SVA failure, scoreboard mismatch, or missing required coverage bin fails this item.",Audit,,doc/l1dtlb_uvm_audit/L1DTLB_TRISTAN_IP_Hardware_tp_V1.xlsx; doc/l1dtlb_uvm_audit/l1dtlb_testpoint_audit.md; doc/l1dtlb_uvm_audit/l1dtlb_3_9_3_10_traceability.md; doc/l1dtlb_uvm_audit/l1dtlb_3_11_traceability.md,Audit-Imported,L1DTLB-Audit-Phase6,doc/l1dtlb_uvm_audit/L1DTLB_UVM_Phase6_Progress.md,Non-function-description audit import; Phase6G replay and closure PASS 28/28; future/formal items are vabuf equivalence and exact PLRU victim.
L1DTLB-AUD-IMPORT-050-AUD-029,"L1DTLB Refill, Install, WFI, and Exception Array",AUD-029,双pipe同拍消费同expt entry负向约束,AUD-029,`test_mmu_l1dtlb_dtlb_expt_dual_same_entry_neg_001`,构造两个pipe同拍访问相同VPN但IID不同，或diagnostic非法同IID,Purpose: 双pipe同拍消费同expt entry负向约束 | Stimuli: 构造两个pipe同拍访问相同VPN但IID不同，或diagnostic非法同IID | Expected: 合法场景下不应同拍命中同一exception entry；若出现应作为design/spec violation，不做port0 priority消费期望,构造两个pipe同拍访问相同VPN但IID不同，或diagnostic非法同IID,Directed,Testcase,L1DTLB_TS_EXPT_DUAL_SAME_ENTRY_NEG; AUD-029,,`test_mmu_l1dtlb_dtlb_expt_dual_same_entry_neg_001`,"Criteria (PASS/FAIL): same-entry dual hit invariant、no double release. A UVM_ERROR, SVA failure, scoreboard mismatch, or missing required coverage bin fails this item.",Audit,,doc/l1dtlb_uvm_audit/L1DTLB_TRISTAN_IP_Hardware_tp_V1.xlsx; doc/l1dtlb_uvm_audit/l1dtlb_testpoint_audit.md; doc/l1dtlb_uvm_audit/l1dtlb_3_9_3_10_traceability.md; doc/l1dtlb_uvm_audit/l1dtlb_3_11_traceability.md,Audit-Imported,L1DTLB-Audit-Phase6,doc/l1dtlb_uvm_audit/L1DTLB_UVM_Phase6_Progress.md,Non-function-description audit import; Phase6G replay and closure PASS 28/28; future/formal items are vabuf equivalence and exact PLRU victim.
L1DTLB-AUD-IMPORT-051-AUD-052,"L1DTLB Refill, Install, WFI, and Exception Array",AUD-052,一pipe TLB hit、一pipe expt hit,AUD-052,`test_mmu_l1dtlb_dtlb_expt_hit_with_tlb_hit_001`,两pipe同拍，一个普通TLB hit，另一个exception array hit,Purpose: 一pipe TLB hit、一pipe expt hit | Stimuli: 两pipe同拍，一个普通TLB hit，另一个exception array hit | Expected: 两路响应/释放互不污染；TLB hit端正常返回，expt端按fault replay释放并wakeup,两pipe同拍，一个普通TLB hit，另一个exception array hit,Directed,Testcase,L1DTLB_TS_EXPT_HIT_WITH_TLB_HIT; AUD-052,,`test_mmu_l1dtlb_dtlb_expt_hit_with_tlb_hit_001`,"Criteria (PASS/FAIL): per-pipe response、expt/MB clear、wakeup broadcast. A UVM_ERROR, SVA failure, scoreboard mismatch, or missing required coverage bin fails this item.",Audit,,doc/l1dtlb_uvm_audit/L1DTLB_TRISTAN_IP_Hardware_tp_V1.xlsx; doc/l1dtlb_uvm_audit/l1dtlb_testpoint_audit.md; doc/l1dtlb_uvm_audit/l1dtlb_3_9_3_10_traceability.md; doc/l1dtlb_uvm_audit/l1dtlb_3_11_traceability.md,Audit-Imported,L1DTLB-Audit-Phase6,doc/l1dtlb_uvm_audit/L1DTLB_UVM_Phase6_Progress.md,Non-function-description audit import; Phase6G replay and closure PASS 28/28; future/formal items are vabuf equivalence and exact PLRU victim.
L1DTLB-AUD-IMPORT-052-AUD-062,"L1DTLB Refill, Install, WFI, and Exception Array",AUD-062,access fault来源一致性,AUD-062,`test_mmu_l1dtlb_dtlb_access_fault_source_parity_001`,分别由PTW fault replay和PMP检查产生access fault；L2尝试access fault作为negative,Purpose: access fault来源一致性 | Stimuli: 分别由PTW fault replay和PMP检查产生access fault；L2尝试access fault作为negative | Expected: PTW可返回access fault；L2只可normal/page fault；最终对LSU均表现为replay/PMP后的T1 access_fault,分别由PTW fault replay和PMP检查产生access fault；L2尝试access fault作为negative,Directed,Testcase,L1DTLB_TS_EXPT_ACCESS_FAULT_SOURCE_PARITY; AUD-062,,`test_mmu_l1dtlb_dtlb_access_fault_source_parity_001`,"Criteria (PASS/FAIL): source type cover、T1 timing、L2 access fault negative. A UVM_ERROR, SVA failure, scoreboard mismatch, or missing required coverage bin fails this item.",Audit,,doc/l1dtlb_uvm_audit/L1DTLB_TRISTAN_IP_Hardware_tp_V1.xlsx; doc/l1dtlb_uvm_audit/l1dtlb_testpoint_audit.md; doc/l1dtlb_uvm_audit/l1dtlb_3_9_3_10_traceability.md; doc/l1dtlb_uvm_audit/l1dtlb_3_11_traceability.md,Audit-Imported,L1DTLB-Audit-Phase6,doc/l1dtlb_uvm_audit/L1DTLB_UVM_Phase6_Progress.md,Non-function-description audit import; Phase6G replay and closure PASS 28/28; future/formal items are vabuf equivalence and exact PLRU victim.
L1DTLB-AUD-IMPORT-053-AUD-034,"L1DTLB Invalidate, Cleanup, Flush, Race, and PLRU",AUD-034,tlboper_utlb_clr全清TLB entry,AUD-034,"`test_mmu_l1dtlb_dtlb_inv_001`, `_002`, `test_mmu_l1dtlb_dtlb_cleanup_scope_matrix_001`",TLBWI/TLBWR/INVASID/INVALL等触发tlboper_utlb_clr,Purpose: tlboper_utlb_clr全清TLB entry | Stimuli: TLBWI/TLBWR/INVASID/INVALL等触发tlboper_utlb_clr | Expected: 清空全部L1DTLB entry valid；不清MB和exception array,TLBWI/TLBWR/INVASID/INVALL等触发tlboper_utlb_clr,Directed,Testcase,L1DTLB_TS_INV_TLBOPER_CLR; AUD-034,,"`test_mmu_l1dtlb_dtlb_inv_001`, `_002`, `test_mmu_l1dtlb_dtlb_cleanup_scope_matrix_001`","Criteria (PASS/FAIL): entry valid all-zero，MB/expt lifetime不变. A UVM_ERROR, SVA failure, scoreboard mismatch, or missing required coverage bin fails this item.",Audit,,doc/l1dtlb_uvm_audit/L1DTLB_TRISTAN_IP_Hardware_tp_V1.xlsx; doc/l1dtlb_uvm_audit/l1dtlb_testpoint_audit.md; doc/l1dtlb_uvm_audit/l1dtlb_3_9_3_10_traceability.md; doc/l1dtlb_uvm_audit/l1dtlb_3_11_traceability.md,Audit-Imported,L1DTLB-Audit-Phase6,doc/l1dtlb_uvm_audit/L1DTLB_UVM_Phase6_Progress.md,Non-function-description audit import; Phase6G replay and closure PASS 28/28; future/formal items are vabuf equivalence and exact PLRU victim.
L1DTLB-AUD-IMPORT-054-AUD-035,"L1DTLB Invalidate, Cleanup, Flush, Race, and PLRU",AUD-035,regs_utlb_clr全清TLB entry,AUD-035,"`test_mmu_l1dtlb_dtlb_inv_003`, `test_mmu_l1dtlb_dtlb_cleanup_scope_matrix_001`",SATP/mode/asid相关寄存器变化触发regs_utlb_clr,Purpose: regs_utlb_clr全清TLB entry | Stimuli: SATP/mode/asid相关寄存器变化触发regs_utlb_clr | Expected: 因L1 entry不保存ASID，相关L1清理按全清entry处理；不清MB/expt,SATP/mode/asid相关寄存器变化触发regs_utlb_clr,Directed,Testcase,L1DTLB_TS_INV_REGS_CLR; AUD-035,,"`test_mmu_l1dtlb_dtlb_inv_003`, `test_mmu_l1dtlb_dtlb_cleanup_scope_matrix_001`","Criteria (PASS/FAIL): all entry invalid，pending MB/expt保留. A UVM_ERROR, SVA failure, scoreboard mismatch, or missing required coverage bin fails this item.",Audit,,doc/l1dtlb_uvm_audit/L1DTLB_TRISTAN_IP_Hardware_tp_V1.xlsx; doc/l1dtlb_uvm_audit/l1dtlb_testpoint_audit.md; doc/l1dtlb_uvm_audit/l1dtlb_3_9_3_10_traceability.md; doc/l1dtlb_uvm_audit/l1dtlb_3_11_traceability.md,Audit-Imported,L1DTLB-Audit-Phase6,doc/l1dtlb_uvm_audit/L1DTLB_UVM_Phase6_Progress.md,Non-function-description audit import; Phase6G replay and closure PASS 28/28; future/formal items are vabuf equivalence and exact PLRU victim.
L1DTLB-AUD-IMPORT-055-AUD-036,"L1DTLB Invalidate, Cleanup, Flush, Race, and PLRU",AUD-036,VA定点失效低8bit保守清理,AUD-036,"`test_mmu_l1dtlb_dtlb_inv_va8_alias_001`, `test_mmu_l1dtlb_dtlb_inv_004`",tlboper_utlb_inv_va_req携带目标VA，构造VPN[7:0]相同/不同entry,Purpose: VA定点失效低8bit保守清理 | Stimuli: tlboper_utlb_inv_va_req携带目标VA，构造VPN[7:0]相同/不同entry | Expected: VPN[7:0]匹配的valid entry下拍失效；低8bit不匹配entry不被该局部clear误清,tlboper_utlb_inv_va_req携带目标VA，构造VPN[7:0]相同/不同entry,Directed,Testcase,L1DTLB_TS_INV_VA8_ALIAS; AUD-036,,"`test_mmu_l1dtlb_dtlb_inv_va8_alias_001`, `test_mmu_l1dtlb_dtlb_inv_004`","Criteria (PASS/FAIL): per-entry valid变化、alias conservative clear coverage. A UVM_ERROR, SVA failure, scoreboard mismatch, or missing required coverage bin fails this item.",Audit,,doc/l1dtlb_uvm_audit/L1DTLB_TRISTAN_IP_Hardware_tp_V1.xlsx; doc/l1dtlb_uvm_audit/l1dtlb_testpoint_audit.md; doc/l1dtlb_uvm_audit/l1dtlb_3_9_3_10_traceability.md; doc/l1dtlb_uvm_audit/l1dtlb_3_11_traceability.md,Audit-Imported,L1DTLB-Audit-Phase6,doc/l1dtlb_uvm_audit/L1DTLB_UVM_Phase6_Progress.md,Non-function-description audit import; Phase6G replay and closure PASS 28/28; future/formal items are vabuf equivalence and exact PLRU victim.
L1DTLB-AUD-IMPORT-056-AUD-037,"L1DTLB Invalidate, Cleanup, Flush, Race, and PLRU",AUD-037,invalidate与TLB hit同拍,AUD-037,`test_mmu_l1dtlb_dtlb_inv_hit_same_cycle_001`,同cycle发起hit并触发匹配entry invalidate,Purpose: invalidate与TLB hit同拍 | Stimuli: 同cycle发起hit并触发匹配entry invalidate | Expected: 本拍允许返回旧entry hit；下一拍起该entry不得继续作为valid hit,同cycle发起hit并触发匹配entry invalidate,Directed,Testcase,L1DTLB_TS_INV_HIT_SAME_CYCLE; AUD-037,,`test_mmu_l1dtlb_dtlb_inv_hit_same_cycle_001`,"Criteria (PASS/FAIL): same-cycle response和next-cycle miss. A UVM_ERROR, SVA failure, scoreboard mismatch, or missing required coverage bin fails this item.",Audit,,doc/l1dtlb_uvm_audit/L1DTLB_TRISTAN_IP_Hardware_tp_V1.xlsx; doc/l1dtlb_uvm_audit/l1dtlb_testpoint_audit.md; doc/l1dtlb_uvm_audit/l1dtlb_3_9_3_10_traceability.md; doc/l1dtlb_uvm_audit/l1dtlb_3_11_traceability.md,Audit-Imported,L1DTLB-Audit-Phase6,doc/l1dtlb_uvm_audit/L1DTLB_UVM_Phase6_Progress.md,Non-function-description audit import; Phase6G replay and closure PASS 28/28; future/formal items are vabuf equivalence and exact PLRU victim.
L1DTLB-AUD-IMPORT-057-AUD-038,"L1DTLB Invalidate, Cleanup, Flush, Race, and PLRU",AUD-038,invalidate与install同entry,AUD-038,`test_mmu_l1dtlb_dtlb_inv_install_same_entry_001`,clear/invalidate与TLB install同拍选择同一entry,Purpose: invalidate与install同entry | Stimuli: clear/invalidate与TLB install同拍选择同一entry | Expected: clear优先，时钟沿后该entry最终valid=0,clear/invalidate与TLB install同拍选择同一entry,Directed,Testcase,L1DTLB_TS_INV_INSTALL_SAME_ENTRY; AUD-038,,`test_mmu_l1dtlb_dtlb_inv_install_same_entry_001`,"Criteria (PASS/FAIL): selected entry final valid、no stale hit. A UVM_ERROR, SVA failure, scoreboard mismatch, or missing required coverage bin fails this item.",Audit,,doc/l1dtlb_uvm_audit/L1DTLB_TRISTAN_IP_Hardware_tp_V1.xlsx; doc/l1dtlb_uvm_audit/l1dtlb_testpoint_audit.md; doc/l1dtlb_uvm_audit/l1dtlb_3_9_3_10_traceability.md; doc/l1dtlb_uvm_audit/l1dtlb_3_11_traceability.md,Audit-Imported,L1DTLB-Audit-Phase6,doc/l1dtlb_uvm_audit/L1DTLB_UVM_Phase6_Progress.md,Non-function-description audit import; Phase6G replay and closure PASS 28/28; future/formal items are vabuf equivalence and exact PLRU victim.
L1DTLB-AUD-IMPORT-058-AUD-031_AUD-053,"L1DTLB Invalidate, Cleanup, Flush, Race, and PLRU","AUD-031, AUD-053",RTU flush清理范围,"AUD-031, AUD-053",`test_mmu_l1dtlb_dtlb_cleanup_scope_matrix_001`,RTU flush发生时存在TLB entry、MB entry和exception entry,Purpose: RTU flush清理范围 | Stimuli: RTU flush发生时存在TLB entry、MB entry和exception entry | Expected: RTU flush清MB和exception array；TLB entry清理按spec对应控制；flush kill的miss不得install/expt write/wakeup,RTU flush发生时存在TLB entry、MB entry和exception entry,Directed,Testcase,"L1DTLB_TS_FLUSH_RTU_CLEAR_SCOPE; AUD-031, AUD-053",,`test_mmu_l1dtlb_dtlb_cleanup_scope_matrix_001`,"Criteria (PASS/FAIL): MB/expt all clear、no side effect from killed miss. A UVM_ERROR, SVA failure, scoreboard mismatch, or missing required coverage bin fails this item.",Audit,,doc/l1dtlb_uvm_audit/L1DTLB_TRISTAN_IP_Hardware_tp_V1.xlsx; doc/l1dtlb_uvm_audit/l1dtlb_testpoint_audit.md; doc/l1dtlb_uvm_audit/l1dtlb_3_9_3_10_traceability.md; doc/l1dtlb_uvm_audit/l1dtlb_3_11_traceability.md,Audit-Imported,L1DTLB-Audit-Phase6,doc/l1dtlb_uvm_audit/L1DTLB_UVM_Phase6_Progress.md,Non-function-description audit import; Phase6G replay and closure PASS 28/28; future/formal items are vabuf equivalence and exact PLRU victim.
L1DTLB-AUD-IMPORT-059-AUD-064,"L1DTLB Invalidate, Cleanup, Flush, Race, and PLRU",AUD-064,RTU flush与MB FSM同拍race,AUD-064,`test_mmu_l1dtlb_dtlb_mb_flush_race_matrix_001`,分别覆盖WFG+flush无grant、WFG+flush+grant、WFC+flush无refill、WFC+flush+refill、WFI+flush,Purpose: RTU flush与MB FSM同拍race | Stimuli: 分别覆盖WFG+flush无grant、WFG+flush+grant、WFC+flush无refill、WFC+flush+refill、WFI+flush | Expected: 最终状态按Q072矩阵：IDLE或ABT drain；禁止非法install/expt/wakeup,分别覆盖WFG+flush无grant、WFG+flush+grant、WFC+flush无refill、WFC+flush+refill、WFI+flush,Directed,Testcase,L1DTLB_TS_FLUSH_MB_RACE_MATRIX; AUD-064,,`test_mmu_l1dtlb_dtlb_mb_flush_race_matrix_001`,"Criteria (PASS/FAIL): state transition matrix、side-effect negative checks. A UVM_ERROR, SVA failure, scoreboard mismatch, or missing required coverage bin fails this item.",Audit,,doc/l1dtlb_uvm_audit/L1DTLB_TRISTAN_IP_Hardware_tp_V1.xlsx; doc/l1dtlb_uvm_audit/l1dtlb_testpoint_audit.md; doc/l1dtlb_uvm_audit/l1dtlb_3_9_3_10_traceability.md; doc/l1dtlb_uvm_audit/l1dtlb_3_11_traceability.md,Audit-Imported,L1DTLB-Audit-Phase6,doc/l1dtlb_uvm_audit/L1DTLB_UVM_Phase6_Progress.md,Non-function-description audit import; Phase6G replay and closure PASS 28/28; future/formal items are vabuf equivalence and exact PLRU victim.
L1DTLB-AUD-IMPORT-060-AUD-043_AUD-055,"L1DTLB Invalidate, Cleanup, Flush, Race, and PLRU","AUD-043, AUD-055",PLRU只作whitebox覆盖,"AUD-043, AUD-055","`test_mmu_l1dtlb_dtlb_plru_001`, `test_mmu_l1dtlb_dtlb_plru_whitebox_only_001`",hit、install、双pipe hit、refill victim、invalidate后replacement pressure,Purpose: PLRU只作whitebox覆盖 | Stimuli: hit、install、双pipe hit、refill victim、invalidate后replacement pressure | Expected: 不把exact victim作为black-box pass/fail；只检查victim onehot/onehot0、index范围和更新输入非X,hit、install、双pipe hit、refill victim、invalidate后replacement pressure,Directed + White-box,Assertion Coverage,"L1DTLB_TS_PLRU_WHITEBOX_ONLY; AUD-043, AUD-055",,"`test_mmu_l1dtlb_dtlb_plru_001`, `test_mmu_l1dtlb_dtlb_plru_whitebox_only_001`","Criteria (PASS/FAIL): whitebox cover/SVA，主translation scoreboard不预测exact victim. A UVM_ERROR, SVA failure, scoreboard mismatch, or missing required coverage bin fails this item.",Audit,,doc/l1dtlb_uvm_audit/L1DTLB_TRISTAN_IP_Hardware_tp_V1.xlsx; doc/l1dtlb_uvm_audit/l1dtlb_testpoint_audit.md; doc/l1dtlb_uvm_audit/l1dtlb_3_9_3_10_traceability.md; doc/l1dtlb_uvm_audit/l1dtlb_3_11_traceability.md,Audit-Imported,L1DTLB-Audit-Phase6,doc/l1dtlb_uvm_audit/L1DTLB_UVM_Phase6_Progress.md,Non-function-description audit import; Phase6G replay and closure PASS 28/28; future/formal items are vabuf equivalence and exact PLRU victim.
L1DTLB-AUD-IMPORT-061-AUD-063,"L1DTLB Scoreboard, Observability, and Regression Closure",AUD-063,reference model观察边界,AUD-063,`test_mmu_l1dtlb_dtlb_ref_model_observability_001`,综合覆盖外部接口可推导事件、whitebox-only事件、合法无响应事件和wakeup/HPC事件,Purpose: reference model观察边界 | Stimuli: 综合覆盖外部接口可推导事件、whitebox-only事件、合法无响应事件和wakeup/HPC事件 | Expected: PA、attr、pa_vld、page_fault、access_fault、L2 request、credit、busy逐拍精确；wakeup按事件级广播检查；PLRU victim不进入主正确性判断,综合覆盖外部接口可推导事件、whitebox-only事件、合法无响应事件和wakeup/HPC事件,ENV capability / checklist,Functional Coverage,L1DTLB_TS_OBS_REFERENCE_MODEL_BOUNDARY; AUD-063,,`test_mmu_l1dtlb_dtlb_ref_model_observability_001`,"Criteria (PASS/FAIL): scoreboard checklist、whitebox-only probe清单、legal no-response分类. A UVM_ERROR, SVA failure, scoreboard mismatch, or missing required coverage bin fails this item.",Audit,,doc/l1dtlb_uvm_audit/L1DTLB_TRISTAN_IP_Hardware_tp_V1.xlsx; doc/l1dtlb_uvm_audit/l1dtlb_testpoint_audit.md; doc/l1dtlb_uvm_audit/l1dtlb_3_9_3_10_traceability.md; doc/l1dtlb_uvm_audit/l1dtlb_3_11_traceability.md,Audit-Imported,L1DTLB-Audit-Phase6,doc/l1dtlb_uvm_audit/L1DTLB_UVM_Phase6_Progress.md,Non-function-description audit import; Phase6G replay and closure PASS 28/28; future/formal items are vabuf equivalence and exact PLRU victim.
L1DTLB-AUD-IMPORT-062-AUD-008_AUD-020_AUD-031_AUD-063,"L1DTLB Scoreboard, Observability, and Regression Closure","AUD-008, AUD-020, AUD-031, AUD-063",合法无响应分类,"AUD-008, AUD-020, AUD-031, AUD-063",`test_mmu_l1dtlb_dtlb_ref_model_observability_001`,MB CAM hit、MB full未分配、abort屏蔽状态后果、flush kill请求,Purpose: 合法无响应分类 | Stimuli: MB CAM hit、MB full未分配、abort屏蔽状态后果、flush kill请求 | Expected: 不被误判为漏响应；但必须检查没有非法allocation、install、exception write或wakeup,MB CAM hit、MB full未分配、abort屏蔽状态后果、flush kill请求,ENV capability / checklist,Functional Coverage,"L1DTLB_TS_OBS_LEGAL_NO_RESPONSE; AUD-008, AUD-020, AUD-031, AUD-063",,`test_mmu_l1dtlb_dtlb_ref_model_observability_001`,"Criteria (PASS/FAIL): no-response reason code或monitor annotation，后续wakeup/replay/flush终止生命周期. A UVM_ERROR, SVA failure, scoreboard mismatch, or missing required coverage bin fails this item.",Audit,,doc/l1dtlb_uvm_audit/L1DTLB_TRISTAN_IP_Hardware_tp_V1.xlsx; doc/l1dtlb_uvm_audit/l1dtlb_testpoint_audit.md; doc/l1dtlb_uvm_audit/l1dtlb_3_9_3_10_traceability.md; doc/l1dtlb_uvm_audit/l1dtlb_3_11_traceability.md,Audit-Imported,L1DTLB-Audit-Phase6,doc/l1dtlb_uvm_audit/L1DTLB_UVM_Phase6_Progress.md,Non-function-description audit import; Phase6G replay and closure PASS 28/28; future/formal items are vabuf equivalence and exact PLRU victim.
L1DTLB-AUD-IMPORT-063-AUD-063,"L1DTLB Scoreboard, Observability, and Regression Closure",AUD-063,miss统计/HPC事件守护,AUD-063,add cover/check in observability or perf wrapper,hit、direct map、STAMO bypass、exception replay、abort miss、真实TLB/expt miss,Purpose: miss统计/HPC事件守护 | Stimuli: hit、direct map、STAMO bypass、exception replay、abort miss、真实TLB/expt miss | Expected: miss/HPC事件不在非真实miss路径误拉高；真实进入miss处理时允许1-cycle事件,hit、direct map、STAMO bypass、exception replay、abort miss、真实TLB/expt miss,ENV capability / checklist,Functional Coverage,L1DTLB_TS_OBS_HPC_MISS_EVENT; AUD-063,,add cover/check in observability or perf wrapper,"Criteria (PASS/FAIL): `mmu_hpcp_dutlb_miss`等事件级采样. A UVM_ERROR, SVA failure, scoreboard mismatch, or missing required coverage bin fails this item.",Audit,,doc/l1dtlb_uvm_audit/L1DTLB_TRISTAN_IP_Hardware_tp_V1.xlsx; doc/l1dtlb_uvm_audit/l1dtlb_testpoint_audit.md; doc/l1dtlb_uvm_audit/l1dtlb_3_9_3_10_traceability.md; doc/l1dtlb_uvm_audit/l1dtlb_3_11_traceability.md,Audit-Imported,L1DTLB-Audit-Phase6,doc/l1dtlb_uvm_audit/L1DTLB_UVM_Phase6_Progress.md,Non-function-description audit import; Phase6G replay and closure PASS 28/28; future/formal items are vabuf equivalence and exact PLRU victim.
L1DTLB-AUD-IMPORT-064-AUD-044,"L1DTLB Scoreboard, Observability, and Regression Closure",AUD-044,共享generic vseq retarget闭环,AUD-044,`test_mmu_l1dtlb_dtlb_ref_model_observability_001` plus regression checklist,原先只映射到`mmu_ptw_thrash_vseq`或`mmu_concurrent_3pipe_vseq`的wrapper进入回归,Purpose: 共享generic vseq retarget闭环 | Stimuli: 原先只映射到`mmu_ptw_thrash_vseq`或`mmu_concurrent_3pipe_vseq`的wrapper进入回归 | Expected: wrapper必须被retarget为L1DTLB-directed stimulus，或明确标记为traceability shell，不能声称已完全覆盖directed requirement,原先只映射到`mmu_ptw_thrash_vseq`或`mmu_concurrent_3pipe_vseq`的wrapper进入回归,ENV capability / checklist,Functional Coverage,L1DTLB_TS_OBS_WRAPPER_RETARGET; AUD-044,,`test_mmu_l1dtlb_dtlb_ref_model_observability_001` plus regression checklist,"Criteria (PASS/FAIL): regression report标明directed/traceability shell状态. A UVM_ERROR, SVA failure, scoreboard mismatch, or missing required coverage bin fails this item.",Audit,,doc/l1dtlb_uvm_audit/L1DTLB_TRISTAN_IP_Hardware_tp_V1.xlsx; doc/l1dtlb_uvm_audit/l1dtlb_testpoint_audit.md; doc/l1dtlb_uvm_audit/l1dtlb_3_9_3_10_traceability.md; doc/l1dtlb_uvm_audit/l1dtlb_3_11_traceability.md,Audit-Imported,L1DTLB-Audit-Phase6,doc/l1dtlb_uvm_audit/L1DTLB_UVM_Phase6_Progress.md,Non-function-description audit import; Phase6G replay and closure PASS 28/28; future/formal items are vabuf equivalence and exact PLRU victim.
L1DTLB-AUD-IMPORT-065-AUD-001..AUD-064,"L1DTLB Scoreboard, Observability, and Regression Closure",AUD-001..AUD-064,SVA cover closure,AUD-001..AUD-064,all `l1dtlb_tests_suite.svh` wrappers,跑包含所有L1DTLB directed wrappers的regression,Purpose: SVA cover closure | Stimuli: 跑包含所有L1DTLB directed wrappers的regression | Expected: 3.9 cover矩阵C001-C027应能证明关键场景被采样；未命中的cover反向生成directed test缺口,跑包含所有L1DTLB directed wrappers的regression,ENV capability / checklist,Functional Coverage,L1DTLB_TS_OBS_SVA_COVER_CLOSURE; AUD-001..AUD-064,,all `l1dtlb_tests_suite.svh` wrappers,"Criteria (PASS/FAIL): cover property report和AUD/Scenario traceability矩阵. A UVM_ERROR, SVA failure, scoreboard mismatch, or missing required coverage bin fails this item.",Audit,,doc/l1dtlb_uvm_audit/L1DTLB_TRISTAN_IP_Hardware_tp_V1.xlsx; doc/l1dtlb_uvm_audit/l1dtlb_testpoint_audit.md; doc/l1dtlb_uvm_audit/l1dtlb_3_9_3_10_traceability.md; doc/l1dtlb_uvm_audit/l1dtlb_3_11_traceability.md,Audit-Imported,L1DTLB-Audit-Phase6,doc/l1dtlb_uvm_audit/L1DTLB_UVM_Phase6_Progress.md,Non-function-description audit import; Phase6G replay and closure PASS 28/28; future/formal items are vabuf equivalence and exact PLRU victim.
# v7.8 audit import separator,L2TLB audit Excel/testpoint rows imported below; source audit files remain read-only; function-description content excluded.,,,,,,,,,,,,,,,,,,,,
L2TLB-TP-IMPORT-L2TLB_TP_001,reset,L2TLB_TP_001,reset,L2TLB_TP_001,cold reset 后 ReqQ、MB、pipeline valid、PFU FSM、RRPV wbuf 均回到 idle 或 invalid,cold reset 后 ReqQ、MB、pipeline valid、PFU FSM、RRPV wbuf 均回到 idle 或 invalid,无伪 request、无伪 refill、无伪 fault，reset release 后可接受新请求,`cpurst_b` 上电复位,Black-box functional,cold reset；reset 后首个 ITLB/DTLB/PFU 请求,cold reset；reset 后首个 ITLB/DTLB/PFU 请求,reset drain checker；关键 valid 清零检查,需新增 reset directed,reset drain checker；关键 valid 清零检查; 无伪 request、无伪 refill、无伪 fault，reset release 后可接受新请求,P0,,doc/l2tlb_uvm_audit/L2TLB_TRISTAN_IP_Hardware_tp_V1.xlsx; doc/l2tlb_uvm_audit/L2TLB_UVM_Phase6_BuildPlan.md; doc/l2tlb_uvm_audit/progress.md,Planned,L2TLB-Audit-Phase6,doc/l2tlb_uvm_audit/progress.md; doc/l2tlb_uvm_audit/L2TLB_UVM_Phase6_Progress.md,Non-function-description audit import; Phase6G default scanner expected STATUS=PASS PASS=26 OPEN=0 FAIL=0 TOTAL=26.
L2TLB-TP-IMPORT-L2TLB_TP_002,reset,L2TLB_TP_002,reset,L2TLB_TP_002,warm reset 打断 lookup、PTW、TLBOP、PFU 活跃窗口时清空 pending expectation,warm reset 打断 lookup、PTW、TLBOP、PFU 活跃窗口时清空 pending expectation,reset 后旧 completion 不被消费，新 transaction 从干净状态开始,活跃 transaction 期间拉低 `cpurst_b`,Black-box functional,warm reset x lookup/PTW/TLBOP/PFU,warm reset x lookup/PTW/TLBOP/PFU,scoreboard pending clear；no stale response,需新增 warm reset directed,scoreboard pending clear；no stale response; reset 后旧 completion 不被消费，新 transaction 从干净状态开始,P0,,doc/l2tlb_uvm_audit/L2TLB_TRISTAN_IP_Hardware_tp_V1.xlsx; doc/l2tlb_uvm_audit/L2TLB_UVM_Phase6_BuildPlan.md; doc/l2tlb_uvm_audit/progress.md,Planned,L2TLB-Audit-Phase6,doc/l2tlb_uvm_audit/progress.md; doc/l2tlb_uvm_audit/L2TLB_UVM_Phase6_Progress.md,Non-function-description audit import; Phase6G default scanner expected STATUS=PASS PASS=26 OPEN=0 FAIL=0 TOTAL=26.
L2TLB-TP-IMPORT-L2TLB_TP_003,UVM boundary,L2TLB_TP_003,UVM boundary,L2TLB_TP_003,普通测试只通过顶层真实接口驱动，不直接驱动内部 L2TLB 端口,普通测试只通过顶层真实接口驱动，不直接驱动内部 L2TLB 端口,内部信号只被 probe 观察,IFU/LSU/CP0/PTW/PMP/sysmap 顶层 agent,White-box monitor/coverage,black-box vs white-box wrapper 分类,black-box vs white-box wrapper 分类,wrapper metadata audit,`l2tlb_tests` 全量 audit,wrapper metadata audit; 内部信号只被 probe 观察,P0,,doc/l2tlb_uvm_audit/L2TLB_TRISTAN_IP_Hardware_tp_V1.xlsx; doc/l2tlb_uvm_audit/L2TLB_UVM_Phase6_BuildPlan.md; doc/l2tlb_uvm_audit/progress.md,Planned,L2TLB-Audit-Phase6,doc/l2tlb_uvm_audit/progress.md; doc/l2tlb_uvm_audit/L2TLB_UVM_Phase6_Progress.md,Non-function-description audit import; Phase6G default scanner expected STATUS=PASS PASS=26 OPEN=0 FAIL=0 TOTAL=26.
L2TLB-TP-IMPORT-L2TLB_TP_004,ReqQ,L2TLB_TP_004,ReqQ,L2TLB_TP_004,ITLB miss 分配 ReqQ entry0，credit 消耗和返回正确,ITLB miss 分配 ReqQ entry0，credit 消耗和返回正确,`i_credit_return` 与 completion 或释放时机一致,IFU miss 到 L1ITLB 后转发 L2TLB,Black-box functional,ITLB source；alloc/issue/dealloc,ITLB source；alloc/issue/dealloc,credit shadow；entry0 lifecycle checker,`test_mmu_dir_l2tlb_reqq_*` 粗映射,credit shadow；entry0 lifecycle checker; `i_credit_return` 与 completion 或释放时机一致,P0,,doc/l2tlb_uvm_audit/L2TLB_TRISTAN_IP_Hardware_tp_V1.xlsx; doc/l2tlb_uvm_audit/L2TLB_UVM_Phase6_BuildPlan.md; doc/l2tlb_uvm_audit/progress.md,Planned,L2TLB-Audit-Phase6,doc/l2tlb_uvm_audit/progress.md; doc/l2tlb_uvm_audit/L2TLB_UVM_Phase6_Progress.md,Non-function-description audit import; Phase6G default scanner expected STATUS=PASS PASS=26 OPEN=0 FAIL=0 TOTAL=26.
L2TLB-TP-IMPORT-L2TLB_TP_005,ReqQ,L2TLB_TP_005,ReqQ,L2TLB_TP_005,DTLB load/store miss 分配 DTLB 专用 ReqQ entry，eid/type 保持正确,DTLB load/store miss 分配 DTLB 专用 ReqQ entry，eid/type 保持正确,`d_credit_return`、eid、load/store type 对齐,LSU load/store miss 到 L1DTLB 后转发 L2TLB,Black-box functional,DTLB load；DTLB store；multi-entry occupancy,DTLB load；DTLB store；multi-entry occupancy,credit and type shadow,`test_mmu_dir_l2tlb_reqq_dtlb_alloc_*` 粗映射,credit and type shadow; `d_credit_return`、eid、load/store type 对齐,P0,,doc/l2tlb_uvm_audit/L2TLB_TRISTAN_IP_Hardware_tp_V1.xlsx; doc/l2tlb_uvm_audit/L2TLB_UVM_Phase6_BuildPlan.md; doc/l2tlb_uvm_audit/progress.md,Planned,L2TLB-Audit-Phase6,doc/l2tlb_uvm_audit/progress.md; doc/l2tlb_uvm_audit/L2TLB_UVM_Phase6_Progress.md,Non-function-description audit import; Phase6G default scanner expected STATUS=PASS PASS=26 OPEN=0 FAIL=0 TOTAL=26.
L2TLB-TP-IMPORT-L2TLB_TP_006,ReqQ,L2TLB_TP_006,ReqQ,L2TLB_TP_006,新请求同拍获得 grant 时允许 bypass issue，payload 稳定,新请求同拍获得 grant 时允许 bypass issue，payload 稳定,`queue_arb_*` payload 与请求一致,IFU/LSU miss 与 arbiter grant 同拍,White-box monitor/coverage,bypass issue；queued issue,bypass issue；queued issue,payload stability checker,需加强 `l2tlb_reqq_*` wrapper,payload stability checker; `queue_arb_*` payload 与请求一致,P1,,doc/l2tlb_uvm_audit/L2TLB_TRISTAN_IP_Hardware_tp_V1.xlsx; doc/l2tlb_uvm_audit/L2TLB_UVM_Phase6_BuildPlan.md; doc/l2tlb_uvm_audit/progress.md,Planned,L2TLB-Audit-Phase6,doc/l2tlb_uvm_audit/progress.md; doc/l2tlb_uvm_audit/L2TLB_UVM_Phase6_Progress.md,Non-function-description audit import; Phase6G default scanner expected STATUS=PASS PASS=26 OPEN=0 FAIL=0 TOTAL=26.
L2TLB-TP-IMPORT-L2TLB_TP_007,ReqQ,L2TLB_TP_007,ReqQ,L2TLB_TP_007,L2 miss 且 MB full 时 ReqQ 不释放请求，清 sent 后可 replay,L2 miss 且 MB full 时 ReqQ 不释放请求，清 sent 后可 replay,无请求丢失，MB 空位释放后最终完成,填满 MB 后再发 ITLB/DTLB miss,Black-box functional,MB full retry；retry count 大于 0,MB full retry；retry count 大于 0,transaction lifetime checker,`test_mmu_dir_l2tlb_reqq_credit_full_no_return` 粗映射,transaction lifetime checker; 无请求丢失，MB 空位释放后最终完成,P0,,doc/l2tlb_uvm_audit/L2TLB_TRISTAN_IP_Hardware_tp_V1.xlsx; doc/l2tlb_uvm_audit/L2TLB_UVM_Phase6_BuildPlan.md; doc/l2tlb_uvm_audit/progress.md,Planned,L2TLB-Audit-Phase6,doc/l2tlb_uvm_audit/progress.md; doc/l2tlb_uvm_audit/L2TLB_UVM_Phase6_Progress.md,Non-function-description audit import; Phase6G default scanner expected STATUS=PASS PASS=26 OPEN=0 FAIL=0 TOTAL=26.
L2TLB-TP-IMPORT-L2TLB_TP_008,ReqQ,L2TLB_TP_008,ReqQ,L2TLB_TP_008,hit、miss alloc、fault completion 均能归还对应 L1 credit,hit、miss alloc、fault completion 均能归还对应 L1 credit,credit return pulse 与 ReqQ dealloc 对齐,ITLB/DTLB hit、miss alloc、PTW disabled miss,Black-box functional,hit return；refill return；fault return,hit return；refill return；fault return,credit accounting checker,`test_mmu_dir_l2tlb_reqq_credit_return_*` 粗映射,credit accounting checker; credit return pulse 与 ReqQ dealloc 对齐,P0,,doc/l2tlb_uvm_audit/L2TLB_TRISTAN_IP_Hardware_tp_V1.xlsx; doc/l2tlb_uvm_audit/L2TLB_UVM_Phase6_BuildPlan.md; doc/l2tlb_uvm_audit/progress.md,Planned,L2TLB-Audit-Phase6,doc/l2tlb_uvm_audit/progress.md; doc/l2tlb_uvm_audit/L2TLB_UVM_Phase6_Progress.md,Non-function-description audit import; Phase6G default scanner expected STATUS=PASS PASS=26 OPEN=0 FAIL=0 TOTAL=26.
L2TLB-TP-IMPORT-L2TLB_TP_009,arbiter,L2TLB_TP_009,arbiter,L2TLB_TP_009,ReqQ、PFU、PTW、TLBOP 多来源同时有效时每拍最多一个访问 SRAM pipeline,ReqQ、PFU、PTW、TLBOP 多来源同时有效时每拍最多一个访问 SRAM pipeline,`arb_l2tlb_req` 与 grant onehot0 一致,构造多 source 同拍请求,White-box monitor/coverage,source pairwise conflict；four-source conflict,source pairwise conflict；four-source conflict,arbiter onehot checker,`test_mmu_rand_l2tlb_bank_conflict_multi_source` 粗映射,arbiter onehot checker; `arb_l2tlb_req` 与 grant onehot0 一致,P0,,doc/l2tlb_uvm_audit/L2TLB_TRISTAN_IP_Hardware_tp_V1.xlsx; doc/l2tlb_uvm_audit/L2TLB_UVM_Phase6_BuildPlan.md; doc/l2tlb_uvm_audit/progress.md,Planned,L2TLB-Audit-Phase6,doc/l2tlb_uvm_audit/progress.md; doc/l2tlb_uvm_audit/L2TLB_UVM_Phase6_Progress.md,Non-function-description audit import; Phase6G default scanner expected STATUS=PASS PASS=26 OPEN=0 FAIL=0 TOTAL=26.
L2TLB-TP-IMPORT-L2TLB_TP_010,arbiter,L2TLB_TP_010,arbiter,L2TLB_TP_010,高优先级请求与普通 lookup 冲突时，grant 顺序符合规格并无 starvation,高优先级请求与普通 lookup 冲突时，grant 顺序符合规格并无 starvation,被 grant source payload 进入 L2TLB,PTW refill、TLBOP、ReqQ、PFU 同拍竞争,White-box monitor/coverage,PTW vs TLBOP；TLBOP vs ReqQ；ReqQ vs PFU,PTW vs TLBOP；TLBOP vs ReqQ；ReqQ vs PFU,priority checker；fairness watchdog,`test_mmu_dir_l2tlb_bank_write_conflict_*` 粗映射,priority checker；fairness watchdog; 被 grant source payload 进入 L2TLB,P0,,doc/l2tlb_uvm_audit/L2TLB_TRISTAN_IP_Hardware_tp_V1.xlsx; doc/l2tlb_uvm_audit/L2TLB_UVM_Phase6_BuildPlan.md; doc/l2tlb_uvm_audit/progress.md,Planned,L2TLB-Audit-Phase6,doc/l2tlb_uvm_audit/progress.md; doc/l2tlb_uvm_audit/L2TLB_UVM_Phase6_Progress.md,Non-function-description audit import; Phase6G default scanner expected STATUS=PASS PASS=26 OPEN=0 FAIL=0 TOTAL=26.
L2TLB-TP-IMPORT-L2TLB_TP_011,arbiter,L2TLB_TP_011,arbiter,L2TLB_TP_011,grant source 的 VPN、type、eid、index、write、bank_sel 等 payload 不串源,grant source 的 VPN、type、eid、index、write、bank_sel 等 payload 不串源,`arb_l2tlb_*` 与 selected source 匹配,多来源携带不同 payload 后交替 grant,White-box monitor/coverage,每类 source payload sample,每类 source payload sample,source payload scoreboard,需新增 arbiter payload monitor,source payload scoreboard; `arb_l2tlb_*` 与 selected source 匹配,P0,,doc/l2tlb_uvm_audit/L2TLB_TRISTAN_IP_Hardware_tp_V1.xlsx; doc/l2tlb_uvm_audit/L2TLB_UVM_Phase6_BuildPlan.md; doc/l2tlb_uvm_audit/progress.md,Planned,L2TLB-Audit-Phase6,doc/l2tlb_uvm_audit/progress.md; doc/l2tlb_uvm_audit/L2TLB_UVM_Phase6_Progress.md,Non-function-description audit import; Phase6G default scanner expected STATUS=PASS PASS=26 OPEN=0 FAIL=0 TOTAL=26.
L2TLB-TP-IMPORT-L2TLB_TP_012,tag/data lookup,L2TLB_TP_012,tag/data lookup,L2TLB_TP_012,ITLB 4KB L2 single-hit 返回正确 PPN 和 flag，不进入 PTW,ITLB 4KB L2 single-hit 返回正确 PPN 和 flag，不进入 PTW,`l2tlb_l1itlb_ref_*` payload 正确,backdoor/TLBWI 安装 4KB entry 后 IFU miss,Black-box functional,ITLB source；4KB；single-hit,ITLB source；4KB；single-hit,L2 entry shadow compare,`test_mmu_dir_l2tlb_tag_match_4k_hit` 粗映射,L2 entry shadow compare; `l2tlb_l1itlb_ref_*` payload 正确,P0,,doc/l2tlb_uvm_audit/L2TLB_TRISTAN_IP_Hardware_tp_V1.xlsx; doc/l2tlb_uvm_audit/L2TLB_UVM_Phase6_BuildPlan.md; doc/l2tlb_uvm_audit/progress.md,Planned,L2TLB-Audit-Phase6,doc/l2tlb_uvm_audit/progress.md; doc/l2tlb_uvm_audit/L2TLB_UVM_Phase6_Progress.md,Non-function-description audit import; Phase6G default scanner expected STATUS=PASS PASS=26 OPEN=0 FAIL=0 TOTAL=26.
L2TLB-TP-IMPORT-L2TLB_TP_013,tag/data lookup,L2TLB_TP_013,tag/data lookup,L2TLB_TP_013,DTLB load/store 4KB L2 single-hit 返回对应 eid、PPN、flag,DTLB load/store 4KB L2 single-hit 返回对应 eid、PPN、flag,`l2tlb_l1dtlb_ref_*` eid/type/payload 对齐,backdoor/TLBWI 安装 4KB entry 后 LSU load/store miss,Black-box functional,DTLB load；DTLB store；4KB,DTLB load；DTLB store；4KB,transaction scoreboard,`test_mmu_dir_l2tlb_tag_match_4k_hit` 粗映射,transaction scoreboard; `l2tlb_l1dtlb_ref_*` eid/type/payload 对齐,P0,,doc/l2tlb_uvm_audit/L2TLB_TRISTAN_IP_Hardware_tp_V1.xlsx; doc/l2tlb_uvm_audit/L2TLB_UVM_Phase6_BuildPlan.md; doc/l2tlb_uvm_audit/progress.md,Planned,L2TLB-Audit-Phase6,doc/l2tlb_uvm_audit/progress.md; doc/l2tlb_uvm_audit/L2TLB_UVM_Phase6_Progress.md,Non-function-description audit import; Phase6G default scanner expected STATUS=PASS PASS=26 OPEN=0 FAIL=0 TOTAL=26.
L2TLB-TP-IMPORT-L2TLB_TP_014,tag/data lookup,L2TLB_TP_014,tag/data lookup,L2TLB_TP_014,2MB 和 1GB entry 命中时按 page size mask VPN 并拼接 PA,2MB 和 1GB entry 命中时按 page size mask VPN 并拼接 PA,返回 PPN/PA 拼接符合 page size,安装 2MB/1GB entry，改变页内 offset,Black-box functional,2MB；1GB；offset variation,2MB；1GB；offset variation,PA splice checker,`test_mmu_dir_l2tlb_tag_match_2m_1g_huge` 粗映射,PA splice checker; 返回 PPN/PA 拼接符合 page size,P0,,doc/l2tlb_uvm_audit/L2TLB_TRISTAN_IP_Hardware_tp_V1.xlsx; doc/l2tlb_uvm_audit/L2TLB_UVM_Phase6_BuildPlan.md; doc/l2tlb_uvm_audit/progress.md,Planned,L2TLB-Audit-Phase6,doc/l2tlb_uvm_audit/progress.md; doc/l2tlb_uvm_audit/L2TLB_UVM_Phase6_Progress.md,Non-function-description audit import; Phase6G default scanner expected STATUS=PASS PASS=26 OPEN=0 FAIL=0 TOTAL=26.
L2TLB-TP-IMPORT-L2TLB_TP_015,tag/data lookup,L2TLB_TP_015,tag/data lookup,L2TLB_TP_015,non-global entry 需要 ASID match，global entry 绕过 ASID match,non-global entry 需要 ASID match，global entry 绕过 ASID match,only expected entry hit,同 VA 下构造 ASID match/mismatch/global entry,Black-box functional,global/non-global x ASID match/mismatch,global/non-global x ASID match/mismatch,ASID/global match checker,`test_mmu_rand_l2tlb_tag_match_cross_asid` 粗映射,ASID/global match checker; only expected entry hit,P0,,doc/l2tlb_uvm_audit/L2TLB_TRISTAN_IP_Hardware_tp_V1.xlsx; doc/l2tlb_uvm_audit/L2TLB_UVM_Phase6_BuildPlan.md; doc/l2tlb_uvm_audit/progress.md,Planned,L2TLB-Audit-Phase6,doc/l2tlb_uvm_audit/progress.md; doc/l2tlb_uvm_audit/L2TLB_UVM_Phase6_Progress.md,Non-function-description audit import; Phase6G default scanner expected STATUS=PASS PASS=26 OPEN=0 FAIL=0 TOTAL=26.
L2TLB-TP-IMPORT-L2TLB_TP_016,lookup pipeline,L2TLB_TP_016,lookup pipeline,L2TLB_TP_016,构造多个 matching way 时外部 fault 或编码符合规格，且不当作 normal single-hit 更新,构造多个 matching way 时外部 fault 或编码符合规格，且不当作 normal single-hit 更新,L1/PFU 可见结果合法，内部 multi-hit 被分类,backdoor 或受控 TLBWI/TLBWR 构造 multi-hit,Backdoor directed,multi-hit；ITLB/DTLB/PFU,multi-hit；ITLB/DTLB/PFU,external result checker；white-box multi-hit cover,`test_mmu_dir_rrpv_multiple_hits_same_vpn` 需重分类,external result checker；white-box multi-hit cover; L1/PFU 可见结果合法，内部 multi-hit 被分类,P1,,doc/l2tlb_uvm_audit/L2TLB_TRISTAN_IP_Hardware_tp_V1.xlsx; doc/l2tlb_uvm_audit/L2TLB_UVM_Phase6_BuildPlan.md; doc/l2tlb_uvm_audit/progress.md,Planned,L2TLB-Audit-Phase6,doc/l2tlb_uvm_audit/progress.md; doc/l2tlb_uvm_audit/L2TLB_UVM_Phase6_Progress.md,Non-function-description audit import; Phase6G default scanner expected STATUS=PASS PASS=26 OPEN=0 FAIL=0 TOTAL=26.
L2TLB-TP-IMPORT-L2TLB_TP_017,miss buffer,L2TLB_TP_017,miss buffer,L2TLB_TP_017,lookup miss 且 PTW enabled、MB 有空位时分配 MB 并发 PTW walk,lookup miss 且 PTW enabled、MB 有空位时分配 MB 并发 PTW walk,MB entry valid，`l2tlb_ptw_req` eventually fire,ITLB/DTLB/PFU miss，`cp0_mmu_ptw_en=1`,Black-box functional,miss+MB alloc；ITLB/DTLB/PFU,miss+MB alloc；ITLB/DTLB/PFU,MB shadow；PTW request checker,`test_mmu_dir_l2tlb_mb_alloc_on_miss` 粗映射,MB shadow；PTW request checker; MB entry valid，`l2tlb_ptw_req` eventually fire,P0,,doc/l2tlb_uvm_audit/L2TLB_TRISTAN_IP_Hardware_tp_V1.xlsx; doc/l2tlb_uvm_audit/L2TLB_UVM_Phase6_BuildPlan.md; doc/l2tlb_uvm_audit/progress.md,Planned,L2TLB-Audit-Phase6,doc/l2tlb_uvm_audit/progress.md; doc/l2tlb_uvm_audit/L2TLB_UVM_Phase6_Progress.md,Non-function-description audit import; Phase6G default scanner expected STATUS=PASS PASS=26 OPEN=0 FAIL=0 TOTAL=26.
L2TLB-TP-IMPORT-L2TLB_TP_018,lookup pipeline,L2TLB_TP_018,lookup pipeline,L2TLB_TP_018,PTW disabled miss 不发 PTW request，并向 L1/PFU 返回 fault 类完成,PTW disabled miss 不发 PTW request，并向 L1/PFU 返回 fault 类完成,`l2tlb_ptw_req=0`，completion/fault 编码正确,`cp0_mmu_ptw_en=0` 后发 miss,Black-box functional,PTW disabled miss；ITLB/DTLB/PFU,PTW disabled miss；ITLB/DTLB/PFU,PTW disabled checker,需新增 PTW disabled directed,PTW disabled checker; `l2tlb_ptw_req=0`，completion/fault 编码正确,P0,,doc/l2tlb_uvm_audit/L2TLB_TRISTAN_IP_Hardware_tp_V1.xlsx; doc/l2tlb_uvm_audit/L2TLB_UVM_Phase6_BuildPlan.md; doc/l2tlb_uvm_audit/progress.md,Planned,L2TLB-Audit-Phase6,doc/l2tlb_uvm_audit/progress.md; doc/l2tlb_uvm_audit/L2TLB_UVM_Phase6_Progress.md,Non-function-description audit import; Phase6G default scanner expected STATUS=PASS PASS=26 OPEN=0 FAIL=0 TOTAL=26.
L2TLB-TP-IMPORT-L2TLB_TP_019,miss buffer,L2TLB_TP_019,miss buffer,L2TLB_TP_019,MB issue 到 PTW 时 type、VPN、composite ID 保持原始请求归属,MB issue 到 PTW 时 type、VPN、composite ID 保持原始请求归属,`l2tlb_ptw_type/vpn/id` 与 MB shadow 一致,MB alloc 后 PTW ready 拉高,White-box monitor/coverage,MB issue order；ID bins,MB issue order；ID bins,MB to PTW payload checker,`test_mmu_rand_l2tlb_mb_issue_order` 粗映射,MB to PTW payload checker; `l2tlb_ptw_type/vpn/id` 与 MB shadow 一致,P0,,doc/l2tlb_uvm_audit/L2TLB_TRISTAN_IP_Hardware_tp_V1.xlsx; doc/l2tlb_uvm_audit/L2TLB_UVM_Phase6_BuildPlan.md; doc/l2tlb_uvm_audit/progress.md,Planned,L2TLB-Audit-Phase6,doc/l2tlb_uvm_audit/progress.md; doc/l2tlb_uvm_audit/L2TLB_UVM_Phase6_Progress.md,Non-function-description audit import; Phase6G default scanner expected STATUS=PASS PASS=26 OPEN=0 FAIL=0 TOTAL=26.
L2TLB-TP-IMPORT-L2TLB_TP_020,miss buffer,L2TLB_TP_020,miss buffer,L2TLB_TP_020,MB full 时新 miss 不 overflow，不错误覆盖 entry，释放后可继续,MB full 时新 miss 不 overflow，不错误覆盖 entry，释放后可继续,occupancy 有界，新请求最终 retry 或完成,填满 MB，再发新 miss，然后完成一个 PTW,Black-box functional,MB full；release then replay,MB full；release then replay,no-overflow checker；retry scoreboard,`test_mmu_dir_l2tlb_mb_full_stall` 粗映射,no-overflow checker；retry scoreboard; occupancy 有界，新请求最终 retry 或完成,P0,,doc/l2tlb_uvm_audit/L2TLB_TRISTAN_IP_Hardware_tp_V1.xlsx; doc/l2tlb_uvm_audit/L2TLB_UVM_Phase6_BuildPlan.md; doc/l2tlb_uvm_audit/progress.md,Planned,L2TLB-Audit-Phase6,doc/l2tlb_uvm_audit/progress.md; doc/l2tlb_uvm_audit/L2TLB_UVM_Phase6_Progress.md,Non-function-description audit import; Phase6G default scanner expected STATUS=PASS PASS=26 OPEN=0 FAIL=0 TOTAL=26.
L2TLB-TP-IMPORT-L2TLB_TP_021,miss buffer,L2TLB_TP_021,miss buffer,L2TLB_TP_021,相同 VPN/ASID/type 的多个 miss 已分配到 MB 后不自动 merge，也不在发 PTW 前重新 lookup,相同 VPN/ASID/type 的多个 miss 已分配到 MB 后不自动 merge，也不在发 PTW 前重新 lookup,每个 valid MB entry 按自身 id/type issue PTW；ReqQ replay 的请求可因后续 refill 命中,连续构造相同 VPN/ASID/type miss，使其进入不同 MB entry,Black-box functional,duplicate allocated entries；ReqQ replay after refill,duplicate allocated entries；ReqQ replay after refill,duplicate lifetime checker；PTW issue count checker,`test_mmu_dir_l2tlb_mb_dup_alloc_prevention` 需重审/改名,duplicate lifetime checker；PTW issue count checker; 每个 valid MB entry 按自身 id/type issue PTW；ReqQ replay 的请求可因后续 refill 命中,P1,,doc/l2tlb_uvm_audit/L2TLB_TRISTAN_IP_Hardware_tp_V1.xlsx; doc/l2tlb_uvm_audit/L2TLB_UVM_Phase6_BuildPlan.md; doc/l2tlb_uvm_audit/progress.md,Planned,L2TLB-Audit-Phase6,doc/l2tlb_uvm_audit/progress.md; doc/l2tlb_uvm_audit/L2TLB_UVM_Phase6_Progress.md,Non-function-description audit import; Phase6G default scanner expected STATUS=PASS PASS=26 OPEN=0 FAIL=0 TOTAL=26.
L2TLB-TP-IMPORT-L2TLB_TP_022,miss buffer,L2TLB_TP_022,miss buffer,L2TLB_TP_022,PTW completion dealloc 与新 miss alloc 同拍时 occupancy 和 ID 无 double free/lost alloc,PTW completion dealloc 与新 miss alloc 同拍时 occupancy 和 ID 无 double free/lost alloc,MB valid vector 与 shadow 一致,构造 completion 与 new miss 同拍,White-box monitor/coverage,same-cycle alloc/dealloc,same-cycle alloc/dealloc,alloc/dealloc accounting checker,`test_mmu_dir_l2tlb_mb_dealloc_on_complete` 需加强,alloc/dealloc accounting checker; MB valid vector 与 shadow 一致,P1,,doc/l2tlb_uvm_audit/L2TLB_TRISTAN_IP_Hardware_tp_V1.xlsx; doc/l2tlb_uvm_audit/L2TLB_UVM_Phase6_BuildPlan.md; doc/l2tlb_uvm_audit/progress.md,Planned,L2TLB-Audit-Phase6,doc/l2tlb_uvm_audit/progress.md; doc/l2tlb_uvm_audit/L2TLB_UVM_Phase6_Progress.md,Non-function-description audit import; Phase6G default scanner expected STATUS=PASS PASS=26 OPEN=0 FAIL=0 TOTAL=26.
L2TLB-TP-IMPORT-L2TLB_TP_023,PTW interface,L2TLB_TP_023,PTW interface,L2TLB_TP_023,`ptw_ready` backpressure 期间 PTW request payload 稳定，ready 后 fire,`ptw_ready` backpressure 期间 PTW request payload 稳定，ready 后 fire,request 保持，ready 后 handshake,MB issue 时拉低再释放 `ptw_ready`,Black-box functional,ready stall；ready release,ready stall；ready release,PTW handshake checker,PTW tests 可粗映射，L2 directed 需新增,PTW handshake checker; request 保持，ready 后 handshake,P0,,doc/l2tlb_uvm_audit/L2TLB_TRISTAN_IP_Hardware_tp_V1.xlsx; doc/l2tlb_uvm_audit/L2TLB_UVM_Phase6_BuildPlan.md; doc/l2tlb_uvm_audit/progress.md,Planned,L2TLB-Audit-Phase6,doc/l2tlb_uvm_audit/progress.md; doc/l2tlb_uvm_audit/L2TLB_UVM_Phase6_Progress.md,Non-function-description audit import; Phase6G default scanner expected STATUS=PASS PASS=26 OPEN=0 FAIL=0 TOTAL=26.
L2TLB-TP-IMPORT-L2TLB_TP_024,PTW refill,L2TLB_TP_024,PTW refill,L2TLB_TP_024,PTW data completion 对 ITLB/DTLB/PFU miss 归属正确，合法 refill 或 final response,PTW data completion 对 ITLB/DTLB/PFU miss 归属正确，合法 refill 或 final response,L2 refill write 与 L1/PFU final response ID/type 对齐,PTW 返回 `data_vld` completion,Black-box functional,PTW refill source；ITLB/DTLB/PFU,PTW refill source；ITLB/DTLB/PFU,PTW transaction scoreboard,PTW directed tests 粗映射,PTW transaction scoreboard; L2 refill write 与 L1/PFU final response ID/type 对齐,P0,,doc/l2tlb_uvm_audit/L2TLB_TRISTAN_IP_Hardware_tp_V1.xlsx; doc/l2tlb_uvm_audit/L2TLB_UVM_Phase6_BuildPlan.md; doc/l2tlb_uvm_audit/progress.md,Planned,L2TLB-Audit-Phase6,doc/l2tlb_uvm_audit/progress.md; doc/l2tlb_uvm_audit/L2TLB_UVM_Phase6_Progress.md,Non-function-description audit import; Phase6G default scanner expected STATUS=PASS PASS=26 OPEN=0 FAIL=0 TOTAL=26.
L2TLB-TP-IMPORT-L2TLB_TP_025,PTW refill,L2TLB_TP_025,PTW refill,L2TLB_TP_025,PTW page fault completion 不消费 payload，fault 归属原始请求,PTW page fault completion 不消费 payload，fault 归属原始请求,L1/PFU fault completion 正确，不写入有效 translation,PTW 返回 `pgflt`,Black-box functional,PTW page fault；ITLB/DTLB/PFU,PTW page fault；ITLB/DTLB/PFU,fault ownership checker,PTW fault tests 粗映射,fault ownership checker; L1/PFU fault completion 正确，不写入有效 translation,P0,,doc/l2tlb_uvm_audit/L2TLB_TRISTAN_IP_Hardware_tp_V1.xlsx; doc/l2tlb_uvm_audit/L2TLB_UVM_Phase6_BuildPlan.md; doc/l2tlb_uvm_audit/progress.md,Planned,L2TLB-Audit-Phase6,doc/l2tlb_uvm_audit/progress.md; doc/l2tlb_uvm_audit/L2TLB_UVM_Phase6_Progress.md,Non-function-description audit import; Phase6G default scanner expected STATUS=PASS PASS=26 OPEN=0 FAIL=0 TOTAL=26.
L2TLB-TP-IMPORT-L2TLB_TP_026,PTW refill,L2TLB_TP_026,PTW refill,L2TLB_TP_026,PTW access error completion 不消费 payload，fault 归属原始请求,PTW access error completion 不消费 payload，fault 归属原始请求,L1/PFU access error 或 error completion 正确,PTW 返回 `acc_err`,Black-box functional,PTW access error；ITLB/DTLB/PFU,PTW access error；ITLB/DTLB/PFU,access error checker,PTW accerr tests 粗映射,access error checker; L1/PFU access error 或 error completion 正确,P0,,doc/l2tlb_uvm_audit/L2TLB_TRISTAN_IP_Hardware_tp_V1.xlsx; doc/l2tlb_uvm_audit/L2TLB_UVM_Phase6_BuildPlan.md; doc/l2tlb_uvm_audit/progress.md,Planned,L2TLB-Audit-Phase6,doc/l2tlb_uvm_audit/progress.md; doc/l2tlb_uvm_audit/L2TLB_UVM_Phase6_Progress.md,Non-function-description audit import; Phase6G default scanner expected STATUS=PASS PASS=26 OPEN=0 FAIL=0 TOTAL=26.
L2TLB-TP-IMPORT-L2TLB_TP_027,PTW interface,L2TLB_TP_027,PTW interface,L2TLB_TP_027,非法 completion 组合、bad ID、无 outstanding completion 不进入普通功能比较,非法 completion 组合、bad ID、无 outstanding completion 不进入普通功能比较,assertion 或 error-handling 触发，未定义 payload 不比较,negative PTW completion injection,Negative assertion,bad ID；illegal data_vld/pgflt/acc_err,bad ID；illegal data_vld/pgflt/acc_err,negative protocol checker,需新增 negative suite,negative protocol checker; assertion 或 error-handling 触发，未定义 payload 不比较,P1,,doc/l2tlb_uvm_audit/L2TLB_TRISTAN_IP_Hardware_tp_V1.xlsx; doc/l2tlb_uvm_audit/L2TLB_UVM_Phase6_BuildPlan.md; doc/l2tlb_uvm_audit/progress.md,Planned,L2TLB-Audit-Phase6,doc/l2tlb_uvm_audit/progress.md; doc/l2tlb_uvm_audit/L2TLB_UVM_Phase6_Progress.md,Non-function-description audit import; Phase6G default scanner expected STATUS=PASS PASS=26 OPEN=0 FAIL=0 TOTAL=26.
L2TLB-TP-IMPORT-L2TLB_TP_028,PFU,L2TLB_TP_028,PFU,L2TLB_TP_028,MMU off PFU 走 direct/sysmap/PMP 路径，不做普通 L2 lookup,MMU off PFU 走 direct/sysmap/PMP 路径，不做普通 L2 lookup,`mmu_lsu_pa2` direct，sec/share/err 来自 sysmap/PMP 规则,`l1dtlb_xx_mmu_off=1`，`lsu_mmu_va2_vld`,Black-box functional,PFU source；MMU off,PFU source；MMU off,PFU direct path checker,需新增 PFU directed,PFU direct path checker; `mmu_lsu_pa2` direct，sec/share/err 来自 sysmap/PMP 规则,P0,,doc/l2tlb_uvm_audit/L2TLB_TRISTAN_IP_Hardware_tp_V1.xlsx; doc/l2tlb_uvm_audit/L2TLB_UVM_Phase6_BuildPlan.md; doc/l2tlb_uvm_audit/progress.md,Planned,L2TLB-Audit-Phase6,doc/l2tlb_uvm_audit/progress.md; doc/l2tlb_uvm_audit/L2TLB_UVM_Phase6_Progress.md,Non-function-description audit import; Phase6G default scanner expected STATUS=PASS PASS=26 OPEN=0 FAIL=0 TOTAL=26.
L2TLB-TP-IMPORT-L2TLB_TP_029,PFU,L2TLB_TP_029,PFU,L2TLB_TP_029,MMU on PFU L2 hit 后做 flag、privilege、MXR/SUM/MPRV/MPP、MAEE、PMP/sysmap 检查,MMU on PFU L2 hit 后做 flag、privilege、MXR/SUM/MPRV/MPP、MAEE、PMP/sysmap 检查,`pa2_vld/pa2_err/sec/share` 符合 PFU 规则,PFU request 命中 L2 entry,Black-box functional,PFU L2 hit；permission pass,PFU L2 hit；permission pass,PFU hit path checker,需新增 PFU L2-hit directed,PFU hit path checker; `pa2_vld/pa2_err/sec/share` 符合 PFU 规则,P0,,doc/l2tlb_uvm_audit/L2TLB_TRISTAN_IP_Hardware_tp_V1.xlsx; doc/l2tlb_uvm_audit/L2TLB_UVM_Phase6_BuildPlan.md; doc/l2tlb_uvm_audit/progress.md,Planned,L2TLB-Audit-Phase6,doc/l2tlb_uvm_audit/progress.md; doc/l2tlb_uvm_audit/L2TLB_UVM_Phase6_Progress.md,Non-function-description audit import; Phase6G default scanner expected STATUS=PASS PASS=26 OPEN=0 FAIL=0 TOTAL=26.
L2TLB-TP-IMPORT-L2TLB_TP_030,PFU,L2TLB_TP_030,PFU,L2TLB_TP_030,PFU miss 后 PTW data completion 使用 PTW 结果完成 PFU，不做二次 L2 lookup,PFU miss 后 PTW data completion 使用 PTW 结果完成 PFU，不做二次 L2 lookup,PFU final response 与 PTW result 对齐,PFU miss，PTW 返回 data_vld,Black-box functional,PFU miss；PTW data_vld,PFU miss；PTW data_vld,PFU PTW path checker,需新增 PFU PTW directed,PFU PTW path checker; PFU final response 与 PTW result 对齐,P0,,doc/l2tlb_uvm_audit/L2TLB_TRISTAN_IP_Hardware_tp_V1.xlsx; doc/l2tlb_uvm_audit/L2TLB_UVM_Phase6_BuildPlan.md; doc/l2tlb_uvm_audit/progress.md,Planned,L2TLB-Audit-Phase6,doc/l2tlb_uvm_audit/progress.md; doc/l2tlb_uvm_audit/L2TLB_UVM_Phase6_Progress.md,Non-function-description audit import; Phase6G default scanner expected STATUS=PASS PASS=26 OPEN=0 FAIL=0 TOTAL=26.
L2TLB-TP-IMPORT-L2TLB_TP_031,PFU,L2TLB_TP_031,PFU,L2TLB_TP_031,PFU flag fault 产生 error completion，error 时 PA/sec/share 不作为比较对象,PFU flag fault 产生 error completion，error 时 PA/sec/share 不作为比较对象,`mmu_lsu_pa2_vld=1` 且 `pa2_err=1`,构造 flag 不满足 PFU 权限,Black-box functional,PFU flag fault,PFU flag fault,PFU error classifier,需新增 PFU fault directed,PFU error classifier; `mmu_lsu_pa2_vld=1` 且 `pa2_err=1`,P0,,doc/l2tlb_uvm_audit/L2TLB_TRISTAN_IP_Hardware_tp_V1.xlsx; doc/l2tlb_uvm_audit/L2TLB_UVM_Phase6_BuildPlan.md; doc/l2tlb_uvm_audit/progress.md,Planned,L2TLB-Audit-Phase6,doc/l2tlb_uvm_audit/progress.md; doc/l2tlb_uvm_audit/L2TLB_UVM_Phase6_Progress.md,Non-function-description audit import; Phase6G default scanner expected STATUS=PASS PASS=26 OPEN=0 FAIL=0 TOTAL=26.
L2TLB-TP-IMPORT-L2TLB_TP_032,PFU,L2TLB_TP_032,PFU,L2TLB_TP_032,PMP 或 sysmap deny/fault 使 PFU 返回 error，不污染成功 payload 检查,PMP 或 sysmap deny/fault 使 PFU 返回 error，不污染成功 payload 检查,`pa2_err=1`，deny 类型可分类,PMP/sysmap 返回 deny/fault,Black-box functional,PFU PMP deny；PFU sysmap deny,PFU PMP deny；PFU sysmap deny,PMP/sysmap deny checker,需新增 PFU PMP/sysmap directed,PMP/sysmap deny checker; `pa2_err=1`，deny 类型可分类,P0,,doc/l2tlb_uvm_audit/L2TLB_TRISTAN_IP_Hardware_tp_V1.xlsx; doc/l2tlb_uvm_audit/L2TLB_UVM_Phase6_BuildPlan.md; doc/l2tlb_uvm_audit/progress.md,Planned,L2TLB-Audit-Phase6,doc/l2tlb_uvm_audit/progress.md; doc/l2tlb_uvm_audit/L2TLB_UVM_Phase6_Progress.md,Non-function-description audit import; Phase6G default scanner expected STATUS=PASS PASS=26 OPEN=0 FAIL=0 TOTAL=26.
L2TLB-TP-IMPORT-L2TLB_TP_033,PFU,L2TLB_TP_033,PFU,L2TLB_TP_033,PFU error 时只检查 valid/error 与分类，忽略 PA/sec/share payload 值,PFU error 时只检查 valid/error 与分类，忽略 PA/sec/share payload 值,不因 error payload 随机值误报 mismatch,PFU flag fault、PTW fault、PMP/sysmap deny,Black-box functional,PFU error payload bins,PFU error payload bins,payload ignore checker,需新增 scoreboard rule,payload ignore checker; 不因 error payload 随机值误报 mismatch,P0,,doc/l2tlb_uvm_audit/L2TLB_TRISTAN_IP_Hardware_tp_V1.xlsx; doc/l2tlb_uvm_audit/L2TLB_UVM_Phase6_BuildPlan.md; doc/l2tlb_uvm_audit/progress.md,Planned,L2TLB-Audit-Phase6,doc/l2tlb_uvm_audit/progress.md; doc/l2tlb_uvm_audit/L2TLB_UVM_Phase6_Progress.md,Non-function-description audit import; Phase6G default scanner expected STATUS=PASS PASS=26 OPEN=0 FAIL=0 TOTAL=26.
L2TLB-TP-IMPORT-L2TLB_TP_034,TLB operation,L2TLB_TP_034,TLB operation,L2TLB_TP_034,TLBP 对 valid、invalid、multi-hit、page-size 条件返回 probe 结果,TLBP 对 valid、invalid、multi-hit、page-size 条件返回 probe 结果,`l2tlb_tlboper_va_hit/sel` 与预期一致,CP0/CSR TLBP request,Black-box functional,TLBP source；hit/miss/multi-hit,TLBP source；hit/miss/multi-hit,TLBP scoreboard,TLBOP wrapper 需新增或加强,TLBP scoreboard; `l2tlb_tlboper_va_hit/sel` 与预期一致,P0,,doc/l2tlb_uvm_audit/L2TLB_TRISTAN_IP_Hardware_tp_V1.xlsx; doc/l2tlb_uvm_audit/L2TLB_UVM_Phase6_BuildPlan.md; doc/l2tlb_uvm_audit/progress.md,Planned,L2TLB-Audit-Phase6,doc/l2tlb_uvm_audit/progress.md; doc/l2tlb_uvm_audit/L2TLB_UVM_Phase6_Progress.md,Non-function-description audit import; Phase6G default scanner expected STATUS=PASS PASS=26 OPEN=0 FAIL=0 TOTAL=26.
L2TLB-TP-IMPORT-L2TLB_TP_035,TLB operation,L2TLB_TP_035,TLB operation,L2TLB_TP_035,TLBR 按 index/way 读出 raw tag/data fields，invalid 也可读 raw 状态,TLBR 按 index/way 读出 raw tag/data fields，invalid 也可读 raw 状态,readback fields 与 shadow 对齐,CP0/CSR TLBR request,Black-box functional,TLBR source；valid/invalid,TLBR source；valid/invalid,TLBR raw read checker,TLBOP wrapper 需新增或加强,TLBR raw read checker; readback fields 与 shadow 对齐,P0,,doc/l2tlb_uvm_audit/L2TLB_TRISTAN_IP_Hardware_tp_V1.xlsx; doc/l2tlb_uvm_audit/L2TLB_UVM_Phase6_BuildPlan.md; doc/l2tlb_uvm_audit/progress.md,Planned,L2TLB-Audit-Phase6,doc/l2tlb_uvm_audit/progress.md; doc/l2tlb_uvm_audit/L2TLB_UVM_Phase6_Progress.md,Non-function-description audit import; Phase6G default scanner expected STATUS=PASS PASS=26 OPEN=0 FAIL=0 TOTAL=26.
L2TLB-TP-IMPORT-L2TLB_TP_036,TLB operation,L2TLB_TP_036,TLB operation,L2TLB_TP_036,TLBWI 按指定 index/way 写 valid 或 invalid entry，后续 lookup/TLBP 观察自然结果,TLBWI 按指定 index/way 写 valid 或 invalid entry，后续 lookup/TLBP 观察自然结果,tag/data 更新，L1/uTLB clear side effect 合法,CP0/CSR TLBWI request,Black-box functional,TLBWI source；valid/invalid；illegal pgs natural behavior,TLBWI source；valid/invalid；illegal pgs natural behavior,TLBWI shadow update checker,TLBOP write wrapper 需新增,TLBWI shadow update checker; tag/data 更新，L1/uTLB clear side effect 合法,P0,,doc/l2tlb_uvm_audit/L2TLB_TRISTAN_IP_Hardware_tp_V1.xlsx; doc/l2tlb_uvm_audit/L2TLB_UVM_Phase6_BuildPlan.md; doc/l2tlb_uvm_audit/progress.md,Planned,L2TLB-Audit-Phase6,doc/l2tlb_uvm_audit/progress.md; doc/l2tlb_uvm_audit/L2TLB_UVM_Phase6_Progress.md,Non-function-description audit import; Phase6G default scanner expected STATUS=PASS PASS=26 OPEN=0 FAIL=0 TOTAL=26.
L2TLB-TP-IMPORT-L2TLB_TP_037,TLB operation,L2TLB_TP_037,TLB operation,L2TLB_TP_037,TLBWR 使用 DUT replacement 写入后，只检查功能可见结果，不比较 exact victim,TLBWR 使用 DUT replacement 写入后，只检查功能可见结果，不比较 exact victim,后续 lookup/TLBP/TLBR 能观察写入或合法替换结果,CP0/CSR TLBWR request,Black-box functional,TLBWR source；free-way pressure；max-RRPV pressure,TLBWR source；free-way pressure；max-RRPV pressure,functional result checker,RRPV victim wrapper 需重分类,functional result checker; 后续 lookup/TLBP/TLBR 能观察写入或合法替换结果,P0,,doc/l2tlb_uvm_audit/L2TLB_TRISTAN_IP_Hardware_tp_V1.xlsx; doc/l2tlb_uvm_audit/L2TLB_UVM_Phase6_BuildPlan.md; doc/l2tlb_uvm_audit/progress.md,Planned,L2TLB-Audit-Phase6,doc/l2tlb_uvm_audit/progress.md; doc/l2tlb_uvm_audit/L2TLB_UVM_Phase6_Progress.md,Non-function-description audit import; Phase6G default scanner expected STATUS=PASS PASS=26 OPEN=0 FAIL=0 TOTAL=26.
L2TLB-TP-IMPORT-L2TLB_TP_038,TLB operation,L2TLB_TP_038,TLB operation,L2TLB_TP_038,INVVA_ALL 按 VA/page size 失效，不要求 ASID match，global 和 non-global 都可被清,INVVA_ALL 按 VA/page size 失效，不要求 ASID match，global 和 non-global 都可被清,matching VA entries invalid，non-matching 保留,CP0/CSR INVVA_ALL request,Black-box functional,INVVA_ALL source；ASID mismatch；global,INVVA_ALL source；ASID mismatch；global,invalidate shadow checker,`test_mmu_dir_l2tlb_inv_va` 粗映射,invalidate shadow checker; matching VA entries invalid，non-matching 保留,P0,,doc/l2tlb_uvm_audit/L2TLB_TRISTAN_IP_Hardware_tp_V1.xlsx; doc/l2tlb_uvm_audit/L2TLB_UVM_Phase6_BuildPlan.md; doc/l2tlb_uvm_audit/progress.md,Planned,L2TLB-Audit-Phase6,doc/l2tlb_uvm_audit/progress.md; doc/l2tlb_uvm_audit/L2TLB_UVM_Phase6_Progress.md,Non-function-description audit import; Phase6G default scanner expected STATUS=PASS PASS=26 OPEN=0 FAIL=0 TOTAL=26.
L2TLB-TP-IMPORT-L2TLB_TP_039,TLB operation,L2TLB_TP_039,TLB operation,L2TLB_TP_039,INVASID 扫描所有 set，只清 matching ASID 的 non-global entry，global 保留,INVASID 扫描所有 set，只清 matching ASID 的 non-global entry，global 保留,target ASID non-global invalid，global remains,CP0/CSR INVASID request,Black-box functional,INVASID source；hit set；no-hit set,INVASID source；hit set；no-hit set,invalidate shadow checker,`test_mmu_dir_l2tlb_inv_asid` 粗映射,invalidate shadow checker; target ASID non-global invalid，global remains,P0,,doc/l2tlb_uvm_audit/L2TLB_TRISTAN_IP_Hardware_tp_V1.xlsx; doc/l2tlb_uvm_audit/L2TLB_UVM_Phase6_BuildPlan.md; doc/l2tlb_uvm_audit/progress.md,Planned,L2TLB-Audit-Phase6,doc/l2tlb_uvm_audit/progress.md; doc/l2tlb_uvm_audit/L2TLB_UVM_Phase6_Progress.md,Non-function-description audit import; Phase6G default scanner expected STATUS=PASS PASS=26 OPEN=0 FAIL=0 TOTAL=26.
L2TLB-TP-IMPORT-L2TLB_TP_040,TLB operation,L2TLB_TP_040,TLB operation,L2TLB_TP_040,INVVA_ASID 清目标 ASID non-global 和同 VA global entry,INVVA_ASID 清目标 ASID non-global 和同 VA global entry,matching entries invalid，其他 ASID non-global 保留,CP0/CSR INVVA_ASID request,Black-box functional,INVVA_ASID source；global clear,INVVA_ASID source；global clear,invalidate shadow checker,`test_mmu_dir_l2tlb_inv_va_asid` 粗映射,invalidate shadow checker; matching entries invalid，其他 ASID non-global 保留,P0,,doc/l2tlb_uvm_audit/L2TLB_TRISTAN_IP_Hardware_tp_V1.xlsx; doc/l2tlb_uvm_audit/L2TLB_UVM_Phase6_BuildPlan.md; doc/l2tlb_uvm_audit/progress.md,Planned,L2TLB-Audit-Phase6,doc/l2tlb_uvm_audit/progress.md; doc/l2tlb_uvm_audit/L2TLB_UVM_Phase6_Progress.md,Non-function-description audit import; Phase6G default scanner expected STATUS=PASS PASS=26 OPEN=0 FAIL=0 TOTAL=26.
L2TLB-TP-IMPORT-L2TLB_TP_041,TLB operation,L2TLB_TP_041,TLB operation,L2TLB_TP_041,INVALL 扫描全部 set/way 清 valid tag，并清理 L1/uTLB 与 outstanding PTW/MB side effect,INVALL 扫描全部 set/way 清 valid tag，并清理 L1/uTLB 与 outstanding PTW/MB side effect,L2 all-invalid，done after scan，相关 abort/clear 生效,CP0/CSR INVALL request,Black-box functional,INVALL source；all set scan；abort side effect,INVALL source；all set scan；abort side effect,all-invalid checker；scan progress monitor,`test_mmu_dir_l2tlb_inv_all` 粗映射,all-invalid checker；scan progress monitor; L2 all-invalid，done after scan，相关 abort/clear 生效,P0,,doc/l2tlb_uvm_audit/L2TLB_TRISTAN_IP_Hardware_tp_V1.xlsx; doc/l2tlb_uvm_audit/L2TLB_UVM_Phase6_BuildPlan.md; doc/l2tlb_uvm_audit/progress.md,Planned,L2TLB-Audit-Phase6,doc/l2tlb_uvm_audit/progress.md; doc/l2tlb_uvm_audit/L2TLB_UVM_Phase6_Progress.md,Non-function-description audit import; Phase6G default scanner expected STATUS=PASS PASS=26 OPEN=0 FAIL=0 TOTAL=26.
L2TLB-TP-IMPORT-L2TLB_TP_042,TLB operation,L2TLB_TP_042,TLB operation,L2TLB_TP_042,TLBOP request、grant、pipeline cmplt、source done 不得 early、missing 或 duplicate,TLBOP request、grant、pipeline cmplt、source done 不得 early、missing 或 duplicate,done 与 operation lifecycle 一一对应,TLBP/TLBR/TLBWI/TLBWR/INV* directed,White-box monitor/coverage,all TLBOP types；done latency bins,all TLBOP types；done latency bins,TLBOP ordering checker,TLBOP wrapper 需统一 metadata,TLBOP ordering checker; done 与 operation lifecycle 一一对应,P0,,doc/l2tlb_uvm_audit/L2TLB_TRISTAN_IP_Hardware_tp_V1.xlsx; doc/l2tlb_uvm_audit/L2TLB_UVM_Phase6_BuildPlan.md; doc/l2tlb_uvm_audit/progress.md,Planned,L2TLB-Audit-Phase6,doc/l2tlb_uvm_audit/progress.md; doc/l2tlb_uvm_audit/L2TLB_UVM_Phase6_Progress.md,Non-function-description audit import; Phase6G default scanner expected STATUS=PASS PASS=26 OPEN=0 FAIL=0 TOTAL=26.
L2TLB-TP-IMPORT-L2TLB_TP_043,TLB operation,L2TLB_TP_043,TLB operation,L2TLB_TP_043,TLBOP 执行中 reset 时 pending 操作清空，reset 后模型 all-invalid,TLBOP 执行中 reset 时 pending 操作清空，reset 后模型 all-invalid,无旧 done 被消费，新请求正常,TLBOP scan/write 中拉 reset,Black-box functional,reset during TLBP/TLBWI/INVALL,reset during TLBP/TLBWI/INVALL,reset plus TLBOP checker,需新增 TLBOP reset directed,reset plus TLBOP checker; 无旧 done 被消费，新请求正常,P0,,doc/l2tlb_uvm_audit/L2TLB_TRISTAN_IP_Hardware_tp_V1.xlsx; doc/l2tlb_uvm_audit/L2TLB_UVM_Phase6_BuildPlan.md; doc/l2tlb_uvm_audit/progress.md,Planned,L2TLB-Audit-Phase6,doc/l2tlb_uvm_audit/progress.md; doc/l2tlb_uvm_audit/L2TLB_UVM_Phase6_Progress.md,Non-function-description audit import; Phase6G default scanner expected STATUS=PASS PASS=26 OPEN=0 FAIL=0 TOTAL=26.
L2TLB-TP-IMPORT-L2TLB_TP_044,abort,L2TLB_TP_044,abort,L2TLB_TP_044,`tlboper_ptw_abort` 清理或重发受影响 MB/PTW，stale completion 不写回旧 translation,`tlboper_ptw_abort` 清理或重发受影响 MB/PTW，stale completion 不写回旧 translation,stale PTW completion ignored，合法 reissue/drain,outstanding PTW/MB 期间触发 invalidate abort,Black-box functional,abort sent MB；abort unsent MB；late completion,abort sent MB；abort unsent MB；late completion,stale completion checker,MB/INV wrapper 需加强,stale completion checker; stale PTW completion ignored，合法 reissue/drain,P0,,doc/l2tlb_uvm_audit/L2TLB_TRISTAN_IP_Hardware_tp_V1.xlsx; doc/l2tlb_uvm_audit/L2TLB_UVM_Phase6_BuildPlan.md; doc/l2tlb_uvm_audit/progress.md,Planned,L2TLB-Audit-Phase6,doc/l2tlb_uvm_audit/progress.md; doc/l2tlb_uvm_audit/L2TLB_UVM_Phase6_Progress.md,Non-function-description audit import; Phase6G default scanner expected STATUS=PASS PASS=26 OPEN=0 FAIL=0 TOTAL=26.
L2TLB-TP-IMPORT-L2TLB_TP_045,RRPV SRAM,L2TLB_TP_045,RRPV SRAM,L2TLB_TP_045,PTW refill、TLBWI/TLBWR 写有效 entry 时 RRPV 初始化行为可观察，但 v1 不以 exact 值做 pass/fail,PTW refill、TLBWI/TLBWR 写有效 entry 时 RRPV 初始化行为可观察，但 v1 不以 exact 值做 pass/fail,功能可见 lookup 正确，RRPV sample 进入 debug coverage,refill/write 压力场景,White-box monitor/coverage,refill init；TLBWI/TLBWR init,refill init；TLBWI/TLBWR init,functional checker；debug RRPV sampler,`test_mmu_dir_rrpv_init_*` 需重分类,functional checker；debug RRPV sampler; 功能可见 lookup 正确，RRPV sample 进入 debug coverage,P1,,doc/l2tlb_uvm_audit/L2TLB_TRISTAN_IP_Hardware_tp_V1.xlsx; doc/l2tlb_uvm_audit/L2TLB_UVM_Phase6_BuildPlan.md; doc/l2tlb_uvm_audit/progress.md,Planned,L2TLB-Audit-Phase6,doc/l2tlb_uvm_audit/progress.md; doc/l2tlb_uvm_audit/L2TLB_UVM_Phase6_Progress.md,Non-function-description audit import; Phase6G default scanner expected STATUS=PASS PASS=26 OPEN=0 FAIL=0 TOTAL=26.
L2TLB-TP-IMPORT-L2TLB_TP_046,RRPV wbuf,L2TLB_TP_046,RRPV wbuf,L2TLB_TP_046,hit aging 与 refill 压力下 wbuf 不 overflow，full 时不得错误 grant 新 RRPV 更新,hit aging 与 refill 压力下 wbuf 不 overflow，full 时不得错误 grant 新 RRPV 更新,no overflow，full stall 行为可分类,high hit/refill pressure,White-box monitor/coverage,wbuf full stall；hit promote pressure,wbuf full stall；hit promote pressure,wbuf no-overflow checker,`test_mmu_rand_rrpv_wbuf_no_overflow` 粗映射,wbuf no-overflow checker; no overflow，full stall 行为可分类,P1,,doc/l2tlb_uvm_audit/L2TLB_TRISTAN_IP_Hardware_tp_V1.xlsx; doc/l2tlb_uvm_audit/L2TLB_UVM_Phase6_BuildPlan.md; doc/l2tlb_uvm_audit/progress.md,Planned,L2TLB-Audit-Phase6,doc/l2tlb_uvm_audit/progress.md; doc/l2tlb_uvm_audit/L2TLB_UVM_Phase6_Progress.md,Non-function-description audit import; Phase6G default scanner expected STATUS=PASS PASS=26 OPEN=0 FAIL=0 TOTAL=26.
L2TLB-TP-IMPORT-L2TLB_TP_047,replacement,L2TLB_TP_047,replacement,L2TLB_TP_047,victim/free-way/max-RRPV 行为 v1 只看写入后的功能结果，exact victim 留到 future 专项,victim/free-way/max-RRPV 行为 v1 只看写入后的功能结果，exact victim 留到 future 专项,后续 lookup/TLBP/TLBR/invalidate 功能结果可解释,free-way 与 max-RRPV 压力,White-box monitor/coverage,replacement pressure；future exact victim bins,replacement pressure；future exact victim bins,functional visible checker,`test_mmu_dir_rrpv_victim_*` 需重分类,functional visible checker; 后续 lookup/TLBP/TLBR/invalidate 功能结果可解释,P2,,doc/l2tlb_uvm_audit/L2TLB_TRISTAN_IP_Hardware_tp_V1.xlsx; doc/l2tlb_uvm_audit/L2TLB_UVM_Phase6_BuildPlan.md; doc/l2tlb_uvm_audit/progress.md,Planned,L2TLB-Audit-Phase6,doc/l2tlb_uvm_audit/progress.md; doc/l2tlb_uvm_audit/L2TLB_UVM_Phase6_Progress.md,Non-function-description audit import; Phase6G default scanner expected STATUS=PASS PASS=26 OPEN=0 FAIL=0 TOTAL=26.
L2TLB-TP-IMPORT-L2TLB_TP_048,illegal input,L2TLB_TP_048,illegal input,L2TLB_TP_048,非法 access type、协议非法 page size、bad completion ID、credit overflow 不进入普通功能测试,非法 access type、协议非法 page size、bad completion ID、credit overflow 不进入普通功能测试,assertion 或 error-handling 触发，功能结果不比较,isolated negative injection,Negative assertion,bad type；bad pgs；bad ID；credit overflow,bad type；bad pgs；bad ID；credit overflow,negative checker,需新增 negative suite,negative checker; assertion 或 error-handling 触发，功能结果不比较,P1,,doc/l2tlb_uvm_audit/L2TLB_TRISTAN_IP_Hardware_tp_V1.xlsx; doc/l2tlb_uvm_audit/L2TLB_UVM_Phase6_BuildPlan.md; doc/l2tlb_uvm_audit/progress.md,Planned,L2TLB-Audit-Phase6,doc/l2tlb_uvm_audit/progress.md; doc/l2tlb_uvm_audit/L2TLB_UVM_Phase6_Progress.md,Non-function-description audit import; Phase6G default scanner expected STATUS=PASS PASS=26 OPEN=0 FAIL=0 TOTAL=26.
L2TLB-TP-IMPORT-L2TLB_TP_049,timeout/fairness,L2TLB_TP_049,timeout/fairness,L2TLB_TP_049,PTW ready wait、MB retry、TLBOP scan、wbuf stall 的 timeout 区分 TB fairness 与 DUT progress,PTW ready wait、MB retry、TLBOP scan、wbuf stall 的 timeout 区分 TB fairness 与 DUT progress,fairness 满足后 eventually complete，否则分类报错,backpressure 后 release 的 directed 场景,Black-box functional,PTW wait；MB retry；TLBOP scan；wbuf stall,PTW wait；MB retry；TLBOP scan；wbuf stall,timeout classifier,需新增 scoreboard policy,timeout classifier; fairness 满足后 eventually complete，否则分类报错,P0,,doc/l2tlb_uvm_audit/L2TLB_TRISTAN_IP_Hardware_tp_V1.xlsx; doc/l2tlb_uvm_audit/L2TLB_UVM_Phase6_BuildPlan.md; doc/l2tlb_uvm_audit/progress.md,Planned,L2TLB-Audit-Phase6,doc/l2tlb_uvm_audit/progress.md; doc/l2tlb_uvm_audit/L2TLB_UVM_Phase6_Progress.md,Non-function-description audit import; Phase6G default scanner expected STATUS=PASS PASS=26 OPEN=0 FAIL=0 TOTAL=26.
L2TLB-TP-IMPORT-L2TLB_TP_050,coverage closure,L2TLB_TP_050,coverage closure,L2TLB_TP_050,source、result、page-size、ASID/global、control/reset/abort 覆盖矩阵收口或 waiver,source、result、page-size、ASID/global、control/reset/abort 覆盖矩阵收口或 waiver,coverage report 与 waiver 对齐,audit regression list,White-box monitor/coverage,all required source/result bins,all required source/result bins,traceability matrix checker,`l2tlb_tests` audit run list 需建立,traceability matrix checker; coverage report 与 waiver 对齐,P0,,doc/l2tlb_uvm_audit/L2TLB_TRISTAN_IP_Hardware_tp_V1.xlsx; doc/l2tlb_uvm_audit/L2TLB_UVM_Phase6_BuildPlan.md; doc/l2tlb_uvm_audit/progress.md,Planned,L2TLB-Audit-Phase6,doc/l2tlb_uvm_audit/progress.md; doc/l2tlb_uvm_audit/L2TLB_UVM_Phase6_Progress.md,Non-function-description audit import; Phase6G default scanner expected STATUS=PASS PASS=26 OPEN=0 FAIL=0 TOTAL=26.
L2TLB-TP-IMPORT-L2TLB_TP_051,arbiter/PTW refill,L2TLB_TP_051,arbiter/PTW refill,L2TLB_TP_051,PTW read grant 后 `ptw_on` 阻塞非 PTW write 请求，直到 PTW write 被接收后释放,PTW read grant 后 `ptw_on` 阻塞非 PTW write 请求，直到 PTW write 被接收后释放,`ptw_on=1` 窗口内只有对应 PTW write 可获 grant，释放后其他 source 可继续,PTW refill read/write 与 ReqQ/PFU/TLBOP 同时竞争,White-box monitor/coverage,ptw_on stall；PTW read-to-write sequence,ptw_on stall；PTW read-to-write sequence,ptw_on exclusion checker；grant sequence checker,`test_mmu_dir_l2tlb_bank_write_conflict_ptw_prior` 需加强,ptw_on exclusion checker；grant sequence checker; `ptw_on=1` 窗口内只有对应 PTW write 可获 grant，释放后其他 source 可继续,P0,,doc/l2tlb_uvm_audit/L2TLB_TRISTAN_IP_Hardware_tp_V1.xlsx; doc/l2tlb_uvm_audit/L2TLB_UVM_Phase6_BuildPlan.md; doc/l2tlb_uvm_audit/progress.md,Planned,L2TLB-Audit-Phase6,doc/l2tlb_uvm_audit/progress.md; doc/l2tlb_uvm_audit/L2TLB_UVM_Phase6_Progress.md,Non-function-description audit import; Phase6G default scanner expected STATUS=PASS PASS=26 OPEN=0 FAIL=0 TOTAL=26.
L2TLB-TP-IMPORT-L2TLB_TP_052,arbiter/TLBOP,L2TLB_TP_052,arbiter/TLBOP,L2TLB_TP_052,TLBOP 获 grant 后 `tlboper_on` 阻塞 ReqQ/PFU/PTW read，直到 tlb operation done,TLBOP 获 grant 后 `tlboper_on` 阻塞 ReqQ/PFU/PTW read，直到 tlb operation done,`tlboper_on=1` 窗口内不 grant 非 TLBOP 请求，done 后恢复,扫描类 INVALL/INVASID 与普通 lookup/PTW/PFU 竞争,White-box monitor/coverage,tlboper_on stall；scan done release,tlboper_on stall；scan done release,tlboper_on exclusion checker；done release checker,`test_mmu_dir_l2tlb_bank_write_conflict_tlbop_prior` 需加强,tlboper_on exclusion checker；done release checker; `tlboper_on=1` 窗口内不 grant 非 TLBOP 请求，done 后恢复,P0,,doc/l2tlb_uvm_audit/L2TLB_TRISTAN_IP_Hardware_tp_V1.xlsx; doc/l2tlb_uvm_audit/L2TLB_UVM_Phase6_BuildPlan.md; doc/l2tlb_uvm_audit/progress.md,Planned,L2TLB-Audit-Phase6,doc/l2tlb_uvm_audit/progress.md; doc/l2tlb_uvm_audit/L2TLB_UVM_Phase6_Progress.md,Non-function-description audit import; Phase6G default scanner expected STATUS=PASS PASS=26 OPEN=0 FAIL=0 TOTAL=26.
L2TLB-TP-IMPORT-L2TLB_TP_053,PFU/arbiter,L2TLB_TP_053,PFU/arbiter,L2TLB_TP_053,MMU-on PFU request 获 grant 后 `prefetch_mask` 阻止同一持续 `lsu_mmu_va2_vld` 重复获 grant，直到 response 或 MB-full replay 边界,MMU-on PFU request 获 grant 后 `prefetch_mask` 阻止同一持续 `lsu_mmu_va2_vld` 重复获 grant，直到 response 或 MB-full replay 边界,每笔 PFU 只接受一次；mask 在 `pa2_vld/pa2_err` 或 retry 条件后释放,PFU request 保持 valid，构造 hit、fault、MB full retry 三类结果,Black-box functional,prefetch_mask hit release；error release；retry release,prefetch_mask hit release；error release；retry release,PFU accept counter；prefetch_mask release checker,需新增 PFU mask directed,PFU accept counter；prefetch_mask release checker; 每笔 PFU 只接受一次；mask 在 `pa2_vld/pa2_err` 或 retry 条件后释放,P0,,doc/l2tlb_uvm_audit/L2TLB_TRISTAN_IP_Hardware_tp_V1.xlsx; doc/l2tlb_uvm_audit/L2TLB_UVM_Phase6_BuildPlan.md; doc/l2tlb_uvm_audit/progress.md,Planned,L2TLB-Audit-Phase6,doc/l2tlb_uvm_audit/progress.md; doc/l2tlb_uvm_audit/L2TLB_UVM_Phase6_Progress.md,Non-function-description audit import; Phase6G default scanner expected STATUS=PASS PASS=26 OPEN=0 FAIL=0 TOTAL=26.
L2TLB-TP-IMPORT-L2TLB_TP_054,arbiter/index,L2TLB_TP_054,arbiter/index,L2TLB_TP_054,VA[31:30] selector 与 page size 组合生成正确 skew index 和候选 bank mask,VA[31:30] selector 与 page size 组合生成正确 skew index 和候选 bank mask,lookup 访问 all-bank；PTW read 的 `arb_l2tlb_bank_sel` 符合 mask_bank_sel 表,构造 4 个 selector x 3 个 page size 的 lookup/PTW refill read,White-box monitor/coverage,selector 00/01/10/11 x 4KB/2MB/1GB,selector 00/01/10/11 x 4KB/2MB/1GB,index/bank mask sampler；hash/index consistency checker,`test_mmu_dir_l2tlb_bank_skew_distribution` 粗映射,index/bank mask sampler；hash/index consistency checker; lookup 访问 all-bank；PTW read 的 `arb_l2tlb_bank_sel` 符合 mask_bank_sel 表,P1,,doc/l2tlb_uvm_audit/L2TLB_TRISTAN_IP_Hardware_tp_V1.xlsx; doc/l2tlb_uvm_audit/L2TLB_UVM_Phase6_BuildPlan.md; doc/l2tlb_uvm_audit/progress.md,Planned,L2TLB-Audit-Phase6,doc/l2tlb_uvm_audit/progress.md; doc/l2tlb_uvm_audit/L2TLB_UVM_Phase6_Progress.md,Non-function-description audit import; Phase6G default scanner expected STATUS=PASS PASS=26 OPEN=0 FAIL=0 TOTAL=26.
L2TLB-TP-IMPORT-L2TLB_TP_055,miss buffer,L2TLB_TP_055,miss buffer,L2TLB_TP_055,MB full 判断按 source 分区：ITLB 只看 entry0，DTLB/PFU 只看 entry1-entry8,MB full 判断按 source 分区：ITLB 只看 entry0，DTLB/PFU 只看 entry1-entry8,ITLB 不借用 1..8；DTLB/PFU 不借用 entry0；可用分区内仍能分配,分别填满 entry0 或 entry1-entry8 后发 ITLB/DTLB/PFU miss,Black-box functional,ITLB full；DTLB/PFU full；cross-partition non-blocking,ITLB full；DTLB/PFU full；cross-partition non-blocking,MB partition checker,`test_mmu_dir_l2tlb_mb_full_stall` 需拆分加强,MB partition checker; ITLB 不借用 1..8；DTLB/PFU 不借用 entry0；可用分区内仍能分配,P0,,doc/l2tlb_uvm_audit/L2TLB_TRISTAN_IP_Hardware_tp_V1.xlsx; doc/l2tlb_uvm_audit/L2TLB_UVM_Phase6_BuildPlan.md; doc/l2tlb_uvm_audit/progress.md,Planned,L2TLB-Audit-Phase6,doc/l2tlb_uvm_audit/progress.md; doc/l2tlb_uvm_audit/L2TLB_UVM_Phase6_Progress.md,Non-function-description audit import; Phase6G default scanner expected STATUS=PASS PASS=26 OPEN=0 FAIL=0 TOTAL=26.
L2TLB-TP-IMPORT-L2TLB_TP_056,PTW interface,L2TLB_TP_056,PTW interface,L2TLB_TP_056,多个 sent MB entry 的 PTW completion 可乱序返回，必须只按 composite ID 释放和归属,多个 sent MB entry 的 PTW completion 可乱序返回，必须只按 composite ID 释放和归属,对应 MB entry 释放，原始 L1/PFU ownership 正确，不依赖 issue 顺序,issue 多个 ITLB/DTLB/PFU miss 后乱序返回 completion,Black-box functional,out-of-order data_vld；fault；mixed type,out-of-order data_vld；fault；mixed type,PTW ID scoreboard；out-of-order completion checker,PTW tests 粗映射，L2 directed 需新增,PTW ID scoreboard；out-of-order completion checker; 对应 MB entry 释放，原始 L1/PFU ownership 正确，不依赖 issue 顺序,P0,,doc/l2tlb_uvm_audit/L2TLB_TRISTAN_IP_Hardware_tp_V1.xlsx; doc/l2tlb_uvm_audit/L2TLB_UVM_Phase6_BuildPlan.md; doc/l2tlb_uvm_audit/progress.md,Planned,L2TLB-Audit-Phase6,doc/l2tlb_uvm_audit/progress.md; doc/l2tlb_uvm_audit/L2TLB_UVM_Phase6_Progress.md,Non-function-description audit import; Phase6G default scanner expected STATUS=PASS PASS=26 OPEN=0 FAIL=0 TOTAL=26.
L2TLB-TP-IMPORT-L2TLB_TP_057,PFU,L2TLB_TP_057,PFU,L2TLB_TP_057,"PMP `{L,X,W,R}` 与 sysmap `{SO,C,B,Share,Sec}`、MAEE 属性选择按 truth table 产生 PFU allow/deny/sec/share","PMP `{L,X,W,R}` 与 sysmap `{SO,C,B,Share,Sec}`、MAEE 属性选择按 truth table 产生 PFU allow/deny/sec/share",`pa2_vld/pa2_err/sec/share` 与有效 privilege、MAEE、PMP lock 规则一致,构造 MMU-off、MMU-on hit、PFU PTW completion 三路径的 PMP/sysmap/MAEE 组合,Black-box functional,PMP R/L combos；sysmap SO/C；MAEE 0/1,PMP R/L combos；sysmap SO/C；MAEE 0/1,PFU attribute truth-table checker,需新增 PFU truth-table directed,PFU attribute truth-table checker; `pa2_vld/pa2_err/sec/share` 与有效 privilege、MAEE、PMP lock 规则一致,P0,,doc/l2tlb_uvm_audit/L2TLB_TRISTAN_IP_Hardware_tp_V1.xlsx; doc/l2tlb_uvm_audit/L2TLB_UVM_Phase6_BuildPlan.md; doc/l2tlb_uvm_audit/progress.md,Planned,L2TLB-Audit-Phase6,doc/l2tlb_uvm_audit/progress.md; doc/l2tlb_uvm_audit/L2TLB_UVM_Phase6_Progress.md,Non-function-description audit import; Phase6G default scanner expected STATUS=PASS PASS=26 OPEN=0 FAIL=0 TOTAL=26.
L2TLB-TP-IMPORT-L2TLB_TP_058,control hazard,L2TLB_TP_058,control hazard,L2TLB_TP_058,outstanding translation/PTW 存在时 SATP/ASID/control 改写必须先 drain/flush/abort；负向只检查 assertion/error handling,outstanding translation/PTW 存在时 SATP/ASID/control 改写必须先 drain/flush/abort；负向只检查 assertion/error handling,普通测试不生成；负向测试期望 assertion 或 error classification,outstanding MB/PTW 期间注入 SATP/ASID/control 改写,Negative assertion,SATP write；ASID write；MMU/PTW enable change,SATP write；ASID write；MMU/PTW enable change,control hazard assertion checker,需新增 negative suite,control hazard assertion checker; 普通测试不生成；负向测试期望 assertion 或 error classification,P1,,doc/l2tlb_uvm_audit/L2TLB_TRISTAN_IP_Hardware_tp_V1.xlsx; doc/l2tlb_uvm_audit/L2TLB_UVM_Phase6_BuildPlan.md; doc/l2tlb_uvm_audit/progress.md,Planned,L2TLB-Audit-Phase6,doc/l2tlb_uvm_audit/progress.md; doc/l2tlb_uvm_audit/L2TLB_UVM_Phase6_Progress.md,Non-function-description audit import; Phase6G default scanner expected STATUS=PASS PASS=26 OPEN=0 FAIL=0 TOTAL=26.
# v7.8 audit import separator,L1/L2 audit closure and follow-up rows imported from non-function audit docs below.,,,,,,,,,,,,,,,,,,,,
L1DTLB-P6G-CLOSURE,L1DTLB audit Phase6 closure,Phase6G,Replay/closure gate,l1dtlb_phase6g_replay; l1dtlb_phase6g_closure,L1DTLB Phase6G replay and closure,Audit Phase6A-6G closure imported from L1DTLB audit progress/build documents.,Replay and closure targets remain PASS with no audit-token/broad-waive regressions.,make -C mmu_verification l1dtlb_phase6g_replay; make -C mmu_verification l1dtlb_phase6g_closure,Audit closure,Phase6G replay/closure report,,l1dtlb Phase6 assertion/checker set,Phase6A-6G l1dtlb targets,PASS 28/28 for replay and closure; remaining vabuf equivalence and exact PLRU victim are future/formal items.,P0,,doc/l1dtlb_uvm_audit/L1DTLB_UVM_Phase6_Progress.md; doc/l1dtlb_uvm_audit/L1DTLB_UVM_Phase6_BuildPlan.md,Closed with scoped future/formal items,L1DTLB-Audit-Phase6G,doc/l1dtlb_uvm_audit/L1DTLB_UVM_Phase6_Progress.md,Imported to main traceability only; audit source files not modified.
L2TLB-P6G-CLOSURE,L2TLB audit Phase6 closure,Phase6G,Default scanner closure,l2tlb_phase6g default scanner,L2TLB Phase6G scanner closure,Audit progress closes 58 TP rows with 49 dedicated testcase plus checker/SVA evidence rows and 9 waiver/equivalent closure rows.,Default scanner status must be PASS with PASS=26 OPEN=0 FAIL=0 TOTAL=26.,Phase6G default scanner,Audit closure,L2TLB Phase6G progress scanner,Phase6G TP coverage report,L2TLB Phase6D/6F/6G checker/SVA evidence,l2tlb Phase6A-6G targets,STATUS=PASS PASS=26 OPEN=0 FAIL=0 TOTAL=26.,P0,,doc/l2tlb_uvm_audit/progress.md; doc/l2tlb_uvm_audit/L2TLB_UVM_Phase6_Progress.md,Closed with scoped follow-up,L2TLB-Audit-Phase6G,doc/l2tlb_uvm_audit/progress.md; doc/l2tlb_uvm_audit/L2TLB_UVM_Phase6_Progress.md,RRPV runtime scoreboard sample_cycle hookup and TLBWI/TLBWR write-data exact compare remain tracked follow-ups.
L2TLB-TLBOP-NOTES,L2TLB TLB operation semantic notes,TLBOP,TLBP/TLBR/TLBWI/TLBWR/INV semantics,TLBOP semantic audit notes,L2TLB TLB operation notes override,"index[10:8] selects way, index[7:0] selects set; TLBP reads all ways without modification; TLBR reads selected way; TLBWI writes selected way; TLBWR chooses victim; INV operations scan sets and write hit vectors as appropriate.","Scoreboard and sequences use the audit note decode, bank-select, invalidation, L1 uTLB clear, and ordinary lookup/refill blocking rules.","TLBP, TLBR, TLBWI, TLBWR, INVALL, INVASID, INVVA_ALL, INVVA_ASID",Directed semantic audit,TLBOP notes cross-check against Phase6 tests/checkers,TLBOP operation coverage,TLBOP decode/blocking checker set,l2tlb_tlbop directed sequences,"Expected way/set selection, mutation/no-mutation, invalidate hit vectors, L1 uTLB clear, and blocking behavior observed.",P0,,doc/l2tlb_uvm_audit/L2TLB_TLB_OPERATION_NOTES.txt,Audit override imported,L2TLB-Audit-Phase6,doc/l2tlb_uvm_audit/L2TLB_TLB_OPERATION_NOTES.txt; doc/l2tlb_uvm_audit/progress.md,Imported from non-function audit note; function-description content excluded.
L2TLB-RRPV-EXACT-FOLLOWUP,L2TLB RRPV exact model runtime integration,RRPV,Victim policy model,l2tlb_rrpv_exact_model,RRPV exact victim policy follow-up,"Audit implementation delivered exact model algorithm on 2026-06-06, including reset/saturating/update/victim-selection rules.",Runtime scoreboard sample_cycle integration observes exact RRPV policy in regressions.,RRPV update and victim-selection sequences,Follow-up closure,RRPV exact model assertions/checkers,RRPV policy coverage,SVA_023/SVA_024 basis,RRPV audit sequences,Runtime sample_cycle hookup proves exact victim order and update behavior.,P0,,doc/l2tlb_uvm_audit/L2TLB_UVM_Audit_ImplementationPlan.md; doc/l2tlb_uvm_audit/progress.md,Follow-up,L2TLB-Audit-Phase6G follow-up,doc/l2tlb_uvm_audit/progress.md,"Conflict resolution uses audit progress: algorithm delivered, runtime scoreboard sample_cycle hookup remains open."
L2TLB-TLBOP-WRITE-DATA-FOLLOWUP,L2TLB TLBWI/TLBWR write-data exact compare,TLBOP,Write data exactness,l2tlb_tlbwi_tlbwr_write_data_exact,TLBWI/TLBWR write-data exact compare follow-up,Audit progress keeps exact write-data comparison for TLBWI/TLBWR as scoped follow-up after exact decode closure.,Checker compares selected write way/set data exactly for indexed and random writes.,TLBWI and TLBWR directed/random operations,Follow-up closure,TLBOP write-data checker coverage,TLBWI/TLBWR write-data coverage,TLBOP write-data checker,l2tlb_tlbwi_tlbwr directed sequences,Exact written entry content matches expected selected way/set transaction data.,P0,,doc/l2tlb_uvm_audit/progress.md; doc/l2tlb_uvm_audit/L2TLB_TLB_OPERATION_NOTES.txt,Follow-up,L2TLB-Audit-Phase6G follow-up,doc/l2tlb_uvm_audit/progress.md,"Conflict resolution uses audit progress: exact decode delivered, exact write-data compare remains tracked."
# v8.0 PTW spec import separator,"PTW spec, scoreboard/SVA, and PDE-cache PMP flag plan testpoints imported below.",,,,,,,,,,,,,,,,doc/ptw_uvm_review/ptwspec.md; doc/ptw_uvm_review/ptw_pde_cache_pmpflg_uvm_implementation_plan.md,Traceability import marker,PTW-Spec-Traceability-Import,,
PTW-SPEC-IMPORT-L1D-SVA-PTW-001,ptw_l1dtlb_ref_pa_vld 只允许 load/store type 安装；PFU/fetch 不得写 L1DTLB data TLB。,L1D-SVA-PTW-001,13.21.11 L1DTLB consumer-side SVA 更新要求,L1D-SVA-PTW-001,L1D-SVA-PTW-001,ptw_l1dtlb_ref_pa_vld 只允许 load/store type 安装；PFU/fetch 不得写 L1DTLB data TLB。,ptw_l1dtlb_ref_pa_vld 只允许 load/store type 安装；PFU/fetch 不得写 L1DTLB data TLB。,PTW-ADD-004/032,Assertion,Assertion + cover property,PTW-ADD-004/032,L1D-SVA-PTW-001,,ptw_l1dtlb_ref_pa_vld 只允许 load/store type 安装；PFU/fetch 不得写 L1DTLB data TLB。,P0,mmu/rtl/mmu_l1dtlb.sv; mmu/rtl/mmu_l1dtlb_install.sv; mmu/rtl/mmu_l1dtlb_expt_cam.sv,doc/ptw_uvm_review/ptwspec.md:2348,Planned/Assertion Spec,PTW-SVA-Spec-Import,doc/ptw_uvm_review/ptwspec.md,Imported from heading '13.21.11 L1DTLB consumer-side SVA 更新要求'. Source row: SVA ID=L1D-SVA-PTW-001 | Priority=P0 | 断言要求=ptw_l1dtlb_ref_pa_vld 只允许 load/store type 安装；PFU/fetch 不得写 L1DTLB data TLB。 | 绑定测试点=PTW-ADD-004/032
PTW-SPEC-IMPORT-L1D-SVA-PTW-002,ptw_l1dtlb_cmplt 的 ptw_l1tlb_id[2:0] 必须命中 WFC/WFI 或 exception entry；stale id 不得 install 或 consume。,L1D-SVA-PTW-002,13.21.11 L1DTLB consumer-side SVA 更新要求,L1D-SVA-PTW-002,L1D-SVA-PTW-002,ptw_l1dtlb_cmplt 的 ptw_l1tlb_id[2:0] 必须命中 WFC/WFI 或 exception entry；stale id 不得 install 或 consume。,ptw_l1dtlb_cmplt 的 ptw_l1tlb_id[2:0] 必须命中 WFC/WFI 或 exception entry；stale id 不得 install 或 consume。,L1DTLB stale id tests,Assertion,Assertion + cover property,L1DTLB stale id tests,L1D-SVA-PTW-002,,ptw_l1dtlb_cmplt 的 ptw_l1tlb_id[2:0] 必须命中 WFC/WFI 或 exception entry；stale id 不得 install 或 consume。,P0,mmu/rtl/mmu_l1dtlb.sv; mmu/rtl/mmu_l1dtlb_install.sv; mmu/rtl/mmu_l1dtlb_expt_cam.sv,doc/ptw_uvm_review/ptwspec.md:2349,Planned/Assertion Spec,PTW-SVA-Spec-Import,doc/ptw_uvm_review/ptwspec.md,Imported from heading '13.21.11 L1DTLB consumer-side SVA 更新要求'. Source row: SVA ID=L1D-SVA-PTW-002 | Priority=P0 | 断言要求=ptw_l1dtlb_cmplt 的 ptw_l1tlb_id[2:0] 必须命中 WFC/WFI 或 exception entry；stale id 不得 install 或 consume。 | 绑定测试点=L1DTLB stale id tests
PTW-SPEC-IMPORT-L1D-SVA-PTW-003,PTW page fault 与 access fault 写入 expt CAM 时互斥，fault class 不丢失。,L1D-SVA-PTW-003,13.21.11 L1DTLB consumer-side SVA 更新要求,L1D-SVA-PTW-003,L1D-SVA-PTW-003,PTW page fault 与 access fault 写入 expt CAM 时互斥，fault class 不丢失。,PTW page fault 与 access fault 写入 expt CAM 时互斥，fault class 不丢失。,TC-PTWREF-CMPLT-*,Assertion,Assertion + cover property,TC-PTWREF-CMPLT-*,L1D-SVA-PTW-003,,PTW page fault 与 access fault 写入 expt CAM 时互斥，fault class 不丢失。,P0,mmu/rtl/mmu_l1dtlb.sv; mmu/rtl/mmu_l1dtlb_install.sv; mmu/rtl/mmu_l1dtlb_expt_cam.sv,doc/ptw_uvm_review/ptwspec.md:2350,Planned/Assertion Spec,PTW-SVA-Spec-Import,doc/ptw_uvm_review/ptwspec.md,Imported from heading '13.21.11 L1DTLB consumer-side SVA 更新要求'. Source row: SVA ID=L1D-SVA-PTW-003 | Priority=P0 | 断言要求=PTW page fault 与 access fault 写入 expt CAM 时互斥，fault class 不丢失。 | 绑定测试点=TC-PTWREF-CMPLT-*
PTW-SPEC-IMPORT-L1D-SVA-PTW-004,L1DTLB install 的 vpn/ppn/pgs/flg 与 PTW source-side monitor 捕获的同 type/id refill 一致。,L1D-SVA-PTW-004,13.21.11 L1DTLB consumer-side SVA 更新要求,L1D-SVA-PTW-004,L1D-SVA-PTW-004,L1DTLB install 的 vpn/ppn/pgs/flg 与 PTW source-side monitor 捕获的同 type/id refill 一致。,L1DTLB install 的 vpn/ppn/pgs/flg 与 PTW source-side monitor 捕获的同 type/id refill 一致。,PTW-ADD-032/034,Assertion,Assertion + cover property,PTW-ADD-032/034,L1D-SVA-PTW-004,,L1DTLB install 的 vpn/ppn/pgs/flg 与 PTW source-side monitor 捕获的同 type/id refill 一致。,P1,mmu/rtl/mmu_l1dtlb.sv; mmu/rtl/mmu_l1dtlb_install.sv; mmu/rtl/mmu_l1dtlb_expt_cam.sv,doc/ptw_uvm_review/ptwspec.md:2351,Planned/Assertion Spec,PTW-SVA-Spec-Import,doc/ptw_uvm_review/ptwspec.md,Imported from heading '13.21.11 L1DTLB consumer-side SVA 更新要求'. Source row: SVA ID=L1D-SVA-PTW-004 | Priority=P1 | 断言要求=L1DTLB install 的 vpn/ppn/pgs/flg 与 PTW source-side monitor 捕获的同 type/id refill 一致。 | 绑定测试点=PTW-ADD-032/034
PTW-SPEC-IMPORT-L1D-SVA-PTW-005,L1DTLB fault replay 对 LSU 返回 terminal response，不重新分配新的 PTW miss。,L1D-SVA-PTW-005,13.21.11 L1DTLB consumer-side SVA 更新要求,L1D-SVA-PTW-005,L1D-SVA-PTW-005,L1DTLB fault replay 对 LSU 返回 terminal response，不重新分配新的 PTW miss。,L1DTLB fault replay 对 LSU 返回 terminal response，不重新分配新的 PTW miss。,DTLB_MB_PGFLT_*、DTLB_ACCESS_FAULT_*,Assertion,Assertion + cover property,DTLB_MB_PGFLT_*、DTLB_ACCESS_FAULT_*,L1D-SVA-PTW-005,,L1DTLB fault replay 对 LSU 返回 terminal response，不重新分配新的 PTW miss。,P1,mmu/rtl/mmu_l1dtlb.sv; mmu/rtl/mmu_l1dtlb_install.sv; mmu/rtl/mmu_l1dtlb_expt_cam.sv,doc/ptw_uvm_review/ptwspec.md:2352,Planned/Assertion Spec,PTW-SVA-Spec-Import,doc/ptw_uvm_review/ptwspec.md,Imported from heading '13.21.11 L1DTLB consumer-side SVA 更新要求'. Source row: SVA ID=L1D-SVA-PTW-005 | Priority=P1 | 断言要求=L1DTLB fault replay 对 LSU 返回 terminal response，不重新分配新的 PTW miss。 | 绑定测试点=DTLB_MB_PGFLT_*、DTLB_ACCESS_FAULT_*
PTW-SPEC-IMPORT-MAEE-TP-001,MAEE=1，1G leaf,MAEE-TP-001,13.14 MAEE、Sysmap 与降级测试点最小矩阵,MAEE-TP-001,MAEE-TP-001,MAEE=1，1G leaf,refill 属性来自 raw PTE[63:59]，不查 sysmap。,MAEE=1，1G leaf,Requirement Traceability,Source-side scoreboard / monitor / SVA coverage,,,,refill 属性来自 raw PTE[63:59]，不查 sysmap。,P0/P1,mmu/rtl/twu.sv; mmu/rtl/ptw.sv; mmu/rtl/PDE_cache.sv,doc/ptw_uvm_review/ptwspec.md:1698,Planned/Spec-Imported,PTW-Spec-Traceability-Import,doc/ptw_uvm_review/ptwspec.md,Imported from heading '13.14 MAEE、Sysmap 与降级测试点最小矩阵'. Source row: Testpoint=MAEE-TP-001 | Required scenario=MAEE=1，1G leaf | Expected=refill 属性来自 raw PTE[63:59]，不查 sysmap。
PTW-SPEC-IMPORT-MAEE-TP-002,MAEE=1，2M leaf,MAEE-TP-002,13.14 MAEE、Sysmap 与降级测试点最小矩阵,MAEE-TP-002,MAEE-TP-002,MAEE=1，2M leaf,refill 属性来自 raw PTE[63:59]，不查 sysmap。,MAEE=1，2M leaf,Requirement Traceability,Source-side scoreboard / monitor / SVA coverage,,,,refill 属性来自 raw PTE[63:59]，不查 sysmap。,P0/P1,mmu/rtl/twu.sv; mmu/rtl/ptw.sv; mmu/rtl/PDE_cache.sv,doc/ptw_uvm_review/ptwspec.md:1699,Planned/Spec-Imported,PTW-Spec-Traceability-Import,doc/ptw_uvm_review/ptwspec.md,Imported from heading '13.14 MAEE、Sysmap 与降级测试点最小矩阵'. Source row: Testpoint=MAEE-TP-002 | Required scenario=MAEE=1，2M leaf | Expected=refill 属性来自 raw PTE[63:59]，不查 sysmap。
PTW-SPEC-IMPORT-MAEE-TP-003,MAEE=1，4K leaf,MAEE-TP-003,13.14 MAEE、Sysmap 与降级测试点最小矩阵,MAEE-TP-003,MAEE-TP-003,MAEE=1，4K leaf,refill 属性来自 raw PTE[63:59]，不查 sysmap。,MAEE=1，4K leaf,Requirement Traceability,Source-side scoreboard / monitor / SVA coverage,,,,refill 属性来自 raw PTE[63:59]，不查 sysmap。,P0/P1,mmu/rtl/twu.sv; mmu/rtl/ptw.sv; mmu/rtl/PDE_cache.sv,doc/ptw_uvm_review/ptwspec.md:1700,Planned/Spec-Imported,PTW-Spec-Traceability-Import,doc/ptw_uvm_review/ptwspec.md,Imported from heading '13.14 MAEE、Sysmap 与降级测试点最小矩阵'. Source row: Testpoint=MAEE-TP-003 | Required scenario=MAEE=1，4K leaf | Expected=refill 属性来自 raw PTE[63:59]，不查 sysmap。
PTW-SPEC-IMPORT-MAEE-TP-004,MAEE=0，1G 首尾同区,MAEE-TP-004,13.14 MAEE、Sysmap 与降级测试点最小矩阵,MAEE-TP-004,MAEE-TP-004,MAEE=0，1G 首尾同区,page_size 仍 1G，属性来自 sysmap，PPN 不降级。,MAEE=0，1G 首尾同区,Requirement Traceability,Source-side scoreboard / monitor / SVA coverage,,,,page_size 仍 1G，属性来自 sysmap，PPN 不降级。,P0/P1,mmu/rtl/twu.sv; mmu/rtl/ptw.sv; mmu/rtl/PDE_cache.sv,doc/ptw_uvm_review/ptwspec.md:1701,Planned/Spec-Imported,PTW-Spec-Traceability-Import,doc/ptw_uvm_review/ptwspec.md,Imported from heading '13.14 MAEE、Sysmap 与降级测试点最小矩阵'. Source row: Testpoint=MAEE-TP-004 | Required scenario=MAEE=0，1G 首尾同区 | Expected=page_size 仍 1G，属性来自 sysmap，PPN 不降级。
PTW-SPEC-IMPORT-MAEE-TP-005,MAEE=0，1G 首尾跨区，选中 2M 不跨区,MAEE-TP-005,13.14 MAEE、Sysmap 与降级测试点最小矩阵,MAEE-TP-005,MAEE-TP-005,MAEE=0，1G 首尾跨区，选中 2M 不跨区,"降级为 2M，PPN={pte.ppn[2],vpn[1],9'b0}，属性取降级 2M sysmap。",MAEE=0，1G 首尾跨区，选中 2M 不跨区,Requirement Traceability,Source-side scoreboard / monitor / SVA coverage,,,,"降级为 2M，PPN={pte.ppn[2],vpn[1],9'b0}，属性取降级 2M sysmap。",P0/P1,mmu/rtl/twu.sv; mmu/rtl/ptw.sv; mmu/rtl/PDE_cache.sv,doc/ptw_uvm_review/ptwspec.md:1702,Planned/Spec-Imported,PTW-Spec-Traceability-Import,doc/ptw_uvm_review/ptwspec.md,"Imported from heading '13.14 MAEE、Sysmap 与降级测试点最小矩阵'. Source row: Testpoint=MAEE-TP-005 | Required scenario=MAEE=0，1G 首尾跨区，选中 2M 不跨区 | Expected=降级为 2M，PPN={pte.ppn[2],vpn[1],9'b0}，属性取降级 2M sysmap。"
PTW-SPEC-IMPORT-MAEE-TP-006,MAEE=0，1G -> 2M 后仍跨区,MAEE-TP-006,13.14 MAEE、Sysmap 与降级测试点最小矩阵,MAEE-TP-006,MAEE-TP-006,MAEE=0，1G -> 2M 后仍跨区,"降级为 4K，PPN={pte.ppn[2],vpn[1],vpn[0]}，属性取最终 4K sysmap。",MAEE=0，1G -> 2M 后仍跨区,Requirement Traceability,Source-side scoreboard / monitor / SVA coverage,,,,"降级为 4K，PPN={pte.ppn[2],vpn[1],vpn[0]}，属性取最终 4K sysmap。",P0/P1,mmu/rtl/twu.sv; mmu/rtl/ptw.sv; mmu/rtl/PDE_cache.sv,doc/ptw_uvm_review/ptwspec.md:1703,Planned/Spec-Imported,PTW-Spec-Traceability-Import,doc/ptw_uvm_review/ptwspec.md,"Imported from heading '13.14 MAEE、Sysmap 与降级测试点最小矩阵'. Source row: Testpoint=MAEE-TP-006 | Required scenario=MAEE=0，1G -> 2M 后仍跨区 | Expected=降级为 4K，PPN={pte.ppn[2],vpn[1],vpn[0]}，属性取最终 4K sysmap。"
PTW-SPEC-IMPORT-MAEE-TP-007,MAEE=0，2M 首尾同区,MAEE-TP-007,13.14 MAEE、Sysmap 与降级测试点最小矩阵,MAEE-TP-007,MAEE-TP-007,MAEE=0，2M 首尾同区,page_size 仍 2M，属性来自 sysmap，PPN 不降级。,MAEE=0，2M 首尾同区,Requirement Traceability,Source-side scoreboard / monitor / SVA coverage,,,,page_size 仍 2M，属性来自 sysmap，PPN 不降级。,P0/P1,mmu/rtl/twu.sv; mmu/rtl/ptw.sv; mmu/rtl/PDE_cache.sv,doc/ptw_uvm_review/ptwspec.md:1704,Planned/Spec-Imported,PTW-Spec-Traceability-Import,doc/ptw_uvm_review/ptwspec.md,Imported from heading '13.14 MAEE、Sysmap 与降级测试点最小矩阵'. Source row: Testpoint=MAEE-TP-007 | Required scenario=MAEE=0，2M 首尾同区 | Expected=page_size 仍 2M，属性来自 sysmap，PPN 不降级。
PTW-SPEC-IMPORT-MAEE-TP-008,MAEE=0，2M 首尾跨区,MAEE-TP-008,13.14 MAEE、Sysmap 与降级测试点最小矩阵,MAEE-TP-008,MAEE-TP-008,MAEE=0，2M 首尾跨区,"降级为 4K，PPN={pte.ppn[2],pte.ppn[1],vpn[0]}，属性取最终 4K sysmap。",MAEE=0，2M 首尾跨区,Requirement Traceability,Source-side scoreboard / monitor / SVA coverage,,,,"降级为 4K，PPN={pte.ppn[2],pte.ppn[1],vpn[0]}，属性取最终 4K sysmap。",P0/P1,mmu/rtl/twu.sv; mmu/rtl/ptw.sv; mmu/rtl/PDE_cache.sv,doc/ptw_uvm_review/ptwspec.md:1705,Planned/Spec-Imported,PTW-Spec-Traceability-Import,doc/ptw_uvm_review/ptwspec.md,"Imported from heading '13.14 MAEE、Sysmap 与降级测试点最小矩阵'. Source row: Testpoint=MAEE-TP-008 | Required scenario=MAEE=0，2M 首尾跨区 | Expected=降级为 4K，PPN={pte.ppn[2],pte.ppn[1],vpn[0]}，属性取最终 4K sysmap。"
PTW-SPEC-IMPORT-MAEE-TP-009,MAEE=0，4K leaf,MAEE-TP-009,13.14 MAEE、Sysmap 与降级测试点最小矩阵,MAEE-TP-009,MAEE-TP-009,MAEE=0，4K leaf,不降级但必须查 sysmap，属性来自 final PPN 所在 region。,MAEE=0，4K leaf,Requirement Traceability,Source-side scoreboard / monitor / SVA coverage,,,,不降级但必须查 sysmap，属性来自 final PPN 所在 region。,P0/P1,mmu/rtl/twu.sv; mmu/rtl/ptw.sv; mmu/rtl/PDE_cache.sv,doc/ptw_uvm_review/ptwspec.md:1706,Planned/Spec-Imported,PTW-Spec-Traceability-Import,doc/ptw_uvm_review/ptwspec.md,Imported from heading '13.14 MAEE、Sysmap 与降级测试点最小矩阵'. Source row: Testpoint=MAEE-TP-009 | Required scenario=MAEE=0，4K leaf | Expected=不降级但必须查 sysmap，属性来自 final PPN 所在 region。
PTW-SPEC-IMPORT-MAEE-TP-010,降级路径,MAEE-TP-010,13.14 MAEE、Sysmap 与降级测试点最小矩阵,MAEE-TP-010,MAEE-TP-010,降级路径,不访问下一级页表；权限、G、RSW、A/D/U/X/W/R/V 来自原始 leaf PTE。,降级路径,Requirement Traceability,Source-side scoreboard / monitor / SVA coverage,,,,不访问下一级页表；权限、G、RSW、A/D/U/X/W/R/V 来自原始 leaf PTE。,P0/P1,mmu/rtl/twu.sv; mmu/rtl/ptw.sv; mmu/rtl/PDE_cache.sv,doc/ptw_uvm_review/ptwspec.md:1707,Planned/Spec-Imported,PTW-Spec-Traceability-Import,doc/ptw_uvm_review/ptwspec.md,Imported from heading '13.14 MAEE、Sysmap 与降级测试点最小矩阵'. Source row: Testpoint=MAEE-TP-010 | Required scenario=降级路径 | Expected=不访问下一级页表；权限、G、RSW、A/D/U/X/W/R/V 来自原始 leaf PTE。
PTW-SPEC-IMPORT-MAEE-TP-011,1G/2M PPN misaligned 且 MAEE=0,MAEE-TP-011,13.14 MAEE、Sysmap 与降级测试点最小矩阵,MAEE-TP-011,MAEE-TP-011,1G/2M PPN misaligned 且 MAEE=0,先 page fault，不查 sysmap，不降级。,1G/2M PPN misaligned 且 MAEE=0,Requirement Traceability,Source-side scoreboard / monitor / SVA coverage,,,,先 page fault，不查 sysmap，不降级。,P0/P1,mmu/rtl/twu.sv; mmu/rtl/ptw.sv; mmu/rtl/PDE_cache.sv,doc/ptw_uvm_review/ptwspec.md:1708,Planned/Spec-Imported,PTW-Spec-Traceability-Import,doc/ptw_uvm_review/ptwspec.md,Imported from heading '13.14 MAEE、Sysmap 与降级测试点最小矩阵'. Source row: Testpoint=MAEE-TP-011 | Required scenario=1G/2M PPN misaligned 且 MAEE=0 | Expected=先 page fault，不查 sysmap，不降级。
PTW-SPEC-IMPORT-MAEE-TP-012,MAEE 在 sysmap/degrade 中途改变,MAEE-TP-012,13.14 MAEE、Sysmap 与降级测试点最小矩阵,MAEE-TP-012,MAEE-TP-012,MAEE 在 sysmap/degrade 中途改变,最终 refill 仍按进入 sysmap/degrade 时的 MAEE=0 路径，不回退到 PTE 属性。,MAEE 在 sysmap/degrade 中途改变,Requirement Traceability,Source-side scoreboard / monitor / SVA coverage,,,,最终 refill 仍按进入 sysmap/degrade 时的 MAEE=0 路径，不回退到 PTE 属性。,P0/P1,mmu/rtl/twu.sv; mmu/rtl/ptw.sv; mmu/rtl/PDE_cache.sv,doc/ptw_uvm_review/ptwspec.md:1709,Planned/Spec-Imported,PTW-Spec-Traceability-Import,doc/ptw_uvm_review/ptwspec.md,Imported from heading '13.14 MAEE、Sysmap 与降级测试点最小矩阵'. Source row: Testpoint=MAEE-TP-012 | Required scenario=MAEE 在 sysmap/degrade 中途改变 | Expected=最终 refill 仍按进入 sysmap/degrade 时的 MAEE=0 路径，不回退到 PTE 属性。
PTW-SPEC-IMPORT-MAEE-TP-013,sysmap flag order,MAEE-TP-013,13.14 MAEE、Sysmap 与降级测试点最小矩阵,MAEE-TP-013,MAEE-TP-013,sysmap flag order,"refill 扩展属性顺序固定 {So,C,B,Sh,Sec}。",sysmap flag order,Requirement Traceability,Source-side scoreboard / monitor / SVA coverage,,,,"refill 扩展属性顺序固定 {So,C,B,Sh,Sec}。",P0/P1,mmu/rtl/twu.sv; mmu/rtl/ptw.sv; mmu/rtl/PDE_cache.sv,doc/ptw_uvm_review/ptwspec.md:1710,Planned/Spec-Imported,PTW-Spec-Traceability-Import,doc/ptw_uvm_review/ptwspec.md,"Imported from heading '13.14 MAEE、Sysmap 与降级测试点最小矩阵'. Source row: Testpoint=MAEE-TP-013 | Required scenario=sysmap flag order | Expected=refill 扩展属性顺序固定 {So,C,B,Sh,Sec}。"
PTW-SPEC-IMPORT-MBUF-TP-001,IUTLB 和 TWU 同拍写 mbuf,MBUF-TP-001,13.13 Mbuf、LSU 与 abort 类测试点最小矩阵,MBUF-TP-001,MBUF-TP-001,IUTLB 和 TWU 同拍写 mbuf,IUTLB 优先，使用 entry8；DTLB/PFU 使用 entry0-7。,IUTLB 和 TWU 同拍写 mbuf,Requirement Traceability,Source-side scoreboard / monitor / SVA coverage,,,,IUTLB 优先，使用 entry8；DTLB/PFU 使用 entry0-7。,P0/P1,mmu/rtl/ptw_mbuf.sv; mmu/rtl/mbuf_entry.sv; mmu/rtl/ptw.sv,doc/ptw_uvm_review/ptwspec.md:1681,Planned/Spec-Imported,PTW-Spec-Traceability-Import,doc/ptw_uvm_review/ptwspec.md,Imported from heading '13.13 Mbuf、LSU 与 abort 类测试点最小矩阵'. Source row: Testpoint=MBUF-TP-001 | Required scenario=IUTLB 和 TWU 同拍写 mbuf | Expected=IUTLB 优先，使用 entry8；DTLB/PFU 使用 entry0-7。
PTW-SPEC-IMPORT-MBUF-TP-002,DTLB/PFU 多次写 entry0-7,MBUF-TP-002,13.13 Mbuf、LSU 与 abort 类测试点最小矩阵,MBUF-TP-002,MBUF-TP-002,DTLB/PFU 多次写 entry0-7,指针 one-hot 左移轮转，不覆盖未释放 entry。,DTLB/PFU 多次写 entry0-7,Requirement Traceability,Source-side scoreboard / monitor / SVA coverage,,,,指针 one-hot 左移轮转，不覆盖未释放 entry。,P0/P1,mmu/rtl/ptw_mbuf.sv; mmu/rtl/mbuf_entry.sv; mmu/rtl/ptw.sv,doc/ptw_uvm_review/ptwspec.md:1682,Planned/Spec-Imported,PTW-Spec-Traceability-Import,doc/ptw_uvm_review/ptwspec.md,Imported from heading '13.13 Mbuf、LSU 与 abort 类测试点最小矩阵'. Source row: Testpoint=MBUF-TP-002 | Required scenario=DTLB/PFU 多次写 entry0-7 | Expected=指针 one-hot 左移轮转，不覆盖未释放 entry。
PTW-SPEC-IMPORT-MBUF-TP-003,LSU request valid 拉高,MBUF-TP-003,13.13 Mbuf、LSU 与 abort 类测试点最小矩阵,MBUF-TP-003,MBUF-TP-003,LSU request valid 拉高,PA 和 request valid 保持到 lsu_mmu_data_vld 或 bus error。,LSU request valid 拉高,Requirement Traceability,Source-side scoreboard / monitor / SVA coverage,,,,PA 和 request valid 保持到 lsu_mmu_data_vld 或 bus error。,P0/P1,mmu/rtl/ptw_mbuf.sv; mmu/rtl/mbuf_entry.sv; mmu/rtl/ptw.sv,doc/ptw_uvm_review/ptwspec.md:1683,Planned/Spec-Imported,PTW-Spec-Traceability-Import,doc/ptw_uvm_review/ptwspec.md,Imported from heading '13.13 Mbuf、LSU 与 abort 类测试点最小矩阵'. Source row: Testpoint=MBUF-TP-003 | Required scenario=LSU request valid 拉高 | Expected=PA 和 request valid 保持到 lsu_mmu_data_vld 或 bus error。
PTW-SPEC-IMPORT-MBUF-TP-004,多 entry 等待 LSU,MBUF-TP-004,13.13 Mbuf、LSU 与 abort 类测试点最小矩阵,MBUF-TP-004,MBUF-TP-004,多 entry 等待 LSU,PTW->LSU 单 outstanding，无 tag，无合法 OOO response。,多 entry 等待 LSU,Requirement Traceability,Source-side scoreboard / monitor / SVA coverage,,,,PTW->LSU 单 outstanding，无 tag，无合法 OOO response。,P0/P1,mmu/rtl/ptw_mbuf.sv; mmu/rtl/mbuf_entry.sv; mmu/rtl/ptw.sv,doc/ptw_uvm_review/ptwspec.md:1684,Planned/Spec-Imported,PTW-Spec-Traceability-Import,doc/ptw_uvm_review/ptwspec.md,Imported from heading '13.13 Mbuf、LSU 与 abort 类测试点最小矩阵'. Source row: Testpoint=MBUF-TP-004 | Required scenario=多 entry 等待 LSU | Expected=PTW->LSU 单 outstanding，无 tag，无合法 OOO response。
PTW-SPEC-IMPORT-MBUF-TP-005,normal data 返回且 CHK ready,MBUF-TP-005,13.13 Mbuf、LSU 与 abort 类测试点最小矩阵,MBUF-TP-005,MBUF-TP-005,normal data 返回且 CHK ready,data+vpn/type/id/lvl/twu_idx 送对应 CHK，entry 释放。,normal data 返回且 CHK ready,Requirement Traceability,Source-side scoreboard / monitor / SVA coverage,,,,data+vpn/type/id/lvl/twu_idx 送对应 CHK，entry 释放。,P0/P1,mmu/rtl/ptw_mbuf.sv; mmu/rtl/mbuf_entry.sv; mmu/rtl/ptw.sv,doc/ptw_uvm_review/ptwspec.md:1685,Planned/Spec-Imported,PTW-Spec-Traceability-Import,doc/ptw_uvm_review/ptwspec.md,Imported from heading '13.13 Mbuf、LSU 与 abort 类测试点最小矩阵'. Source row: Testpoint=MBUF-TP-005 | Required scenario=normal data 返回且 CHK ready | Expected=data+vpn/type/id/lvl/twu_idx 送对应 CHK，entry 释放。
PTW-SPEC-IMPORT-MBUF-TP-006,normal data 返回但 CHK not ready,MBUF-TP-006,13.13 Mbuf、LSU 与 abort 类测试点最小矩阵,MBUF-TP-006,MBUF-TP-006,normal data 返回但 CHK not ready,data 寄存到 entry，置 get，ready 后一次性送 CHK，不重复发 LSU。,normal data 返回但 CHK not ready,Requirement Traceability,Source-side scoreboard / monitor / SVA coverage,,,,data 寄存到 entry，置 get，ready 后一次性送 CHK，不重复发 LSU。,P0/P1,mmu/rtl/ptw_mbuf.sv; mmu/rtl/mbuf_entry.sv; mmu/rtl/ptw.sv,doc/ptw_uvm_review/ptwspec.md:1686,Planned/Spec-Imported,PTW-Spec-Traceability-Import,doc/ptw_uvm_review/ptwspec.md,Imported from heading '13.13 Mbuf、LSU 与 abort 类测试点最小矩阵'. Source row: Testpoint=MBUF-TP-006 | Required scenario=normal data 返回但 CHK not ready | Expected=data 寄存到 entry，置 get，ready 后一次性送 CHK，不重复发 LSU。
PTW-SPEC-IMPORT-MBUF-TP-007,bus error 返回,MBUF-TP-007,13.13 Mbuf、LSU 与 abort 类测试点最小矩阵,MBUF-TP-007,MBUF-TP-007,bus error 返回,不进 CHK，不 page fault，不 refill，不 update PDE；写 access exception 成功后 entry 释放。,bus error 返回,Requirement Traceability,Source-side scoreboard / monitor / SVA coverage,,,,不进 CHK，不 page fault，不 refill，不 update PDE；写 access exception 成功后 entry 释放。,P0/P1,mmu/rtl/ptw_mbuf.sv; mmu/rtl/mbuf_entry.sv; mmu/rtl/ptw.sv,doc/ptw_uvm_review/ptwspec.md:1687,Planned/Spec-Imported,PTW-Spec-Traceability-Import,doc/ptw_uvm_review/ptwspec.md,Imported from heading '13.13 Mbuf、LSU 与 abort 类测试点最小矩阵'. Source row: Testpoint=MBUF-TP-007 | Required scenario=bus error 返回 | Expected=不进 CHK，不 page fault，不 refill，不 update PDE；写 access exception 成功后 entry 释放。
PTW-SPEC-IMPORT-MBUF-TP-008,bus error 与 TWU access/page/refill 并发,MBUF-TP-008,13.13 Mbuf、LSU 与 abort 类测试点最小矩阵,MBUF-TP-008,MBUF-TP-008,bus error 与 TWU access/page/refill 并发,顶层 access fault 优先；LSU bus error access fault 优先于 TWU access fault。,bus error 与 TWU access/page/refill 并发,Requirement Traceability,Source-side scoreboard / monitor / SVA coverage,,,,顶层 access fault 优先；LSU bus error access fault 优先于 TWU access fault。,P0/P1,mmu/rtl/ptw_mbuf.sv; mmu/rtl/mbuf_entry.sv; mmu/rtl/ptw.sv,doc/ptw_uvm_review/ptwspec.md:1688,Planned/Spec-Imported,PTW-Spec-Traceability-Import,doc/ptw_uvm_review/ptwspec.md,Imported from heading '13.13 Mbuf、LSU 与 abort 类测试点最小矩阵'. Source row: Testpoint=MBUF-TP-008 | Required scenario=bus error 与 TWU access/page/refill 并发 | Expected=顶层 access fault 优先；LSU bus error access fault 优先于 TWU access fault。
PTW-SPEC-IMPORT-MBUF-TP-009,tlboper_ptw_abort 前一拍 LSU req valid=0,MBUF-TP-009,13.13 Mbuf、LSU 与 abort 类测试点最小矩阵,MBUF-TP-009,MBUF-TP-009,tlboper_ptw_abort 前一拍 LSU req valid=0,flush in-flight，PTW ready 按无 outstanding 流程恢复。,tlboper_ptw_abort 前一拍 LSU req valid=0,Requirement Traceability,Source-side scoreboard / monitor / SVA coverage,,,,flush in-flight，PTW ready 按无 outstanding 流程恢复。,P0/P1,mmu/rtl/ptw_mbuf.sv; mmu/rtl/mbuf_entry.sv; mmu/rtl/ptw.sv,doc/ptw_uvm_review/ptwspec.md:1689,Planned/Spec-Imported,PTW-Spec-Traceability-Import,doc/ptw_uvm_review/ptwspec.md,Imported from heading '13.13 Mbuf、LSU 与 abort 类测试点最小矩阵'. Source row: Testpoint=MBUF-TP-009 | Required scenario=tlboper_ptw_abort 前一拍 LSU req valid=0 | Expected=flush in-flight，PTW ready 按无 outstanding 流程恢复。
PTW-SPEC-IMPORT-MBUF-TP-010,tlboper_ptw_abort 前一拍 LSU req valid=1,MBUF-TP-010,13.13 Mbuf、LSU 与 abort 类测试点最小矩阵,MBUF-TP-010,MBUF-TP-010,tlboper_ptw_abort 前一拍 LSU req valid=1,继续保持 LSU req/PA 到返回；返回普通 data 丢弃；不 CHK、不 update、不 refill。,tlboper_ptw_abort 前一拍 LSU req valid=1,Requirement Traceability,Source-side scoreboard / monitor / SVA coverage,,,,继续保持 LSU req/PA 到返回；返回普通 data 丢弃；不 CHK、不 update、不 refill。,P0/P1,mmu/rtl/ptw_mbuf.sv; mmu/rtl/mbuf_entry.sv; mmu/rtl/ptw.sv,doc/ptw_uvm_review/ptwspec.md:1690,Planned/Spec-Imported,PTW-Spec-Traceability-Import,doc/ptw_uvm_review/ptwspec.md,Imported from heading '13.13 Mbuf、LSU 与 abort 类测试点最小矩阵'. Source row: Testpoint=MBUF-TP-010 | Required scenario=tlboper_ptw_abort 前一拍 LSU req valid=1 | Expected=继续保持 LSU req/PA 到返回；返回普通 data 丢弃；不 CHK、不 update、不 refill。
PTW-SPEC-IMPORT-MBUF-TP-011,abort 同拍 LSU bus error 新形成,MBUF-TP-011,13.13 Mbuf、LSU 与 abort 类测试点最小矩阵,MBUF-TP-011,MBUF-TP-011,abort 同拍 LSU bus error 新形成,新 bus error 不写异常寄存器，不上报。,abort 同拍 LSU bus error 新形成,Requirement Traceability,Source-side scoreboard / monitor / SVA coverage,,,,新 bus error 不写异常寄存器，不上报。,P0/P1,mmu/rtl/ptw_mbuf.sv; mmu/rtl/mbuf_entry.sv; mmu/rtl/ptw.sv,doc/ptw_uvm_review/ptwspec.md:1691,Planned/Spec-Imported,PTW-Spec-Traceability-Import,doc/ptw_uvm_review/ptwspec.md,Imported from heading '13.13 Mbuf、LSU 与 abort 类测试点最小矩阵'. Source row: Testpoint=MBUF-TP-011 | Required scenario=abort 同拍 LSU bus error 新形成 | Expected=新 bus error 不写异常寄存器，不上报。
PTW-SPEC-IMPORT-MBUF-TP-012,abort 前异常已在异常寄存器且当拍获顶层授权,MBUF-TP-012,13.13 Mbuf、LSU 与 abort 类测试点最小矩阵,MBUF-TP-012,MBUF-TP-012,abort 前异常已在异常寄存器且当拍获顶层授权,异常可见并按 type/id 返回。,abort 前异常已在异常寄存器且当拍获顶层授权,Requirement Traceability,Source-side scoreboard / monitor / SVA coverage,,,,异常可见并按 type/id 返回。,P0/P1,mmu/rtl/ptw_mbuf.sv; mmu/rtl/mbuf_entry.sv; mmu/rtl/ptw.sv,doc/ptw_uvm_review/ptwspec.md:1692,Planned/Spec-Imported,PTW-Spec-Traceability-Import,doc/ptw_uvm_review/ptwspec.md,Imported from heading '13.13 Mbuf、LSU 与 abort 类测试点最小矩阵'. Source row: Testpoint=MBUF-TP-012 | Required scenario=abort 前异常已在异常寄存器且当拍获顶层授权 | Expected=异常可见并按 type/id 返回。
PTW-SPEC-IMPORT-PDE-TP-001,PDE miss -> fst 非叶 no-fault,PDE-TP-001,13.12 PDE cache 类测试点最小矩阵,PDE-TP-001,PDE-TP-001,PDE miss -> fst 非叶 no-fault,更新一级 PDE cache，tag=vpn[2]，data=PTE.PPN。,PDE miss -> fst 非叶 no-fault,Requirement Traceability,Source-side scoreboard / monitor / SVA coverage,,,,更新一级 PDE cache，tag=vpn[2]，data=PTE.PPN。,P0/P1,mmu/rtl/PDE_cache.sv; mmu/rtl/L1PDE_cache.sv; mmu/rtl/L2PDE_cache.sv,doc/ptw_uvm_review/ptwspec.md:1653,Planned/Spec-Imported,PTW-Spec-Traceability-Import,doc/ptw_uvm_review/ptwspec.md,Imported from heading '13.12 PDE cache 类测试点最小矩阵'. Source row: Testpoint=PDE-TP-001 | Required scenario=PDE miss -> fst 非叶 no-fault | Expected=更新一级 PDE cache，tag=vpn[2]，data=PTE.PPN。
PTW-SPEC-IMPORT-PDE-TP-002,一级 hit -> scd 非叶 no-fault,PDE-TP-002,13.12 PDE cache 类测试点最小矩阵,PDE-TP-002,PDE-TP-002,一级 hit -> scd 非叶 no-fault,"跳过 fst，进入 scd；更新二级 PDE cache，tag={vpn[2],vpn[1]}。",一级 hit -> scd 非叶 no-fault,Requirement Traceability,Source-side scoreboard / monitor / SVA coverage,,,,"跳过 fst，进入 scd；更新二级 PDE cache，tag={vpn[2],vpn[1]}。",P0/P1,mmu/rtl/PDE_cache.sv; mmu/rtl/L1PDE_cache.sv; mmu/rtl/L2PDE_cache.sv,doc/ptw_uvm_review/ptwspec.md:1654,Planned/Spec-Imported,PTW-Spec-Traceability-Import,doc/ptw_uvm_review/ptwspec.md,"Imported from heading '13.12 PDE cache 类测试点最小矩阵'. Source row: Testpoint=PDE-TP-002 | Required scenario=一级 hit -> scd 非叶 no-fault | Expected=跳过 fst，进入 scd；更新二级 PDE cache，tag={vpn[2],vpn[1]}。"
PTW-SPEC-IMPORT-PDE-TP-003,二级 hit,PDE-TP-003,13.12 PDE cache 类测试点最小矩阵,PDE-TP-003,PDE-TP-003,二级 hit,跳过 fst/scd，直接进入 thd。,二级 hit,Requirement Traceability,Source-side scoreboard / monitor / SVA coverage,,,,跳过 fst/scd，直接进入 thd。,P0/P1,mmu/rtl/PDE_cache.sv; mmu/rtl/L1PDE_cache.sv; mmu/rtl/L2PDE_cache.sv,doc/ptw_uvm_review/ptwspec.md:1655,Planned/Spec-Imported,PTW-Spec-Traceability-Import,doc/ptw_uvm_review/ptwspec.md,Imported from heading '13.12 PDE cache 类测试点最小矩阵'. Source row: Testpoint=PDE-TP-003 | Required scenario=二级 hit | Expected=跳过 fst/scd，直接进入 thd。
PTW-SPEC-IMPORT-PDE-TP-004,一级和二级同时 hit,PDE-TP-004,13.12 PDE cache 类测试点最小矩阵,PDE-TP-004,PDE-TP-004,一级和二级同时 hit,选择二级 hit，不校验一级/二级一致性。,一级和二级同时 hit,Requirement Traceability,Source-side scoreboard / monitor / SVA coverage,,,,选择二级 hit，不校验一级/二级一致性。,P0/P1,mmu/rtl/PDE_cache.sv; mmu/rtl/L1PDE_cache.sv; mmu/rtl/L2PDE_cache.sv,doc/ptw_uvm_review/ptwspec.md:1656,Planned/Spec-Imported,PTW-Spec-Traceability-Import,doc/ptw_uvm_review/ptwspec.md,Imported from heading '13.12 PDE cache 类测试点最小矩阵'. Source row: Testpoint=PDE-TP-004 | Required scenario=一级和二级同时 hit | Expected=选择二级 hit，不校验一级/二级一致性。
PTW-SPEC-IMPORT-PDE-TP-005,leaf PTE 返回,PDE-TP-005,13.12 PDE cache 类测试点最小矩阵,PDE-TP-005,PDE-TP-005,leaf PTE 返回,不更新 PDE cache。,leaf PTE 返回,Requirement Traceability,Source-side scoreboard / monitor / SVA coverage,,,,不更新 PDE cache。,P0/P1,mmu/rtl/PDE_cache.sv; mmu/rtl/L1PDE_cache.sv; mmu/rtl/L2PDE_cache.sv,doc/ptw_uvm_review/ptwspec.md:1657,Planned/Spec-Imported,PTW-Spec-Traceability-Import,doc/ptw_uvm_review/ptwspec.md,Imported from heading '13.12 PDE cache 类测试点最小矩阵'. Source row: Testpoint=PDE-TP-005 | Required scenario=leaf PTE 返回 | Expected=不更新 PDE cache。
PTW-SPEC-IMPORT-PDE-TP-006,非叶 PTE page fault,PDE-TP-006,13.12 PDE cache 类测试点最小矩阵,PDE-TP-006,PDE-TP-006,非叶 PTE page fault,不更新 PDE cache。,非叶 PTE page fault,Requirement Traceability,Source-side scoreboard / monitor / SVA coverage,,,,不更新 PDE cache。,P0/P1,mmu/rtl/PDE_cache.sv; mmu/rtl/L1PDE_cache.sv; mmu/rtl/L2PDE_cache.sv,doc/ptw_uvm_review/ptwspec.md:1658,Planned/Spec-Imported,PTW-Spec-Traceability-Import,doc/ptw_uvm_review/ptwspec.md,Imported from heading '13.12 PDE cache 类测试点最小矩阵'. Source row: Testpoint=PDE-TP-006 | Required scenario=非叶 PTE page fault | Expected=不更新 PDE cache。
PTW-SPEC-IMPORT-PDE-TP-007,LSU bus error,PDE-TP-007,13.12 PDE cache 类测试点最小矩阵,PDE-TP-007,PDE-TP-007,LSU bus error,不更新 PDE cache，不进入 CHK。,LSU bus error,Requirement Traceability,Source-side scoreboard / monitor / SVA coverage,,,,不更新 PDE cache，不进入 CHK。,P0/P1,mmu/rtl/PDE_cache.sv; mmu/rtl/L1PDE_cache.sv; mmu/rtl/L2PDE_cache.sv,doc/ptw_uvm_review/ptwspec.md:1659,Planned/Spec-Imported,PTW-Spec-Traceability-Import,doc/ptw_uvm_review/ptwspec.md,Imported from heading '13.12 PDE cache 类测试点最小矩阵'. Source row: Testpoint=PDE-TP-007 | Required scenario=LSU bus error | Expected=不更新 PDE cache，不进入 CHK。
PTW-SPEC-IMPORT-PDE-TP-008,abort 同拍/期间 LSU 返回非叶,PDE-TP-008,13.12 PDE cache 类测试点最小矩阵,PDE-TP-008,PDE-TP-008,abort 同拍/期间 LSU 返回非叶,不更新 PDE cache。,abort 同拍/期间 LSU 返回非叶,Requirement Traceability,Source-side scoreboard / monitor / SVA coverage,,,,不更新 PDE cache。,P0/P1,mmu/rtl/PDE_cache.sv; mmu/rtl/L1PDE_cache.sv; mmu/rtl/L2PDE_cache.sv,doc/ptw_uvm_review/ptwspec.md:1660,Planned/Spec-Imported,PTW-Spec-Traceability-Import,doc/ptw_uvm_review/ptwspec.md,Imported from heading '13.12 PDE cache 类测试点最小矩阵'. Source row: Testpoint=PDE-TP-008 | Required scenario=abort 同拍/期间 LSU 返回非叶 | Expected=不更新 PDE cache。
PTW-SPEC-IMPORT-PDE-TP-009,lookup/update 同拍同 tag,PDE-TP-009,13.12 PDE cache 类测试点最小矩阵,PDE-TP-009,PDE-TP-009,lookup/update 同拍同 tag,lookup 读旧值，update 下一拍生效。,lookup/update 同拍同 tag,Requirement Traceability,Source-side scoreboard / monitor / SVA coverage,,,,lookup 读旧值，update 下一拍生效。,P0/P1,mmu/rtl/PDE_cache.sv; mmu/rtl/L1PDE_cache.sv; mmu/rtl/L2PDE_cache.sv,doc/ptw_uvm_review/ptwspec.md:1661,Planned/Spec-Imported,PTW-Spec-Traceability-Import,doc/ptw_uvm_review/ptwspec.md,Imported from heading '13.12 PDE cache 类测试点最小矩阵'. Source row: Testpoint=PDE-TP-009 | Required scenario=lookup/update 同拍同 tag | Expected=lookup 读旧值，update 下一拍生效。
PTW-SPEC-IMPORT-PDE-TP-010,satp/PMP change,PDE-TP-010,13.12 PDE cache 类测试点最小矩阵,PDE-TP-010,PDE-TP-010,satp/PMP change,下一拍 PDE valid 清 0，不 flush in-flight；旧 in-flight walk 仍可重新 update。,satp/PMP change,Requirement Traceability,Source-side scoreboard / monitor / SVA coverage,,,,下一拍 PDE valid 清 0，不 flush in-flight；旧 in-flight walk 仍可重新 update。,P0/P1,mmu/rtl/PDE_cache.sv; mmu/rtl/L1PDE_cache.sv; mmu/rtl/L2PDE_cache.sv,doc/ptw_uvm_review/ptwspec.md:1662,Planned/Spec-Imported,PTW-Spec-Traceability-Import,doc/ptw_uvm_review/ptwspec.md,Imported from heading '13.12 PDE cache 类测试点最小矩阵'. Source row: Testpoint=PDE-TP-010 | Required scenario=satp/PMP change | Expected=下一拍 PDE valid 清 0，不 flush in-flight；旧 in-flight walk 仍可重新 update。
PTW-SPEC-IMPORT-PDE-TP-011,reset/tlboper abort,PDE-TP-011,13.12 PDE cache 类测试点最小矩阵,PDE-TP-011,PDE-TP-011,reset/tlboper abort,清 PDE cache 并 flush in-flight；abort 屏蔽 lookup/update/refill。,reset/tlboper abort,Requirement Traceability,Source-side scoreboard / monitor / SVA coverage,,,,清 PDE cache 并 flush in-flight；abort 屏蔽 lookup/update/refill。,P0/P1,mmu/rtl/PDE_cache.sv; mmu/rtl/L1PDE_cache.sv; mmu/rtl/L2PDE_cache.sv,doc/ptw_uvm_review/ptwspec.md:1663,Planned/Spec-Imported,PTW-Spec-Traceability-Import,doc/ptw_uvm_review/ptwspec.md,Imported from heading '13.12 PDE cache 类测试点最小矩阵'. Source row: Testpoint=PDE-TP-011 | Required scenario=reset/tlboper abort | Expected=清 PDE cache 并 flush in-flight；abort 屏蔽 lookup/update/refill。
PTW-SPEC-IMPORT-PDE-TP-012,PLRU hit/write/victim,PDE-TP-012,13.12 PDE cache 类测试点最小矩阵,PDE-TP-012,PDE-TP-012,PLRU hit/write/victim,命中和写入更新 PLRU；invalid entry 优先，否则使用 PLRU victim。,PLRU hit/write/victim,Requirement Traceability,Source-side scoreboard / monitor / SVA coverage,,,,命中和写入更新 PLRU；invalid entry 优先，否则使用 PLRU victim。,P0/P1,mmu/rtl/PDE_cache.sv; mmu/rtl/L1PDE_cache.sv; mmu/rtl/L2PDE_cache.sv,doc/ptw_uvm_review/ptwspec.md:1664,Planned/Spec-Imported,PTW-Spec-Traceability-Import,doc/ptw_uvm_review/ptwspec.md,Imported from heading '13.12 PDE cache 类测试点最小矩阵'. Source row: Testpoint=PDE-TP-012 | Required scenario=PLRU hit/write/victim | Expected=命中和写入更新 PLRU；invalid entry 优先，否则使用 PLRU victim。
PTW-SPEC-IMPORT-PDE-TP-013,L1 tag hit but cached PMP deny -> miss/FST path,PDE-TP-013,6. 新增 requirement traceability,PDE-TP-013,PTW-ADD-037,L1 tag hit but cached PMP deny -> miss/FST path,PTW-SVA-PDE-011,,Requirement Traceability,Source-side scoreboard / monitor / SVA coverage,PTW-SVA-PDE-011,PTW-SVA-PDE-011,PTW-ADD-037,PTW-SVA-PDE-011,P0/P1,mmu/rtl/PDE_cache.sv; mmu/rtl/L1PDE_cache.sv; mmu/rtl/L2PDE_cache.sv,doc/ptw_uvm_review/ptw_pde_cache_pmpflg_uvm_implementation_plan.md:1259,Planned/PDE-PMPFLG,PTW-PDE-PMPFLG-UVM-Plan,doc/ptw_uvm_review/ptw_pde_cache_pmpflg_uvm_implementation_plan.md,Imported from heading '6. 新增 requirement traceability'. Source row: 新 requirement=PDE-TP-013 | 设计语义=L1 tag hit but cached PMP deny -> miss/FST path | UVM 组件=pde model、monitor、ref model | Directed test=PTW-ADD-037 | SVA/Cover=PTW-SVA-PDE-011
PTW-SPEC-IMPORT-PDE-TP-014,L2 tag hit but cached L1 PMP deny -> direct accerr,PDE-TP-014,6. 新增 requirement traceability,PDE-TP-014,PTW-ADD-039,L2 tag hit but cached L1 PMP deny -> direct accerr,PTW-SVA-PDE-012/013,,Requirement Traceability,Source-side scoreboard / monitor / SVA coverage,PTW-SVA-PDE-012/013,PTW-SVA-PDE-012/013,PTW-ADD-039,PTW-SVA-PDE-012/013,P0/P1,mmu/rtl/PDE_cache.sv; mmu/rtl/L1PDE_cache.sv; mmu/rtl/L2PDE_cache.sv,doc/ptw_uvm_review/ptw_pde_cache_pmpflg_uvm_implementation_plan.md:1260,Planned/PDE-PMPFLG,PTW-PDE-PMPFLG-UVM-Plan,doc/ptw_uvm_review/ptw_pde_cache_pmpflg_uvm_implementation_plan.md,Imported from heading '6. 新增 requirement traceability'. Source row: 新 requirement=PDE-TP-014 | 设计语义=L2 tag hit but cached L1 PMP deny -> direct accerr | UVM 组件=pde model、ref model、SB no-extra-LSU | Directed test=PTW-ADD-039 | SVA/Cover=PTW-SVA-PDE-012/013
PTW-SPEC-IMPORT-PDE-TP-015,L2 tag hit but cached L2 PMP deny -> direct accerr,PDE-TP-015,6. 新增 requirement traceability,PDE-TP-015,PTW-ADD-040,L2 tag hit but cached L2 PMP deny -> direct accerr,PTW-SVA-PDE-012/013,,Requirement Traceability,Source-side scoreboard / monitor / SVA coverage,PTW-SVA-PDE-012/013,PTW-SVA-PDE-012/013,PTW-ADD-040,PTW-SVA-PDE-012/013,P0/P1,mmu/rtl/PDE_cache.sv; mmu/rtl/L1PDE_cache.sv; mmu/rtl/L2PDE_cache.sv,doc/ptw_uvm_review/ptw_pde_cache_pmpflg_uvm_implementation_plan.md:1261,Planned/PDE-PMPFLG,PTW-PDE-PMPFLG-UVM-Plan,doc/ptw_uvm_review/ptw_pde_cache_pmpflg_uvm_implementation_plan.md,Imported from heading '6. 新增 requirement traceability'. Source row: 新 requirement=PDE-TP-015 | 设计语义=L2 tag hit but cached L2 PMP deny -> direct accerr | UVM 组件=pde model、ref model、SB no-extra-LSU | Directed test=PTW-ADD-040 | SVA/Cover=PTW-SVA-PDE-012/013
PTW-SPEC-IMPORT-PDE-TP-016,FST/SCD/THD pmpflg propagation,PDE-TP-016,6. 新增 requirement traceability,PDE-TP-016,PTW-ADD-041,FST/SCD/THD pmpflg propagation,PTW-SVA-PDE-015,,Requirement Traceability,Source-side scoreboard / monitor / SVA coverage,PTW-SVA-PDE-015,PTW-SVA-PDE-015,PTW-ADD-041,PTW-SVA-PDE-015,P0/P1,mmu/rtl/PDE_cache.sv; mmu/rtl/L1PDE_cache.sv; mmu/rtl/L2PDE_cache.sv,doc/ptw_uvm_review/ptw_pde_cache_pmpflg_uvm_implementation_plan.md:1262,Planned/PDE-PMPFLG,PTW-PDE-PMPFLG-UVM-Plan,doc/ptw_uvm_review/ptw_pde_cache_pmpflg_uvm_implementation_plan.md,Imported from heading '6. 新增 requirement traceability'. Source row: 新 requirement=PDE-TP-016 | 设计语义=FST/SCD/THD pmpflg propagation | UVM 组件=monitor、ref model update compare | Directed test=PTW-ADD-041 | SVA/Cover=PTW-SVA-PDE-015
PTW-SPEC-IMPORT-PDE-TP-017,PDE direct accerr type/id and priority,PDE-TP-017,6. 新增 requirement traceability,PDE-TP-017,PTW-ADD-042,PDE direct accerr type/id and priority,PTW-SVA-PDE-017、PTW-SVA-ARB-010,,Requirement Traceability,Source-side scoreboard / monitor / SVA coverage,PTW-SVA-PDE-017、PTW-SVA-ARB-010,PTW-SVA-PDE-017、PTW-SVA-ARB-010,PTW-ADD-042,PTW-SVA-PDE-017、PTW-SVA-ARB-010,P0/P1,mmu/rtl/PDE_cache.sv; mmu/rtl/L1PDE_cache.sv; mmu/rtl/L2PDE_cache.sv,doc/ptw_uvm_review/ptw_pde_cache_pmpflg_uvm_implementation_plan.md:1263,Planned/PDE-PMPFLG,PTW-PDE-PMPFLG-UVM-Plan,doc/ptw_uvm_review/ptw_pde_cache_pmpflg_uvm_implementation_plan.md,Imported from heading '6. 新增 requirement traceability'. Source row: 新 requirement=PDE-TP-017 | 设计语义=PDE direct accerr type/id and priority | UVM 组件=ref model、SB、arb SVA | Directed test=PTW-ADD-042 | SVA/Cover=PTW-SVA-PDE-017、PTW-SVA-ARB-010
PTW-SPEC-IMPORT-PDE-TP-018,effective M-mode bit3 lock matrix,PDE-TP-018,6. 新增 requirement traceability,PDE-TP-018,PTW-ADD-043,effective M-mode bit3 lock matrix,top-level source unreachable under corrected spec; lower-level evidence required,,Requirement Traceability,Source-side scoreboard / monitor / SVA coverage,top-level source unreachable under corrected spec; lower-level evidence required,top-level source unreachable under corrected spec; lower-level evidence required,PTW-ADD-043,top-level source unreachable under corrected spec; lower-level evidence required,P0/P1,mmu/rtl/PDE_cache.sv; mmu/rtl/L1PDE_cache.sv; mmu/rtl/L2PDE_cache.sv,doc/ptw_uvm_review/ptw_pde_cache_pmpflg_uvm_implementation_plan.md:1264,Planned/PDE-PMPFLG,PTW-PDE-PMPFLG-UVM-Plan,doc/ptw_uvm_review/ptw_pde_cache_pmpflg_uvm_implementation_plan.md,Imported from heading '6. 新增 requirement traceability'. Source row: 新 requirement=PDE-TP-018 | 设计语义=effective M-mode bit3 lock matrix | UVM 组件=pde pmp allow helper | Directed test=PTW-ADD-043 | SVA/Cover=top-level source unreachable under corrected spec; lower-level evidence required
PTW-SPEC-IMPORT-PDE-TP-019,L2 direct accerr valid/request gate,PDE-TP-019,6. 新增 requirement traceability,PDE-TP-019,PTW-ADD-044,L2 direct accerr valid/request gate,PTW-SVA-PDE-014,,Requirement Traceability,Source-side scoreboard / monitor / SVA coverage,PTW-SVA-PDE-014,PTW-SVA-PDE-014,PTW-ADD-044,PTW-SVA-PDE-014,P0/P1,mmu/rtl/PDE_cache.sv; mmu/rtl/L1PDE_cache.sv; mmu/rtl/L2PDE_cache.sv,doc/ptw_uvm_review/ptw_pde_cache_pmpflg_uvm_implementation_plan.md:1265,Planned/PDE-PMPFLG,PTW-PDE-PMPFLG-UVM-Plan,doc/ptw_uvm_review/ptw_pde_cache_pmpflg_uvm_implementation_plan.md,Imported from heading '6. 新增 requirement traceability'. Source row: 新 requirement=PDE-TP-019 | 设计语义=L2 direct accerr valid/request gate | UVM 组件=monitor、SVA | Directed test=PTW-ADD-044 | SVA/Cover=PTW-SVA-PDE-014
PTW-SPEC-IMPORT-PTW-034,test_satp_multi_switch_stress,PTW-034,13.6 现有 PTW 相关 UVM 测试点归属,PTW-034,test_satp_multi_switch_stress,test_satp_multi_switch_stress,test_satp_multi_switch_stress,,Directed/Traceability,Source-side scoreboard / monitor / SVA coverage,,,test_satp_multi_switch_stress,test_satp_multi_switch_stress,P1,mmu/rtl/ptw.sv; mmu/rtl/twu.sv; mmu/rtl/ptw_mbuf.sv; mmu/rtl/PDE_cache.sv,doc/ptw_uvm_review/ptwspec.md:1472,modify,PTW-Spec-Traceability-Import,doc/ptw_uvm_review/ptwspec.md,Imported from heading '13.6 现有 PTW 相关 UVM 测试点归属'. Source row: Legacy ID=PTW-034 | 旧测试点=test_satp_multi_switch_stress | 本文归属=modify | 必须修正/关闭方向=只能作为 stress；需绑定 satp clear-only/abort/context cover bins 后关闭。
PTW-SPEC-IMPORT-PTW-ADD-001,leaf PTE RSW[1:0] != 0，其它权限合法；MAEE=0/1 各至少一组。,PTW-ADD-001,13.9 必须新增的 PTW directed 测试点,PTW-ADD-001,test_ptw_pte_rsw_no_fault_flg_001,leaf PTE RSW[1:0] != 0，其它权限合法；MAEE=0/1 各至少一组。,不产生 page/access fault；refill data flg 包含 RSW；RSW 不影响 global/tag。,leaf PTE RSW[1:0] != 0，其它权限合法；MAEE=0/1 各至少一组。,Directed,Source-side scoreboard / monitor / SVA coverage,,,test_ptw_pte_rsw_no_fault_flg_001,不产生 page/access fault；refill data flg 包含 RSW；RSW 不影响 global/tag。,P0,mmu/rtl/ptw.sv; mmu/rtl/twu.sv; mmu/rtl/ptw_mbuf.sv; mmu/rtl/PDE_cache.sv,doc/ptw_uvm_review/ptwspec.md:1541,Planned/Spec-Imported,PTW-Spec-Traceability-Import,doc/ptw_uvm_review/ptwspec.md,"Imported from heading '13.9 必须新增的 PTW directed 测试点'. Source row: Testpoint ID=PTW-ADD-001 | 建议测试名=test_ptw_pte_rsw_no_fault_flg_001 | Spec 来源=§1.4, §6.4 | 必须驱动的场景=leaf PTE RSW[1:0] != 0，其它权限合法；MAEE=0/1 各至少一组。 | Expected behavior / 必须观察点=不产生 page/access fault；refill data flg 包含 RSW；RSW 不影响 global/tag。 | 优先级=P0"
PTW-SPEC-IMPORT-PTW-ADD-002,PTE[58:38] 非零，覆盖 leaf/non-leaf、MAEE=0/1。,PTW-ADD-002,13.9 必须新增的 PTW directed 测试点,PTW-ADD-002,test_ptw_pte_high_reserved_ignored_001,PTE[58:38] 非零，覆盖 leaf/non-leaf、MAEE=0/1。,不因 high reserved bits fault；MAEE=0 时扩展属性仍被 sysmap 覆盖。,PTE[58:38] 非零，覆盖 leaf/non-leaf、MAEE=0/1。,Directed,Source-side scoreboard / monitor / SVA coverage,,,test_ptw_pte_high_reserved_ignored_001,不因 high reserved bits fault；MAEE=0 时扩展属性仍被 sysmap 覆盖。,P0,mmu/rtl/ptw.sv; mmu/rtl/twu.sv; mmu/rtl/ptw_mbuf.sv; mmu/rtl/PDE_cache.sv,doc/ptw_uvm_review/ptwspec.md:1542,Planned/Spec-Imported,PTW-Spec-Traceability-Import,doc/ptw_uvm_review/ptwspec.md,"Imported from heading '13.9 必须新增的 PTW directed 测试点'. Source row: Testpoint ID=PTW-ADD-002 | 建议测试名=test_ptw_pte_high_reserved_ignored_001 | Spec 来源=§1.3, §6.4 | 必须驱动的场景=PTE[58:38] 非零，覆盖 leaf/non-leaf、MAEE=0/1。 | Expected behavior / 必须观察点=不因 high reserved bits fault；MAEE=0 时扩展属性仍被 sysmap 覆盖。 | 优先级=P0"
PTW-SPEC-IMPORT-PTW-ADD-003,非叶 G=1/leaf G=0，另组 leaf G=1，覆盖 PDE hit path。,PTW-ADD-003,13.9 必须新增的 PTW directed 测试点,PTW-ADD-003,test_ptw_pte_g_leaf_only_001,非叶 G=1/leaf G=0，另组 leaf G=1，覆盖 PDE hit path。,global 只等于 leaf G；raw G 不进入 data flg；PDE cache 不存 G。,非叶 G=1/leaf G=0，另组 leaf G=1，覆盖 PDE hit path。,Directed,Source-side scoreboard / monitor / SVA coverage,,,test_ptw_pte_g_leaf_only_001,global 只等于 leaf G；raw G 不进入 data flg；PDE cache 不存 G。,P0,mmu/rtl/ptw.sv; mmu/rtl/twu.sv; mmu/rtl/ptw_mbuf.sv; mmu/rtl/PDE_cache.sv,doc/ptw_uvm_review/ptwspec.md:1543,Planned/Spec-Imported,PTW-Spec-Traceability-Import,doc/ptw_uvm_review/ptwspec.md,"Imported from heading '13.9 必须新增的 PTW directed 测试点'. Source row: Testpoint ID=PTW-ADD-003 | 建议测试名=test_ptw_pte_g_leaf_only_001 | Spec 来源=§2.2, §3.1 | 必须驱动的场景=非叶 G=1/leaf G=0，另组 leaf G=1，覆盖 PDE hit path。 | Expected behavior / 必须观察点=global 只等于 leaf G；raw G 不进入 data flg；PDE cache 不存 G。 | 优先级=P0"
PTW-SPEC-IMPORT-PTW-ADD-004,fetch/load/store/PFU 成功 walk，覆盖 1G/2M/4K。,PTW-ADD-004,13.9 必须新增的 PTW directed 测试点,PTW-ADD-004,test_ptw_req_type_success_targets_001,fetch/load/store/PFU 成功 walk，覆盖 1G/2M/4K。,fetch refill L1ITLB+L2TLB；load/store refill L1DTLB+L2TLB；PFU 只 refill L2TLB；type/id 正确释放源 MB。,fetch/load/store/PFU 成功 walk，覆盖 1G/2M/4K。,Directed,Source-side scoreboard / monitor / SVA coverage,,,test_ptw_req_type_success_targets_001,fetch refill L1ITLB+L2TLB；load/store refill L1DTLB+L2TLB；PFU 只 refill L2TLB；type/id 正确释放源 MB。,P0,mmu/rtl/ptw.sv; mmu/rtl/twu.sv; mmu/rtl/ptw_mbuf.sv; mmu/rtl/PDE_cache.sv,doc/ptw_uvm_review/ptwspec.md:1544,Planned/Spec-Imported,PTW-Spec-Traceability-Import,doc/ptw_uvm_review/ptwspec.md,Imported from heading '13.9 必须新增的 PTW directed 测试点'. Source row: Testpoint ID=PTW-ADD-004 | 建议测试名=test_ptw_req_type_success_targets_001 | Spec 来源=§2.1-2.2 | 必须驱动的场景=fetch/load/store/PFU 成功 walk，覆盖 1G/2M/4K。 | Expected behavior / 必须观察点=fetch refill L1ITLB+L2TLB；load/store refill L1DTLB+L2TLB；PFU 只 refill L2TLB；type/id 正确释放源 MB。 | 优先级=P0
PTW-SPEC-IMPORT-PTW-ADD-005,四类 type 分别触发 page fault 和 access fault。,PTW-ADD-005,13.9 必须新增的 PTW directed 测试点,PTW-ADD-005,test_ptw_req_type_exception_targets_001,四类 type 分别触发 page fault 和 access fault。,异常只携带 fault class + type/id；PFU 异常返回 L2TLB 后由 L2TLB 上报 prefetch；IUTLB id[2:0] 忽略。,四类 type 分别触发 page fault 和 access fault。,Directed,Source-side scoreboard / monitor / SVA coverage,,,test_ptw_req_type_exception_targets_001,异常只携带 fault class + type/id；PFU 异常返回 L2TLB 后由 L2TLB 上报 prefetch；IUTLB id[2:0] 忽略。,P0,mmu/rtl/ptw.sv; mmu/rtl/twu.sv; mmu/rtl/ptw_mbuf.sv; mmu/rtl/PDE_cache.sv,doc/ptw_uvm_review/ptwspec.md:1545,Planned/Spec-Imported,PTW-Spec-Traceability-Import,doc/ptw_uvm_review/ptwspec.md,"Imported from heading '13.9 必须新增的 PTW directed 测试点'. Source row: Testpoint ID=PTW-ADD-005 | 建议测试名=test_ptw_req_type_exception_targets_001 | Spec 来源=§2.3, §12.21 | 必须驱动的场景=四类 type 分别触发 page fault 和 access fault。 | Expected behavior / 必须观察点=异常只携带 fault class + type/id；PFU 异常返回 L2TLB 后由 L2TLB 上报 prefetch；IUTLB id[2:0] 忽略。 | 优先级=P0"
PTW-SPEC-IMPORT-PTW-ADD-006,同拍存在 access fault、page fault、normal refill 候选；多个 type/id 可乱序完成。,PTW-ADD-006,13.9 必须新增的 PTW directed 测试点,PTW-ADD-006,test_ptw_return_priority_type_id_001,同拍存在 access fault、page fault、normal refill 候选；多个 type/id 可乱序完成。,顶层输出 access fault > page fault > normal refill；scoreboard 按 type+id 最终匹配，不按请求顺序或固定延迟。,同拍存在 access fault、page fault、normal refill 候选；多个 type/id 可乱序完成。,Directed,Source-side scoreboard / monitor / SVA coverage,,,test_ptw_return_priority_type_id_001,顶层输出 access fault > page fault > normal refill；scoreboard 按 type+id 最终匹配，不按请求顺序或固定延迟。,P1,mmu/rtl/ptw.sv; mmu/rtl/twu.sv; mmu/rtl/ptw_mbuf.sv; mmu/rtl/PDE_cache.sv,doc/ptw_uvm_review/ptwspec.md:1546,Planned/Spec-Imported,PTW-Spec-Traceability-Import,doc/ptw_uvm_review/ptwspec.md,"Imported from heading '13.9 必须新增的 PTW directed 测试点'. Source row: Testpoint ID=PTW-ADD-006 | 建议测试名=test_ptw_return_priority_type_id_001 | Spec 来源=§2.3, §9 | 必须驱动的场景=同拍存在 access fault、page fault、normal refill 候选；多个 type/id 可乱序完成。 | Expected behavior / 必须观察点=顶层输出 access fault > page fault > normal refill；scoreboard 按 type+id 最终匹配，不按请求顺序或固定延迟。 | 优先级=P1"
PTW-SPEC-IMPORT-PTW-ADD-007,第一级和第二级 PDE cache 同时 hit。,PTW-ADD-007,13.9 必须新增的 PTW directed 测试点,PTW-ADD-007,test_ptw_pde_cache_double_hit_l2_wins_001,第一级和第二级 PDE cache 同时 hit。,选择第二级，跳过 fst/scd，直接进入 thd；最终 4K refill；不使用一级命中 PPN。,第一级和第二级 PDE cache 同时 hit。,Directed,Source-side scoreboard / monitor / SVA coverage,,,test_ptw_pde_cache_double_hit_l2_wins_001,选择第二级，跳过 fst/scd，直接进入 thd；最终 4K refill；不使用一级命中 PPN。,P0,mmu/rtl/ptw.sv; mmu/rtl/twu.sv; mmu/rtl/ptw_mbuf.sv; mmu/rtl/PDE_cache.sv,doc/ptw_uvm_review/ptwspec.md:1547,Planned/Spec-Imported,PTW-Spec-Traceability-Import,doc/ptw_uvm_review/ptwspec.md,"Imported from heading '13.9 必须新增的 PTW directed 测试点'. Source row: Testpoint ID=PTW-ADD-007 | 建议测试名=test_ptw_pde_cache_double_hit_l2_wins_001 | Spec 来源=§3.2, §12.17 | 必须驱动的场景=第一级和第二级 PDE cache 同时 hit。 | Expected behavior / 必须观察点=选择第二级，跳过 fst/scd，直接进入 thd；最终 4K refill；不使用一级命中 PPN。 | 优先级=P0"
PTW-SPEC-IMPORT-PTW-ADD-008,同周期 lookup 和 update 同 tag。,PTW-ADD-008,13.9 必须新增的 PTW directed 测试点,PTW-ADD-008,test_ptw_pde_cache_lookup_update_race_001,同周期 lookup 和 update 同 tag。,lookup 看到旧值，update 下一拍可见；由 monitor/SVA 检查。,同周期 lookup 和 update 同 tag。,Directed,Source-side scoreboard / monitor / SVA coverage,,,test_ptw_pde_cache_lookup_update_race_001,lookup 看到旧值，update 下一拍可见；由 monitor/SVA 检查。,P1,mmu/rtl/ptw.sv; mmu/rtl/twu.sv; mmu/rtl/ptw_mbuf.sv; mmu/rtl/PDE_cache.sv,doc/ptw_uvm_review/ptwspec.md:1548,Planned/Spec-Imported,PTW-Spec-Traceability-Import,doc/ptw_uvm_review/ptwspec.md,"Imported from heading '13.9 必须新增的 PTW directed 测试点'. Source row: Testpoint ID=PTW-ADD-008 | 建议测试名=test_ptw_pde_cache_lookup_update_race_001 | Spec 来源=§3.3, §13.2 | 必须驱动的场景=同周期 lookup 和 update 同 tag。 | Expected behavior / 必须观察点=lookup 看到旧值，update 下一拍可见；由 monitor/SVA 检查。 | 优先级=P1"
PTW-SPEC-IMPORT-PTW-ADD-009,非叶 no fault、非叶 page fault、leaf、LSU bus error、abort 返回。,PTW-ADD-009,13.9 必须新增的 PTW directed 测试点,PTW-ADD-009,test_ptw_pde_cache_update_condition_001,非叶 no fault、非叶 page fault、leaf、LSU bus error、abort 返回。,只有非叶且无 page fault、未被 reset/abort/flush 屏蔽时 update；leaf/thd leaf/bus error/page fault/abort 不 update。,非叶 no fault、非叶 page fault、leaf、LSU bus error、abort 返回。,Directed,Source-side scoreboard / monitor / SVA coverage,,,test_ptw_pde_cache_update_condition_001,只有非叶且无 page fault、未被 reset/abort/flush 屏蔽时 update；leaf/thd leaf/bus error/page fault/abort 不 update。,P0,mmu/rtl/ptw.sv; mmu/rtl/twu.sv; mmu/rtl/ptw_mbuf.sv; mmu/rtl/PDE_cache.sv,doc/ptw_uvm_review/ptwspec.md:1549,Planned/Spec-Imported,PTW-Spec-Traceability-Import,doc/ptw_uvm_review/ptwspec.md,Imported from heading '13.9 必须新增的 PTW directed 测试点'. Source row: Testpoint ID=PTW-ADD-009 | 建议测试名=test_ptw_pde_cache_update_condition_001 | Spec 来源=§3.3 | 必须驱动的场景=非叶 no fault、非叶 page fault、leaf、LSU bus error、abort 返回。 | Expected behavior / 必须观察点=只有非叶且无 page fault、未被 reset/abort/flush 屏蔽时 update；leaf/thd leaf/bus error/page fault/abort 不 update。 | 优先级=P0
PTW-SPEC-IMPORT-PTW-ADD-010,satp 任意字段改变、PMP 配置改变发生在 in-flight walk 中。,PTW-ADD-010,13.9 必须新增的 PTW directed 测试点,PTW-ADD-010,test_ptw_pde_cache_satp_pmp_clear_no_abort_001,satp 任意字段改变、PMP 配置改变发生在 in-flight walk 中。,下一拍 PDE entry valid 清 0；不 flush TWU/mbuf/refill/expt；旧 walk 后续非叶 no-fault 允许重新 update。,satp 任意字段改变、PMP 配置改变发生在 in-flight walk 中。,Directed,Source-side scoreboard / monitor / SVA coverage,,,test_ptw_pde_cache_satp_pmp_clear_no_abort_001,下一拍 PDE entry valid 清 0；不 flush TWU/mbuf/refill/expt；旧 walk 后续非叶 no-fault 允许重新 update。,P0,mmu/rtl/ptw.sv; mmu/rtl/twu.sv; mmu/rtl/ptw_mbuf.sv; mmu/rtl/PDE_cache.sv,doc/ptw_uvm_review/ptwspec.md:1550,Planned/Spec-Imported,PTW-Spec-Traceability-Import,doc/ptw_uvm_review/ptwspec.md,"Imported from heading '13.9 必须新增的 PTW directed 测试点'. Source row: Testpoint ID=PTW-ADD-010 | 建议测试名=test_ptw_pde_cache_satp_pmp_clear_no_abort_001 | Spec 来源=§3.4, §11.2-11.3, §12.22 | 必须驱动的场景=satp 任意字段改变、PMP 配置改变发生在 in-flight walk 中。 | Expected behavior / 必须观察点=下一拍 PDE entry valid 清 0；不 flush TWU/mbuf/refill/expt；旧 walk 后续非叶 no-fault 允许重新 update。 | 优先级=P0"
PTW-SPEC-IMPORT-PTW-ADD-011,reset、tlboper_ptw_abort、satp change、PMP change 四类事件。,PTW-ADD-011,13.9 必须新增的 PTW directed 测试点,PTW-ADD-011,test_ptw_pde_cache_abort_reset_matrix_001,reset、tlboper_ptw_abort、satp change、PMP change 四类事件。,reset/abort 清 PDE 并 flush in-flight；satp/PMP 只清 PDE；abort 阻止 lookup/update/refill。,reset、tlboper_ptw_abort、satp change、PMP change 四类事件。,Directed,Source-side scoreboard / monitor / SVA coverage,,,test_ptw_pde_cache_abort_reset_matrix_001,reset/abort 清 PDE 并 flush in-flight；satp/PMP 只清 PDE；abort 阻止 lookup/update/refill。,P0,mmu/rtl/ptw.sv; mmu/rtl/twu.sv; mmu/rtl/ptw_mbuf.sv; mmu/rtl/PDE_cache.sv,doc/ptw_uvm_review/ptwspec.md:1551,Planned/Spec-Imported,PTW-Spec-Traceability-Import,doc/ptw_uvm_review/ptwspec.md,"Imported from heading '13.9 必须新增的 PTW directed 测试点'. Source row: Testpoint ID=PTW-ADD-011 | 建议测试名=test_ptw_pde_cache_abort_reset_matrix_001 | Spec 来源=§3.4, §11.1, §11.4 | 必须驱动的场景=reset、tlboper_ptw_abort、satp change、PMP change 四类事件。 | Expected behavior / 必须观察点=reset/abort 清 PDE 并 flush in-flight；satp/PMP 只清 PDE；abort 阻止 lookup/update/refill。 | 优先级=P0"
PTW-SPEC-IMPORT-PTW-ADD-012,hash 目标 TWU not ready，覆盖单目标 mask、四路全 mask、非目标 TWU mask 不影响当前 hash 请求，L2TLB valid 保持多拍。,PTW-ADD-012,13.9 必须新增的 PTW directed 测试点,PTW-ADD-012,test_ptw_xbar_hash_ready_hold_001,hash 目标 TWU not ready，覆盖单目标 mask、四路全 mask、非目标 TWU mask 不影响当前 hash 请求，L2TLB valid 保持多拍。,hash 目标被 mask 时 PTW ready 拉低；非 hash 目标 mask 时当前请求可被 accept；L2TLB vpn/type/id 稳定；unmask 后同一请求被 accept；目标 TWU 符合 hash。,hash 目标 TWU not ready，覆盖单目标 mask、四路全 mask、非目标 TWU mask 不影响当前 hash 请求，L2TLB valid 保持多拍。,Directed,Source-side scoreboard / monitor / SVA coverage,,,test_ptw_xbar_hash_ready_hold_001,hash 目标被 mask 时 PTW ready 拉低；非 hash 目标 mask 时当前请求可被 accept；L2TLB vpn/type/id 稳定；unmask 后同一请求被 accept；目标 TWU 符合 hash。,P0,mmu/rtl/ptw.sv; mmu/rtl/twu.sv; mmu/rtl/ptw_mbuf.sv; mmu/rtl/PDE_cache.sv,doc/ptw_uvm_review/ptwspec.md:1552,Planned/Spec-Imported,PTW-Spec-Traceability-Import,doc/ptw_uvm_review/ptwspec.md,"Imported from heading '13.9 必须新增的 PTW directed 测试点'. Source row: Testpoint ID=PTW-ADD-012 | 建议测试名=test_ptw_xbar_hash_ready_hold_001 | Spec 来源=§4, §13.2 | 必须驱动的场景=hash 目标 TWU not ready，覆盖单目标 mask、四路全 mask、非目标 TWU mask 不影响当前 hash 请求，L2TLB valid 保持多拍。 | Expected behavior / 必须观察点=hash 目标被 mask 时 PTW ready 拉低；非 hash 目标 mask 时当前请求可被 accept；L2TLB vpn/type/id 稳定；unmask 后同一请求被 accept；目标 TWU 符合 hash。 | 优先级=P0"
PTW-SPEC-IMPORT-PTW-ADD-013,fst/scd/thd 分别 PMP deny。,PTW-ADD-013,13.9 必须新增的 PTW directed 测试点,PTW-ADD-013,test_ptw_pmp_deny_by_level_no_lsu_001,fst/scd/thd 分别 PMP deny。,不写 mbuf、不发 LSU、不进 CHK、不 page fault、不 refill；最终 access fault 携带 type/id。,fst/scd/thd 分别 PMP deny。,Directed,Source-side scoreboard / monitor / SVA coverage,,,test_ptw_pmp_deny_by_level_no_lsu_001,不写 mbuf、不发 LSU、不进 CHK、不 page fault、不 refill；最终 access fault 携带 type/id。,P0,mmu/rtl/ptw.sv; mmu/rtl/twu.sv; mmu/rtl/ptw_mbuf.sv; mmu/rtl/PDE_cache.sv,doc/ptw_uvm_review/ptwspec.md:1553,Planned/Spec-Imported,PTW-Spec-Traceability-Import,doc/ptw_uvm_review/ptwspec.md,"Imported from heading '13.9 必须新增的 PTW directed 测试点'. Source row: Testpoint ID=PTW-ADD-013 | 建议测试名=test_ptw_pmp_deny_by_level_no_lsu_001 | Spec 来源=§5.1, §12.9-12.11 | 必须驱动的场景=fst/scd/thd 分别 PMP deny。 | Expected behavior / 必须观察点=不写 mbuf、不发 LSU、不进 CHK、不 page fault、不 refill；最终 access fault 携带 type/id。 | 优先级=P0"
PTW-SPEC-IMPORT-PTW-ADD-014,fetch/load/store/PFU 的 PMP flg 分别 deny/allow。,PTW-ADD-014,13.9 必须新增的 PTW directed 测试点,PTW-ADD-014,test_ptw_pmp_original_type_perm_001,fetch/load/store/PFU 的 PMP flg 分别 deny/allow。,fetch 看 X；load/PFU 看 R；store 看 W；effective M 且 L=0 bypass，L=1 仍按权限判断。,fetch/load/store/PFU 的 PMP flg 分别 deny/allow。,Directed,Source-side scoreboard / monitor / SVA coverage,,,test_ptw_pmp_original_type_perm_001,fetch 看 X；load/PFU 看 R；store 看 W；effective M 且 L=0 bypass，L=1 仍按权限判断。,P0,mmu/rtl/ptw.sv; mmu/rtl/twu.sv; mmu/rtl/ptw_mbuf.sv; mmu/rtl/PDE_cache.sv,doc/ptw_uvm_review/ptwspec.md:1554,Planned/Spec-Imported,PTW-Spec-Traceability-Import,doc/ptw_uvm_review/ptwspec.md,Imported from heading '13.9 必须新增的 PTW directed 测试点'. Source row: Testpoint ID=PTW-ADD-014 | 建议测试名=test_ptw_pmp_original_type_perm_001 | Spec 来源=§5.1 | 必须驱动的场景=fetch/load/store/PFU 的 PMP flg 分别 deny/allow。 | Expected behavior / 必须观察点=fetch 看 X；load/PFU 看 R；store 看 W；effective M 且 L=0 bypass，L=1 仍按权限判断。 | 优先级=P0
PTW-SPEC-IMPORT-PTW-ADD-015,load/store/PFU，MPRV=1 && MPP=M；fetch 同时设置 MPRV。,PTW-ADD-015,13.9 必须新增的 PTW directed 测试点,PTW-ADD-015,test_ptw_mprv_mpp_m_no_ptw_fetch_real_priv_001,load/store/PFU，MPRV=1 && MPP=M；fetch 同时设置 MPRV。,data/PFU direct-map 且无 PTW source request；fetch 忽略 MPRV、按真实流水线 privilege 判断是否进入 PTW。,load/store/PFU，MPRV=1 && MPP=M；fetch 同时设置 MPRV。,Directed,Source-side scoreboard / monitor / SVA coverage,,,test_ptw_mprv_mpp_m_no_ptw_fetch_real_priv_001,data/PFU direct-map 且无 PTW source request；fetch 忽略 MPRV、按真实流水线 privilege 判断是否进入 PTW。,P0,mmu/rtl/ptw.sv; mmu/rtl/twu.sv; mmu/rtl/ptw_mbuf.sv; mmu/rtl/PDE_cache.sv,doc/ptw_uvm_review/ptwspec.md:1555,Planned/Spec-Imported,PTW-Spec-Traceability-Import,doc/ptw_uvm_review/ptwspec.md,"Imported from heading '13.9 必须新增的 PTW directed 测试点'. Source row: Testpoint ID=PTW-ADD-015 | 建议测试名=test_ptw_mprv_mpp_m_no_ptw_fetch_real_priv_001 | Spec 来源=§7, §12.23 | 必须驱动的场景=load/store/PFU，MPRV=1 && MPP=M；fetch 同时设置 MPRV。 | Expected behavior / 必须观察点=data/PFU direct-map 且无 PTW source request；fetch 忽略 MPRV、按真实流水线 privilege 判断是否进入 PTW。 | 优先级=P0"
PTW-SPEC-IMPORT-PTW-ADD-016,"fst/scd/thd 非叶 R=0,X=0，覆盖 V=0、write-only、合法 pointer。",PTW-ADD-016,13.9 必须新增的 PTW directed 测试点,PTW-ADD-016,test_ptw_nonleaf_rule_by_level_001,"fst/scd/thd 非叶 R=0,X=0，覆盖 V=0、write-only、合法 pointer。",fst/scd 合法 pointer 继续下一级；V=0/write-only page fault；thd 仍非叶 page fault。,"fst/scd/thd 非叶 R=0,X=0，覆盖 V=0、write-only、合法 pointer。",Directed,Source-side scoreboard / monitor / SVA coverage,,,test_ptw_nonleaf_rule_by_level_001,fst/scd 合法 pointer 继续下一级；V=0/write-only page fault；thd 仍非叶 page fault。,P0,mmu/rtl/ptw.sv; mmu/rtl/twu.sv; mmu/rtl/ptw_mbuf.sv; mmu/rtl/PDE_cache.sv,doc/ptw_uvm_review/ptwspec.md:1556,Planned/Spec-Imported,PTW-Spec-Traceability-Import,doc/ptw_uvm_review/ptwspec.md,"Imported from heading '13.9 必须新增的 PTW directed 测试点'. Source row: Testpoint ID=PTW-ADD-016 | 建议测试名=test_ptw_nonleaf_rule_by_level_001 | Spec 来源=§6.1-6.2 | 必须驱动的场景=fst/scd/thd 非叶 R=0,X=0，覆盖 V=0、write-only、合法 pointer。 | Expected behavior / 必须观察点=fst/scd 合法 pointer 继续下一级；V=0/write-only page fault；thd 仍非叶 page fault。 | 优先级=P0"
PTW-SPEC-IMPORT-PTW-ADD-017,"W=1,R=0,X=0/1,MXR=0/1 组合，fetch/load/store/PFU。",PTW-ADD-017,13.9 必须新增的 PTW directed 测试点,PTW-ADD-017,test_ptw_write_only_mxr_matrix_001,"W=1,R=0,X=0/1,MXR=0/1 组合，fetch/load/store/PFU。","只在 W && !(R || (MXR && X)) 时触发 write-only fault；W=1,R=0,X=1,MXR=1 不因 write-only fault 失败，后续按 access type 权限检查。","W=1,R=0,X=0/1,MXR=0/1 组合，fetch/load/store/PFU。",Directed,Source-side scoreboard / monitor / SVA coverage,,,test_ptw_write_only_mxr_matrix_001,"只在 W && !(R || (MXR && X)) 时触发 write-only fault；W=1,R=0,X=1,MXR=1 不因 write-only fault 失败，后续按 access type 权限检查。",P0,mmu/rtl/ptw.sv; mmu/rtl/twu.sv; mmu/rtl/ptw_mbuf.sv; mmu/rtl/PDE_cache.sv,doc/ptw_uvm_review/ptwspec.md:1557,Planned/Spec-Imported,PTW-Spec-Traceability-Import,doc/ptw_uvm_review/ptwspec.md,"Imported from heading '13.9 必须新增的 PTW directed 测试点'. Source row: Testpoint ID=PTW-ADD-017 | 建议测试名=test_ptw_write_only_mxr_matrix_001 | Spec 来源=§6.3 | 必须驱动的场景=W=1,R=0,X=0/1,MXR=0/1 组合，fetch/load/store/PFU。 | Expected behavior / 必须观察点=只在 W && !(R || (MXR && X)) 时触发 write-only fault；W=1,R=0,X=1,MXR=1 不因 write-only fault 失败，后续按 access type 权限检查。 | 优先级=P0"
PTW-SPEC-IMPORT-PTW-ADD-018,load R/MXR/X、store W/D、fetch X、PFU 独立规则。,PTW-ADD-018,13.9 必须新增的 PTW directed 测试点,PTW-ADD-018,test_ptw_leaf_access_perm_matrix_001,load R/MXR/X、store W/D、fetch X、PFU 独立规则。,load 需 R 或 MXR&&X；store 需 W 和 D；fetch 需 X；PFU 不需 R/MXR/X/D 但需 A。,load R/MXR/X、store W/D、fetch X、PFU 独立规则。,Directed,Source-side scoreboard / monitor / SVA coverage,,,test_ptw_leaf_access_perm_matrix_001,load 需 R 或 MXR&&X；store 需 W 和 D；fetch 需 X；PFU 不需 R/MXR/X/D 但需 A。,P0,mmu/rtl/ptw.sv; mmu/rtl/twu.sv; mmu/rtl/ptw_mbuf.sv; mmu/rtl/PDE_cache.sv,doc/ptw_uvm_review/ptwspec.md:1558,Planned/Spec-Imported,PTW-Spec-Traceability-Import,doc/ptw_uvm_review/ptwspec.md,Imported from heading '13.9 必须新增的 PTW directed 测试点'. Source row: Testpoint ID=PTW-ADD-018 | 建议测试名=test_ptw_leaf_access_perm_matrix_001 | Spec 来源=§6.3 | 必须驱动的场景=load R/MXR/X、store W/D、fetch X、PFU 独立规则。 | Expected behavior / 必须观察点=load 需 R 或 MXR&&X；store 需 W 和 D；fetch 需 X；PFU 不需 R/MXR/X/D 但需 A。 | 优先级=P0
PTW-SPEC-IMPORT-PTW-ADD-019,A=0、D=0、U/S/SUM、effective U/S/M 组合。,PTW-ADD-019,13.9 必须新增的 PTW directed 测试点,PTW-ADD-019,test_ptw_leaf_ad_us_sum_matrix_001,A=0、D=0、U/S/SUM、effective U/S/M 组合。,所有 leaf 要 A=1；store 要 D=1；S 访问 U 且 SUM=0 fault；U 访问 S fault；effective M 跳过 U/S。,A=0、D=0、U/S/SUM、effective U/S/M 组合。,Directed,Source-side scoreboard / monitor / SVA coverage,,,test_ptw_leaf_ad_us_sum_matrix_001,所有 leaf 要 A=1；store 要 D=1；S 访问 U 且 SUM=0 fault；U 访问 S fault；effective M 跳过 U/S。,P0,mmu/rtl/ptw.sv; mmu/rtl/twu.sv; mmu/rtl/ptw_mbuf.sv; mmu/rtl/PDE_cache.sv,doc/ptw_uvm_review/ptwspec.md:1559,Planned/Spec-Imported,PTW-Spec-Traceability-Import,doc/ptw_uvm_review/ptwspec.md,"Imported from heading '13.9 必须新增的 PTW directed 测试点'. Source row: Testpoint ID=PTW-ADD-019 | 建议测试名=test_ptw_leaf_ad_us_sum_matrix_001 | Spec 来源=§6.3, §7 | 必须驱动的场景=A=0、D=0、U/S/SUM、effective U/S/M 组合。 | Expected behavior / 必须观察点=所有 leaf 要 A=1；store 要 D=1；S 访问 U 且 SUM=0 fault；U 访问 S fault；effective M 跳过 U/S。 | 优先级=P0"
PTW-SPEC-IMPORT-PTW-ADD-020,1G/2M leaf PPN 错位且 MAEE=0，sysmap 首尾可能跨区。,PTW-ADD-020,13.9 必须新增的 PTW directed 测试点,PTW-ADD-020,test_ptw_huge_align_before_degrade_001,1G/2M leaf PPN 错位且 MAEE=0，sysmap 首尾可能跨区。,先 page fault；不进入 sysmap/degrade；不 refill，不访问下一级。,1G/2M leaf PPN 错位且 MAEE=0，sysmap 首尾可能跨区。,Directed,Source-side scoreboard / monitor / SVA coverage,,,test_ptw_huge_align_before_degrade_001,先 page fault；不进入 sysmap/degrade；不 refill，不访问下一级。,P0,mmu/rtl/ptw.sv; mmu/rtl/twu.sv; mmu/rtl/ptw_mbuf.sv; mmu/rtl/PDE_cache.sv,doc/ptw_uvm_review/ptwspec.md:1560,Planned/Spec-Imported,PTW-Spec-Traceability-Import,doc/ptw_uvm_review/ptwspec.md,"Imported from heading '13.9 必须新增的 PTW directed 测试点'. Source row: Testpoint ID=PTW-ADD-020 | 建议测试名=test_ptw_huge_align_before_degrade_001 | Spec 来源=§6.3, §10.8 | 必须驱动的场景=1G/2M leaf PPN 错位且 MAEE=0，sysmap 首尾可能跨区。 | Expected behavior / 必须观察点=先 page fault；不进入 sysmap/degrade；不 refill，不访问下一级。 | 优先级=P0"
PTW-SPEC-IMPORT-PTW-ADD-021,IUTLB 与 DTLB/PFU 同拍写 mbuf，entry0-7 轮转，entry8 fetch 专用。,PTW-ADD-021,13.9 必须新增的 PTW directed 测试点,PTW-ADD-021,test_ptw_mbuf_entry_alloc_priority_001,IUTLB 与 DTLB/PFU 同拍写 mbuf，entry0-7 轮转，entry8 fetch 专用。,IUTLB 优先写 entry8；DTLB/PFU 只用 entry0-7；指针 one-hot 左移；不覆盖 valid entry。,IUTLB 与 DTLB/PFU 同拍写 mbuf，entry0-7 轮转，entry8 fetch 专用。,Directed,Source-side scoreboard / monitor / SVA coverage,,,test_ptw_mbuf_entry_alloc_priority_001,IUTLB 优先写 entry8；DTLB/PFU 只用 entry0-7；指针 one-hot 左移；不覆盖 valid entry。,P1,mmu/rtl/ptw.sv; mmu/rtl/twu.sv; mmu/rtl/ptw_mbuf.sv; mmu/rtl/PDE_cache.sv,doc/ptw_uvm_review/ptwspec.md:1561,Planned/Spec-Imported,PTW-Spec-Traceability-Import,doc/ptw_uvm_review/ptwspec.md,Imported from heading '13.9 必须新增的 PTW directed 测试点'. Source row: Testpoint ID=PTW-ADD-021 | 建议测试名=test_ptw_mbuf_entry_alloc_priority_001 | Spec 来源=§8.1 | 必须驱动的场景=IUTLB 与 DTLB/PFU 同拍写 mbuf，entry0-7 轮转，entry8 fetch 专用。 | Expected behavior / 必须观察点=IUTLB 优先写 entry8；DTLB/PFU 只用 entry0-7；指针 one-hot 左移；不覆盖 valid entry。 | 优先级=P1
PTW-SPEC-IMPORT-PTW-ADD-022,LSU 普通 PTE 返回时目标 CHK not ready。,PTW-ADD-022,13.9 必须新增的 PTW directed 测试点,PTW-ADD-022,test_ptw_mbuf_chk_not_ready_hold_001,LSU 普通 PTE 返回时目标 CHK not ready。,mbuf 保存 64-bit PTE 并置 get；ready 后送回；不重复发 LSU；其它 entry 可继续推进。,LSU 普通 PTE 返回时目标 CHK not ready。,Directed,Source-side scoreboard / monitor / SVA coverage,,,test_ptw_mbuf_chk_not_ready_hold_001,mbuf 保存 64-bit PTE 并置 get；ready 后送回；不重复发 LSU；其它 entry 可继续推进。,P1,mmu/rtl/ptw.sv; mmu/rtl/twu.sv; mmu/rtl/ptw_mbuf.sv; mmu/rtl/PDE_cache.sv,doc/ptw_uvm_review/ptwspec.md:1562,Planned/Spec-Imported,PTW-Spec-Traceability-Import,doc/ptw_uvm_review/ptwspec.md,Imported from heading '13.9 必须新增的 PTW directed 测试点'. Source row: Testpoint ID=PTW-ADD-022 | 建议测试名=test_ptw_mbuf_chk_not_ready_hold_001 | Spec 来源=§8.3 | 必须驱动的场景=LSU 普通 PTE 返回时目标 CHK not ready。 | Expected behavior / 必须观察点=mbuf 保存 64-bit PTE 并置 get；ready 后送回；不重复发 LSU；其它 entry 可继续推进。 | 优先级=P1
PTW-SPEC-IMPORT-PTW-ADD-023,LSU bus error 与 TWU access fault/page fault/refill 并发。,PTW-ADD-023,13.9 必须新增的 PTW directed 测试点,PTW-ADD-023,test_ptw_lsu_bus_error_priority_001,LSU bus error 与 TWU access fault/page fault/refill 并发。,bus error 不进 CHK；写 access exception 后释放 entry；顶层 access fault 优先；不 update PDE。,LSU bus error 与 TWU access fault/page fault/refill 并发。,Directed,Source-side scoreboard / monitor / SVA coverage,,,test_ptw_lsu_bus_error_priority_001,bus error 不进 CHK；写 access exception 后释放 entry；顶层 access fault 优先；不 update PDE。,P0,mmu/rtl/ptw.sv; mmu/rtl/twu.sv; mmu/rtl/ptw_mbuf.sv; mmu/rtl/PDE_cache.sv,doc/ptw_uvm_review/ptwspec.md:1563,Planned/Spec-Imported,PTW-Spec-Traceability-Import,doc/ptw_uvm_review/ptwspec.md,"Imported from heading '13.9 必须新增的 PTW directed 测试点'. Source row: Testpoint ID=PTW-ADD-023 | 建议测试名=test_ptw_lsu_bus_error_priority_001 | Spec 来源=§8.4, §9, §12.18 | 必须驱动的场景=LSU bus error 与 TWU access fault/page fault/refill 并发。 | Expected behavior / 必须观察点=bus error 不进 CHK；写 access exception 后释放 entry；顶层 access fault 优先；不 update PDE。 | 优先级=P0"
PTW-SPEC-IMPORT-PTW-ADD-024,abort 前一拍 req valid=0/1；abort 同拍 data_vld；abort 同拍 bus_error；已有异常寄存器 grant。,PTW-ADD-024,13.9 必须新增的 PTW directed 测试点,PTW-ADD-024,test_ptw_abort_lsu_outstanding_matrix_001,abort 前一拍 req valid=0/1；abort 同拍 data_vld；abort 同拍 bus_error；已有异常寄存器 grant。,需要保持 req/PA 的场景保持到返回；普通 data 丢弃；新 bus_error 不上报；已获授权异常可见；无 refill/PDE update。,abort 前一拍 req valid=0/1；abort 同拍 data_vld；abort 同拍 bus_error；已有异常寄存器 grant。,Directed,Source-side scoreboard / monitor / SVA coverage,,,test_ptw_abort_lsu_outstanding_matrix_001,需要保持 req/PA 的场景保持到返回；普通 data 丢弃；新 bus_error 不上报；已获授权异常可见；无 refill/PDE update。,P0,mmu/rtl/ptw.sv; mmu/rtl/twu.sv; mmu/rtl/ptw_mbuf.sv; mmu/rtl/PDE_cache.sv,doc/ptw_uvm_review/ptwspec.md:1564,Planned/Spec-Imported,PTW-Spec-Traceability-Import,doc/ptw_uvm_review/ptwspec.md,"Imported from heading '13.9 必须新增的 PTW directed 测试点'. Source row: Testpoint ID=PTW-ADD-024 | 建议测试名=test_ptw_abort_lsu_outstanding_matrix_001 | Spec 来源=§11.4-11.5, §12.19 | 必须驱动的场景=abort 前一拍 req valid=0/1；abort 同拍 data_vld；abort 同拍 bus_error；已有异常寄存器 grant。 | Expected behavior / 必须观察点=需要保持 req/PA 的场景保持到返回；普通 data 丢弃；新 bus_error 不上报；已获授权异常可见；无 refill/PDE update。 | 优先级=P0"
PTW-SPEC-IMPORT-PTW-ADD-025,MAEE=1，1G/2M/4K leaf PTE 扩展属性不同。,PTW-ADD-025,13.9 必须新增的 PTW directed 测试点,PTW-ADD-025,test_ptw_maee1_ext_attr_all_sizes_001,MAEE=1，1G/2M/4K leaf PTE 扩展属性不同。,"refill 扩展属性来自 raw PTE {So,C,B,Sh,Sec}；不查 sysmap，不降级。",MAEE=1，1G/2M/4K leaf PTE 扩展属性不同。,Directed,Source-side scoreboard / monitor / SVA coverage,,,test_ptw_maee1_ext_attr_all_sizes_001,"refill 扩展属性来自 raw PTE {So,C,B,Sh,Sec}；不查 sysmap，不降级。",P0,mmu/rtl/ptw.sv; mmu/rtl/twu.sv; mmu/rtl/ptw_mbuf.sv; mmu/rtl/PDE_cache.sv,doc/ptw_uvm_review/ptwspec.md:1565,Planned/Spec-Imported,PTW-Spec-Traceability-Import,doc/ptw_uvm_review/ptwspec.md,"Imported from heading '13.9 必须新增的 PTW directed 测试点'. Source row: Testpoint ID=PTW-ADD-025 | 建议测试名=test_ptw_maee1_ext_attr_all_sizes_001 | Spec 来源=§10.1 | 必须驱动的场景=MAEE=1，1G/2M/4K leaf PTE 扩展属性不同。 | Expected behavior / 必须观察点=refill 扩展属性来自 raw PTE {So,C,B,Sh,Sec}；不查 sysmap，不降级。 | 优先级=P0"
PTW-SPEC-IMPORT-PTW-ADD-026,MAEE=0，4K leaf，THD path。,PTW-ADD-026,13.9 必须新增的 PTW directed 测试点,PTW-ADD-026,test_ptw_maee0_4k_sysmap_refill_001,MAEE=0，4K leaf，THD path。,4K 不降级但必须查 sysmap；refill 属性来自 sysmap；需要 THD/4K 直接可观测性。,MAEE=0，4K leaf，THD path。,Directed,Source-side scoreboard / monitor / SVA coverage,,,test_ptw_maee0_4k_sysmap_refill_001,4K 不降级但必须查 sysmap；refill 属性来自 sysmap；需要 THD/4K 直接可观测性。,P0,mmu/rtl/ptw.sv; mmu/rtl/twu.sv; mmu/rtl/ptw_mbuf.sv; mmu/rtl/PDE_cache.sv,doc/ptw_uvm_review/ptwspec.md:1566,Planned/Spec-Imported,PTW-Spec-Traceability-Import,doc/ptw_uvm_review/ptwspec.md,"Imported from heading '13.9 必须新增的 PTW directed 测试点'. Source row: Testpoint ID=PTW-ADD-026 | 建议测试名=test_ptw_maee0_4k_sysmap_refill_001 | Spec 来源=§10.2, §12.8 | 必须驱动的场景=MAEE=0，4K leaf，THD path。 | Expected behavior / 必须观察点=4K 不降级但必须查 sysmap；refill 属性来自 sysmap；需要 THD/4K 直接可观测性。 | 优先级=P0"
PTW-SPEC-IMPORT-PTW-ADD-027,1G no-cross、1G->2M、1G->4K。,PTW-ADD-027,13.9 必须新增的 PTW directed 测试点,PTW-ADD-027,test_ptw_maee0_1g_degrade_matrix_001,1G no-cross、1G->2M、1G->4K。,降级后 PPN/page_size 正确；不访问下一级页表；权限/G/RSW/A/D/U/X/W/R/V 来自原 1G leaf。,1G no-cross、1G->2M、1G->4K。,Directed,Source-side scoreboard / monitor / SVA coverage,,,test_ptw_maee0_1g_degrade_matrix_001,降级后 PPN/page_size 正确；不访问下一级页表；权限/G/RSW/A/D/U/X/W/R/V 来自原 1G leaf。,P0,mmu/rtl/ptw.sv; mmu/rtl/twu.sv; mmu/rtl/ptw_mbuf.sv; mmu/rtl/PDE_cache.sv,doc/ptw_uvm_review/ptwspec.md:1567,Planned/Spec-Imported,PTW-Spec-Traceability-Import,doc/ptw_uvm_review/ptwspec.md,Imported from heading '13.9 必须新增的 PTW directed 测试点'. Source row: Testpoint ID=PTW-ADD-027 | 建议测试名=test_ptw_maee0_1g_degrade_matrix_001 | Spec 来源=§10.4-10.7 | 必须驱动的场景=1G no-cross、1G->2M、1G->4K。 | Expected behavior / 必须观察点=降级后 PPN/page_size 正确；不访问下一级页表；权限/G/RSW/A/D/U/X/W/R/V 来自原 1G leaf。 | 优先级=P0
PTW-SPEC-IMPORT-PTW-ADD-028,2M no-cross、2M->4K。,PTW-ADD-028,13.9 必须新增的 PTW directed 测试点,PTW-ADD-028,test_ptw_maee0_2m_degrade_matrix_001,2M no-cross、2M->4K。,page_size/PPN/flg 正确；不访问第三级页表；权限/G/RSW/A/D/U/X/W/R/V 来自原 2M leaf。,2M no-cross、2M->4K。,Directed,Source-side scoreboard / monitor / SVA coverage,,,test_ptw_maee0_2m_degrade_matrix_001,page_size/PPN/flg 正确；不访问第三级页表；权限/G/RSW/A/D/U/X/W/R/V 来自原 2M leaf。,P0,mmu/rtl/ptw.sv; mmu/rtl/twu.sv; mmu/rtl/ptw_mbuf.sv; mmu/rtl/PDE_cache.sv,doc/ptw_uvm_review/ptwspec.md:1568,Planned/Spec-Imported,PTW-Spec-Traceability-Import,doc/ptw_uvm_review/ptwspec.md,"Imported from heading '13.9 必须新增的 PTW directed 测试点'. Source row: Testpoint ID=PTW-ADD-028 | 建议测试名=test_ptw_maee0_2m_degrade_matrix_001 | Spec 来源=§10.4, §10.8 | 必须驱动的场景=2M no-cross、2M->4K。 | Expected behavior / 必须观察点=page_size/PPN/flg 正确；不访问第三级页表；权限/G/RSW/A/D/U/X/W/R/V 来自原 2M leaf。 | 优先级=P0"
PTW-SPEC-IMPORT-PTW-ADD-029,8 region flag、默认属性、MAEE=0 refill。,PTW-ADD-029,13.9 必须新增的 PTW directed 测试点,PTW-ADD-029,test_ptw_sysmap_flag_order_default_001,8 region flag、默认属性、MAEE=0 refill。,"refill 扩展属性顺序按 {So,C,B,Sh,Sec}；sysmap 无命中/多命中若不支持，需 constraint/waiver。",8 region flag、默认属性、MAEE=0 refill。,Directed,Source-side scoreboard / monitor / SVA coverage,,,test_ptw_sysmap_flag_order_default_001,"refill 扩展属性顺序按 {So,C,B,Sh,Sec}；sysmap 无命中/多命中若不支持，需 constraint/waiver。",P1,mmu/rtl/ptw.sv; mmu/rtl/twu.sv; mmu/rtl/ptw_mbuf.sv; mmu/rtl/PDE_cache.sv,doc/ptw_uvm_review/ptwspec.md:1569,Planned/Spec-Imported,PTW-Spec-Traceability-Import,doc/ptw_uvm_review/ptwspec.md,"Imported from heading '13.9 必须新增的 PTW directed 测试点'. Source row: Testpoint ID=PTW-ADD-029 | 建议测试名=test_ptw_sysmap_flag_order_default_001 | Spec 来源=§10.2-10.3 | 必须驱动的场景=8 region flag、默认属性、MAEE=0 refill。 | Expected behavior / 必须观察点=refill 扩展属性顺序按 {So,C,B,Sh,Sec}；sysmap 无命中/多命中若不支持，需 constraint/waiver。 | 优先级=P1"
PTW-SPEC-IMPORT-PTW-ADD-030,request accept 后改变 MXR/SUM/MAEE/ASID，在使用点前后组合。,PTW-ADD-030,13.9 必须新增的 PTW directed 测试点,PTW-ADD-030,test_ptw_context_sampling_points_001,request accept 后改变 MXR/SUM/MAEE/ASID，在使用点前后组合。,CHK 使用当前 MXR/SUM/effective privilege；refill ASID 用当前 satp；进入 sysmap 后 MAEE 改变不回退。,request accept 后改变 MXR/SUM/MAEE/ASID，在使用点前后组合。,Directed,Source-side scoreboard / monitor / SVA coverage,,,test_ptw_context_sampling_points_001,CHK 使用当前 MXR/SUM/effective privilege；refill ASID 用当前 satp；进入 sysmap 后 MAEE 改变不回退。,P1,mmu/rtl/ptw.sv; mmu/rtl/twu.sv; mmu/rtl/ptw_mbuf.sv; mmu/rtl/PDE_cache.sv,doc/ptw_uvm_review/ptwspec.md:1570,Planned/Spec-Imported,PTW-Spec-Traceability-Import,doc/ptw_uvm_review/ptwspec.md,"Imported from heading '13.9 必须新增的 PTW directed 测试点'. Source row: Testpoint ID=PTW-ADD-030 | 建议测试名=test_ptw_context_sampling_points_001 | Spec 来源=§7, §13.1 | 必须驱动的场景=request accept 后改变 MXR/SUM/MAEE/ASID，在使用点前后组合。 | Expected behavior / 必须观察点=CHK 使用当前 MXR/SUM/effective privilege；refill ASID 用当前 satp；进入 sysmap 后 MAEE 改变不回退。 | 优先级=P1"
PTW-SPEC-IMPORT-PTW-ADD-031,将第 12 章 23 个完整流程逐条绑定到 test/cover/SVA。,PTW-ADD-031,13.9 必须新增的 PTW directed 测试点,PTW-ADD-031,test_ptw_full_flow_trace_001..023,将第 12 章 23 个完整流程逐条绑定到 test/cover/SVA。,每条 flow 有 stimulus、observable check、coverage bin 和 signoff 状态。,将第 12 章 23 个完整流程逐条绑定到 test/cover/SVA。,Directed,Source-side scoreboard / monitor / SVA coverage,,,test_ptw_full_flow_trace_001..023,每条 flow 有 stimulus、observable check、coverage bin 和 signoff 状态。,P0,mmu/rtl/ptw.sv; mmu/rtl/twu.sv; mmu/rtl/ptw_mbuf.sv; mmu/rtl/PDE_cache.sv,doc/ptw_uvm_review/ptwspec.md:1571,Planned/Spec-Imported,PTW-Spec-Traceability-Import,doc/ptw_uvm_review/ptwspec.md,"Imported from heading '13.9 必须新增的 PTW directed 测试点'. Source row: Testpoint ID=PTW-ADD-031 | 建议测试名=test_ptw_full_flow_trace_001..023 | Spec 来源=§12.1-12.23, §13.4 | 必须驱动的场景=将第 12 章 23 个完整流程逐条绑定到 test/cover/SVA。 | Expected behavior / 必须观察点=每条 flow 有 stimulus、observable check、coverage bin 和 signoff 状态。 | 优先级=P0"
PTW-SPEC-IMPORT-PTW-ADD-032,load/store PTW refill/page/access fault 被 L1DTLB 正确消费。,PTW-ADD-032,13.9 必须新增的 PTW directed 测试点,PTW-ADD-032,test_ptw_l1dtlb_consumer_trace_001,load/store PTW refill/page/access fault 被 L1DTLB 正确消费。,仅作为 consumer-side evidence；不替代 PTW source-side PTE/PMP/page-fault checker。,load/store PTW refill/page/access fault 被 L1DTLB 正确消费。,Directed,Source-side scoreboard / monitor / SVA coverage,,,test_ptw_l1dtlb_consumer_trace_001,仅作为 consumer-side evidence；不替代 PTW source-side PTE/PMP/page-fault checker。,P1,mmu/rtl/ptw.sv; mmu/rtl/twu.sv; mmu/rtl/ptw_mbuf.sv; mmu/rtl/PDE_cache.sv,doc/ptw_uvm_review/ptwspec.md:1572,Planned/Spec-Imported,PTW-Spec-Traceability-Import,doc/ptw_uvm_review/ptwspec.md,Imported from heading '13.9 必须新增的 PTW directed 测试点'. Source row: Testpoint ID=PTW-ADD-032 | 建议测试名=test_ptw_l1dtlb_consumer_trace_001 | Spec 来源=§2.2-2.3 + L1DTLB audit | 必须驱动的场景=load/store PTW refill/page/access fault 被 L1DTLB 正确消费。 | Expected behavior / 必须观察点=仅作为 consumer-side evidence；不替代 PTW source-side PTE/PMP/page-fault checker。 | 优先级=P1
PTW-SPEC-IMPORT-PTW-ADD-033,PFU leaf PTE 覆盖 R=0/X=0/MXR=0/D=0/A=0/U/S/SUM。,PTW-ADD-033,13.9 必须新增的 PTW directed 测试点,PTW-ADD-033,test_ptw_pfu_permission_matrix_001,PFU leaf PTE 覆盖 R=0/X=0/MXR=0/D=0/A=0/U/S/SUM。,PFU 不要求 R/MXR/X/D；仍要求 V、A、write-only、U/S、大页对齐；异常返回 L2TLB。,PFU leaf PTE 覆盖 R=0/X=0/MXR=0/D=0/A=0/U/S/SUM。,Directed,Source-side scoreboard / monitor / SVA coverage,,,test_ptw_pfu_permission_matrix_001,PFU 不要求 R/MXR/X/D；仍要求 V、A、write-only、U/S、大页对齐；异常返回 L2TLB。,P0,mmu/rtl/ptw.sv; mmu/rtl/twu.sv; mmu/rtl/ptw_mbuf.sv; mmu/rtl/PDE_cache.sv,doc/ptw_uvm_review/ptwspec.md:1573,Planned/Spec-Imported,PTW-Spec-Traceability-Import,doc/ptw_uvm_review/ptwspec.md,"Imported from heading '13.9 必须新增的 PTW directed 测试点'. Source row: Testpoint ID=PTW-ADD-033 | 建议测试名=test_ptw_pfu_permission_matrix_001 | Spec 来源=§6.3, §12.20-12.21 | 必须驱动的场景=PFU leaf PTE 覆盖 R=0/X=0/MXR=0/D=0/A=0/U/S/SUM。 | Expected behavior / 必须观察点=PFU 不要求 R/MXR/X/D；仍要求 V、A、write-only、U/S、大页对齐；异常返回 L2TLB。 | 优先级=P0"
PTW-SPEC-IMPORT-PTW-ADD-034,MAEE=1/0、RSW、G、D/A/U/X/W/R/V、sysmap flag 组合。,PTW-ADD-034,13.9 必须新增的 PTW directed 测试点,PTW-ADD-034,test_ptw_refill_flg_bit_layout_001,MAEE=1/0、RSW、G、D/A/U/X/W/R/V、sysmap flag 组合。,data flg bit layout 与 spec 一致；G 只在 tag/global；RSW 在 flg 且不 fault；MAEE=0 属性来自 sysmap。,MAEE=1/0、RSW、G、D/A/U/X/W/R/V、sysmap flag 组合。,Directed,Source-side scoreboard / monitor / SVA coverage,,,test_ptw_refill_flg_bit_layout_001,data flg bit layout 与 spec 一致；G 只在 tag/global；RSW 在 flg 且不 fault；MAEE=0 属性来自 sysmap。,P0,mmu/rtl/ptw.sv; mmu/rtl/twu.sv; mmu/rtl/ptw_mbuf.sv; mmu/rtl/PDE_cache.sv,doc/ptw_uvm_review/ptwspec.md:1574,Planned/Spec-Imported,PTW-Spec-Traceability-Import,doc/ptw_uvm_review/ptwspec.md,"Imported from heading '13.9 必须新增的 PTW directed 测试点'. Source row: Testpoint ID=PTW-ADD-034 | 建议测试名=test_ptw_refill_flg_bit_layout_001 | Spec 来源=§1.4, §2.2, §10 | 必须驱动的场景=MAEE=1/0、RSW、G、D/A/U/X/W/R/V、sysmap flag 组合。 | Expected behavior / 必须观察点=data flg bit layout 与 spec 一致；G 只在 tag/global；RSW 在 flg 且不 fault；MAEE=0 属性来自 sysmap。 | 优先级=P0"
PTW-SPEC-IMPORT-PTW-ADD-035,同 id 未完成前尝试重复请求，或 random 约束检查。,PTW-ADD-035,13.9 必须新增的 PTW directed 测试点,PTW-ADD-035,test_ptw_same_id_no_reuse_constraint_001,同 id 未完成前尝试重复请求，或 random 约束检查。,正常 UVM 约束不复用 id；如做 negative，应证明上游不产生或被约束，不把 undefined 行为当 DUT fail。,同 id 未完成前尝试重复请求，或 random 约束检查。,Directed,Source-side scoreboard / monitor / SVA coverage,,,test_ptw_same_id_no_reuse_constraint_001,正常 UVM 约束不复用 id；如做 negative，应证明上游不产生或被约束，不把 undefined 行为当 DUT fail。,P2,mmu/rtl/ptw.sv; mmu/rtl/twu.sv; mmu/rtl/ptw_mbuf.sv; mmu/rtl/PDE_cache.sv,doc/ptw_uvm_review/ptwspec.md:1575,Planned/Spec-Imported,PTW-Spec-Traceability-Import,doc/ptw_uvm_review/ptwspec.md,"Imported from heading '13.9 必须新增的 PTW directed 测试点'. Source row: Testpoint ID=PTW-ADD-035 | 建议测试名=test_ptw_same_id_no_reuse_constraint_001 | Spec 来源=§2.1, §13.3 | 必须驱动的场景=同 id 未完成前尝试重复请求，或 random 约束检查。 | Expected behavior / 必须观察点=正常 UVM 约束不复用 id；如做 negative，应证明上游不产生或被约束，不把 undefined 行为当 DUT fail。 | 优先级=P2"
PTW-SPEC-IMPORT-PTW-ADD-036,Bare 模式下随机/约束检查 PTW request。,PTW-ADD-036,13.9 必须新增的 PTW directed 测试点,PTW-ADD-036,test_ptw_bare_mode_no_request_constraint_001,Bare 模式下随机/约束检查 PTW request。,上游不向 PTW 发起 walk；若误入 PTW 不作为 PTW 功能 expected。,Bare 模式下随机/约束检查 PTW request。,Directed,Source-side scoreboard / monitor / SVA coverage,,,test_ptw_bare_mode_no_request_constraint_001,上游不向 PTW 发起 walk；若误入 PTW 不作为 PTW 功能 expected。,P2,mmu/rtl/ptw.sv; mmu/rtl/twu.sv; mmu/rtl/ptw_mbuf.sv; mmu/rtl/PDE_cache.sv,doc/ptw_uvm_review/ptwspec.md:1576,Planned/Spec-Imported,PTW-Spec-Traceability-Import,doc/ptw_uvm_review/ptwspec.md,"Imported from heading '13.9 必须新增的 PTW directed 测试点'. Source row: Testpoint ID=PTW-ADD-036 | 建议测试名=test_ptw_bare_mode_no_request_constraint_001 | Spec 来源=§1.1, §13.3 | 必须驱动的场景=Bare 模式下随机/约束检查 PTW request。 | Expected behavior / 必须观察点=上游不向 PTW 发起 walk；若误入 PTW 不作为 PTW 功能 expected。 | 优先级=P2"
PTW-SPEC-IMPORT-PTW-ADD-037,test_ptw_pde_l1_pmp_tag_deny_fst_fault_001.svh,PTW-ADD-037,Phase 9: 新增 directed tests,PTW-ADD-037,test_ptw_pde_l1_pmp_tag_deny_fst_fault_001.svh,test_ptw_pde_l1_pmp_tag_deny_fst_fault_001.svh,test_ptw_pde_l1_pmp_tag_deny_fst_fault_001.svh,fetch 建 L1 PDE，load 同 L1 tag，cached l1pmpflg[0]=0。,Directed,Source-side scoreboard / monitor / SVA coverage,,,test_ptw_pde_l1_pmp_tag_deny_fst_fault_001.svh,test_ptw_pde_l1_pmp_tag_deny_fst_fault_001.svh,P0,mmu/rtl/ptw.sv; mmu/rtl/twu.sv; mmu/rtl/ptw_mbuf.sv; mmu/rtl/PDE_cache.sv,doc/ptw_uvm_review/ptw_pde_cache_pmpflg_uvm_implementation_plan.md:1079,Planned/PDE-PMPFLG,PTW-PDE-PMPFLG-UVM-Plan,doc/ptw_uvm_review/ptw_pde_cache_pmpflg_uvm_implementation_plan.md,Imported from heading 'Phase 9: 新增 directed tests'. Source row: Testpoint=PTW-ADD-037 | 建议文件=test_ptw_pde_l1_pmp_tag_deny_fst_fault_001.svh | P0/P1=P0 | 场景=fetch 建 L1 PDE，load 同 L1 tag，cached l1pmpflg[0]=0。 | 必须观察=L1 tag hit 但 no hit；进入 FST PMP；若实时 FST deny，则普通 TWU access fault；无 PDE direct accerr。; Alternate source rows: doc/ptw_uvm_review/ptw_pde_cache_pmpflg_uvm_implementation_plan.md:1210
PTW-SPEC-IMPORT-PTW-ADD-038,test_ptw_pde_l1_pmp_tag_allow_reuse_001.svh,PTW-ADD-038,Phase 9: 新增 directed tests,PTW-ADD-038,test_ptw_pde_l1_pmp_tag_allow_reuse_001.svh,test_ptw_pde_l1_pmp_tag_allow_reuse_001.svh,test_ptw_pde_l1_pmp_tag_allow_reuse_001.svh,load/PFU 共用 R，fetch 用 X，store 用 W。,Directed,Source-side scoreboard / monitor / SVA coverage,,,test_ptw_pde_l1_pmp_tag_allow_reuse_001.svh,test_ptw_pde_l1_pmp_tag_allow_reuse_001.svh,P0,mmu/rtl/ptw.sv; mmu/rtl/twu.sv; mmu/rtl/ptw_mbuf.sv; mmu/rtl/PDE_cache.sv,doc/ptw_uvm_review/ptw_pde_cache_pmpflg_uvm_implementation_plan.md:1080,Planned/PDE-PMPFLG,PTW-PDE-PMPFLG-UVM-Plan,doc/ptw_uvm_review/ptw_pde_cache_pmpflg_uvm_implementation_plan.md,Imported from heading 'Phase 9: 新增 directed tests'. Source row: Testpoint=PTW-ADD-038 | 建议文件=test_ptw_pde_l1_pmp_tag_allow_reuse_001.svh | P0/P1=P0 | 场景=load/PFU 共用 R，fetch 用 X，store 用 W。 | 必须观察=L1 permission-qualified hit，跳过 FST。; Alternate source rows: doc/ptw_uvm_review/ptw_pde_cache_pmpflg_uvm_implementation_plan.md:1211
PTW-SPEC-IMPORT-PTW-ADD-039,test_ptw_pde_l2_pmp_l1_deny_accerr_001.svh,PTW-ADD-039,Phase 9: 新增 directed tests,PTW-ADD-039,test_ptw_pde_l2_pmp_l1_deny_accerr_001.svh,test_ptw_pde_l2_pmp_l1_deny_accerr_001.svh,test_ptw_pde_l2_pmp_l1_deny_accerr_001.svh,L2 tag match，cached L2 allow，cached L1 deny。,Directed,Source-side scoreboard / monitor / SVA coverage,,,test_ptw_pde_l2_pmp_l1_deny_accerr_001.svh,test_ptw_pde_l2_pmp_l1_deny_accerr_001.svh,P0,mmu/rtl/ptw.sv; mmu/rtl/twu.sv; mmu/rtl/ptw_mbuf.sv; mmu/rtl/PDE_cache.sv,doc/ptw_uvm_review/ptw_pde_cache_pmpflg_uvm_implementation_plan.md:1081,Planned/PDE-PMPFLG,PTW-PDE-PMPFLG-UVM-Plan,doc/ptw_uvm_review/ptw_pde_cache_pmpflg_uvm_implementation_plan.md,Imported from heading 'Phase 9: 新增 directed tests'. Source row: Testpoint=PTW-ADD-039 | 建议文件=test_ptw_pde_l2_pmp_l1_deny_accerr_001.svh | P0/P1=P0 | 场景=L2 tag match，cached L2 allow，cached L1 deny。 | 必须观察=PDE direct accerr；不发 LSU；type/id 正确。; Alternate source rows: doc/ptw_uvm_review/ptw_pde_cache_pmpflg_uvm_implementation_plan.md:1212
PTW-SPEC-IMPORT-PTW-ADD-040,test_ptw_pde_l2_pmp_l2_deny_accerr_001.svh,PTW-ADD-040,Phase 9: 新增 directed tests,PTW-ADD-040,test_ptw_pde_l2_pmp_l2_deny_accerr_001.svh,test_ptw_pde_l2_pmp_l2_deny_accerr_001.svh,test_ptw_pde_l2_pmp_l2_deny_accerr_001.svh,L2 tag match，cached L1 allow，cached L2 deny。,Directed,Source-side scoreboard / monitor / SVA coverage,,,test_ptw_pde_l2_pmp_l2_deny_accerr_001.svh,test_ptw_pde_l2_pmp_l2_deny_accerr_001.svh,P0,mmu/rtl/ptw.sv; mmu/rtl/twu.sv; mmu/rtl/ptw_mbuf.sv; mmu/rtl/PDE_cache.sv,doc/ptw_uvm_review/ptw_pde_cache_pmpflg_uvm_implementation_plan.md:1082,Planned/PDE-PMPFLG,PTW-PDE-PMPFLG-UVM-Plan,doc/ptw_uvm_review/ptw_pde_cache_pmpflg_uvm_implementation_plan.md,Imported from heading 'Phase 9: 新增 directed tests'. Source row: Testpoint=PTW-ADD-040 | 建议文件=test_ptw_pde_l2_pmp_l2_deny_accerr_001.svh | P0/P1=P0 | 场景=L2 tag match，cached L1 allow，cached L2 deny。 | 必须观察=PDE direct accerr；不回退 SCD；不发 LSU。旧 MPRV=1/MPP=M data construction 不合法，top-level source test 只能 open，需 alternate legal/lower-level evidence。; Alternate source rows: doc/ptw_uvm_review/ptw_pde_cache_pmpflg_uvm_implementation_plan.md:1213
PTW-SPEC-IMPORT-PTW-ADD-041,test_ptw_pde_pmpflg_propagation_update_001.svh,PTW-ADD-041,Phase 9: 新增 directed tests,PTW-ADD-041,test_ptw_pde_pmpflg_propagation_update_001.svh,test_ptw_pde_pmpflg_propagation_update_001.svh,test_ptw_pde_pmpflg_propagation_update_001.svh,FST/SCD/THD payload 全覆盖。,Directed,Source-side scoreboard / monitor / SVA coverage,,,test_ptw_pde_pmpflg_propagation_update_001.svh,test_ptw_pde_pmpflg_propagation_update_001.svh,P0,mmu/rtl/ptw.sv; mmu/rtl/twu.sv; mmu/rtl/ptw_mbuf.sv; mmu/rtl/PDE_cache.sv,doc/ptw_uvm_review/ptw_pde_cache_pmpflg_uvm_implementation_plan.md:1083,Planned/PDE-PMPFLG,PTW-PDE-PMPFLG-UVM-Plan,doc/ptw_uvm_review/ptw_pde_cache_pmpflg_uvm_implementation_plan.md,"Imported from heading 'Phase 9: 新增 directed tests'. Source row: Testpoint=PTW-ADD-041 | 建议文件=test_ptw_pde_pmpflg_propagation_update_001.svh | P0/P1=P0 | 场景=FST/SCD/THD payload 全覆盖。 | 必须观察=FST {0,l1}，SCD {l2,l1}，THD 0 且不更新。; Alternate source rows: doc/ptw_uvm_review/ptw_pde_cache_pmpflg_uvm_implementation_plan.md:1214"
PTW-SPEC-IMPORT-PTW-ADD-042,test_ptw_pde_accerr_priority_type_id_001.svh,PTW-ADD-042,Phase 9: 新增 directed tests,PTW-ADD-042,test_ptw_pde_accerr_priority_type_id_001.svh,test_ptw_pde_accerr_priority_type_id_001.svh,test_ptw_pde_accerr_priority_type_id_001.svh,PDE direct accerr 与 bus error/TWU accerr 竞争。,Directed,Source-side scoreboard / monitor / SVA coverage,,,test_ptw_pde_accerr_priority_type_id_001.svh,test_ptw_pde_accerr_priority_type_id_001.svh,P1,mmu/rtl/ptw.sv; mmu/rtl/twu.sv; mmu/rtl/ptw_mbuf.sv; mmu/rtl/PDE_cache.sv,doc/ptw_uvm_review/ptw_pde_cache_pmpflg_uvm_implementation_plan.md:1084,Planned/PDE-PMPFLG,PTW-PDE-PMPFLG-UVM-Plan,doc/ptw_uvm_review/ptw_pde_cache_pmpflg_uvm_implementation_plan.md,Imported from heading 'Phase 9: 新增 directed tests'. Source row: Testpoint=PTW-ADD-042 | 建议文件=test_ptw_pde_accerr_priority_type_id_001.svh | P0/P1=P1 | 场景=PDE direct accerr 与 bus error/TWU accerr 竞争。 | 必须观察=PDE accerr priority，type/id stable。; Alternate source rows: doc/ptw_uvm_review/ptw_pde_cache_pmpflg_uvm_implementation_plan.md:1215
PTW-SPEC-IMPORT-PTW-ADD-043,test_ptw_pde_mmode_lock_matrix_001.svh,PTW-ADD-043,Phase 9: 新增 directed tests,PTW-ADD-043,test_ptw_pde_mmode_lock_matrix_001.svh,test_ptw_pde_mmode_lock_matrix_001.svh,test_ptw_pde_mmode_lock_matrix_001.svh,effective M-mode，pmpflg[3] 0/1，type bit allow/deny 交叉。,Directed,Source-side scoreboard / monitor / SVA coverage,,,test_ptw_pde_mmode_lock_matrix_001.svh,test_ptw_pde_mmode_lock_matrix_001.svh,P0,mmu/rtl/ptw.sv; mmu/rtl/twu.sv; mmu/rtl/ptw_mbuf.sv; mmu/rtl/PDE_cache.sv,doc/ptw_uvm_review/ptw_pde_cache_pmpflg_uvm_implementation_plan.md:1085,Planned/PDE-PMPFLG,PTW-PDE-PMPFLG-UVM-Plan,doc/ptw_uvm_review/ptw_pde_cache_pmpflg_uvm_implementation_plan.md,Imported from heading 'Phase 9: 新增 directed tests'. Source row: Testpoint=PTW-ADD-043 | 建议文件=test_ptw_pde_mmode_lock_matrix_001.svh | P0/P1=P0 | 场景=effective M-mode，pmpflg[3] 0/1，type bit allow/deny 交叉。 | 必须观察=最新规格下 top-level data/PFU MPRV=1/MPP=M 不进入 PTW；本 test 只能记录 open/unreachable，实际关闭需 lower-level PDE-cache stimulus 或 RTL unit evidence。; Alternate source rows: doc/ptw_uvm_review/ptw_pde_cache_pmpflg_uvm_implementation_plan.md:1216
PTW-SPEC-IMPORT-PTW-ADD-044,test_ptw_pde_l2_accerr_valid_gate_001.svh,PTW-ADD-044,Phase 9: 新增 directed tests,PTW-ADD-044,test_ptw_pde_l2_accerr_valid_gate_001.svh,test_ptw_pde_l2_accerr_valid_gate_001.svh,test_ptw_pde_l2_accerr_valid_gate_001.svh,invalid entry tag 旧值匹配或 ptw_req=0。,Directed,Source-side scoreboard / monitor / SVA coverage,,,test_ptw_pde_l2_accerr_valid_gate_001.svh,test_ptw_pde_l2_accerr_valid_gate_001.svh,P0,mmu/rtl/ptw.sv; mmu/rtl/twu.sv; mmu/rtl/ptw_mbuf.sv; mmu/rtl/PDE_cache.sv,doc/ptw_uvm_review/ptw_pde_cache_pmpflg_uvm_implementation_plan.md:1086,Planned/PDE-PMPFLG,PTW-PDE-PMPFLG-UVM-Plan,doc/ptw_uvm_review/ptw_pde_cache_pmpflg_uvm_implementation_plan.md,Imported from heading 'Phase 9: 新增 directed tests'. Source row: Testpoint=PTW-ADD-044 | 建议文件=test_ptw_pde_l2_accerr_valid_gate_001.svh | P0/P1=P0 | 场景=invalid entry tag 旧值匹配或 ptw_req=0。 | 必须观察=不产生 direct accerr。; Alternate source rows: doc/ptw_uvm_review/ptw_pde_cache_pmpflg_uvm_implementation_plan.md:1217
PTW-SPEC-IMPORT-PTW-ADD-045,test_ptw_pde_pmp_clear_repopulate_001.svh,PTW-ADD-045,Phase 9: 新增 directed tests,PTW-ADD-045,test_ptw_pde_pmp_clear_repopulate_001.svh,test_ptw_pde_pmp_clear_repopulate_001.svh,test_ptw_pde_pmp_clear_repopulate_001.svh,PMP update clear 后重新 walk/update。,Directed,Source-side scoreboard / monitor / SVA coverage,,,test_ptw_pde_pmp_clear_repopulate_001.svh,test_ptw_pde_pmp_clear_repopulate_001.svh,P1,mmu/rtl/ptw.sv; mmu/rtl/twu.sv; mmu/rtl/ptw_mbuf.sv; mmu/rtl/PDE_cache.sv,doc/ptw_uvm_review/ptw_pde_cache_pmpflg_uvm_implementation_plan.md:1087,Planned/PDE-PMPFLG,PTW-PDE-PMPFLG-UVM-Plan,doc/ptw_uvm_review/ptw_pde_cache_pmpflg_uvm_implementation_plan.md,Imported from heading 'Phase 9: 新增 directed tests'. Source row: Testpoint=PTW-ADD-045 | 建议文件=test_ptw_pde_pmp_clear_repopulate_001.svh | P0/P1=P1 | 场景=PMP update clear 后重新 walk/update。 | 必须观察=旧 entry 不可用；新 update pmpflg 来自 MBUF entry。; Alternate source rows: doc/ptw_uvm_review/ptw_pde_cache_pmpflg_uvm_implementation_plan.md:1218
PTW-SPEC-IMPORT-PTW-AUD-001,RSW/high reserved/strong-order 不参与 PTW page fault,PTW-AUD-001,13.10 Requirement-driven PTW audit matrix,PTW-AUD-001,test_pte_reserved_bits,RSW/high reserved/strong-order 不参与 PTW page fault,不 fault；RSW 进 refill flg；high reserved ignored,RSW 非零、高 reserved 非零、strong-order 属性组合,Requirement Traceability,Source-side scoreboard / monitor / SVA coverage,,,test_pte_reserved_bits,不 fault；RSW 进 refill flg；high reserved ignored,P0/P1,mmu/rtl/ptw.sv; mmu/rtl/twu.sv; mmu/rtl/ptw_mbuf.sv; mmu/rtl/PDE_cache.sv,doc/ptw_uvm_review/ptwspec.md:1582,modify,PTW-Spec-Traceability-Import,doc/ptw_uvm_review/ptwspec.md,"Imported from heading '13.10 Requirement-driven PTW audit matrix'. Source row: Audit ID=PTW-AUD-001 | PTW requirement=RSW/high reserved/strong-order 不参与 PTW page fault | Spec source=§0, §1.4, §6.4 | Required scenario=RSW 非零、高 reserved 非零、strong-order 属性组合 | Expected behavior=不 fault；RSW 进 refill flg；high reserved ignored | 现有 test/plan 映射=test_pte_reserved_bits | 状态=modify | 必须动作=删除旧 fault expected，落地 PTW-ADD-001/002/034。; Alternate source rows: doc/ptw_uvm_review/ptwspec.md:2480"
PTW-SPEC-IMPORT-PTW-AUD-002,raw G 只生成 global/tag,PTW-AUD-002,13.10 Requirement-driven PTW audit matrix,PTW-AUD-002,test_pte_global_bit_asid,raw G 只生成 global/tag,global=leaf G；data flg 无 G；不 OR 非叶 G,非叶 G=1/leaf G=0；leaf G=1；PDE hit,Requirement Traceability,Source-side scoreboard / monitor / SVA coverage,,,test_pte_global_bit_asid,global=leaf G；data flg 无 G；不 OR 非叶 G,P0/P1,mmu/rtl/ptw.sv; mmu/rtl/twu.sv; mmu/rtl/ptw_mbuf.sv; mmu/rtl/PDE_cache.sv,doc/ptw_uvm_review/ptwspec.md:1583,split,PTW-Spec-Traceability-Import,doc/ptw_uvm_review/ptwspec.md,"Imported from heading '13.10 Requirement-driven PTW audit matrix'. Source row: Audit ID=PTW-AUD-002 | PTW requirement=raw G 只生成 global/tag | Spec source=§2.2, §3.1 | Required scenario=非叶 G=1/leaf G=0；leaf G=1；PDE hit | Expected behavior=global=leaf G；data flg 无 G；不 OR 非叶 G | 现有 test/plan 映射=test_pte_global_bit_asid | 状态=split | 必须动作=落地 PTW-ADD-003/034。"
PTW-SPEC-IMPORT-PTW-AUD-003,请求 type 成功返回目标,PTW-AUD-003,13.10 Requirement-driven PTW audit matrix,PTW-AUD-003,success smoke、L1DTLB consumer,请求 type 成功返回目标,目标分别为 L1ITLB+L2、L1DTLB+L2、L1DTLB+L2、L2 only,fetch/load/store/PFU success,Requirement Traceability,Source-side scoreboard / monitor / SVA coverage,,,success smoke、L1DTLB consumer,目标分别为 L1ITLB+L2、L1DTLB+L2、L1DTLB+L2、L2 only,P0/P1,mmu/rtl/ptw.sv; mmu/rtl/twu.sv; mmu/rtl/ptw_mbuf.sv; mmu/rtl/PDE_cache.sv,doc/ptw_uvm_review/ptwspec.md:1584,add,PTW-Spec-Traceability-Import,doc/ptw_uvm_review/ptwspec.md,Imported from heading '13.10 Requirement-driven PTW audit matrix'. Source row: Audit ID=PTW-AUD-003 | PTW requirement=请求 type 成功返回目标 | Spec source=§2.1-2.2 | Required scenario=fetch/load/store/PFU success | Expected behavior=目标分别为 L1ITLB+L2、L1DTLB+L2、L1DTLB+L2、L2 only | 现有 test/plan 映射=success smoke、L1DTLB consumer | 状态=add | 必须动作=落地 PTW-ADD-004。; Alternate source rows: doc/ptw_uvm_review/ptwspec.md:2481
PTW-SPEC-IMPORT-PTW-AUD-004,异常返回 type/id 与 PFU/IUTLB 规则,PTW-AUD-004,13.10 Requirement-driven PTW audit matrix,PTW-AUD-004,L1DTLB fault tests,异常返回 type/id 与 PFU/IUTLB 规则,异常按 type/id 定位；PFU 返回 L2TLB；IUTLB 忽略 L1 id,各 type page/access fault；IUTLB id low bits,Requirement Traceability,Source-side scoreboard / monitor / SVA coverage,,,L1DTLB fault tests,异常按 type/id 定位；PFU 返回 L2TLB；IUTLB 忽略 L1 id,P0/P1,mmu/rtl/ptw.sv; mmu/rtl/twu.sv; mmu/rtl/ptw_mbuf.sv; mmu/rtl/PDE_cache.sv,doc/ptw_uvm_review/ptwspec.md:1585,add,PTW-Spec-Traceability-Import,doc/ptw_uvm_review/ptwspec.md,"Imported from heading '13.10 Requirement-driven PTW audit matrix'. Source row: Audit ID=PTW-AUD-004 | PTW requirement=异常返回 type/id 与 PFU/IUTLB 规则 | Spec source=§2.3, §12.21 | Required scenario=各 type page/access fault；IUTLB id low bits | Expected behavior=异常按 type/id 定位；PFU 返回 L2TLB；IUTLB 忽略 L1 id | 现有 test/plan 映射=L1DTLB fault tests | 状态=add | 必须动作=落地 PTW-ADD-005/006。"
PTW-SPEC-IMPORT-PTW-AUD-005,PDE cache hit/miss/双命中选择,PTW-AUD-005,13.10 Requirement-driven PTW audit matrix,PTW-AUD-005,PDE/ptw_l* tests,PDE cache hit/miss/双命中选择,L1 hit 跳 fst；L2 hit 跳 fst/scd；双 hit 选 L2,miss、L1 hit、L2 hit、L1+L2 hit,Requirement Traceability,Source-side scoreboard / monitor / SVA coverage,,,PDE/ptw_l* tests,L1 hit 跳 fst；L2 hit 跳 fst/scd；双 hit 选 L2,P0/P1,mmu/rtl/ptw.sv; mmu/rtl/twu.sv; mmu/rtl/ptw_mbuf.sv; mmu/rtl/PDE_cache.sv,doc/ptw_uvm_review/ptwspec.md:1586,modify,PTW-Spec-Traceability-Import,doc/ptw_uvm_review/ptwspec.md,Imported from heading '13.10 Requirement-driven PTW audit matrix'. Source row: Audit ID=PTW-AUD-005 | PTW requirement=PDE cache hit/miss/双命中选择 | Spec source=§3.1-3.2 | Required scenario=miss、L1 hit、L2 hit、L1+L2 hit | Expected behavior=L1 hit 跳 fst；L2 hit 跳 fst/scd；双 hit 选 L2 | 现有 test/plan 映射=PDE/ptw_l* tests | 状态=modify | 必须动作=落地 PTW-ADD-007，补 skip-level monitor。; Alternate source rows: doc/ptw_uvm_review/ptwspec.md:2482
PTW-SPEC-IMPORT-PTW-AUD-006,PDE cache update 条件与时序,PTW-AUD-006,13.10 Requirement-driven PTW audit matrix,PTW-AUD-006,PDE smoke/SVA mentions,PDE cache update 条件与时序,只更新合法非叶；同拍 lookup 旧值；update 下拍生效,非叶 no fault、fault、leaf、lookup/update same cycle,Requirement Traceability,Source-side scoreboard / monitor / SVA coverage,,,PDE smoke/SVA mentions,只更新合法非叶；同拍 lookup 旧值；update 下拍生效,P0/P1,mmu/rtl/ptw.sv; mmu/rtl/twu.sv; mmu/rtl/ptw_mbuf.sv; mmu/rtl/PDE_cache.sv,doc/ptw_uvm_review/ptwspec.md:1587,add,PTW-Spec-Traceability-Import,doc/ptw_uvm_review/ptwspec.md,"Imported from heading '13.10 Requirement-driven PTW audit matrix'. Source row: Audit ID=PTW-AUD-006 | PTW requirement=PDE cache update 条件与时序 | Spec source=§3.3, §13.2 | Required scenario=非叶 no fault、fault、leaf、lookup/update same cycle | Expected behavior=只更新合法非叶；同拍 lookup 旧值；update 下拍生效 | 现有 test/plan 映射=PDE smoke/SVA mentions | 状态=add | 必须动作=落地 PTW-ADD-008/009。"
PTW-SPEC-IMPORT-PTW-AUD-007,reset/satp/PMP/abort 清理差异,PTW-AUD-007,13.10 Requirement-driven PTW audit matrix,PTW-AUD-007,test_satp_switch_during_walk、test_sfence_abort_walk,reset/satp/PMP/abort 清理差异,reset/abort flush；satp/PMP only clear PDE；old walk 可 update,四类事件覆盖 in-flight walk,Requirement Traceability,Source-side scoreboard / monitor / SVA coverage,,,test_satp_switch_during_walk、test_sfence_abort_walk,reset/abort flush；satp/PMP only clear PDE；old walk 可 update,P0/P1,mmu/rtl/ptw.sv; mmu/rtl/twu.sv; mmu/rtl/ptw_mbuf.sv; mmu/rtl/PDE_cache.sv,doc/ptw_uvm_review/ptwspec.md:1588,split,PTW-Spec-Traceability-Import,doc/ptw_uvm_review/ptwspec.md,"Imported from heading '13.10 Requirement-driven PTW audit matrix'. Source row: Audit ID=PTW-AUD-007 | PTW requirement=reset/satp/PMP/abort 清理差异 | Spec source=§3.4, §11 | Required scenario=四类事件覆盖 in-flight walk | Expected behavior=reset/abort flush；satp/PMP only clear PDE；old walk 可 update | 现有 test/plan 映射=test_satp_switch_during_walk、test_sfence_abort_walk | 状态=split | 必须动作=落地 PTW-ADD-010/011/024。"
PTW-SPEC-IMPORT-PTW-AUD-008,xbar hash 与 ready/backpressure,PTW-AUD-008,13.10 Requirement-driven PTW audit matrix,PTW-AUD-008,XBAR-001/002、ready tests,xbar hash 与 ready/backpressure,hash 目标 mask -> ready low；非目标 mask 不阻塞当前请求；L2 fields hold；hash target 正确,hash target not ready；non-target masked；all masked；unmask,Requirement Traceability,Source-side scoreboard / monitor / SVA coverage,,,XBAR-001/002、ready tests,hash 目标 mask -> ready low；非目标 mask 不阻塞当前请求；L2 fields hold；hash target 正确,P0/P1,mmu/rtl/ptw.sv; mmu/rtl/twu.sv; mmu/rtl/ptw_mbuf.sv; mmu/rtl/PDE_cache.sv,doc/ptw_uvm_review/ptwspec.md:1589,modify,PTW-Spec-Traceability-Import,doc/ptw_uvm_review/ptwspec.md,Imported from heading '13.10 Requirement-driven PTW audit matrix'. Source row: Audit ID=PTW-AUD-008 | PTW requirement=xbar hash 与 ready/backpressure | Spec source=§4 | Required scenario=hash target not ready；non-target masked；all masked；unmask | Expected behavior=hash 目标 mask -> ready low；非目标 mask 不阻塞当前请求；L2 fields hold；hash target 正确 | 现有 test/plan 映射=XBAR-001/002、ready tests | 状态=modify | 必须动作=删除 round-robin/idle-first expected，落地 PTW-ADD-012。; Alternate source rows: doc/ptw_uvm_review/ptwspec.md:2483
PTW-SPEC-IMPORT-PTW-AUD-009,PMP 检查对象与 deny 终止,PTW-AUD-009,13.10 Requirement-driven PTW audit matrix,PTW-AUD-009,pmp_twu tests,PMP 检查对象与 deny 终止,access fault；无 mbuf/LSU/CHK/page fault/refill,fst/scd/thd PTE PA 被 PMP deny,Requirement Traceability,Source-side scoreboard / monitor / SVA coverage,,,pmp_twu tests,access fault；无 mbuf/LSU/CHK/page fault/refill,P0/P1,mmu/rtl/ptw.sv; mmu/rtl/twu.sv; mmu/rtl/ptw_mbuf.sv; mmu/rtl/PDE_cache.sv,doc/ptw_uvm_review/ptwspec.md:1590,modify,PTW-Spec-Traceability-Import,doc/ptw_uvm_review/ptwspec.md,"Imported from heading '13.10 Requirement-driven PTW audit matrix'. Source row: Audit ID=PTW-AUD-009 | PTW requirement=PMP 检查对象与 deny 终止 | Spec source=§5.1, §12.9-12.11 | Required scenario=fst/scd/thd PTE PA 被 PMP deny | Expected behavior=access fault；无 mbuf/LSU/CHK/page fault/refill | 现有 test/plan 映射=pmp_twu tests | 状态=modify | 必须动作=落地 PTW-ADD-013。; Alternate source rows: doc/ptw_uvm_review/ptwspec.md:2484"
PTW-SPEC-IMPORT-PTW-AUD-010,PMP 权限使用原始 request type,PTW-AUD-010,13.10 Requirement-driven PTW audit matrix,PTW-AUD-010,test_ptw_pmp_fetch_zero 等,PMP 权限使用原始 request type,fetch X、load/PFU R、store W；M L-bit 规则,fetch/load/store/PFU flg deny,Requirement Traceability,Source-side scoreboard / monitor / SVA coverage,,,test_ptw_pmp_fetch_zero 等,fetch X、load/PFU R、store W；M L-bit 规则,P0/P1,mmu/rtl/ptw.sv; mmu/rtl/twu.sv; mmu/rtl/ptw_mbuf.sv; mmu/rtl/PDE_cache.sv,doc/ptw_uvm_review/ptwspec.md:1591,modify,PTW-Spec-Traceability-Import,doc/ptw_uvm_review/ptwspec.md,Imported from heading '13.10 Requirement-driven PTW audit matrix'. Source row: Audit ID=PTW-AUD-010 | PTW requirement=PMP 权限使用原始 request type | Spec source=§5.1 | Required scenario=fetch/load/store/PFU flg deny | Expected behavior=fetch X、load/PFU R、store W；M L-bit 规则 | 现有 test/plan 映射=test_ptw_pmp_fetch_zero 等 | 状态=modify | 必须动作=落地 PTW-ADD-014。
PTW-SPEC-IMPORT-PTW-AUD-011,MPRV/MPP effective privilege,PTW-AUD-011,13.10 Requirement-driven PTW audit matrix,PTW-AUD-011,pmp/mmode tests、cp0_mprv_seq,MPRV/MPP effective privilege,data/PFU direct-map/no PTW source；fetch 按真实 privilege；其它 data MPRV 非 MPP=M 组合按 effective privilege。,data/PFU MPRV=1 && MPP=M；fetch with MPRV,Requirement Traceability,Source-side scoreboard / monitor / SVA coverage,,,pmp/mmode tests、cp0_mprv_seq,data/PFU direct-map/no PTW source；fetch 按真实 privilege；其它 data MPRV 非 MPP=M 组合按 effective privilege。,P0/P1,mmu/rtl/ptw.sv; mmu/rtl/twu.sv; mmu/rtl/ptw_mbuf.sv; mmu/rtl/PDE_cache.sv,doc/ptw_uvm_review/ptwspec.md:1592,add,PTW-Spec-Traceability-Import,doc/ptw_uvm_review/ptwspec.md,"Imported from heading '13.10 Requirement-driven PTW audit matrix'. Source row: Audit ID=PTW-AUD-011 | PTW requirement=MPRV/MPP effective privilege | Spec source=§7, §12.23 | Required scenario=data/PFU MPRV=1 && MPP=M；fetch with MPRV | Expected behavior=data/PFU direct-map/no PTW source；fetch 按真实 privilege；其它 data MPRV 非 MPP=M 组合按 effective privilege。 | 现有 test/plan 映射=pmp/mmode tests、cp0_mprv_seq | 状态=add | 必须动作=落地 PTW-ADD-015/030。"
PTW-SPEC-IMPORT-PTW-AUD-012,非叶 PTE page fault 规则,PTW-AUD-012,13.10 Requirement-driven PTW audit matrix,PTW-AUD-012,test_pte_rw_both_zero,非叶 PTE page fault 规则,fst/scd 合法 pointer；thd 非叶 PF；其它不检查,fst/scd/thd 非叶、V=0、write-only,Requirement Traceability,Source-side scoreboard / monitor / SVA coverage,,,test_pte_rw_both_zero,fst/scd 合法 pointer；thd 非叶 PF；其它不检查,P0/P1,mmu/rtl/ptw.sv; mmu/rtl/twu.sv; mmu/rtl/ptw_mbuf.sv; mmu/rtl/PDE_cache.sv,doc/ptw_uvm_review/ptwspec.md:1593,modify,PTW-Spec-Traceability-Import,doc/ptw_uvm_review/ptwspec.md,Imported from heading '13.10 Requirement-driven PTW audit matrix'. Source row: Audit ID=PTW-AUD-012 | PTW requirement=非叶 PTE page fault 规则 | Spec source=§6.1-6.2 | Required scenario=fst/scd/thd 非叶、V=0、write-only | Expected behavior=fst/scd 合法 pointer；thd 非叶 PF；其它不检查 | 现有 test/plan 映射=test_pte_rw_both_zero | 状态=modify | 必须动作=落地 PTW-ADD-016。; Alternate source rows: doc/ptw_uvm_review/ptwspec.md:2485
PTW-SPEC-IMPORT-PTW-AUD-013,Leaf PTE 权限矩阵,PTW-AUD-013,13.10 Requirement-driven PTW audit matrix,PTW-AUD-013,PTE tests/ref model,Leaf PTE 权限矩阵,按本设计规则 page fault 或 refill,load/store/fetch/PFU、A/D/U/S/SUM/MXR/write-only,Requirement Traceability,Source-side scoreboard / monitor / SVA coverage,,,PTE tests/ref model,按本设计规则 page fault 或 refill,P0/P1,mmu/rtl/ptw.sv; mmu/rtl/twu.sv; mmu/rtl/ptw_mbuf.sv; mmu/rtl/PDE_cache.sv,doc/ptw_uvm_review/ptwspec.md:1594,split,PTW-Spec-Traceability-Import,doc/ptw_uvm_review/ptwspec.md,Imported from heading '13.10 Requirement-driven PTW audit matrix'. Source row: Audit ID=PTW-AUD-013 | PTW requirement=Leaf PTE 权限矩阵 | Spec source=§6.3 | Required scenario=load/store/fetch/PFU、A/D/U/S/SUM/MXR/write-only | Expected behavior=按本设计规则 page fault 或 refill | 现有 test/plan 映射=PTE tests/ref model | 状态=split | 必须动作=落地 PTW-ADD-017/018/019/033。
PTW-SPEC-IMPORT-PTW-AUD-014,巨页 PPN 对齐优先于降级,PTW-AUD-014,13.10 Requirement-driven PTW audit matrix,PTW-AUD-014,misaligned/sysmap align tests,巨页 PPN 对齐优先于降级,page fault，不进入 sysmap/degrade,MAEE=0 且 1G/2M PPN 错位,Requirement Traceability,Source-side scoreboard / monitor / SVA coverage,,,misaligned/sysmap align tests,page fault，不进入 sysmap/degrade,P0/P1,mmu/rtl/ptw.sv; mmu/rtl/twu.sv; mmu/rtl/ptw_mbuf.sv; mmu/rtl/PDE_cache.sv,doc/ptw_uvm_review/ptwspec.md:1595,modify,PTW-Spec-Traceability-Import,doc/ptw_uvm_review/ptwspec.md,"Imported from heading '13.10 Requirement-driven PTW audit matrix'. Source row: Audit ID=PTW-AUD-014 | PTW requirement=巨页 PPN 对齐优先于降级 | Spec source=§6.3, §10.8 | Required scenario=MAEE=0 且 1G/2M PPN 错位 | Expected behavior=page fault，不进入 sysmap/degrade | 现有 test/plan 映射=misaligned/sysmap align tests | 状态=modify | 必须动作=落地 PTW-ADD-020。"
PTW-SPEC-IMPORT-PTW-AUD-015,MBUF entry 分配与 LSU single outstanding,PTW-AUD-015,13.10 Requirement-driven PTW audit matrix,PTW-AUD-015,pmbuf protocol tests,MBUF entry 分配与 LSU single outstanding,entry8/entry0-7 规则；req/PA stable；single outstanding,IUTLB/DTLB/PFU 并发；LSU delay,Requirement Traceability,Source-side scoreboard / monitor / SVA coverage,,,pmbuf protocol tests,entry8/entry0-7 规则；req/PA stable；single outstanding,P0/P1,mmu/rtl/ptw.sv; mmu/rtl/twu.sv; mmu/rtl/ptw_mbuf.sv; mmu/rtl/PDE_cache.sv,doc/ptw_uvm_review/ptwspec.md:1596,modify,PTW-Spec-Traceability-Import,doc/ptw_uvm_review/ptwspec.md,Imported from heading '13.10 Requirement-driven PTW audit matrix'. Source row: Audit ID=PTW-AUD-015 | PTW requirement=MBUF entry 分配与 LSU single outstanding | Spec source=§8.1-8.2 | Required scenario=IUTLB/DTLB/PFU 并发；LSU delay | Expected behavior=entry8/entry0-7 规则；req/PA stable；single outstanding | 现有 test/plan 映射=pmbuf protocol tests | 状态=modify | 必须动作=删除 full/OOO 旧口径，落地 PTW-ADD-021。; Alternate source rows: doc/ptw_uvm_review/ptwspec.md:2486
PTW-SPEC-IMPORT-PTW-AUD-016,CHK not ready 与 bus error,PTW-AUD-016,13.10 Requirement-driven PTW audit matrix,PTW-AUD-016,test_bus_error_terminate、mbuf ready tests,CHK not ready 与 bus error,normal data hold/get；bus_error access fault，不进 CHK,normal data when CHK not ready；bus_error,Requirement Traceability,Source-side scoreboard / monitor / SVA coverage,,,test_bus_error_terminate、mbuf ready tests,normal data hold/get；bus_error access fault，不进 CHK,P0/P1,mmu/rtl/ptw.sv; mmu/rtl/twu.sv; mmu/rtl/ptw_mbuf.sv; mmu/rtl/PDE_cache.sv,doc/ptw_uvm_review/ptwspec.md:1597,modify,PTW-Spec-Traceability-Import,doc/ptw_uvm_review/ptwspec.md,"Imported from heading '13.10 Requirement-driven PTW audit matrix'. Source row: Audit ID=PTW-AUD-016 | PTW requirement=CHK not ready 与 bus error | Spec source=§8.3-8.4, §12.18 | Required scenario=normal data when CHK not ready；bus_error | Expected behavior=normal data hold/get；bus_error access fault，不进 CHK | 现有 test/plan 映射=test_bus_error_terminate、mbuf ready tests | 状态=modify | 必须动作=落地 PTW-ADD-022/023。"
PTW-SPEC-IMPORT-PTW-AUD-017,Abort LSU outstanding 边界,PTW-AUD-017,13.10 Requirement-driven PTW audit matrix,PTW-AUD-017,test_sfence_abort_walk、tlbop tests,Abort LSU outstanding 边界,按 spec 保持/丢弃/上报边界,abort 与 req/data/bus_error/expt grant 竞态,Requirement Traceability,Source-side scoreboard / monitor / SVA coverage,,,test_sfence_abort_walk、tlbop tests,按 spec 保持/丢弃/上报边界,P0/P1,mmu/rtl/ptw.sv; mmu/rtl/twu.sv; mmu/rtl/ptw_mbuf.sv; mmu/rtl/PDE_cache.sv,doc/ptw_uvm_review/ptwspec.md:1598,split,PTW-Spec-Traceability-Import,doc/ptw_uvm_review/ptwspec.md,"Imported from heading '13.10 Requirement-driven PTW audit matrix'. Source row: Audit ID=PTW-AUD-017 | PTW requirement=Abort LSU outstanding 边界 | Spec source=§11.4-11.5, §12.19 | Required scenario=abort 与 req/data/bus_error/expt grant 竞态 | Expected behavior=按 spec 保持/丢弃/上报边界 | 现有 test/plan 映射=test_sfence_abort_walk、tlbop tests | 状态=split | 必须动作=落地 PTW-ADD-024。"
PTW-SPEC-IMPORT-PTW-AUD-018,PTW-SVA-MAEE-001..010、PTW-SVA-CTX-002/006,PTW-AUD-018,13.21.14 SVA 与测试点闭环矩阵,PTW-AUD-018,PTW-AUD-018,PTW-SVA-MAEE-001..010、PTW-SVA-CTX-002/006,PTW-SVA-MAEE-001..010、PTW-SVA-CTX-002/006,,Requirement Traceability,Source-side scoreboard / monitor / SVA coverage,PTW-SVA-MAEE-001..010、PTW-SVA-CTX-002/006,,,PTW-SVA-MAEE-001..010、PTW-SVA-CTX-002/006,P0/P1,mmu/rtl/ptw.sv; mmu/rtl/twu.sv; mmu/rtl/ptw_mbuf.sv; mmu/rtl/PDE_cache.sv,doc/ptw_uvm_review/ptwspec.md:2487,Planned/Spec-Imported,PTW-Spec-Traceability-Import,doc/ptw_uvm_review/ptwspec.md,Imported from heading '13.21.14 SVA 与测试点闭环矩阵'. Source row: 测试点族=PTW-AUD-018/019/020/021 MAEE/sysmap/context | 必须有的 SVA evidence=PTW-SVA-MAEE-001..010、PTW-SVA-CTX-002/006 | 不能用来替代的检查=system sysmap bypass tests 不能关闭 PTW leaf refill 属性路径。; Alternate source rows: doc/ptw_uvm_review/ptwspec.md:1599
PTW-SPEC-IMPORT-PTW-AUD-019,MAEE=0 4K sysmap refill,PTW-AUD-019,13.10 Requirement-driven PTW audit matrix,PTW-AUD-019,MAEE/sysmap tests,MAEE=0 4K sysmap refill,4K 也查 sysmap，属性来自 sysmap,THD 4K leaf，MAEE=0,Requirement Traceability,Source-side scoreboard / monitor / SVA coverage,,,MAEE/sysmap tests,4K 也查 sysmap，属性来自 sysmap,P0/P1,mmu/rtl/ptw.sv; mmu/rtl/twu.sv; mmu/rtl/ptw_mbuf.sv; mmu/rtl/PDE_cache.sv,doc/ptw_uvm_review/ptwspec.md:1600,add,PTW-Spec-Traceability-Import,doc/ptw_uvm_review/ptwspec.md,"Imported from heading '13.10 Requirement-driven PTW audit matrix'. Source row: Audit ID=PTW-AUD-019 | PTW requirement=MAEE=0 4K sysmap refill | Spec source=§10.2, §12.8 | Required scenario=THD 4K leaf，MAEE=0 | Expected behavior=4K 也查 sysmap，属性来自 sysmap | 现有 test/plan 映射=MAEE/sysmap tests | 状态=add | 必须动作=落地 PTW-ADD-026。"
PTW-SPEC-IMPORT-PTW-AUD-020,MAEE=0 1G/2M 降级,PTW-AUD-020,13.10 Requirement-driven PTW audit matrix,PTW-AUD-020,phase13 sysmap tests,MAEE=0 1G/2M 降级,降级 PPN/page size；不访问下级页表；权限来自原 leaf,no-cross、1G->2M、1G->4K、2M->4K,Requirement Traceability,Source-side scoreboard / monitor / SVA coverage,,,phase13 sysmap tests,降级 PPN/page size；不访问下级页表；权限来自原 leaf,P0/P1,mmu/rtl/ptw.sv; mmu/rtl/twu.sv; mmu/rtl/ptw_mbuf.sv; mmu/rtl/PDE_cache.sv,doc/ptw_uvm_review/ptwspec.md:1601,modify,PTW-Spec-Traceability-Import,doc/ptw_uvm_review/ptwspec.md,Imported from heading '13.10 Requirement-driven PTW audit matrix'. Source row: Audit ID=PTW-AUD-020 | PTW requirement=MAEE=0 1G/2M 降级 | Spec source=§10.4-10.8 | Required scenario=no-cross、1G->2M、1G->4K、2M->4K | Expected behavior=降级 PPN/page size；不访问下级页表；权限来自原 leaf | 现有 test/plan 映射=phase13 sysmap tests | 状态=modify | 必须动作=落地 PTW-ADD-027/028/029。
PTW-SPEC-IMPORT-PTW-AUD-021,上下文采样点,PTW-AUD-021,13.10 Requirement-driven PTW audit matrix,PTW-AUD-021,hot-swap/stress,上下文采样点,在使用点读取；进入 sysmap 后 MAEE 不回退,request accept 后改变 ASID/MXR/SUM/MAEE,Requirement Traceability,Source-side scoreboard / monitor / SVA coverage,,,hot-swap/stress,在使用点读取；进入 sysmap 后 MAEE 不回退,P0/P1,mmu/rtl/ptw.sv; mmu/rtl/twu.sv; mmu/rtl/ptw_mbuf.sv; mmu/rtl/PDE_cache.sv,doc/ptw_uvm_review/ptwspec.md:1602,add,PTW-Spec-Traceability-Import,doc/ptw_uvm_review/ptwspec.md,"Imported from heading '13.10 Requirement-driven PTW audit matrix'. Source row: Audit ID=PTW-AUD-021 | PTW requirement=上下文采样点 | Spec source=§7, §13.1 | Required scenario=request accept 后改变 ASID/MXR/SUM/MAEE | Expected behavior=在使用点读取；进入 sysmap 后 MAEE 不回退 | 现有 test/plan 映射=hot-swap/stress | 状态=add | 必须动作=落地 PTW-ADD-030。"
PTW-SPEC-IMPORT-PTW-AUD-022,第 12 章 23 条完整流程签核,PTW-AUD-022,13.10 Requirement-driven PTW audit matrix,PTW-AUD-022,N/A,第 12 章 23 条完整流程签核,每条有 test/coverage/SVA/waiver,每条 flow 独立 scenario,Requirement Traceability,Source-side scoreboard / monitor / SVA coverage,,,N/A,每条有 test/coverage/SVA/waiver,P0/P1,mmu/rtl/ptw.sv; mmu/rtl/twu.sv; mmu/rtl/ptw_mbuf.sv; mmu/rtl/PDE_cache.sv,doc/ptw_uvm_review/ptwspec.md:1603,add,PTW-Spec-Traceability-Import,doc/ptw_uvm_review/ptwspec.md,"Imported from heading '13.10 Requirement-driven PTW audit matrix'. Source row: Audit ID=PTW-AUD-022 | PTW requirement=第 12 章 23 条完整流程签核 | Spec source=§12.1-12.23, §13.4 | Required scenario=每条 flow 独立 scenario | Expected behavior=每条有 test/coverage/SVA/waiver | 现有 test/plan 映射=N/A | 状态=add | 必须动作=落地 PTW-ADD-031。"
PTW-SPEC-IMPORT-PTW-AUD-023,L1DTLB 间接消费 PTW 输出,PTW-AUD-023,13.10 Requirement-driven PTW audit matrix,PTW-AUD-023,L1DTLB tests,L1DTLB 间接消费 PTW 输出,只作为 consumer-side evidence,load/store PTW refill/fault 被 L1DTLB install/expt 消费,Requirement Traceability,Source-side scoreboard / monitor / SVA coverage,,,L1DTLB tests,只作为 consumer-side evidence,P0/P1,mmu/rtl/ptw.sv; mmu/rtl/twu.sv; mmu/rtl/ptw_mbuf.sv; mmu/rtl/PDE_cache.sv,doc/ptw_uvm_review/ptwspec.md:1604,consumer-only,PTW-Spec-Traceability-Import,doc/ptw_uvm_review/ptwspec.md,Imported from heading '13.10 Requirement-driven PTW audit matrix'. Source row: Audit ID=PTW-AUD-023 | PTW requirement=L1DTLB 间接消费 PTW 输出 | Spec source=§2.2-2.3 + L1DTLB audit | Required scenario=load/store PTW refill/fault 被 L1DTLB install/expt 消费 | Expected behavior=只作为 consumer-side evidence | 现有 test/plan 映射=L1DTLB tests | 状态=consumer-only | 必须动作=落地 PTW-ADD-032，不关闭 source-side 规则。
PTW-SPEC-IMPORT-PTW-DEL-001,PTW-013 test_mbuf_credit_management 中 “MBUF 8 entry 满后反压新 TWU”,PTW-DEL-001,13.7 必须删除、重归属或改名的旧测试点,PTW-DEL-001,PTW-DEL-001,PTW spec 不定义 MBUF full backpressure。DTLB/PFU outstanding 由上游 credit/L2TLB miss buffer 约束，PTW mbuf 不以 full 作为新 request ready 需求。,删除 full-backpressure expected；若保留，改成 no-overflow、entry 不覆盖、upstream-bound 和 LSU ID-indexed outstanding/no-overflow 检查。,,Traceability Action/Delete,Source-side scoreboard / monitor / SVA coverage,,,,删除 full-backpressure expected；若保留，改成 no-overflow、entry 不覆盖、upstream-bound 和 LSU ID-indexed outstanding/no-overflow 检查。,Audit,mmu/rtl/ptw.sv; mmu/rtl/twu.sv; mmu/rtl/ptw_mbuf.sv; mmu/rtl/PDE_cache.sv,doc/ptw_uvm_review/ptwspec.md:1507,phase14-updated,PTW-Spec-Traceability-Import,doc/ptw_uvm_review/ptwspec.md,Phase14 update: old full-backpressure delete row keeps scope warning but LSU single-outstanding wording is superseded by ID-indexed outstanding coverage.
PTW-SPEC-IMPORT-PTW-DEL-002,test_mbuf_full_backpressure.svh,PTW-DEL-002,13.7 必须删除、重归属或改名的旧测试点,PTW-DEL-002,PTW-DEL-002,若 expected 为 PTW MBUF full -> backpressure，则与 spec 冲突；若实际测 L1DTLB MB full，则作用域错误。,从 PTW source-side closure 删除或重归属 L1DTLB；不得作为 PTW MBUF 需求关闭。,,Traceability Action/Delete,Source-side scoreboard / monitor / SVA coverage,,,,从 PTW source-side closure 删除或重归属 L1DTLB；不得作为 PTW MBUF 需求关闭。,Audit,mmu/rtl/ptw.sv; mmu/rtl/twu.sv; mmu/rtl/ptw_mbuf.sv; mmu/rtl/PDE_cache.sv,doc/ptw_uvm_review/ptwspec.md:1508,Delete/Re-scope Required,PTW-Spec-Traceability-Import,doc/ptw_uvm_review/ptwspec.md,Imported from heading '13.7 必须删除、重归属或改名的旧测试点'. Source row: Action ID=PTW-DEL-002 | 现有项=test_mbuf_full_backpressure.svh | 问题=若 expected 为 PTW MBUF full -> backpressure，则与 spec 冲突；若实际测 L1DTLB MB full，则作用域错误。 | 正确处理=从 PTW source-side closure 删除或重归属 L1DTLB；不得作为 PTW MBUF 需求关闭。
PTW-SPEC-IMPORT-PTW-DEL-003,PTW-014 test_mbuf_ooo_response 已重归属为 OOO-by-ID,PTW-DEL-003,13.7 必须删除、重归属或改名的旧测试点,PTW-DEL-003,test_mbuf_ooo_response.svh;test_pmbuf_ooo_response_by_id_001,旧 no-tag/single/in-order 删除项在 Phase14 后改为 LSU-ID 兼容和正式 OOO-by-ID closure,保留旧 wrapper 仅作兼容 alias 正向 closure 由 PTW-LSU-MULTI-002 承担,ptw_mem_ooo_rsp_seq,Traceability Action/Re-scope,Source-side scoreboard / monitor / SVA coverage,cp_lsu_ooo_response,PTW-SVA-LSUID-004;PTW-SVA-LSUID-005,ptw_mem_ooo_rsp_seq,OOO-by-ID legal and routed by response ID,Audit,mmu/rtl/ptw.sv;mmu/rtl/ptw_mbuf.sv;mmu/rtl/mbuf_entry.sv,doc/ptw_uvm_review/ptw_lsu_id/ptw_lsu_id_uvm_implementation_plan.md:1448,phase14-updated,PTW-LSU-ID-Traceability,mmu_verification/simu/ptw_source_closure_matrix.csv,Phase14 update: old delete row superseded by PTW-LSU-MULTI-002 and legacy wrapper compatibility rows
PTW-SPEC-IMPORT-PTW-DEL-004,PTW-017 test_pte_reserved_bits 旧 fault expected,PTW-DEL-004,13.7 必须删除、重归属或改名的旧测试点,PTW-DEL-004,PTW-DEL-004,high reserved bits 和 RSW 不触发 PTW page fault；RSW 进入 refill flg。,改成 positive tests：RSW no fault + flg propagation；high reserved ignored；MAEE=0 时扩展属性由 sysmap 覆盖。,,Traceability Action/Delete,Source-side scoreboard / monitor / SVA coverage,,,,改成 positive tests：RSW no fault + flg propagation；high reserved ignored；MAEE=0 时扩展属性由 sysmap 覆盖。,Audit,mmu/rtl/ptw.sv; mmu/rtl/twu.sv; mmu/rtl/ptw_mbuf.sv; mmu/rtl/PDE_cache.sv,doc/ptw_uvm_review/ptwspec.md:1510,Delete/Re-scope Required,PTW-Spec-Traceability-Import,doc/ptw_uvm_review/ptwspec.md,Imported from heading '13.7 必须删除、重归属或改名的旧测试点'. Source row: Action ID=PTW-DEL-004 | 现有项=PTW-017 test_pte_reserved_bits 旧 fault expected | 问题=high reserved bits 和 RSW 不触发 PTW page fault；RSW 进入 refill flg。 | 正确处理=改成 positive tests：RSW no fault + flg propagation；high reserved ignored；MAEE=0 时扩展属性由 sysmap 覆盖。
PTW-SPEC-IMPORT-PTW-DEL-005,PTW-030 test_wakeup_vector_dispatch,PTW-DEL-005,13.7 必须删除、重归属或改名的旧测试点,PTW-DEL-005,PTW-DEL-005,mmu_lsu_wakeup 是 L1DTLB -> LSU 广播语义，不是 PTW requirement。,重归属 L1DTLB；PTW 只记录 refill/fault 被消费的 consumer-side evidence。,,Traceability Action/Delete,Source-side scoreboard / monitor / SVA coverage,,,,重归属 L1DTLB；PTW 只记录 refill/fault 被消费的 consumer-side evidence。,Audit,mmu/rtl/ptw.sv; mmu/rtl/twu.sv; mmu/rtl/ptw_mbuf.sv; mmu/rtl/PDE_cache.sv,doc/ptw_uvm_review/ptwspec.md:1511,Delete/Re-scope Required,PTW-Spec-Traceability-Import,doc/ptw_uvm_review/ptwspec.md,Imported from heading '13.7 必须删除、重归属或改名的旧测试点'. Source row: Action ID=PTW-DEL-005 | 现有项=PTW-030 test_wakeup_vector_dispatch | 问题=mmu_lsu_wakeup 是 L1DTLB -> LSU 广播语义，不是 PTW requirement。 | 正确处理=重归属 L1DTLB；PTW 只记录 refill/fault 被消费的 consumer-side evidence。
PTW-SPEC-IMPORT-PTW-DEL-006,PTW-031 test_tlb_busy_stall,PTW-DEL-006,13.7 必须删除、重归属或改名的旧测试点,PTW-DEL-006,PTW-DEL-006,mmu_lsu_tlb_busy 是 L1DTLB MB 在途/调度语义，不关闭 PTW ready/mbuf。,重归属 L1DTLB；从 PTW MBUF/ready closure 删除。,,Traceability Action/Delete,Source-side scoreboard / monitor / SVA coverage,,,,重归属 L1DTLB；从 PTW MBUF/ready closure 删除。,Audit,mmu/rtl/ptw.sv; mmu/rtl/twu.sv; mmu/rtl/ptw_mbuf.sv; mmu/rtl/PDE_cache.sv,doc/ptw_uvm_review/ptwspec.md:1512,Delete/Re-scope Required,PTW-Spec-Traceability-Import,doc/ptw_uvm_review/ptwspec.md,Imported from heading '13.7 必须删除、重归属或改名的旧测试点'. Source row: Action ID=PTW-DEL-006 | 现有项=PTW-031 test_tlb_busy_stall | 问题=mmu_lsu_tlb_busy 是 L1DTLB MB 在途/调度语义，不关闭 PTW ready/mbuf。 | 正确处理=重归属 L1DTLB；从 PTW MBUF/ready closure 删除。
PTW-SPEC-IMPORT-PTW-DEL-007,PTW-033 test_sysmap_hit_bypass_walk、SYSMAP-PTW-001/003,PTW-DEL-007,13.7 必须删除、重归属或改名的旧测试点,PTW-DEL-007,PTW-DEL-007,sysmap hit 绕过 walk 是 system direct-map/sysmap 路径，不是 PTW MAEE=0 leaf refill 属性路径。,重归属 system sysmap；PTW 只保留 MAEE=0 sysmap flg、4K sysmap、1G/2M degrade。,,Traceability Action/Delete,Source-side scoreboard / monitor / SVA coverage,,,,重归属 system sysmap；PTW 只保留 MAEE=0 sysmap flg、4K sysmap、1G/2M degrade。,Audit,mmu/rtl/ptw.sv; mmu/rtl/twu.sv; mmu/rtl/ptw_mbuf.sv; mmu/rtl/PDE_cache.sv,doc/ptw_uvm_review/ptwspec.md:1513,Delete/Re-scope Required,PTW-Spec-Traceability-Import,doc/ptw_uvm_review/ptwspec.md,Imported from heading '13.7 必须删除、重归属或改名的旧测试点'. Source row: Action ID=PTW-DEL-007 | 现有项=PTW-033 test_sysmap_hit_bypass_walk、SYSMAP-PTW-001/003 | 问题=sysmap hit 绕过 walk 是 system direct-map/sysmap 路径，不是 PTW MAEE=0 leaf refill 属性路径。 | 正确处理=重归属 system sysmap；PTW 只保留 MAEE=0 sysmap flg、4K sysmap、1G/2M degrade。
PTW-SPEC-IMPORT-PTW-DEL-008,旧 “PTW PMP fetch 恒 0/统一按 R-bit 检查”,PTW-DEL-008,13.7 必须删除、重归属或改名的旧测试点,PTW-DEL-008,PTW-DEL-008,PMP 权限必须跟随原始 request type，fetch 看 X、load/PFU 看 R、store 看 W。,修改 test_ptw_pmp_fetch_zero 名称/expected，变成 original-type permission/sideband 测试。,,Traceability Action/Delete,Source-side scoreboard / monitor / SVA coverage,,,,修改 test_ptw_pmp_fetch_zero 名称/expected，变成 original-type permission/sideband 测试。,Audit,mmu/rtl/ptw.sv; mmu/rtl/twu.sv; mmu/rtl/ptw_mbuf.sv; mmu/rtl/PDE_cache.sv,doc/ptw_uvm_review/ptwspec.md:1514,Delete/Re-scope Required,PTW-Spec-Traceability-Import,doc/ptw_uvm_review/ptwspec.md,Imported from heading '13.7 必须删除、重归属或改名的旧测试点'. Source row: Action ID=PTW-DEL-008 | 现有项=旧 “PTW PMP fetch 恒 0/统一按 R-bit 检查” | 问题=PMP 权限必须跟随原始 request type，fetch 看 X、load/PFU 看 R、store 看 W。 | 正确处理=修改 test_ptw_pmp_fetch_zero 名称/expected，变成 original-type permission/sideband 测试。
PTW-SPEC-IMPORT-PTW-DEL-009,test_xbar_twu_round_robin 的 round-robin expected,PTW-DEL-009,13.7 必须删除、重归属或改名的旧测试点,PTW-DEL-009,PTW-DEL-009,xbar 选择由 hash 定义，不是 round-robin。,改名为 hash distribution/coverage 或删除 round-robin 检查。,,Traceability Action/Delete,Source-side scoreboard / monitor / SVA coverage,,,,改名为 hash distribution/coverage 或删除 round-robin 检查。,Audit,mmu/rtl/ptw.sv; mmu/rtl/twu.sv; mmu/rtl/ptw_mbuf.sv; mmu/rtl/PDE_cache.sv,doc/ptw_uvm_review/ptwspec.md:1515,Delete/Re-scope Required,PTW-Spec-Traceability-Import,doc/ptw_uvm_review/ptwspec.md,Imported from heading '13.7 必须删除、重归属或改名的旧测试点'. Source row: Action ID=PTW-DEL-009 | 现有项=test_xbar_twu_round_robin 的 round-robin expected | 问题=xbar 选择由 hash 定义，不是 round-robin。 | 正确处理=改名为 hash distribution/coverage 或删除 round-robin 检查。
PTW-SPEC-IMPORT-PTW-DEL-010,PTE tests 中 “R=W=0 一律 access fault”,PTW-DEL-010,13.7 必须删除、重归属或改名的旧测试点,PTW-DEL-010,PTW-DEL-010,"PTE fault 是 page fault；R=0,W=0,X=0 在 fst/scd 可为合法非叶，thd 非叶才 page fault；X-only leaf 可合法。",拆成 non-leaf、thd non-leaf、leaf permission/write-only matrix。,,Traceability Action/Delete,Source-side scoreboard / monitor / SVA coverage,,,,拆成 non-leaf、thd non-leaf、leaf permission/write-only matrix。,Audit,mmu/rtl/ptw.sv; mmu/rtl/twu.sv; mmu/rtl/ptw_mbuf.sv; mmu/rtl/PDE_cache.sv,doc/ptw_uvm_review/ptwspec.md:1516,Delete/Re-scope Required,PTW-Spec-Traceability-Import,doc/ptw_uvm_review/ptwspec.md,"Imported from heading '13.7 必须删除、重归属或改名的旧测试点'. Source row: Action ID=PTW-DEL-010 | 现有项=PTE tests 中 “R=W=0 一律 access fault” | 问题=PTE fault 是 page fault；R=0,W=0,X=0 在 fst/scd 可为合法非叶，thd 非叶才 page fault；X-only leaf 可合法。 | 正确处理=拆成 non-leaf、thd non-leaf、leaf permission/write-only matrix。"
PTW-SPEC-IMPORT-PTW-FLOW-001,对应 PTW-SVA-* cover hit 加 scoreboard final match,PTW-FLOW-001,13.21.14 SVA 与测试点闭环矩阵,PTW-FLOW-001,PTW-FLOW-001,对应 PTW-SVA-* cover hit 加 scoreboard final match,对应 PTW-SVA-* cover hit 加 scoreboard final match,,Requirement Traceability,Source-side scoreboard / monitor / SVA coverage,对应 PTW-SVA-* cover hit 加 scoreboard final match,,,对应 PTW-SVA-* cover hit 加 scoreboard final match,P0/P1,mmu/rtl/ptw.sv; mmu/rtl/twu.sv; mmu/rtl/ptw_mbuf.sv; mmu/rtl/PDE_cache.sv,doc/ptw_uvm_review/ptwspec.md:2488,Planned/Spec-Imported,PTW-Spec-Traceability-Import,doc/ptw_uvm_review/ptwspec.md,Imported from heading '13.21.14 SVA 与测试点闭环矩阵'. Source row: 测试点族=PTW-FLOW-001..023 | 必须有的 SVA evidence=对应 PTW-SVA-* cover hit 加 scoreboard final match | 不能用来替代的检查=只跑 directed test name 不能关闭 flow。; Alternate source rows: doc/ptw_uvm_review/ptwspec.md:1732
PTW-SPEC-IMPORT-PTW-FLOW-002,PDE miss，2M success,PTW-FLOW-002,13.16 第 12 章完整流程签核矩阵,PTW-FLOW-002,PTW-FLOW-002,PDE miss，2M success,fst 非叶 update PDE1、scd 2M leaf、page_size=2M。,,Requirement Traceability,Source-side scoreboard / monitor / SVA coverage,,,,fst 非叶 update PDE1、scd 2M leaf、page_size=2M。,P0/P1,mmu/rtl/ptw.sv; mmu/rtl/twu.sv; mmu/rtl/ptw_mbuf.sv; mmu/rtl/PDE_cache.sv,doc/ptw_uvm_review/ptwspec.md:1733,Planned/Spec-Imported,PTW-Spec-Traceability-Import,doc/ptw_uvm_review/ptwspec.md,Imported from heading '13.16 第 12 章完整流程签核矩阵'. Source row: Flow ID=PTW-FLOW-002 | 第 12 章流程=PDE miss，2M success | 必须 evidence=fst 非叶 update PDE1、scd 2M leaf、page_size=2M。
PTW-SPEC-IMPORT-PTW-FLOW-003,PDE miss，4K success,PTW-FLOW-003,13.16 第 12 章完整流程签核矩阵,PTW-FLOW-003,PTW-FLOW-003,PDE miss，4K success,fst/scd 非叶 update PDE1/PDE2、thd 4K leaf。,,Requirement Traceability,Source-side scoreboard / monitor / SVA coverage,,,,fst/scd 非叶 update PDE1/PDE2、thd 4K leaf。,P0/P1,mmu/rtl/ptw.sv; mmu/rtl/twu.sv; mmu/rtl/ptw_mbuf.sv; mmu/rtl/PDE_cache.sv,doc/ptw_uvm_review/ptwspec.md:1734,Planned/Spec-Imported,PTW-Spec-Traceability-Import,doc/ptw_uvm_review/ptwspec.md,Imported from heading '13.16 第 12 章完整流程签核矩阵'. Source row: Flow ID=PTW-FLOW-003 | 第 12 章流程=PDE miss，4K success | 必须 evidence=fst/scd 非叶 update PDE1/PDE2、thd 4K leaf。
PTW-SPEC-IMPORT-PTW-FLOW-004,MAEE=0，1G->2M,PTW-FLOW-004,13.16 第 12 章完整流程签核矩阵,PTW-FLOW-004,PTW-FLOW-004,MAEE=0，1G->2M,1G 跨区、2M 不跨区、PPN 降级、no lower walk。,,Requirement Traceability,Source-side scoreboard / monitor / SVA coverage,,,,1G 跨区、2M 不跨区、PPN 降级、no lower walk。,P0/P1,mmu/rtl/ptw.sv; mmu/rtl/twu.sv; mmu/rtl/ptw_mbuf.sv; mmu/rtl/PDE_cache.sv,doc/ptw_uvm_review/ptwspec.md:1735,Planned/Spec-Imported,PTW-Spec-Traceability-Import,doc/ptw_uvm_review/ptwspec.md,Imported from heading '13.16 第 12 章完整流程签核矩阵'. Source row: Flow ID=PTW-FLOW-004 | 第 12 章流程=MAEE=0，1G->2M | 必须 evidence=1G 跨区、2M 不跨区、PPN 降级、no lower walk。
PTW-SPEC-IMPORT-PTW-FLOW-005,MAEE=0，1G->4K,PTW-FLOW-005,13.16 第 12 章完整流程签核矩阵,PTW-FLOW-005,PTW-FLOW-005,MAEE=0，1G->4K,"连续降级，最终 PPN={pte.ppn[2],vpn[1],vpn[0]}。",,Requirement Traceability,Source-side scoreboard / monitor / SVA coverage,,,,"连续降级，最终 PPN={pte.ppn[2],vpn[1],vpn[0]}。",P0/P1,mmu/rtl/ptw.sv; mmu/rtl/twu.sv; mmu/rtl/ptw_mbuf.sv; mmu/rtl/PDE_cache.sv,doc/ptw_uvm_review/ptwspec.md:1736,Planned/Spec-Imported,PTW-Spec-Traceability-Import,doc/ptw_uvm_review/ptwspec.md,"Imported from heading '13.16 第 12 章完整流程签核矩阵'. Source row: Flow ID=PTW-FLOW-005 | 第 12 章流程=MAEE=0，1G->4K | 必须 evidence=连续降级，最终 PPN={pte.ppn[2],vpn[1],vpn[0]}。"
PTW-SPEC-IMPORT-PTW-FLOW-006,MAEE=0，2M->4K,PTW-FLOW-006,13.16 第 12 章完整流程签核矩阵,PTW-FLOW-006,PTW-FLOW-006,MAEE=0，2M->4K,"2M 跨区，最终 PPN={pte.ppn[2],pte.ppn[1],vpn[0]}。",,Requirement Traceability,Source-side scoreboard / monitor / SVA coverage,,,,"2M 跨区，最终 PPN={pte.ppn[2],pte.ppn[1],vpn[0]}。",P0/P1,mmu/rtl/ptw.sv; mmu/rtl/twu.sv; mmu/rtl/ptw_mbuf.sv; mmu/rtl/PDE_cache.sv,doc/ptw_uvm_review/ptwspec.md:1737,Planned/Spec-Imported,PTW-Spec-Traceability-Import,doc/ptw_uvm_review/ptwspec.md,"Imported from heading '13.16 第 12 章完整流程签核矩阵'. Source row: Flow ID=PTW-FLOW-006 | 第 12 章流程=MAEE=0，2M->4K | 必须 evidence=2M 跨区，最终 PPN={pte.ppn[2],pte.ppn[1],vpn[0]}。"
PTW-SPEC-IMPORT-PTW-FLOW-007,MAEE=0 no degrade,PTW-FLOW-007,13.16 第 12 章完整流程签核矩阵,PTW-FLOW-007,PTW-FLOW-007,MAEE=0 no degrade,1G/2M 首尾同区，page_size 不变，属性来自 sysmap。,,Requirement Traceability,Source-side scoreboard / monitor / SVA coverage,,,,1G/2M 首尾同区，page_size 不变，属性来自 sysmap。,P0/P1,mmu/rtl/ptw.sv; mmu/rtl/twu.sv; mmu/rtl/ptw_mbuf.sv; mmu/rtl/PDE_cache.sv,doc/ptw_uvm_review/ptwspec.md:1738,Planned/Spec-Imported,PTW-Spec-Traceability-Import,doc/ptw_uvm_review/ptwspec.md,Imported from heading '13.16 第 12 章完整流程签核矩阵'. Source row: Flow ID=PTW-FLOW-007 | 第 12 章流程=MAEE=0 no degrade | 必须 evidence=1G/2M 首尾同区，page_size 不变，属性来自 sysmap。
PTW-SPEC-IMPORT-PTW-FLOW-008,MAEE=0 4K sysmap,PTW-FLOW-008,13.16 第 12 章完整流程签核矩阵,PTW-FLOW-008,PTW-FLOW-008,MAEE=0 4K sysmap,THD 4K leaf 查 sysmap，flg 属性来自 sysmap。,,Requirement Traceability,Source-side scoreboard / monitor / SVA coverage,,,,THD 4K leaf 查 sysmap，flg 属性来自 sysmap。,P0/P1,mmu/rtl/ptw.sv; mmu/rtl/twu.sv; mmu/rtl/ptw_mbuf.sv; mmu/rtl/PDE_cache.sv,doc/ptw_uvm_review/ptwspec.md:1739,Planned/Spec-Imported,PTW-Spec-Traceability-Import,doc/ptw_uvm_review/ptwspec.md,Imported from heading '13.16 第 12 章完整流程签核矩阵'. Source row: Flow ID=PTW-FLOW-008 | 第 12 章流程=MAEE=0 4K sysmap | 必须 evidence=THD 4K leaf 查 sysmap，flg 属性来自 sysmap。
PTW-SPEC-IMPORT-PTW-FLOW-009,fst PMP access fault,PTW-FLOW-009,13.16 第 12 章完整流程签核矩阵,PTW-FLOW-009,PTW-FLOW-009,fst PMP access fault,不写 mbuf、不发 LSU、不 CHK，access fault。,,Requirement Traceability,Source-side scoreboard / monitor / SVA coverage,,,,不写 mbuf、不发 LSU、不 CHK，access fault。,P0/P1,mmu/rtl/ptw.sv; mmu/rtl/twu.sv; mmu/rtl/ptw_mbuf.sv; mmu/rtl/PDE_cache.sv,doc/ptw_uvm_review/ptwspec.md:1740,Planned/Spec-Imported,PTW-Spec-Traceability-Import,doc/ptw_uvm_review/ptwspec.md,Imported from heading '13.16 第 12 章完整流程签核矩阵'. Source row: Flow ID=PTW-FLOW-009 | 第 12 章流程=fst PMP access fault | 必须 evidence=不写 mbuf、不发 LSU、不 CHK，access fault。
PTW-SPEC-IMPORT-PTW-FLOW-010,scd PMP access fault,PTW-FLOW-010,13.16 第 12 章完整流程签核矩阵,PTW-FLOW-010,PTW-FLOW-010,scd PMP access fault,fst 非叶后 scd PMP deny，access fault。,,Requirement Traceability,Source-side scoreboard / monitor / SVA coverage,,,,fst 非叶后 scd PMP deny，access fault。,P0/P1,mmu/rtl/ptw.sv; mmu/rtl/twu.sv; mmu/rtl/ptw_mbuf.sv; mmu/rtl/PDE_cache.sv,doc/ptw_uvm_review/ptwspec.md:1741,Planned/Spec-Imported,PTW-Spec-Traceability-Import,doc/ptw_uvm_review/ptwspec.md,Imported from heading '13.16 第 12 章完整流程签核矩阵'. Source row: Flow ID=PTW-FLOW-010 | 第 12 章流程=scd PMP access fault | 必须 evidence=fst 非叶后 scd PMP deny，access fault。
PTW-SPEC-IMPORT-PTW-FLOW-011,thd PMP access fault,PTW-FLOW-011,13.16 第 12 章完整流程签核矩阵,PTW-FLOW-011,PTW-FLOW-011,thd PMP access fault,前两级非叶后 thd PMP deny，access fault。,,Requirement Traceability,Source-side scoreboard / monitor / SVA coverage,,,,前两级非叶后 thd PMP deny，access fault。,P0/P1,mmu/rtl/ptw.sv; mmu/rtl/twu.sv; mmu/rtl/ptw_mbuf.sv; mmu/rtl/PDE_cache.sv,doc/ptw_uvm_review/ptwspec.md:1742,Planned/Spec-Imported,PTW-Spec-Traceability-Import,doc/ptw_uvm_review/ptwspec.md,Imported from heading '13.16 第 12 章完整流程签核矩阵'. Source row: Flow ID=PTW-FLOW-011 | 第 12 章流程=thd PMP access fault | 必须 evidence=前两级非叶后 thd PMP deny，access fault。
PTW-SPEC-IMPORT-PTW-FLOW-012,fst CHK page fault,PTW-FLOW-012,13.16 第 12 章完整流程签核矩阵,PTW-FLOW-012,PTW-FLOW-012,fst CHK page fault,fst PTE page fault，不进入 scd。,,Requirement Traceability,Source-side scoreboard / monitor / SVA coverage,,,,fst PTE page fault，不进入 scd。,P0/P1,mmu/rtl/ptw.sv; mmu/rtl/twu.sv; mmu/rtl/ptw_mbuf.sv; mmu/rtl/PDE_cache.sv,doc/ptw_uvm_review/ptwspec.md:1743,Planned/Spec-Imported,PTW-Spec-Traceability-Import,doc/ptw_uvm_review/ptwspec.md,Imported from heading '13.16 第 12 章完整流程签核矩阵'. Source row: Flow ID=PTW-FLOW-012 | 第 12 章流程=fst CHK page fault | 必须 evidence=fst PTE page fault，不进入 scd。
PTW-SPEC-IMPORT-PTW-FLOW-013,scd CHK page fault,PTW-FLOW-013,13.16 第 12 章完整流程签核矩阵,PTW-FLOW-013,PTW-FLOW-013,scd CHK page fault,scd PTE page fault，不进入 thd。,,Requirement Traceability,Source-side scoreboard / monitor / SVA coverage,,,,scd PTE page fault，不进入 thd。,P0/P1,mmu/rtl/ptw.sv; mmu/rtl/twu.sv; mmu/rtl/ptw_mbuf.sv; mmu/rtl/PDE_cache.sv,doc/ptw_uvm_review/ptwspec.md:1744,Planned/Spec-Imported,PTW-Spec-Traceability-Import,doc/ptw_uvm_review/ptwspec.md,Imported from heading '13.16 第 12 章完整流程签核矩阵'. Source row: Flow ID=PTW-FLOW-013 | 第 12 章流程=scd CHK page fault | 必须 evidence=scd PTE page fault，不进入 thd。
PTW-SPEC-IMPORT-PTW-FLOW-014,thd CHK page fault,PTW-FLOW-014,13.16 第 12 章完整流程签核矩阵,PTW-FLOW-014,PTW-FLOW-014,thd CHK page fault,第三级非叶或 4K leaf fault。,,Requirement Traceability,Source-side scoreboard / monitor / SVA coverage,,,,第三级非叶或 4K leaf fault。,P0/P1,mmu/rtl/ptw.sv; mmu/rtl/twu.sv; mmu/rtl/ptw_mbuf.sv; mmu/rtl/PDE_cache.sv,doc/ptw_uvm_review/ptwspec.md:1745,Planned/Spec-Imported,PTW-Spec-Traceability-Import,doc/ptw_uvm_review/ptwspec.md,Imported from heading '13.16 第 12 章完整流程签核矩阵'. Source row: Flow ID=PTW-FLOW-014 | 第 12 章流程=thd CHK page fault | 必须 evidence=第三级非叶或 4K leaf fault。
PTW-SPEC-IMPORT-PTW-FLOW-015,L1 PDE hit -> 2M,PTW-FLOW-015,13.16 第 12 章完整流程签核矩阵,PTW-FLOW-015,PTW-FLOW-015,L1 PDE hit -> 2M,跳过 fst，进入 scd，最终 2M。,,Requirement Traceability,Source-side scoreboard / monitor / SVA coverage,,,,跳过 fst，进入 scd，最终 2M。,P0/P1,mmu/rtl/ptw.sv; mmu/rtl/twu.sv; mmu/rtl/ptw_mbuf.sv; mmu/rtl/PDE_cache.sv,doc/ptw_uvm_review/ptwspec.md:1746,Planned/Spec-Imported,PTW-Spec-Traceability-Import,doc/ptw_uvm_review/ptwspec.md,Imported from heading '13.16 第 12 章完整流程签核矩阵'. Source row: Flow ID=PTW-FLOW-015 | 第 12 章流程=L1 PDE hit -> 2M | 必须 evidence=跳过 fst，进入 scd，最终 2M。
PTW-SPEC-IMPORT-PTW-FLOW-016,L1 PDE hit -> 4K,PTW-FLOW-016,13.16 第 12 章完整流程签核矩阵,PTW-FLOW-016,PTW-FLOW-016,L1 PDE hit -> 4K,跳过 fst，scd 非叶 update PDE2，最终 4K。,,Requirement Traceability,Source-side scoreboard / monitor / SVA coverage,,,,跳过 fst，scd 非叶 update PDE2，最终 4K。,P0/P1,mmu/rtl/ptw.sv; mmu/rtl/twu.sv; mmu/rtl/ptw_mbuf.sv; mmu/rtl/PDE_cache.sv,doc/ptw_uvm_review/ptwspec.md:1747,Planned/Spec-Imported,PTW-Spec-Traceability-Import,doc/ptw_uvm_review/ptwspec.md,Imported from heading '13.16 第 12 章完整流程签核矩阵'. Source row: Flow ID=PTW-FLOW-016 | 第 12 章流程=L1 PDE hit -> 4K | 必须 evidence=跳过 fst，scd 非叶 update PDE2，最终 4K。
PTW-SPEC-IMPORT-PTW-FLOW-017,L2 PDE hit -> 4K,PTW-FLOW-017,13.16 第 12 章完整流程签核矩阵,PTW-FLOW-017,PTW-FLOW-017,L2 PDE hit -> 4K,双命中也选 L2，直接 thd。,,Requirement Traceability,Source-side scoreboard / monitor / SVA coverage,,,,双命中也选 L2，直接 thd。,P0/P1,mmu/rtl/ptw.sv; mmu/rtl/twu.sv; mmu/rtl/ptw_mbuf.sv; mmu/rtl/PDE_cache.sv,doc/ptw_uvm_review/ptwspec.md:1748,Planned/Spec-Imported,PTW-Spec-Traceability-Import,doc/ptw_uvm_review/ptwspec.md,Imported from heading '13.16 第 12 章完整流程签核矩阵'. Source row: Flow ID=PTW-FLOW-017 | 第 12 章流程=L2 PDE hit -> 4K | 必须 evidence=双命中也选 L2，直接 thd。
PTW-SPEC-IMPORT-PTW-FLOW-018,LSU bus error,PTW-FLOW-018,13.16 第 12 章完整流程签核矩阵,PTW-FLOW-018,PTW-FLOW-018,LSU bus error,bus error access fault，不 CHK，bus error 优先。,,Requirement Traceability,Source-side scoreboard / monitor / SVA coverage,,,,bus error access fault，不 CHK，bus error 优先。,P0/P1,mmu/rtl/ptw.sv; mmu/rtl/twu.sv; mmu/rtl/ptw_mbuf.sv; mmu/rtl/PDE_cache.sv,doc/ptw_uvm_review/ptwspec.md:1749,Planned/Spec-Imported,PTW-Spec-Traceability-Import,doc/ptw_uvm_review/ptwspec.md,Imported from heading '13.16 第 12 章完整流程签核矩阵'. Source row: Flow ID=PTW-FLOW-018 | 第 12 章流程=LSU bus error | 必须 evidence=bus error access fault，不 CHK，bus error 优先。
PTW-SPEC-IMPORT-PTW-FLOW-019,abort with LSU outstanding,PTW-FLOW-019,13.16 第 12 章完整流程签核矩阵,PTW-FLOW-019,PTW-FLOW-019,abort with LSU outstanding,保持 LSU req/PA 到返回，data 丢弃，新 bus error 不上报。,,Requirement Traceability,Source-side scoreboard / monitor / SVA coverage,,,,保持 LSU req/PA 到返回，data 丢弃，新 bus error 不上报。,P0/P1,mmu/rtl/ptw.sv; mmu/rtl/twu.sv; mmu/rtl/ptw_mbuf.sv; mmu/rtl/PDE_cache.sv,doc/ptw_uvm_review/ptwspec.md:1750,Planned/Spec-Imported,PTW-Spec-Traceability-Import,doc/ptw_uvm_review/ptwspec.md,Imported from heading '13.16 第 12 章完整流程签核矩阵'. Source row: Flow ID=PTW-FLOW-019 | 第 12 章流程=abort with LSU outstanding | 必须 evidence=保持 LSU req/PA 到返回，data 丢弃，新 bus error 不上报。
PTW-SPEC-IMPORT-PTW-FLOW-020,PFU success,PTW-FLOW-020,13.16 第 12 章完整流程签核矩阵,PTW-FLOW-020,PTW-FLOW-020,PFU success,PFU 只 refill L2TLB，PTE 权限按 PFU。,,Requirement Traceability,Source-side scoreboard / monitor / SVA coverage,,,,PFU 只 refill L2TLB，PTE 权限按 PFU。,P0/P1,mmu/rtl/ptw.sv; mmu/rtl/twu.sv; mmu/rtl/ptw_mbuf.sv; mmu/rtl/PDE_cache.sv,doc/ptw_uvm_review/ptwspec.md:1751,Planned/Spec-Imported,PTW-Spec-Traceability-Import,doc/ptw_uvm_review/ptwspec.md,Imported from heading '13.16 第 12 章完整流程签核矩阵'. Source row: Flow ID=PTW-FLOW-020 | 第 12 章流程=PFU success | 必须 evidence=PFU 只 refill L2TLB，PTE 权限按 PFU。
PTW-SPEC-IMPORT-PTW-FLOW-021,PFU exception,PTW-FLOW-021,13.16 第 12 章完整流程签核矩阵,PTW-FLOW-021,PTW-FLOW-021,PFU exception,PFU access/page fault 返回 L2TLB。,,Requirement Traceability,Source-side scoreboard / monitor / SVA coverage,,,,PFU access/page fault 返回 L2TLB。,P0/P1,mmu/rtl/ptw.sv; mmu/rtl/twu.sv; mmu/rtl/ptw_mbuf.sv; mmu/rtl/PDE_cache.sv,doc/ptw_uvm_review/ptwspec.md:1752,Planned/Spec-Imported,PTW-Spec-Traceability-Import,doc/ptw_uvm_review/ptwspec.md,Imported from heading '13.16 第 12 章完整流程签核矩阵'. Source row: Flow ID=PTW-FLOW-021 | 第 12 章流程=PFU exception | 必须 evidence=PFU access/page fault 返回 L2TLB。
PTW-SPEC-IMPORT-PTW-FLOW-022,satp/PMP clear PDE,PTW-FLOW-022,13.16 第 12 章完整流程签核矩阵,PTW-FLOW-022,PTW-FLOW-022,satp/PMP clear PDE,清 PDE cache，不 flush in-flight，旧 walk 可 update。,,Requirement Traceability,Source-side scoreboard / monitor / SVA coverage,,,,清 PDE cache，不 flush in-flight，旧 walk 可 update。,P0/P1,mmu/rtl/ptw.sv; mmu/rtl/twu.sv; mmu/rtl/ptw_mbuf.sv; mmu/rtl/PDE_cache.sv,doc/ptw_uvm_review/ptwspec.md:1753,Planned/Spec-Imported,PTW-Spec-Traceability-Import,doc/ptw_uvm_review/ptwspec.md,Imported from heading '13.16 第 12 章完整流程签核矩阵'. Source row: Flow ID=PTW-FLOW-022 | 第 12 章流程=satp/PMP clear PDE | 必须 evidence=清 PDE cache，不 flush in-flight，旧 walk 可 update。
PTW-SPEC-IMPORT-PTW-FLOW-023,MPRV=1 && MPP=M,PTW-FLOW-023,13.16 第 12 章完整流程签核矩阵,PTW-FLOW-023,PTW-FLOW-023,MPRV=1 && MPP=M,data/PFU direct-map/no PTW source；fetch 不受 MPRV，按真实流水线 privilege。,,Requirement Traceability,Source-side scoreboard / monitor / SVA coverage,,,,data/PFU direct-map/no PTW source；fetch 不受 MPRV，按真实流水线 privilege。,P0/P1,mmu/rtl/ptw.sv; mmu/rtl/twu.sv; mmu/rtl/ptw_mbuf.sv; mmu/rtl/PDE_cache.sv,doc/ptw_uvm_review/ptwspec.md:1754,Planned/Spec-Imported,PTW-Spec-Traceability-Import,doc/ptw_uvm_review/ptwspec.md,Imported from heading '13.16 第 12 章完整流程签核矩阵'. Source row: Flow ID=PTW-FLOW-023 | 第 12 章流程=MPRV=1 && MPP=M | 必须 evidence=data/PFU direct-map/no PTW source；fetch 不受 MPRV，按真实流水线 privilege。
PTW-SPEC-IMPORT-PTW-FLOW-024,L1 tag hit deny full flow,PTW-FLOW-024,6. 新增 requirement traceability,PTW-FLOW-024,PTW-ADD-037,L1 tag hit deny full flow,PTW-SVA-PDE-011,,Requirement Traceability,Source-side scoreboard / monitor / SVA coverage,PTW-SVA-PDE-011,PTW-SVA-PDE-011,PTW-ADD-037,PTW-SVA-PDE-011,P0/P1,mmu/rtl/ptw.sv; mmu/rtl/twu.sv; mmu/rtl/ptw_mbuf.sv; mmu/rtl/PDE_cache.sv,doc/ptw_uvm_review/ptw_pde_cache_pmpflg_uvm_implementation_plan.md:1266,Planned/PDE-PMPFLG,PTW-PDE-PMPFLG-UVM-Plan,doc/ptw_uvm_review/ptw_pde_cache_pmpflg_uvm_implementation_plan.md,Imported from heading '6. 新增 requirement traceability'. Source row: 新 requirement=PTW-FLOW-024 | 设计语义=L1 tag hit deny full flow | UVM 组件=ref model、SB | Directed test=PTW-ADD-037 | SVA/Cover=PTW-SVA-PDE-011
PTW-SPEC-IMPORT-PTW-FLOW-025,L2 tag hit L1 deny full flow,PTW-FLOW-025,6. 新增 requirement traceability,PTW-FLOW-025,PTW-ADD-039,L2 tag hit L1 deny full flow,PTW-SVA-PDE-013,,Requirement Traceability,Source-side scoreboard / monitor / SVA coverage,PTW-SVA-PDE-013,PTW-SVA-PDE-013,PTW-ADD-039,PTW-SVA-PDE-013,P0/P1,mmu/rtl/ptw.sv; mmu/rtl/twu.sv; mmu/rtl/ptw_mbuf.sv; mmu/rtl/PDE_cache.sv,doc/ptw_uvm_review/ptw_pde_cache_pmpflg_uvm_implementation_plan.md:1267,Planned/PDE-PMPFLG,PTW-PDE-PMPFLG-UVM-Plan,doc/ptw_uvm_review/ptw_pde_cache_pmpflg_uvm_implementation_plan.md,Imported from heading '6. 新增 requirement traceability'. Source row: 新 requirement=PTW-FLOW-025 | 设计语义=L2 tag hit L1 deny full flow | UVM 组件=ref model、SB no-extra-LSU | Directed test=PTW-ADD-039 | SVA/Cover=PTW-SVA-PDE-013
PTW-SPEC-IMPORT-PTW-FLOW-026,L2 tag hit L2 deny full flow,PTW-FLOW-026,6. 新增 requirement traceability,PTW-FLOW-026,PTW-ADD-040,L2 tag hit L2 deny full flow,PTW-SVA-PDE-013,,Requirement Traceability,Source-side scoreboard / monitor / SVA coverage,PTW-SVA-PDE-013,PTW-SVA-PDE-013,PTW-ADD-040,PTW-SVA-PDE-013,P0/P1,mmu/rtl/ptw.sv; mmu/rtl/twu.sv; mmu/rtl/ptw_mbuf.sv; mmu/rtl/PDE_cache.sv,doc/ptw_uvm_review/ptw_pde_cache_pmpflg_uvm_implementation_plan.md:1268,Planned/PDE-PMPFLG,PTW-PDE-PMPFLG-UVM-Plan,doc/ptw_uvm_review/ptw_pde_cache_pmpflg_uvm_implementation_plan.md,Imported from heading '6. 新增 requirement traceability'. Source row: 新 requirement=PTW-FLOW-026 | 设计语义=L2 tag hit L2 deny full flow | UVM 组件=ref model、SB no-extra-LSU | Directed test=PTW-ADD-040 | SVA/Cover=PTW-SVA-PDE-013
PTW-SPEC-IMPORT-PTW-FLOW-027,cached pmpflg allow cross-type reuse,PTW-FLOW-027,6. 新增 requirement traceability,PTW-FLOW-027,PTW-ADD-038,cached pmpflg allow cross-type reuse,PTW-SVA-PDE-011/012,,Requirement Traceability,Source-side scoreboard / monitor / SVA coverage,PTW-SVA-PDE-011/012,PTW-SVA-PDE-011/012,PTW-ADD-038,PTW-SVA-PDE-011/012,P0/P1,mmu/rtl/ptw.sv; mmu/rtl/twu.sv; mmu/rtl/ptw_mbuf.sv; mmu/rtl/PDE_cache.sv,doc/ptw_uvm_review/ptw_pde_cache_pmpflg_uvm_implementation_plan.md:1269,Planned/PDE-PMPFLG,PTW-PDE-PMPFLG-UVM-Plan,doc/ptw_uvm_review/ptw_pde_cache_pmpflg_uvm_implementation_plan.md,Imported from heading '6. 新增 requirement traceability'. Source row: 新 requirement=PTW-FLOW-027 | 设计语义=cached pmpflg allow cross-type reuse | UVM 组件=pde model、coverage | Directed test=PTW-ADD-038 | SVA/Cover=PTW-SVA-PDE-011/012
PTW-SPEC-IMPORT-PTW-FLOW-028,effective M-mode cached pmpflg lock/bypass,PTW-FLOW-028,6. 新增 requirement traceability,PTW-FLOW-028,PTW-ADD-043,effective M-mode cached pmpflg lock/bypass,top-level source unreachable under corrected spec; lower-level evidence required,,Requirement Traceability,Source-side scoreboard / monitor / SVA coverage,top-level source unreachable under corrected spec; lower-level evidence required,top-level source unreachable under corrected spec; lower-level evidence required,PTW-ADD-043,top-level source unreachable under corrected spec; lower-level evidence required,P0/P1,mmu/rtl/ptw.sv; mmu/rtl/twu.sv; mmu/rtl/ptw_mbuf.sv; mmu/rtl/PDE_cache.sv,doc/ptw_uvm_review/ptw_pde_cache_pmpflg_uvm_implementation_plan.md:1270,Planned/PDE-PMPFLG,PTW-PDE-PMPFLG-UVM-Plan,doc/ptw_uvm_review/ptw_pde_cache_pmpflg_uvm_implementation_plan.md,Imported from heading '6. 新增 requirement traceability'. Source row: 新 requirement=PTW-FLOW-028 | 设计语义=effective M-mode cached pmpflg lock/bypass | UVM 组件=pde model、coverage | Directed test=PTW-ADD-043 | SVA/Cover=top-level source unreachable under corrected spec; lower-level evidence required
PTW-SPEC-IMPORT-PTW-INFRA-001,mmu_ref_model.svh / ptw_source_ref_model,PTW-INFRA-001,13.15 TB、scoreboard、SVA 与覆盖率必改测试点,PTW-INFRA-001,PTW-INFRA-001,PTW source-side PTE/PFU/PMP/PDE/MAEE/degrade/type-id/refill field reference,"与本文 §6、§7、§10、§13.1 一致；不再把 R=0,W=1 直接套标准 reserved fault；PFU 不按 load 权限建模；PMP 检查 PTE PA；PDE cache 和 abort/drop 可建模。",,Infrastructure/Checker,Source-side scoreboard / monitor / SVA coverage,,,,"与本文 §6、§7、§10、§13.1 一致；不再把 R=0,W=1 直接套标准 reserved fault；PFU 不按 load 权限建模；PMP 检查 PTE PA；PDE cache 和 abort/drop 可建模。",Audit,mmu/rtl/ptw.sv; mmu/rtl/twu.sv; mmu/rtl/ptw_mbuf.sv; mmu/rtl/PDE_cache.sv,doc/ptw_uvm_review/ptwspec.md:1716,Planned/Spec-Imported,PTW-Spec-Traceability-Import,doc/ptw_uvm_review/ptwspec.md,"Imported from heading '13.15 TB、scoreboard、SVA 与覆盖率必改测试点'. Source row: Infra ID=PTW-INFRA-001 | 范围=mmu_ref_model.svh / ptw_source_ref_model | 必须支持的测试点=PTW source-side PTE/PFU/PMP/PDE/MAEE/degrade/type-id/refill field reference | 关闭标准=与本文 §6、§7、§10、§13.1 一致；不再把 R=0,W=1 直接套标准 reserved fault；PFU 不按 load 权限建模；PMP 检查 PTE PA；PDE cache 和 abort/drop 可建模。"
PTW-SPEC-IMPORT-PTW-INFRA-002,page_table_builder.svh、ptw_mem_sequences.svh,PTW-INFRA-002,13.15 TB、scoreboard、SVA 与覆盖率必改测试点,PTW-INFRA-002,PTW-INFRA-002,PTE bit/level/page size/fault_kind 构造,支持 RSW_NONZERO、HIGH_RESERVED_NONZERO、MISALIGNED_1G/2M、PFU matrix、leaf/non-leaf/level 显式参数。,,Infrastructure/Checker,Source-side scoreboard / monitor / SVA coverage,,,,支持 RSW_NONZERO、HIGH_RESERVED_NONZERO、MISALIGNED_1G/2M、PFU matrix、leaf/non-leaf/level 显式参数。,Audit,mmu/rtl/ptw.sv; mmu/rtl/twu.sv; mmu/rtl/ptw_mbuf.sv; mmu/rtl/PDE_cache.sv,doc/ptw_uvm_review/ptwspec.md:1717,Planned/Spec-Imported,PTW-Spec-Traceability-Import,doc/ptw_uvm_review/ptwspec.md,Imported from heading '13.15 TB、scoreboard、SVA 与覆盖率必改测试点'. Source row: Infra ID=PTW-INFRA-002 | 范围=page_table_builder.svh、ptw_mem_sequences.svh | 必须支持的测试点=PTE bit/level/page size/fault_kind 构造 | 关闭标准=支持 RSW_NONZERO、HIGH_RESERVED_NONZERO、MISALIGNED_1G/2M、PFU matrix、leaf/non-leaf/level 显式参数。
PTW-SPEC-IMPORT-PTW-INFRA-003,PTW refill/expt monitor / ptw_source_sb,PTW-INFRA-003,13.15 TB、scoreboard、SVA 与覆盖率必改测试点,PTW-INFRA-003,PTW-INFRA-003,type/id/vpn/asid/page_size/ppn/global/flg/expt_kind/target/drop_reason 捕获,PTW normal refill、exception 和 abort/drop 都能按 source request 匹配；IUTLB consumer 比较忽略 id[2:0] 的 L1 语义；PFU 不要求 L1 refill；mmu_translation_sb 只作 consumer-side evidence。,,Infrastructure/Checker,Source-side scoreboard / monitor / SVA coverage,,,,PTW normal refill、exception 和 abort/drop 都能按 source request 匹配；IUTLB consumer 比较忽略 id[2:0] 的 L1 语义；PFU 不要求 L1 refill；mmu_translation_sb 只作 consumer-side evidence。,Audit,mmu/rtl/ptw.sv; mmu/rtl/twu.sv; mmu/rtl/ptw_mbuf.sv; mmu/rtl/PDE_cache.sv,doc/ptw_uvm_review/ptwspec.md:1718,Planned/Spec-Imported,PTW-Spec-Traceability-Import,doc/ptw_uvm_review/ptwspec.md,Imported from heading '13.15 TB、scoreboard、SVA 与覆盖率必改测试点'. Source row: Infra ID=PTW-INFRA-003 | 范围=PTW refill/expt monitor / ptw_source_sb | 必须支持的测试点=type/id/vpn/asid/page_size/ppn/global/flg/expt_kind/target/drop_reason 捕获 | 关闭标准=PTW normal refill、exception 和 abort/drop 都能按 source request 匹配；IUTLB consumer 比较忽略 id[2:0] 的 L1 语义；PFU 不要求 L1 refill；mmu_translation_sb 只作 consumer-side evidence。
PTW-SPEC-IMPORT-PTW-INFRA-004,PDE cache monitor/SVA,PTW-INFRA-004,13.15 TB、scoreboard、SVA 与覆盖率必改测试点,PTW-INFRA-004,PTW-INFRA-004,lookup hit level、double hit、skip level、update level/tag/data、clear source、race,PDE-TP-* 有 assert/cover evidence。,,Infrastructure/Checker,Source-side scoreboard / monitor / SVA coverage,,,,PDE-TP-* 有 assert/cover evidence。,Audit,mmu/rtl/ptw.sv; mmu/rtl/twu.sv; mmu/rtl/ptw_mbuf.sv; mmu/rtl/PDE_cache.sv,doc/ptw_uvm_review/ptwspec.md:1719,Planned/Spec-Imported,PTW-Spec-Traceability-Import,doc/ptw_uvm_review/ptwspec.md,Imported from heading '13.15 TB、scoreboard、SVA 与覆盖率必改测试点'. Source row: Infra ID=PTW-INFRA-004 | 范围=PDE cache monitor/SVA | 必须支持的测试点=lookup hit level、double hit、skip level、update level/tag/data、clear source、race | 关闭标准=PDE-TP-* 有 assert/cover evidence。
PTW-SPEC-IMPORT-PTW-INFRA-005,mmu_ptw_lsu_protocol_sva.sv,PTW-INFRA-005,13.15 TB、scoreboard、SVA 与覆盖率必改测试点,PTW-INFRA-005,PTW-INFRA-005,LSU single outstanding、addr stable、no tag/in-order、abort outstanding、bus_error no CHK,MBUF-TP-* 有 assertion pass 和 cover hit。,,Infrastructure/Checker,Source-side scoreboard / monitor / SVA coverage,,,,MBUF-TP-* 有 assertion pass 和 cover hit。,Audit,mmu/rtl/ptw.sv; mmu/rtl/twu.sv; mmu/rtl/ptw_mbuf.sv; mmu/rtl/PDE_cache.sv,doc/ptw_uvm_review/ptwspec.md:1720,Planned/Spec-Imported,PTW-Spec-Traceability-Import,doc/ptw_uvm_review/ptwspec.md,Imported from heading '13.15 TB、scoreboard、SVA 与覆盖率必改测试点'. Source row: Infra ID=PTW-INFRA-005 | 范围=mmu_ptw_lsu_protocol_sva.sv | 必须支持的测试点=LSU single outstanding、addr stable、no tag/in-order、abort outstanding、bus_error no CHK | 关闭标准=MBUF-TP-* 有 assertion pass 和 cover hit。
PTW-SPEC-IMPORT-PTW-INFRA-006,mmu_pmp_twu_sva.sv,PTW-INFRA-006,13.15 TB、scoreboard、SVA 与覆盖率必改测试点,PTW-INFRA-006,PTW-INFRA-006,PMP original type、level deny、M-mode L-bit、MPRV effective mode,PTW-AUD-009/010/011 有 level/type/effective-mode cover。,,Infrastructure/Checker,Source-side scoreboard / monitor / SVA coverage,,,,PTW-AUD-009/010/011 有 level/type/effective-mode cover。,Audit,mmu/rtl/ptw.sv; mmu/rtl/twu.sv; mmu/rtl/ptw_mbuf.sv; mmu/rtl/PDE_cache.sv,doc/ptw_uvm_review/ptwspec.md:1721,Planned/Spec-Imported,PTW-Spec-Traceability-Import,doc/ptw_uvm_review/ptwspec.md,Imported from heading '13.15 TB、scoreboard、SVA 与覆盖率必改测试点'. Source row: Infra ID=PTW-INFRA-006 | 范围=mmu_pmp_twu_sva.sv | 必须支持的测试点=PMP original type、level deny、M-mode L-bit、MPRV effective mode | 关闭标准=PTW-AUD-009/010/011 有 level/type/effective-mode cover。
PTW-SPEC-IMPORT-PTW-INFRA-007,mmu_maee_twu_sva.sv、mmu_sysmap_sva.sv、whitebox cg,PTW-INFRA-007,13.15 TB、scoreboard、SVA 与覆盖率必改测试点,PTW-INFRA-007,PTW-INFRA-007,MAEE=0 4K THD path、degrade PPN/page_size、flag order、no-lower-walk,MAEE-TP-* 有 direct evidence，不能只靠 FST/SCD 推断 4K。,,Infrastructure/Checker,Source-side scoreboard / monitor / SVA coverage,,,,MAEE-TP-* 有 direct evidence，不能只靠 FST/SCD 推断 4K。,Audit,mmu/rtl/ptw.sv; mmu/rtl/twu.sv; mmu/rtl/ptw_mbuf.sv; mmu/rtl/PDE_cache.sv,doc/ptw_uvm_review/ptwspec.md:1722,Planned/Spec-Imported,PTW-Spec-Traceability-Import,doc/ptw_uvm_review/ptwspec.md,Imported from heading '13.15 TB、scoreboard、SVA 与覆盖率必改测试点'. Source row: Infra ID=PTW-INFRA-007 | 范围=mmu_maee_twu_sva.sv、mmu_sysmap_sva.sv、whitebox cg | 必须支持的测试点=MAEE=0 4K THD path、degrade PPN/page_size、flag order、no-lower-walk | 关闭标准=MAEE-TP-* 有 direct evidence，不能只靠 FST/SCD 推断 4K。
PTW-SPEC-IMPORT-PTW-INFRA-008,mmu_arb_sva.sv、TWU/top arbitration monitor,PTW-INFRA-008,13.15 TB、scoreboard、SVA 与覆盖率必改测试点,PTW-INFRA-008,PTW-INFRA-008,access/page/refill priority、grant onehot、work-conserving、wait hold,仲裁优先级由 assertion/monitor 关闭；scoreboard 不做固定 cycle 顺序要求。,,Infrastructure/Checker,Source-side scoreboard / monitor / SVA coverage,,,,仲裁优先级由 assertion/monitor 关闭；scoreboard 不做固定 cycle 顺序要求。,Audit,mmu/rtl/ptw.sv; mmu/rtl/twu.sv; mmu/rtl/ptw_mbuf.sv; mmu/rtl/PDE_cache.sv,doc/ptw_uvm_review/ptwspec.md:1723,Planned/Spec-Imported,PTW-Spec-Traceability-Import,doc/ptw_uvm_review/ptwspec.md,Imported from heading '13.15 TB、scoreboard、SVA 与覆盖率必改测试点'. Source row: Infra ID=PTW-INFRA-008 | 范围=mmu_arb_sva.sv、TWU/top arbitration monitor | 必须支持的测试点=access/page/refill priority、grant onehot、work-conserving、wait hold | 关闭标准=仲裁优先级由 assertion/monitor 关闭；scoreboard 不做固定 cycle 顺序要求。
PTW-SPEC-IMPORT-PTW-INFRA-009,coverage gate / regression report,PTW-INFRA-009,13.15 TB、scoreboard、SVA 与覆盖率必改测试点,PTW-INFRA-009,PTW-INFRA-009,PTW-AUD-*、PTW-ADD-*、PDE-TP-*、MBUF-TP-*、MAEE-TP-* 绑定,每个 P0/P1 row 有 directed pass + cover/SVA hit，或 bug/waiver。,,Infrastructure/Checker,Source-side scoreboard / monitor / SVA coverage,,,,每个 P0/P1 row 有 directed pass + cover/SVA hit，或 bug/waiver。,Audit,mmu/rtl/ptw.sv; mmu/rtl/twu.sv; mmu/rtl/ptw_mbuf.sv; mmu/rtl/PDE_cache.sv,doc/ptw_uvm_review/ptwspec.md:1724,Planned/Spec-Imported,PTW-Spec-Traceability-Import,doc/ptw_uvm_review/ptwspec.md,Imported from heading '13.15 TB、scoreboard、SVA 与覆盖率必改测试点'. Source row: Infra ID=PTW-INFRA-009 | 范围=coverage gate / regression report | 必须支持的测试点=PTW-AUD-*、PTW-ADD-*、PDE-TP-*、MBUF-TP-*、MAEE-TP-* 绑定 | 关闭标准=每个 P0/P1 row 有 directed pass + cover/SVA hit，或 bug/waiver。
PTW-SPEC-IMPORT-PTW-MOD-001,test_pte_rw_both_zero,PTW-MOD-001,13.8 必须修改或拆分的现有测试点,PTW-MOD-001,test_pte_rw_both_zero,拆成 fst/scd 合法非叶、thd 非叶 page fault、leaf write-only、X-only leaf、不同 access type。,每个子用例显式记录 PTE V/R/W/X、level、type、MXR，并比较 page fault/refill。,,Traceability Action/Modify,Source-side scoreboard / monitor / SVA coverage,,,test_pte_rw_both_zero,每个子用例显式记录 PTE V/R/W/X、level、type、MXR，并比较 page fault/refill。,Audit,mmu/rtl/ptw.sv; mmu/rtl/twu.sv; mmu/rtl/ptw_mbuf.sv; mmu/rtl/PDE_cache.sv,doc/ptw_uvm_review/ptwspec.md:1522,Modify Required,PTW-Spec-Traceability-Import,doc/ptw_uvm_review/ptwspec.md,Imported from heading '13.8 必须修改或拆分的现有测试点'. Source row: Action ID=PTW-MOD-001 | 现有测试点=test_pte_rw_both_zero | 必须修改的内容=拆成 fst/scd 合法非叶、thd 非叶 page fault、leaf write-only、X-only leaf、不同 access type。 | 关闭标准=每个子用例显式记录 PTE V/R/W/X、level、type、MXR，并比较 page fault/refill。
PTW-SPEC-IMPORT-PTW-MOD-002,所有调用 ptw_mem_illegal_pte_seq 的 PTE wrapper,PTW-MOD-002,13.8 必须修改或拆分的现有测试点,PTW-MOD-002,所有调用 ptw_mem_illegal_pte_seq 的 PTE wrapper,"不允许默认 fault_kind=""V_OFF"" 关闭其它 fault。每个 wrapper 必须显式设置 fault_kind、level、page size、type、MXR/SUM/MPRV/MPP。",log/coverage 能证明目标 fault_kind 被命中。,,Traceability Action/Modify,Source-side scoreboard / monitor / SVA coverage,,,所有调用 ptw_mem_illegal_pte_seq 的 PTE wrapper,log/coverage 能证明目标 fault_kind 被命中。,Audit,mmu/rtl/ptw.sv; mmu/rtl/twu.sv; mmu/rtl/ptw_mbuf.sv; mmu/rtl/PDE_cache.sv,doc/ptw_uvm_review/ptwspec.md:1523,Modify Required,PTW-Spec-Traceability-Import,doc/ptw_uvm_review/ptwspec.md,"Imported from heading '13.8 必须修改或拆分的现有测试点'. Source row: Action ID=PTW-MOD-002 | 现有测试点=所有调用 ptw_mem_illegal_pte_seq 的 PTE wrapper | 必须修改的内容=不允许默认 fault_kind=""V_OFF"" 关闭其它 fault。每个 wrapper 必须显式设置 fault_kind、level、page size、type、MXR/SUM/MPRV/MPP。 | 关闭标准=log/coverage 能证明目标 fault_kind 被命中。"
PTW-SPEC-IMPORT-PTW-MOD-003,page_table_builder.inject_fault(),PTW-MOD-003,13.8 必须修改或拆分的现有测试点,PTW-MOD-003,page_table_builder.inject_fault(),RESERVED_BITS 改名/拆分为 RSW_NONZERO 和 HIGH_RESERVED_NONZERO；实现 MISALIGNED_1G/2M、leaf/non-leaf、fst/scd/thd、PFU-specific PTE 构造。,不能再用 RSW 模拟 high reserved；misaligned 必须真实破坏 PPN 对齐。,,Traceability Action/Modify,Source-side scoreboard / monitor / SVA coverage,,,page_table_builder.inject_fault(),不能再用 RSW 模拟 high reserved；misaligned 必须真实破坏 PPN 对齐。,Audit,mmu/rtl/ptw.sv; mmu/rtl/twu.sv; mmu/rtl/ptw_mbuf.sv; mmu/rtl/PDE_cache.sv,doc/ptw_uvm_review/ptwspec.md:1524,Modify Required,PTW-Spec-Traceability-Import,doc/ptw_uvm_review/ptwspec.md,Imported from heading '13.8 必须修改或拆分的现有测试点'. Source row: Action ID=PTW-MOD-003 | 现有测试点=page_table_builder.inject_fault() | 必须修改的内容=RESERVED_BITS 改名/拆分为 RSW_NONZERO 和 HIGH_RESERVED_NONZERO；实现 MISALIGNED_1G/2M、leaf/non-leaf、fst/scd/thd、PFU-specific PTE 构造。 | 关闭标准=不能再用 RSW 模拟 high reserved；misaligned 必须真实破坏 PPN 对齐。
PTW-SPEC-IMPORT-PTW-MOD-004,mmu_ref_model.svh / ptw_source_ref_model,PTW-MOD-004,13.8 必须修改或拆分的现有测试点,PTW-MOD-004,mmu_ref_model.svh / ptw_source_ref_model,按本文 §13.1 更新或新增 PTW source-side API：不检查 reserved/RSW/strong-order；write-only 公式；store 不要求 R；PFU 不按 load 检查 R/MXR/D；PMP 检查 PTE PA 而非 final PA；RSW/G/flg；MAEE/sysmap/degrade；PDE cache；type/id 返回目标。,Directed PTE/PFU/MAEE/PDE/PMP tests 不因旧标准 Sv39 或 consumer-only 模型误报/漏报。,,Traceability Action/Modify,Source-side scoreboard / monitor / SVA coverage,,,mmu_ref_model.svh / ptw_source_ref_model,Directed PTE/PFU/MAEE/PDE/PMP tests 不因旧标准 Sv39 或 consumer-only 模型误报/漏报。,Audit,mmu/rtl/ptw.sv; mmu/rtl/twu.sv; mmu/rtl/ptw_mbuf.sv; mmu/rtl/PDE_cache.sv,doc/ptw_uvm_review/ptwspec.md:1525,Modify Required,PTW-Spec-Traceability-Import,doc/ptw_uvm_review/ptwspec.md,Imported from heading '13.8 必须修改或拆分的现有测试点'. Source row: Action ID=PTW-MOD-004 | 现有测试点=mmu_ref_model.svh / ptw_source_ref_model | 必须修改的内容=按本文 §13.1 更新或新增 PTW source-side API：不检查 reserved/RSW/strong-order；write-only 公式；store 不要求 R；PFU 不按 load 检查 R/MXR/D；PMP 检查 PTE PA 而非 final PA；RSW/G/flg；MAEE/sysmap/degrade；PDE cache；type/id 返回目标。 | 关闭标准=Directed PTE/PFU/MAEE/PDE/PMP tests 不因旧标准 Sv39 或 consumer-only 模型误报/漏报。
PTW-SPEC-IMPORT-PTW-MOD-005,test_pte_misaligned_ppn_1g/2m,PTW-MOD-005,13.8 必须修改或拆分的现有测试点,PTW-MOD-005,test_pte_misaligned_ppn_1g/2m,明确 1G leaf 要 PPN[1:0]==0，2M leaf 要 PPN[0]==0；MAEE=0 时仍先 page fault。,page fault 输出，无 sysmap/degrade/refill/下级访问。,,Traceability Action/Modify,Source-side scoreboard / monitor / SVA coverage,,,test_pte_misaligned_ppn_1g/2m,page fault 输出，无 sysmap/degrade/refill/下级访问。,Audit,mmu/rtl/ptw.sv; mmu/rtl/twu.sv; mmu/rtl/ptw_mbuf.sv; mmu/rtl/PDE_cache.sv,doc/ptw_uvm_review/ptwspec.md:1526,Modify Required,PTW-Spec-Traceability-Import,doc/ptw_uvm_review/ptwspec.md,Imported from heading '13.8 必须修改或拆分的现有测试点'. Source row: Action ID=PTW-MOD-005 | 现有测试点=test_pte_misaligned_ppn_1g/2m | 必须修改的内容=明确 1G leaf 要 PPN[1:0]==0，2M leaf 要 PPN[0]==0；MAEE=0 时仍先 page fault。 | 关闭标准=page fault 输出，无 sysmap/degrade/refill/下级访问。
PTW-SPEC-IMPORT-PTW-MOD-006,test_pte_global_bit_asid,PTW-MOD-006,13.8 必须修改或拆分的现有测试点,PTW-MOD-006,test_pte_global_bit_asid,拆成 leaf G、non-leaf G、PDE hit 后 leaf G；检查 raw G 不进 data flg。,global 等于当前 leaf G；非叶 G 不向下 OR。,,Traceability Action/Modify,Source-side scoreboard / monitor / SVA coverage,,,test_pte_global_bit_asid,global 等于当前 leaf G；非叶 G 不向下 OR。,Audit,mmu/rtl/ptw.sv; mmu/rtl/twu.sv; mmu/rtl/ptw_mbuf.sv; mmu/rtl/PDE_cache.sv,doc/ptw_uvm_review/ptwspec.md:1527,Modify Required,PTW-Spec-Traceability-Import,doc/ptw_uvm_review/ptwspec.md,Imported from heading '13.8 必须修改或拆分的现有测试点'. Source row: Action ID=PTW-MOD-006 | 现有测试点=test_pte_global_bit_asid | 必须修改的内容=拆成 leaf G、non-leaf G、PDE hit 后 leaf G；检查 raw G 不进 data flg。 | 关闭标准=global 等于当前 leaf G；非叶 G 不向下 OR。
PTW-SPEC-IMPORT-PTW-MOD-007,PDE cache smoke tests,PTW-MOD-007,13.8 必须修改或拆分的现有测试点,PTW-MOD-007,PDE cache smoke tests,补双命中选第二级、lookup/update 同拍、非叶 no-fault update、page fault/bus error/abort 不 update、satp/PMP clear no-flush。,PDE monitor/SVA 有对应 cover/assertion evidence。,,Traceability Action/Modify,Source-side scoreboard / monitor / SVA coverage,,,PDE cache smoke tests,PDE monitor/SVA 有对应 cover/assertion evidence。,Audit,mmu/rtl/ptw.sv; mmu/rtl/twu.sv; mmu/rtl/ptw_mbuf.sv; mmu/rtl/PDE_cache.sv,doc/ptw_uvm_review/ptwspec.md:1528,Modify Required,PTW-Spec-Traceability-Import,doc/ptw_uvm_review/ptwspec.md,Imported from heading '13.8 必须修改或拆分的现有测试点'. Source row: Action ID=PTW-MOD-007 | 现有测试点=PDE cache smoke tests | 必须修改的内容=补双命中选第二级、lookup/update 同拍、非叶 no-fault update、page fault/bus error/abort 不 update、satp/PMP clear no-flush。 | 关闭标准=PDE monitor/SVA 有对应 cover/assertion evidence。
PTW-SPEC-IMPORT-PTW-MOD-008,test_satp_switch_during_walk、test_ptw_satp_load_dual_switch,PTW-MOD-008,13.8 必须修改或拆分的现有测试点,PTW-MOD-008,test_satp_switch_during_walk、test_ptw_satp_load_dual_switch,区分 SATP 使用点、PDE clear-only 和 tlboper abort。,satp 任意字段改变下一拍清 PDE valid；不 flush in-flight；普通 UVM 可约束 ASID/PPN 改变伴随 abort。,,Traceability Action/Modify,Source-side scoreboard / monitor / SVA coverage,,,test_satp_switch_during_walk、test_ptw_satp_load_dual_switch,satp 任意字段改变下一拍清 PDE valid；不 flush in-flight；普通 UVM 可约束 ASID/PPN 改变伴随 abort。,Audit,mmu/rtl/ptw.sv; mmu/rtl/twu.sv; mmu/rtl/ptw_mbuf.sv; mmu/rtl/PDE_cache.sv,doc/ptw_uvm_review/ptwspec.md:1529,Modify Required,PTW-Spec-Traceability-Import,doc/ptw_uvm_review/ptwspec.md,Imported from heading '13.8 必须修改或拆分的现有测试点'. Source row: Action ID=PTW-MOD-008 | 现有测试点=test_satp_switch_during_walk、test_ptw_satp_load_dual_switch | 必须修改的内容=区分 SATP 使用点、PDE clear-only 和 tlboper abort。 | 关闭标准=satp 任意字段改变下一拍清 PDE valid；不 flush in-flight；普通 UVM 可约束 ASID/PPN 改变伴随 abort。
PTW-SPEC-IMPORT-PTW-MOD-009,test_sfence_abort_walk,PTW-MOD-009,13.8 必须修改或拆分的现有测试点,PTW-MOD-009,test_sfence_abort_walk,改名或描述为 tlboper_ptw_abort；拆出无 outstanding、有 outstanding、same-cycle data、same-cycle bus_error、pre-existing exception grant、PDE update blocked。,abort 后无 stale refill/PDE update；LSU outstanding 保持到返回；新 bus error 不上报。,,Traceability Action/Modify,Source-side scoreboard / monitor / SVA coverage,,,test_sfence_abort_walk,abort 后无 stale refill/PDE update；LSU outstanding 保持到返回；新 bus error 不上报。,Audit,mmu/rtl/ptw.sv; mmu/rtl/twu.sv; mmu/rtl/ptw_mbuf.sv; mmu/rtl/PDE_cache.sv,doc/ptw_uvm_review/ptwspec.md:1530,Modify Required,PTW-Spec-Traceability-Import,doc/ptw_uvm_review/ptwspec.md,Imported from heading '13.8 必须修改或拆分的现有测试点'. Source row: Action ID=PTW-MOD-009 | 现有测试点=test_sfence_abort_walk | 必须修改的内容=改名或描述为 tlboper_ptw_abort；拆出无 outstanding、有 outstanding、same-cycle data、same-cycle bus_error、pre-existing exception grant、PDE update blocked。 | 关闭标准=abort 后无 stale refill/PDE update；LSU outstanding 保持到返回；新 bus error 不上报。
PTW-SPEC-IMPORT-PTW-MOD-010,test_bus_error_terminate,PTW-MOD-010,13.8 必须修改或拆分的现有测试点,PTW-MOD-010,test_bus_error_terminate,不再写“所有关联 TWU 获得错误”。LSU bus error 只对应 mbuf entry 原始 type/id 的 access fault。,bus error 不进 CHK、不 page fault、不 refill；entry 释放等待异常寄存器写成功；access fault 优先。,,Traceability Action/Modify,Source-side scoreboard / monitor / SVA coverage,,,test_bus_error_terminate,bus error 不进 CHK、不 page fault、不 refill；entry 释放等待异常寄存器写成功；access fault 优先。,Audit,mmu/rtl/ptw.sv; mmu/rtl/twu.sv; mmu/rtl/ptw_mbuf.sv; mmu/rtl/PDE_cache.sv,doc/ptw_uvm_review/ptwspec.md:1531,Modify Required,PTW-Spec-Traceability-Import,doc/ptw_uvm_review/ptwspec.md,Imported from heading '13.8 必须修改或拆分的现有测试点'. Source row: Action ID=PTW-MOD-010 | 现有测试点=test_bus_error_terminate | 必须修改的内容=不再写“所有关联 TWU 获得错误”。LSU bus error 只对应 mbuf entry 原始 type/id 的 access fault。 | 关闭标准=bus error 不进 CHK、不 page fault、不 refill；entry 释放等待异常寄存器写成功；access fault 优先。
PTW-SPEC-IMPORT-PTW-MOD-011,pmp_twu_tests_v6 legacy names,PTW-MOD-011,13.8 必须修改或拆分的现有测试点,PTW-MOD-011,pmp_twu_tests_v6 legacy names,改成 original type permission、fst/scd/thd level、MPRV effective mode、M-mode L=0/L=1。,PMP deny 后无 mbuf/LSU/CHK；allow 后按正常 walk。,,Traceability Action/Modify,Source-side scoreboard / monitor / SVA coverage,,,pmp_twu_tests_v6 legacy names,PMP deny 后无 mbuf/LSU/CHK；allow 后按正常 walk。,Audit,mmu/rtl/ptw.sv; mmu/rtl/twu.sv; mmu/rtl/ptw_mbuf.sv; mmu/rtl/PDE_cache.sv,doc/ptw_uvm_review/ptwspec.md:1532,Modify Required,PTW-Spec-Traceability-Import,doc/ptw_uvm_review/ptwspec.md,Imported from heading '13.8 必须修改或拆分的现有测试点'. Source row: Action ID=PTW-MOD-011 | 现有测试点=pmp_twu_tests_v6 legacy names | 必须修改的内容=改成 original type permission、fst/scd/thd level、MPRV effective mode、M-mode L=0/L=1。 | 关闭标准=PMP deny 后无 mbuf/LSU/CHK；allow 后按正常 walk。
PTW-SPEC-IMPORT-PTW-MOD-012,maee_twu_tests、phase13 sysmap tests,PTW-MOD-012,13.8 必须修改或拆分的现有测试点,PTW-MOD-012,maee_twu_tests、phase13 sysmap tests,补 THD/4K 可观测性、1G->4K、flag order、no-lower-walk、进入 sysmap 后 MAEE 不回退。,MAEE=0 all sizes 属性来自 sysmap；MAEE=1 all sizes 来自 PTE。,,Traceability Action/Modify,Source-side scoreboard / monitor / SVA coverage,,,maee_twu_tests、phase13 sysmap tests,MAEE=0 all sizes 属性来自 sysmap；MAEE=1 all sizes 来自 PTE。,Audit,mmu/rtl/ptw.sv; mmu/rtl/twu.sv; mmu/rtl/ptw_mbuf.sv; mmu/rtl/PDE_cache.sv,doc/ptw_uvm_review/ptwspec.md:1533,Modify Required,PTW-Spec-Traceability-Import,doc/ptw_uvm_review/ptwspec.md,Imported from heading '13.8 必须修改或拆分的现有测试点'. Source row: Action ID=PTW-MOD-012 | 现有测试点=maee_twu_tests、phase13 sysmap tests | 必须修改的内容=补 THD/4K 可观测性、1G->4K、flag order、no-lower-walk、进入 sysmap 后 MAEE 不回退。 | 关闭标准=MAEE=0 all sizes 属性来自 sysmap；MAEE=1 all sizes 来自 PTE。
PTW-SPEC-IMPORT-PTW-MOD-013,test_xbar_twu_round_robin、test_xbar_1to4_distribution,PTW-MOD-013,13.8 必须修改或拆分的现有测试点,PTW-MOD-013,test_xbar_twu_round_robin、test_xbar_1to4_distribution,round-robin expected 改为 hash：vpn[1:0]^vpn[10:9]^vpn[19:18]^vpn[26:25]。,目标 TWU 与 hash 一致；target not ready 时 ready low 且 request fields stable。,,Traceability Action/Modify,Source-side scoreboard / monitor / SVA coverage,,,test_xbar_twu_round_robin、test_xbar_1to4_distribution,目标 TWU 与 hash 一致；target not ready 时 ready low 且 request fields stable。,Audit,mmu/rtl/ptw.sv; mmu/rtl/twu.sv; mmu/rtl/ptw_mbuf.sv; mmu/rtl/PDE_cache.sv,doc/ptw_uvm_review/ptwspec.md:1534,Modify Required,PTW-Spec-Traceability-Import,doc/ptw_uvm_review/ptwspec.md,Imported from heading '13.8 必须修改或拆分的现有测试点'. Source row: Action ID=PTW-MOD-013 | 现有测试点=test_xbar_twu_round_robin、test_xbar_1to4_distribution | 必须修改的内容=round-robin expected 改为 hash：vpn[1:0]^vpn[10:9]^vpn[19:18]^vpn[26:25]。 | 关闭标准=目标 TWU 与 hash 一致；target not ready 时 ready low 且 request fields stable。
PTW-SPEC-IMPORT-PTW-MOD-014,L1DTLB PTW-related tests,PTW-MOD-014,13.8 必须修改或拆分的现有测试点,PTW-MOD-014,L1DTLB PTW-related tests,DTLB_REFILL_*、DTLB_MB_PGFLT_*、DTLB_ACCESS_FAULT_* 标为 consumer-only；busy/wakeup/MB alloc/full 归 L1DTLB。,PTW closure report 不用 consumer-only 代替 source-side checker。,,Traceability Action/Modify,Source-side scoreboard / monitor / SVA coverage,,,L1DTLB PTW-related tests,PTW closure report 不用 consumer-only 代替 source-side checker。,Audit,mmu/rtl/ptw.sv; mmu/rtl/twu.sv; mmu/rtl/ptw_mbuf.sv; mmu/rtl/PDE_cache.sv,doc/ptw_uvm_review/ptwspec.md:1535,Modify Required,PTW-Spec-Traceability-Import,doc/ptw_uvm_review/ptwspec.md,Imported from heading '13.8 必须修改或拆分的现有测试点'. Source row: Action ID=PTW-MOD-014 | 现有测试点=L1DTLB PTW-related tests | 必须修改的内容=DTLB_REFILL_*、DTLB_MB_PGFLT_*、DTLB_ACCESS_FAULT_* 标为 consumer-only；busy/wakeup/MB alloc/full 归 L1DTLB。 | 关闭标准=PTW closure report 不用 consumer-only 代替 source-side checker。
PTW-SPEC-IMPORT-PTW-SVA-ARB-001,PTW 顶层同周期结果 class onehot：normal refill、page fault、access fault 至多一种可见。,PTW-SVA-ARB-001,13.21.8 Refill、异常、仲裁与返回目标断言,PTW-SVA-ARB-001,PTW-SVA-ARB-001,PTW 顶层同周期结果 class onehot：normal refill、page fault、access fault 至多一种可见。,PTW 顶层同周期结果 class onehot：normal refill、page fault、access fault 至多一种可见。,PTW-ADD-006,Assertion,Assertion + cover property,PTW-ADD-006,PTW-SVA-ARB-001,,PTW 顶层同周期结果 class onehot：normal refill、page fault、access fault 至多一种可见。,P0,mmu/rtl/ptw.sv; mmu/rtl/mmu_arb.sv,doc/ptw_uvm_review/ptwspec.md:2275,Planned/Assertion Spec,PTW-SVA-Spec-Import,doc/ptw_uvm_review/ptwspec.md,Imported from heading '13.21.8 Refill、异常、仲裁与返回目标断言'. Source row: SVA ID=PTW-SVA-ARB-001 | Priority=P0 | 断言要求=PTW 顶层同周期结果 class onehot：normal refill、page fault、access fault 至多一种可见。 | 绑定测试点=PTW-ADD-006
PTW-SPEC-IMPORT-PTW-SVA-ARB-002,class priority 固定为 access fault > page fault > normal refill。,PTW-SVA-ARB-002,13.21.8 Refill、异常、仲裁与返回目标断言,PTW-SVA-ARB-002,PTW-SVA-ARB-002,class priority 固定为 access fault > page fault > normal refill。,class priority 固定为 access fault > page fault > normal refill。,PTW-AUD-017、PTW-INFRA-008,Assertion,Assertion + cover property,PTW-AUD-017、PTW-INFRA-008,PTW-SVA-ARB-002,,class priority 固定为 access fault > page fault > normal refill。,P0,mmu/rtl/ptw.sv; mmu/rtl/mmu_arb.sv,doc/ptw_uvm_review/ptwspec.md:2276,Planned/Assertion Spec,PTW-SVA-Spec-Import,doc/ptw_uvm_review/ptwspec.md,Imported from heading '13.21.8 Refill、异常、仲裁与返回目标断言'. Source row: SVA ID=PTW-SVA-ARB-002 | Priority=P0 | 断言要求=class priority 固定为 access fault > page fault > normal refill。 | 绑定测试点=PTW-AUD-017、PTW-INFRA-008
PTW-SPEC-IMPORT-PTW-SVA-ARB-003,tlboper_ptw_abort 当拍和 flush 窗口不得产生 normal refill；已有异常寄存器获 grant 的异常按 §11.4 允许。,PTW-SVA-ARB-003,13.21.8 Refill、异常、仲裁与返回目标断言,PTW-SVA-ARB-003,PTW-SVA-ARB-003,tlboper_ptw_abort 当拍和 flush 窗口不得产生 normal refill；已有异常寄存器获 grant 的异常按 §11.4 允许。,tlboper_ptw_abort 当拍和 flush 窗口不得产生 normal refill；已有异常寄存器获 grant 的异常按 §11.4 允许。,PTW-ADD-024,Assertion,Assertion + cover property,PTW-ADD-024,PTW-SVA-ARB-003,,tlboper_ptw_abort 当拍和 flush 窗口不得产生 normal refill；已有异常寄存器获 grant 的异常按 §11.4 允许。,P0,mmu/rtl/ptw.sv; mmu/rtl/mmu_arb.sv,doc/ptw_uvm_review/ptwspec.md:2277,Planned/Assertion Spec,PTW-SVA-Spec-Import,doc/ptw_uvm_review/ptwspec.md,Imported from heading '13.21.8 Refill、异常、仲裁与返回目标断言'. Source row: SVA ID=PTW-SVA-ARB-003 | Priority=P0 | 断言要求=tlboper_ptw_abort 当拍和 flush 窗口不得产生 normal refill；已有异常寄存器获 grant 的异常按 §11.4 允许。 | 绑定测试点=PTW-ADD-024
PTW-SPEC-IMPORT-PTW-SVA-ARB-004,output ptw_l2tlb_cmplt 等于 L2TLB data/page/access 三类完成 OR；三类完成携带同一 ptw_l2tlb_type/id。,PTW-SVA-ARB-004,13.21.8 Refill、异常、仲裁与返回目标断言,PTW-SVA-ARB-004,PTW-SVA-ARB-004,output ptw_l2tlb_cmplt 等于 L2TLB data/page/access 三类完成 OR；三类完成携带同一 ptw_l2tlb_type/id。,output ptw_l2tlb_cmplt 等于 L2TLB data/page/access 三类完成 OR；三类完成携带同一 ptw_l2tlb_type/id。,PTW-AUD-003/004,Assertion,Assertion + cover property,PTW-AUD-003/004,PTW-SVA-ARB-004,,output ptw_l2tlb_cmplt 等于 L2TLB data/page/access 三类完成 OR；三类完成携带同一 ptw_l2tlb_type/id。,P0,mmu/rtl/ptw.sv; mmu/rtl/mmu_arb.sv,doc/ptw_uvm_review/ptwspec.md:2278,Planned/Assertion Spec,PTW-SVA-Spec-Import,doc/ptw_uvm_review/ptwspec.md,Imported from heading '13.21.8 Refill、异常、仲裁与返回目标断言'. Source row: SVA ID=PTW-SVA-ARB-004 | Priority=P0 | 断言要求=output ptw_l2tlb_cmplt 等于 L2TLB data/page/access 三类完成 OR；三类完成携带同一 ptw_l2tlb_type/id。 | 绑定测试点=PTW-AUD-003/004
PTW-SPEC-IMPORT-PTW-SVA-ARB-005,load/store normal refill 必须同时到 L1DTLB 和 L2TLB；fetch normal refill 必须同时到 L1ITLB 和 L2TLB；PFU normal refill 只到 L2TLB。,PTW-SVA-ARB-005,13.21.8 Refill、异常、仲裁与返回目标断言,PTW-SVA-ARB-005,PTW-SVA-ARB-005,load/store normal refill 必须同时到 L1DTLB 和 L2TLB；fetch normal refill 必须同时到 L1ITLB 和 L2TLB；PFU normal refill 只到 L2TLB。,load/store normal refill 必须同时到 L1DTLB 和 L2TLB；fetch normal refill 必须同时到 L1ITLB 和 L2TLB；PFU normal refill 只到 L2TLB。,PTW-ADD-004、PTW-FLOW-020,Assertion,Assertion + cover property,PTW-ADD-004、PTW-FLOW-020,PTW-SVA-ARB-005,,load/store normal refill 必须同时到 L1DTLB 和 L2TLB；fetch normal refill 必须同时到 L1ITLB 和 L2TLB；PFU normal refill 只到 L2TLB。,P0,mmu/rtl/ptw.sv; mmu/rtl/mmu_arb.sv,doc/ptw_uvm_review/ptwspec.md:2279,Planned/Assertion Spec,PTW-SVA-Spec-Import,doc/ptw_uvm_review/ptwspec.md,Imported from heading '13.21.8 Refill、异常、仲裁与返回目标断言'. Source row: SVA ID=PTW-SVA-ARB-005 | Priority=P0 | 断言要求=load/store normal refill 必须同时到 L1DTLB 和 L2TLB；fetch normal refill 必须同时到 L1ITLB 和 L2TLB；PFU normal refill 只到 L2TLB。 | 绑定测试点=PTW-ADD-004、PTW-FLOW-020
PTW-SPEC-IMPORT-PTW-SVA-ARB-006,load/store exception 必须到 L1DTLB 和 L2TLB completion；fetch exception 到 L1ITLB 和 L2TLB；PFU exception 只由 L2TLB/PFU path 消费。,PTW-SVA-ARB-006,13.21.8 Refill、异常、仲裁与返回目标断言,PTW-SVA-ARB-006,PTW-SVA-ARB-006,load/store exception 必须到 L1DTLB 和 L2TLB completion；fetch exception 到 L1ITLB 和 L2TLB；PFU exception 只由 L2TLB/PFU path 消费。,load/store exception 必须到 L1DTLB 和 L2TLB completion；fetch exception 到 L1ITLB 和 L2TLB；PFU exception 只由 L2TLB/PFU path 消费。,PTW-ADD-005、PTW-FLOW-021,Assertion,Assertion + cover property,PTW-ADD-005、PTW-FLOW-021,PTW-SVA-ARB-006,,load/store exception 必须到 L1DTLB 和 L2TLB completion；fetch exception 到 L1ITLB 和 L2TLB；PFU exception 只由 L2TLB/PFU path 消费。,P0,mmu/rtl/ptw.sv; mmu/rtl/mmu_arb.sv,doc/ptw_uvm_review/ptwspec.md:2280,Planned/Assertion Spec,PTW-SVA-Spec-Import,doc/ptw_uvm_review/ptwspec.md,Imported from heading '13.21.8 Refill、异常、仲裁与返回目标断言'. Source row: SVA ID=PTW-SVA-ARB-006 | Priority=P0 | 断言要求=load/store exception 必须到 L1DTLB 和 L2TLB completion；fetch exception 到 L1ITLB 和 L2TLB；PFU exception 只由 L2TLB/PFU path 消费。 | 绑定测试点=PTW-ADD-005、PTW-FLOW-021
PTW-SPEC-IMPORT-PTW-SVA-ARB-007,normal refill page size 只能为 1G/2M/4K 编码；vpn/asid/ppn/flg/global/type/id 字段不得为 X。,PTW-SVA-ARB-007,13.21.8 Refill、异常、仲裁与返回目标断言,PTW-SVA-ARB-007,PTW-SVA-ARB-007,normal refill page size 只能为 1G/2M/4K 编码；vpn/asid/ppn/flg/global/type/id 字段不得为 X。,normal refill page size 只能为 1G/2M/4K 编码；vpn/asid/ppn/flg/global/type/id 字段不得为 X。,PTW-ADD-004/034,Assertion,Assertion + cover property,PTW-ADD-004/034,PTW-SVA-ARB-007,,normal refill page size 只能为 1G/2M/4K 编码；vpn/asid/ppn/flg/global/type/id 字段不得为 X。,P0,mmu/rtl/ptw.sv; mmu/rtl/mmu_arb.sv,doc/ptw_uvm_review/ptwspec.md:2281,Planned/Assertion Spec,PTW-SVA-Spec-Import,doc/ptw_uvm_review/ptwspec.md,Imported from heading '13.21.8 Refill、异常、仲裁与返回目标断言'. Source row: SVA ID=PTW-SVA-ARB-007 | Priority=P0 | 断言要求=normal refill page size 只能为 1G/2M/4K 编码；vpn/asid/ppn/flg/global/type/id 字段不得为 X。 | 绑定测试点=PTW-ADD-004/034
PTW-SPEC-IMPORT-PTW-SVA-ARB-008,refill data flg bit layout 与 §1.4 一致：[13:9] 扩展属性，RSW 进入 flg，G 不进入 flg。,PTW-SVA-ARB-008,13.21.8 Refill、异常、仲裁与返回目标断言,PTW-SVA-ARB-008,PTW-SVA-ARB-008,refill data flg bit layout 与 §1.4 一致：[13:9] 扩展属性，RSW 进入 flg，G 不进入 flg。,refill data flg bit layout 与 §1.4 一致：[13:9] 扩展属性，RSW 进入 flg，G 不进入 flg。,PTW-ADD-034,Assertion,Assertion + cover property,PTW-ADD-034,PTW-SVA-ARB-008,,refill data flg bit layout 与 §1.4 一致：[13:9] 扩展属性，RSW 进入 flg，G 不进入 flg。,P1,mmu/rtl/ptw.sv; mmu/rtl/mmu_arb.sv,doc/ptw_uvm_review/ptwspec.md:2282,Planned/Assertion Spec,PTW-SVA-Spec-Import,doc/ptw_uvm_review/ptwspec.md,Imported from heading '13.21.8 Refill、异常、仲裁与返回目标断言'. Source row: SVA ID=PTW-SVA-ARB-008 | Priority=P1 | 断言要求=refill data flg bit layout 与 §1.4 一致：[13:9] 扩展属性，RSW 进入 flg，G 不进入 flg。 | 绑定测试点=PTW-ADD-034
PTW-SPEC-IMPORT-PTW-SVA-ARB-009,refill ASID 使用 refill 返回当拍 regs_ptw_cur_asid，不是 request accept 时锁存值。,PTW-SVA-ARB-009,13.21.8 Refill、异常、仲裁与返回目标断言,PTW-SVA-ARB-009,PTW-SVA-ARB-009,refill ASID 使用 refill 返回当拍 regs_ptw_cur_asid，不是 request accept 时锁存值。,refill ASID 使用 refill 返回当拍 regs_ptw_cur_asid，不是 request accept 时锁存值。,PTW-AUD-021,Assertion,Assertion + cover property,PTW-AUD-021,PTW-SVA-ARB-009,,refill ASID 使用 refill 返回当拍 regs_ptw_cur_asid，不是 request accept 时锁存值。,P1,mmu/rtl/ptw.sv; mmu/rtl/mmu_arb.sv,doc/ptw_uvm_review/ptwspec.md:2283,Planned/Assertion Spec,PTW-SVA-Spec-Import,doc/ptw_uvm_review/ptwspec.md,Imported from heading '13.21.8 Refill、异常、仲裁与返回目标断言'. Source row: SVA ID=PTW-SVA-ARB-009 | Priority=P1 | 断言要求=refill ASID 使用 refill 返回当拍 regs_ptw_cur_asid，不是 request accept 时锁存值。 | 绑定测试点=PTW-AUD-021
PTW-SPEC-IMPORT-PTW-SVA-ARB-010,PDE cache direct accerr 与 MBUF bus error/TWU accerr 同周期竞争时，输出 access fault 使用 PDE cache type/id。,PTW-SVA-ARB-010,6.5 fault priority SVA,PTW-SVA-ARB-010,PTW-SVA-ARB-010,PDE cache direct accerr 与 MBUF bus error/TWU accerr 同周期竞争时，输出 access fault 使用 PDE cache type/id。,PDE cache direct accerr 与 MBUF bus error/TWU accerr 同周期竞争时，输出 access fault 使用 PDE cache type/id。,,Assertion,Assertion + cover property,,PTW-SVA-ARB-010,,PDE cache direct accerr 与 MBUF bus error/TWU accerr 同周期竞争时，输出 access fault 使用 PDE cache type/id。,P0,mmu/rtl/ptw.sv; mmu/rtl/mmu_arb.sv,doc/ptw_uvm_review/ptw_pde_cache_pmpflg_uvm_implementation_plan.md:946,Planned/Assertion Spec,PTW-PDE-PMPFLG-UVM-Plan,doc/ptw_uvm_review/ptw_pde_cache_pmpflg_uvm_implementation_plan.md,Imported from heading '6.5 fault priority SVA'. Source row: SVA ID=PTW-SVA-ARB-010 | 断言=PDE cache direct accerr 与 MBUF bus error/TWU accerr 同周期竞争时，输出 access fault 使用 PDE cache type/id。
PTW-SPEC-IMPORT-PTW-SVA-ARB-011,PDE cache direct accerr visible 时 completion class onehot，不能同时 normal refill/page fault。,PTW-SVA-ARB-011,6.5 fault priority SVA,PTW-SVA-ARB-011,PTW-SVA-ARB-011,PDE cache direct accerr visible 时 completion class onehot，不能同时 normal refill/page fault。,PDE cache direct accerr visible 时 completion class onehot，不能同时 normal refill/page fault。,,Assertion,Assertion + cover property,,PTW-SVA-ARB-011,,PDE cache direct accerr visible 时 completion class onehot，不能同时 normal refill/page fault。,P0,mmu/rtl/ptw.sv; mmu/rtl/mmu_arb.sv,doc/ptw_uvm_review/ptw_pde_cache_pmpflg_uvm_implementation_plan.md:947,Planned/Assertion Spec,PTW-PDE-PMPFLG-UVM-Plan,doc/ptw_uvm_review/ptw_pde_cache_pmpflg_uvm_implementation_plan.md,Imported from heading '6.5 fault priority SVA'. Source row: SVA ID=PTW-SVA-ARB-011 | 断言=PDE cache direct accerr visible 时 completion class onehot，不能同时 normal refill/page fault。
PTW-SPEC-IMPORT-PTW-SVA-ARB-012,PDE cache direct accerr grant 后不再重复返回同一 pending fault。,PTW-SVA-ARB-012,6.5 fault priority SVA,PTW-SVA-ARB-012,PTW-SVA-ARB-012,PDE cache direct accerr grant 后不再重复返回同一 pending fault。,PDE cache direct accerr grant 后不再重复返回同一 pending fault。,,Assertion,Assertion + cover property,,PTW-SVA-ARB-012,,PDE cache direct accerr grant 后不再重复返回同一 pending fault。,P0,mmu/rtl/ptw.sv; mmu/rtl/mmu_arb.sv,doc/ptw_uvm_review/ptw_pde_cache_pmpflg_uvm_implementation_plan.md:948,Planned/Assertion Spec,PTW-PDE-PMPFLG-UVM-Plan,doc/ptw_uvm_review/ptw_pde_cache_pmpflg_uvm_implementation_plan.md,Imported from heading '6.5 fault priority SVA'. Source row: SVA ID=PTW-SVA-ARB-012 | 断言=PDE cache direct accerr grant 后不再重复返回同一 pending fault。
PTW-SPEC-IMPORT-PTW-SVA-CHK-001,leaf 判定为 V && (R || X)；W=1 && !(R || (MXR && X)) 为本设计 write-only fault。,PTW-SVA-CHK-001,13.21.6 CHK/PTE/page fault 断言,PTW-SVA-CHK-001,PTW-SVA-CHK-001,leaf 判定为 V && (R || X)；W=1 && !(R || (MXR && X)) 为本设计 write-only fault。,leaf 判定为 V && (R || X)；W=1 && !(R || (MXR && X)) 为本设计 write-only fault。,PTW-AUD-012/013,Assertion,Assertion + cover property,PTW-AUD-012/013,PTW-SVA-CHK-001,,leaf 判定为 V && (R || X)；W=1 && !(R || (MXR && X)) 为本设计 write-only fault。,P0,mmu/rtl/twu.sv,doc/ptw_uvm_review/ptwspec.md:2199,Planned/Assertion Spec,PTW-SVA-Spec-Import,doc/ptw_uvm_review/ptwspec.md,Imported from heading '13.21.6 CHK/PTE/page fault 断言'. Source row: SVA ID=PTW-SVA-CHK-001 | Priority=P0 | 断言要求=leaf 判定为 V && (R || X)；W=1 && !(R || (MXR && X)) 为本设计 write-only fault。 | 绑定测试点=PTW-AUD-012/013
PTW-SPEC-IMPORT-PTW-SVA-CHK-002,fst/scd 非叶合法 pointer 不得 page fault；thd 非叶必须 page fault。,PTW-SVA-CHK-002,13.21.6 CHK/PTE/page fault 断言,PTW-SVA-CHK-002,PTW-SVA-CHK-002,fst/scd 非叶合法 pointer 不得 page fault；thd 非叶必须 page fault。,fst/scd 非叶合法 pointer 不得 page fault；thd 非叶必须 page fault。,PTW-ADD-016,Assertion,Assertion + cover property,PTW-ADD-016,PTW-SVA-CHK-002,,fst/scd 非叶合法 pointer 不得 page fault；thd 非叶必须 page fault。,P0,mmu/rtl/twu.sv,doc/ptw_uvm_review/ptwspec.md:2200,Planned/Assertion Spec,PTW-SVA-Spec-Import,doc/ptw_uvm_review/ptwspec.md,Imported from heading '13.21.6 CHK/PTE/page fault 断言'. Source row: SVA ID=PTW-SVA-CHK-002 | Priority=P0 | 断言要求=fst/scd 非叶合法 pointer 不得 page fault；thd 非叶必须 page fault。 | 绑定测试点=PTW-ADD-016
PTW-SPEC-IMPORT-PTW-SVA-CHK-003,fetch leaf fault 公式：!V || write_only || !X || us_fault || !A || huge_align_fault。,PTW-SVA-CHK-003,13.21.6 CHK/PTE/page fault 断言,PTW-SVA-CHK-003,PTW-SVA-CHK-003,fetch leaf fault 公式：!V || write_only || !X || us_fault || !A || huge_align_fault。,fetch leaf fault 公式：!V || write_only || !X || us_fault || !A || huge_align_fault。,PTW-ADD-017,Assertion,Assertion + cover property,PTW-ADD-017,PTW-SVA-CHK-003,,fetch leaf fault 公式：!V || write_only || !X || us_fault || !A || huge_align_fault。,P0,mmu/rtl/twu.sv,doc/ptw_uvm_review/ptwspec.md:2201,Planned/Assertion Spec,PTW-SVA-Spec-Import,doc/ptw_uvm_review/ptwspec.md,Imported from heading '13.21.6 CHK/PTE/page fault 断言'. Source row: SVA ID=PTW-SVA-CHK-003 | Priority=P0 | 断言要求=fetch leaf fault 公式：!V || write_only || !X || us_fault || !A || huge_align_fault。 | 绑定测试点=PTW-ADD-017
PTW-SPEC-IMPORT-PTW-SVA-CHK-004,load leaf fault 公式：!V || write_only || (!R && !(MXR && X)) || us_fault || !A || huge_align_fault。,PTW-SVA-CHK-004,13.21.6 CHK/PTE/page fault 断言,PTW-SVA-CHK-004,PTW-SVA-CHK-004,load leaf fault 公式：!V || write_only || (!R && !(MXR && X)) || us_fault || !A || huge_align_fault。,load leaf fault 公式：!V || write_only || (!R && !(MXR && X)) || us_fault || !A || huge_align_fault。,PTW-ADD-017,Assertion,Assertion + cover property,PTW-ADD-017,PTW-SVA-CHK-004,,load leaf fault 公式：!V || write_only || (!R && !(MXR && X)) || us_fault || !A || huge_align_fault。,P0,mmu/rtl/twu.sv,doc/ptw_uvm_review/ptwspec.md:2202,Planned/Assertion Spec,PTW-SVA-Spec-Import,doc/ptw_uvm_review/ptwspec.md,Imported from heading '13.21.6 CHK/PTE/page fault 断言'. Source row: SVA ID=PTW-SVA-CHK-004 | Priority=P0 | 断言要求=load leaf fault 公式：!V || write_only || (!R && !(MXR && X)) || us_fault || !A || huge_align_fault。 | 绑定测试点=PTW-ADD-017
PTW-SPEC-IMPORT-PTW-SVA-CHK-005,store leaf fault 公式：!V || write_only || !W || us_fault || !A || !D || huge_align_fault。,PTW-SVA-CHK-005,13.21.6 CHK/PTE/page fault 断言,PTW-SVA-CHK-005,PTW-SVA-CHK-005,store leaf fault 公式：!V || write_only || !W || us_fault || !A || !D || huge_align_fault。,store leaf fault 公式：!V || write_only || !W || us_fault || !A || !D || huge_align_fault。,PTW-ADD-017,Assertion,Assertion + cover property,PTW-ADD-017,PTW-SVA-CHK-005,,store leaf fault 公式：!V || write_only || !W || us_fault || !A || !D || huge_align_fault。,P0,mmu/rtl/twu.sv,doc/ptw_uvm_review/ptwspec.md:2203,Planned/Assertion Spec,PTW-SVA-Spec-Import,doc/ptw_uvm_review/ptwspec.md,Imported from heading '13.21.6 CHK/PTE/page fault 断言'. Source row: SVA ID=PTW-SVA-CHK-005 | Priority=P0 | 断言要求=store leaf fault 公式：!V || write_only || !W || us_fault || !A || !D || huge_align_fault。 | 绑定测试点=PTW-ADD-017
PTW-SPEC-IMPORT-PTW-SVA-CHK-006,PFU leaf fault 公式：!V || write_only || us_fault || !A || huge_align_fault；PFU 不要求 R/MXR/X/D。,PTW-SVA-CHK-006,13.21.6 CHK/PTE/page fault 断言,PTW-SVA-CHK-006,PTW-SVA-CHK-006,PFU leaf fault 公式：!V || write_only || us_fault || !A || huge_align_fault；PFU 不要求 R/MXR/X/D。,PFU leaf fault 公式：!V || write_only || us_fault || !A || huge_align_fault；PFU 不要求 R/MXR/X/D。,PTW-ADD-033,Assertion,Assertion + cover property,PTW-ADD-033,PTW-SVA-CHK-006,,PFU leaf fault 公式：!V || write_only || us_fault || !A || huge_align_fault；PFU 不要求 R/MXR/X/D。,P0,mmu/rtl/twu.sv,doc/ptw_uvm_review/ptwspec.md:2204,Planned/Assertion Spec,PTW-SVA-Spec-Import,doc/ptw_uvm_review/ptwspec.md,Imported from heading '13.21.6 CHK/PTE/page fault 断言'. Source row: SVA ID=PTW-SVA-CHK-006 | Priority=P0 | 断言要求=PFU leaf fault 公式：!V || write_only || us_fault || !A || huge_align_fault；PFU 不要求 R/MXR/X/D。 | 绑定测试点=PTW-ADD-033
PTW-SPEC-IMPORT-PTW-SVA-CHK-007,effective M 跳过 U/S；effective S 访问 U page 且 SUM=0 fault；effective U 访问 S page fault。,PTW-SVA-CHK-007,13.21.6 CHK/PTE/page fault 断言,PTW-SVA-CHK-007,PTW-SVA-CHK-007,effective M 跳过 U/S；effective S 访问 U page 且 SUM=0 fault；effective U 访问 S page fault。,effective M 跳过 U/S；effective S 访问 U page 且 SUM=0 fault；effective U 访问 S page fault。,PTW-ADD-019/030,Assertion,Assertion + cover property,PTW-ADD-019/030,PTW-SVA-CHK-007,,effective M 跳过 U/S；effective S 访问 U page 且 SUM=0 fault；effective U 访问 S page fault。,P0,mmu/rtl/twu.sv,doc/ptw_uvm_review/ptwspec.md:2205,Planned/Assertion Spec,PTW-SVA-Spec-Import,doc/ptw_uvm_review/ptwspec.md,Imported from heading '13.21.6 CHK/PTE/page fault 断言'. Source row: SVA ID=PTW-SVA-CHK-007 | Priority=P0 | 断言要求=effective M 跳过 U/S；effective S 访问 U page 且 SUM=0 fault；effective U 访问 S page fault。 | 绑定测试点=PTW-ADD-019/030
PTW-SPEC-IMPORT-PTW-SVA-CHK-008,1G leaf PPN[1:0]!=0 或 2M leaf PPN[0]!=0 必须 page fault，且不得进入 sysmap/degrade/refill。,PTW-SVA-CHK-008,13.21.6 CHK/PTE/page fault 断言,PTW-SVA-CHK-008,PTW-SVA-CHK-008,1G leaf PPN[1:0]!=0 或 2M leaf PPN[0]!=0 必须 page fault，且不得进入 sysmap/degrade/refill。,1G leaf PPN[1:0]!=0 或 2M leaf PPN[0]!=0 必须 page fault，且不得进入 sysmap/degrade/refill。,PTW-ADD-020、MAEE-TP-011,Assertion,Assertion + cover property,PTW-ADD-020、MAEE-TP-011,PTW-SVA-CHK-008,,1G leaf PPN[1:0]!=0 或 2M leaf PPN[0]!=0 必须 page fault，且不得进入 sysmap/degrade/refill。,P0,mmu/rtl/twu.sv,doc/ptw_uvm_review/ptwspec.md:2206,Planned/Assertion Spec,PTW-SVA-Spec-Import,doc/ptw_uvm_review/ptwspec.md,Imported from heading '13.21.6 CHK/PTE/page fault 断言'. Source row: SVA ID=PTW-SVA-CHK-008 | Priority=P0 | 断言要求=1G leaf PPN[1:0]!=0 或 2M leaf PPN[0]!=0 必须 page fault，且不得进入 sysmap/degrade/refill。 | 绑定测试点=PTW-ADD-020、MAEE-TP-011
PTW-SPEC-IMPORT-PTW-SVA-CHK-009,PTE[58:38] 和 RSW 不参与 page fault；RSW 非零不能触发 page fault。,PTW-SVA-CHK-009,13.21.6 CHK/PTE/page fault 断言,PTW-SVA-CHK-009,PTW-SVA-CHK-009,PTE[58:38] 和 RSW 不参与 page fault；RSW 非零不能触发 page fault。,PTE[58:38] 和 RSW 不参与 page fault；RSW 非零不能触发 page fault。,PTW-ADD-001/002,Assertion,Assertion + cover property,PTW-ADD-001/002,PTW-SVA-CHK-009,,PTE[58:38] 和 RSW 不参与 page fault；RSW 非零不能触发 page fault。,P1,mmu/rtl/twu.sv,doc/ptw_uvm_review/ptwspec.md:2207,Planned/Assertion Spec,PTW-SVA-Spec-Import,doc/ptw_uvm_review/ptwspec.md,Imported from heading '13.21.6 CHK/PTE/page fault 断言'. Source row: SVA ID=PTW-SVA-CHK-009 | Priority=P1 | 断言要求=PTE[58:38] 和 RSW 不参与 page fault；RSW 非零不能触发 page fault。 | 绑定测试点=PTW-ADD-001/002
PTW-SPEC-IMPORT-PTW-SVA-CHK-010,raw G 不进入 data flg，只进入 tag/global；非叶 G 不向下 OR。,PTW-SVA-CHK-010,13.21.6 CHK/PTE/page fault 断言,PTW-SVA-CHK-010,PTW-SVA-CHK-010,raw G 不进入 data flg，只进入 tag/global；非叶 G 不向下 OR。,raw G 不进入 data flg，只进入 tag/global；非叶 G 不向下 OR。,PTW-ADD-003/034,Assertion,Assertion + cover property,PTW-ADD-003/034,PTW-SVA-CHK-010,,raw G 不进入 data flg，只进入 tag/global；非叶 G 不向下 OR。,P1,mmu/rtl/twu.sv,doc/ptw_uvm_review/ptwspec.md:2208,Planned/Assertion Spec,PTW-SVA-Spec-Import,doc/ptw_uvm_review/ptwspec.md,Imported from heading '13.21.6 CHK/PTE/page fault 断言'. Source row: SVA ID=PTW-SVA-CHK-010 | Priority=P1 | 断言要求=raw G 不进入 data flg，只进入 tag/global；非叶 G 不向下 OR。 | 绑定测试点=PTW-ADD-003/034
PTW-SPEC-IMPORT-PTW-SVA-CHK-011,page fault 请求不得产生 normal refill、PDE update 或下一级 PMP request。,PTW-SVA-CHK-011,13.21.6 CHK/PTE/page fault 断言,PTW-SVA-CHK-011,PTW-SVA-CHK-011,page fault 请求不得产生 normal refill、PDE update 或下一级 PMP request。,page fault 请求不得产生 normal refill、PDE update 或下一级 PMP request。,PTW-FLOW-012..014,Assertion,Assertion + cover property,PTW-FLOW-012..014,PTW-SVA-CHK-011,,page fault 请求不得产生 normal refill、PDE update 或下一级 PMP request。,P0,mmu/rtl/twu.sv,doc/ptw_uvm_review/ptwspec.md:2209,Planned/Assertion Spec,PTW-SVA-Spec-Import,doc/ptw_uvm_review/ptwspec.md,Imported from heading '13.21.6 CHK/PTE/page fault 断言'. Source row: SVA ID=PTW-SVA-CHK-011 | Priority=P0 | 断言要求=page fault 请求不得产生 normal refill、PDE update 或下一级 PMP request。 | 绑定测试点=PTW-FLOW-012..014
PTW-SPEC-IMPORT-PTW-SVA-CTX-001,reset 清 PDE cache、TWU valid、mbuf entry、refill/exception visible state；PTW/L1TLB/L2TLB 输出 valid 拉低。,PTW-SVA-CTX-001,13.21.10 Reset、satp/PMP 改变与 abort 断言,PTW-SVA-CTX-001,PTW-SVA-CTX-001,reset 清 PDE cache、TWU valid、mbuf entry、refill/exception visible state；PTW/L1TLB/L2TLB 输出 valid 拉低。,reset 清 PDE cache、TWU valid、mbuf entry、refill/exception visible state；PTW/L1TLB/L2TLB 输出 valid 拉低。,§11.1,Assertion,Assertion + cover property,§11.1,PTW-SVA-CTX-001,,reset 清 PDE cache、TWU valid、mbuf entry、refill/exception visible state；PTW/L1TLB/L2TLB 输出 valid 拉低。,P0,mmu/rtl/ptw.sv; mmu/rtl/PDE_cache.sv; mmu/rtl/ptw_mbuf.sv,doc/ptw_uvm_review/ptwspec.md:2322,Planned/Assertion Spec,PTW-SVA-Spec-Import,doc/ptw_uvm_review/ptwspec.md,Imported from heading '13.21.10 Reset、satp/PMP 改变与 abort 断言'. Source row: SVA ID=PTW-SVA-CTX-001 | Priority=P0 | 断言要求=reset 清 PDE cache、TWU valid、mbuf entry、refill/exception visible state；PTW/L1TLB/L2TLB 输出 valid 拉低。 | 绑定测试点=§11.1
PTW-SPEC-IMPORT-PTW-SVA-CTX-002,regs_ptw_clr 或 pmp_regs_update 只清 PDE cache，不清 in-flight TWU/mbuf/refill/exception；旧 in-flight 后续非叶 no-fault 可重新 update PDE。,PTW-SVA-CTX-002,13.21.10 Reset、satp/PMP 改变与 abort 断言,PTW-SVA-CTX-002,PTW-SVA-CTX-002,regs_ptw_clr 或 pmp_regs_update 只清 PDE cache，不清 in-flight TWU/mbuf/refill/exception；旧 in-flight 后续非叶 no-fault 可重新 update PDE。,regs_ptw_clr 或 pmp_regs_update 只清 PDE cache，不清 in-flight TWU/mbuf/refill/exception；旧 in-flight 后续非叶 no-fault 可重新 update PDE。,§11.2-11.3,Assertion,Assertion + cover property,§11.2-11.3,PTW-SVA-CTX-002,,regs_ptw_clr 或 pmp_regs_update 只清 PDE cache，不清 in-flight TWU/mbuf/refill/exception；旧 in-flight 后续非叶 no-fault 可重新 update PDE。,P0,mmu/rtl/ptw.sv; mmu/rtl/PDE_cache.sv; mmu/rtl/ptw_mbuf.sv,doc/ptw_uvm_review/ptwspec.md:2323,Planned/Assertion Spec,PTW-SVA-Spec-Import,doc/ptw_uvm_review/ptwspec.md,Imported from heading '13.21.10 Reset、satp/PMP 改变与 abort 断言'. Source row: SVA ID=PTW-SVA-CTX-002 | Priority=P0 | 断言要求=regs_ptw_clr 或 pmp_regs_update 只清 PDE cache，不清 in-flight TWU/mbuf/refill/exception；旧 in-flight 后续非叶 no-fault 可重新 update PDE。 | 绑定测试点=§11.2-11.3
PTW-SPEC-IMPORT-PTW-SVA-CTX-003,tlboper_ptw_abort 清 PDE cache，并 flush 未完成 TWU/mbuf/refill normal path。,PTW-SVA-CTX-003,13.21.10 Reset、satp/PMP 改变与 abort 断言,PTW-SVA-CTX-003,PTW-SVA-CTX-003,tlboper_ptw_abort 清 PDE cache，并 flush 未完成 TWU/mbuf/refill normal path。,tlboper_ptw_abort 清 PDE cache，并 flush 未完成 TWU/mbuf/refill normal path。,§11.4,Assertion,Assertion + cover property,§11.4,PTW-SVA-CTX-003,,tlboper_ptw_abort 清 PDE cache，并 flush 未完成 TWU/mbuf/refill normal path。,P0,mmu/rtl/ptw.sv; mmu/rtl/PDE_cache.sv; mmu/rtl/ptw_mbuf.sv,doc/ptw_uvm_review/ptwspec.md:2324,Planned/Assertion Spec,PTW-SVA-Spec-Import,doc/ptw_uvm_review/ptwspec.md,Imported from heading '13.21.10 Reset、satp/PMP 改变与 abort 断言'. Source row: SVA ID=PTW-SVA-CTX-003 | Priority=P0 | 断言要求=tlboper_ptw_abort 清 PDE cache，并 flush 未完成 TWU/mbuf/refill normal path。 | 绑定测试点=§11.4
PTW-SPEC-IMPORT-PTW-SVA-CTX-004,abort 无 LSU outstanding 时，下一可接受窗口不得残留旧 request 的 refill/update。,PTW-SVA-CTX-004,13.21.10 Reset、satp/PMP 改变与 abort 断言,PTW-SVA-CTX-004,PTW-SVA-CTX-004,abort 无 LSU outstanding 时，下一可接受窗口不得残留旧 request 的 refill/update。,abort 无 LSU outstanding 时，下一可接受窗口不得残留旧 request 的 refill/update。,MBUF-TP-009,Assertion,Assertion + cover property,MBUF-TP-009,PTW-SVA-CTX-004,,abort 无 LSU outstanding 时，下一可接受窗口不得残留旧 request 的 refill/update。,P0,mmu/rtl/ptw.sv; mmu/rtl/PDE_cache.sv; mmu/rtl/ptw_mbuf.sv,doc/ptw_uvm_review/ptwspec.md:2325,Planned/Assertion Spec,PTW-SVA-Spec-Import,doc/ptw_uvm_review/ptwspec.md,Imported from heading '13.21.10 Reset、satp/PMP 改变与 abort 断言'. Source row: SVA ID=PTW-SVA-CTX-004 | Priority=P0 | 断言要求=abort 无 LSU outstanding 时，下一可接受窗口不得残留旧 request 的 refill/update。 | 绑定测试点=MBUF-TP-009
PTW-SPEC-IMPORT-PTW-SVA-CTX-005,abort 有 LSU outstanding 时，ready 在必要等待期间保持低或不 accept 新 request；LSU response 到达并丢弃后 ready 可恢复。,PTW-SVA-CTX-005,13.21.10 Reset、satp/PMP 改变与 abort 断言,PTW-SVA-CTX-005,PTW-SVA-CTX-005,abort 有 LSU outstanding 时，ready 在必要等待期间保持低或不 accept 新 request；LSU response 到达并丢弃后 ready 可恢复。,abort 有 LSU outstanding 时，ready 在必要等待期间保持低或不 accept 新 request；LSU response 到达并丢弃后 ready 可恢复。,MBUF-TP-010,Assertion,Assertion + cover property,MBUF-TP-010,PTW-SVA-CTX-005,,abort 有 LSU outstanding 时，ready 在必要等待期间保持低或不 accept 新 request；LSU response 到达并丢弃后 ready 可恢复。,P0,mmu/rtl/ptw.sv; mmu/rtl/PDE_cache.sv; mmu/rtl/ptw_mbuf.sv,doc/ptw_uvm_review/ptwspec.md:2326,Planned/Assertion Spec,PTW-SVA-Spec-Import,doc/ptw_uvm_review/ptwspec.md,Imported from heading '13.21.10 Reset、satp/PMP 改变与 abort 断言'. Source row: SVA ID=PTW-SVA-CTX-005 | Priority=P0 | 断言要求=abort 有 LSU outstanding 时，ready 在必要等待期间保持低或不 accept 新 request；LSU response 到达并丢弃后 ready 可恢复。 | 绑定测试点=MBUF-TP-010
PTW-SPEC-IMPORT-PTW-SVA-CTX-006,satp.asid/ppn 无 abort mid-walk 交错默认由 UVM constraint 禁止；若专测该交错，SVA 不应把旧 walk 使用新 ASID refill 判为 DUT fail。,PTW-SVA-CTX-006,13.21.10 Reset、satp/PMP 改变与 abort 断言,PTW-SVA-CTX-006,PTW-SVA-CTX-006,satp.asid/ppn 无 abort mid-walk 交错默认由 UVM constraint 禁止；若专测该交错，SVA 不应把旧 walk 使用新 ASID refill 判为 DUT fail。,satp.asid/ppn 无 abort mid-walk 交错默认由 UVM constraint 禁止；若专测该交错，SVA 不应把旧 walk 使用新 ASID refill 判为 DUT fail。,PTW-AUD-021,Assertion,Assertion + cover property,PTW-AUD-021,PTW-SVA-CTX-006,,satp.asid/ppn 无 abort mid-walk 交错默认由 UVM constraint 禁止；若专测该交错，SVA 不应把旧 walk 使用新 ASID refill 判为 DUT fail。,P1,mmu/rtl/ptw.sv; mmu/rtl/PDE_cache.sv; mmu/rtl/ptw_mbuf.sv,doc/ptw_uvm_review/ptwspec.md:2327,Planned/Assertion Spec,PTW-SVA-Spec-Import,doc/ptw_uvm_review/ptwspec.md,Imported from heading '13.21.10 Reset、satp/PMP 改变与 abort 断言'. Source row: SVA ID=PTW-SVA-CTX-006 | Priority=P1 | 断言要求=satp.asid/ppn 无 abort mid-walk 交错默认由 UVM constraint 禁止；若专测该交错，SVA 不应把旧 walk 使用新 ASID refill 判为 DUT fail。 | 绑定测试点=PTW-AUD-021
PTW-SPEC-IMPORT-PTW-SVA-MAEE-001,MAEE=1 时，合法 leaf 直接产生 refill，不进入 CSR/sysmap path；1G/2M/4K 都必须覆盖。,PTW-SVA-MAEE-001,13.21.9 MAEE、Sysmap 与大页降级断言,PTW-SVA-MAEE-001,PTW-SVA-MAEE-001,MAEE=1 时，合法 leaf 直接产生 refill，不进入 CSR/sysmap path；1G/2M/4K 都必须覆盖。,MAEE=1 时，合法 leaf 直接产生 refill，不进入 CSR/sysmap path；1G/2M/4K 都必须覆盖。,MAEE-TP-001..003,Assertion,Assertion + cover property,MAEE-TP-001..003,PTW-SVA-MAEE-001,,MAEE=1 时，合法 leaf 直接产生 refill，不进入 CSR/sysmap path；1G/2M/4K 都必须覆盖。,P0,mmu/rtl/twu.sv; mmu/rtl/ptw.sv; mmu/rtl/PDE_cache.sv,doc/ptw_uvm_review/ptwspec.md:2307,Planned/Assertion Spec,PTW-SVA-Spec-Import,doc/ptw_uvm_review/ptwspec.md,Imported from heading '13.21.9 MAEE、Sysmap 与大页降级断言'. Source row: SVA ID=PTW-SVA-MAEE-001 | Priority=P0 | 断言要求=MAEE=1 时，合法 leaf 直接产生 refill，不进入 CSR/sysmap path；1G/2M/4K 都必须覆盖。 | 绑定测试点=MAEE-TP-001..003
PTW-SPEC-IMPORT-PTW-SVA-MAEE-002,MAEE=0 时，合法 leaf 必须进入 CSR/sysmap path；4K leaf 也必须查 sysmap。,PTW-SVA-MAEE-002,13.21.9 MAEE、Sysmap 与大页降级断言,PTW-SVA-MAEE-002,PTW-SVA-MAEE-002,MAEE=0 时，合法 leaf 必须进入 CSR/sysmap path；4K leaf 也必须查 sysmap。,MAEE=0 时，合法 leaf 必须进入 CSR/sysmap path；4K leaf 也必须查 sysmap。,MAEE-TP-004..009,Assertion,Assertion + cover property,MAEE-TP-004..009,PTW-SVA-MAEE-002,,MAEE=0 时，合法 leaf 必须进入 CSR/sysmap path；4K leaf 也必须查 sysmap。,P0,mmu/rtl/twu.sv; mmu/rtl/ptw.sv; mmu/rtl/PDE_cache.sv,doc/ptw_uvm_review/ptwspec.md:2308,Planned/Assertion Spec,PTW-SVA-Spec-Import,doc/ptw_uvm_review/ptwspec.md,Imported from heading '13.21.9 MAEE、Sysmap 与大页降级断言'. Source row: SVA ID=PTW-SVA-MAEE-002 | Priority=P0 | 断言要求=MAEE=0 时，合法 leaf 必须进入 CSR/sysmap path；4K leaf 也必须查 sysmap。 | 绑定测试点=MAEE-TP-004..009
PTW-SPEC-IMPORT-PTW-SVA-MAEE-003,MAEE path mutex：同一 stage 不得同时发 direct refill 和 CSR/sysmap refill request。,PTW-SVA-MAEE-003,13.21.9 MAEE、Sysmap 与大页降级断言,PTW-SVA-MAEE-003,PTW-SVA-MAEE-003,MAEE path mutex：同一 stage 不得同时发 direct refill 和 CSR/sysmap refill request。,MAEE path mutex：同一 stage 不得同时发 direct refill 和 CSR/sysmap refill request。,MAEE-TP-*,Assertion,Assertion + cover property,MAEE-TP-*,PTW-SVA-MAEE-003,,MAEE path mutex：同一 stage 不得同时发 direct refill 和 CSR/sysmap refill request。,P0,mmu/rtl/twu.sv; mmu/rtl/ptw.sv; mmu/rtl/PDE_cache.sv,doc/ptw_uvm_review/ptwspec.md:2309,Planned/Assertion Spec,PTW-SVA-Spec-Import,doc/ptw_uvm_review/ptwspec.md,Imported from heading '13.21.9 MAEE、Sysmap 与大页降级断言'. Source row: SVA ID=PTW-SVA-MAEE-003 | Priority=P0 | 断言要求=MAEE path mutex：同一 stage 不得同时发 direct refill 和 CSR/sysmap refill request。 | 绑定测试点=MAEE-TP-*
PTW-SPEC-IMPORT-PTW-SVA-MAEE-004,"MAEE=0 refill 扩展属性必须来自 sysmap_mmu_flg，顺序为 {So,C,B,Sh,Sec}。",PTW-SVA-MAEE-004,13.21.9 MAEE、Sysmap 与大页降级断言,PTW-SVA-MAEE-004,PTW-SVA-MAEE-004,"MAEE=0 refill 扩展属性必须来自 sysmap_mmu_flg，顺序为 {So,C,B,Sh,Sec}。","MAEE=0 refill 扩展属性必须来自 sysmap_mmu_flg，顺序为 {So,C,B,Sh,Sec}。",MAEE-TP-013,Assertion,Assertion + cover property,MAEE-TP-013,PTW-SVA-MAEE-004,,"MAEE=0 refill 扩展属性必须来自 sysmap_mmu_flg，顺序为 {So,C,B,Sh,Sec}。",P0,mmu/rtl/twu.sv; mmu/rtl/ptw.sv; mmu/rtl/PDE_cache.sv,doc/ptw_uvm_review/ptwspec.md:2310,Planned/Assertion Spec,PTW-SVA-Spec-Import,doc/ptw_uvm_review/ptwspec.md,"Imported from heading '13.21.9 MAEE、Sysmap 与大页降级断言'. Source row: SVA ID=PTW-SVA-MAEE-004 | Priority=P0 | 断言要求=MAEE=0 refill 扩展属性必须来自 sysmap_mmu_flg，顺序为 {So,C,B,Sh,Sec}。 | 绑定测试点=MAEE-TP-013"
PTW-SPEC-IMPORT-PTW-SVA-MAEE-005,1G 跨 sysmap region 时降级为 2M 或继续降级为 4K；2M 跨 region 时降级为 4K。,PTW-SVA-MAEE-005,13.21.9 MAEE、Sysmap 与大页降级断言,PTW-SVA-MAEE-005,PTW-SVA-MAEE-005,1G 跨 sysmap region 时降级为 2M 或继续降级为 4K；2M 跨 region 时降级为 4K。,1G 跨 sysmap region 时降级为 2M 或继续降级为 4K；2M 跨 region 时降级为 4K。,MAEE-TP-005/006/008,Assertion,Assertion + cover property,MAEE-TP-005/006/008,PTW-SVA-MAEE-005,,1G 跨 sysmap region 时降级为 2M 或继续降级为 4K；2M 跨 region 时降级为 4K。,P0,mmu/rtl/twu.sv; mmu/rtl/ptw.sv; mmu/rtl/PDE_cache.sv,doc/ptw_uvm_review/ptwspec.md:2311,Planned/Assertion Spec,PTW-SVA-Spec-Import,doc/ptw_uvm_review/ptwspec.md,Imported from heading '13.21.9 MAEE、Sysmap 与大页降级断言'. Source row: SVA ID=PTW-SVA-MAEE-005 | Priority=P0 | 断言要求=1G 跨 sysmap region 时降级为 2M 或继续降级为 4K；2M 跨 region 时降级为 4K。 | 绑定测试点=MAEE-TP-005/006/008
PTW-SPEC-IMPORT-PTW-SVA-MAEE-006,no-cross 时不得降级；原 page size 保持。,PTW-SVA-MAEE-006,13.21.9 MAEE、Sysmap 与大页降级断言,PTW-SVA-MAEE-006,PTW-SVA-MAEE-006,no-cross 时不得降级；原 page size 保持。,no-cross 时不得降级；原 page size 保持。,MAEE-TP-004/007,Assertion,Assertion + cover property,MAEE-TP-004/007,PTW-SVA-MAEE-006,,no-cross 时不得降级；原 page size 保持。,P0,mmu/rtl/twu.sv; mmu/rtl/ptw.sv; mmu/rtl/PDE_cache.sv,doc/ptw_uvm_review/ptwspec.md:2312,Planned/Assertion Spec,PTW-SVA-Spec-Import,doc/ptw_uvm_review/ptwspec.md,Imported from heading '13.21.9 MAEE、Sysmap 与大页降级断言'. Source row: SVA ID=PTW-SVA-MAEE-006 | Priority=P0 | 断言要求=no-cross 时不得降级；原 page size 保持。 | 绑定测试点=MAEE-TP-004/007
PTW-SPEC-IMPORT-PTW-SVA-MAEE-007,降级只修改最终 PPN/page_size/属性，不访问下一级页表，不重新解释 leaf 权限。,PTW-SVA-MAEE-007,13.21.9 MAEE、Sysmap 与大页降级断言,PTW-SVA-MAEE-007,PTW-SVA-MAEE-007,降级只修改最终 PPN/page_size/属性，不访问下一级页表，不重新解释 leaf 权限。,降级只修改最终 PPN/page_size/属性，不访问下一级页表，不重新解释 leaf 权限。,MAEE-TP-010,Assertion,Assertion + cover property,MAEE-TP-010,PTW-SVA-MAEE-007,,降级只修改最终 PPN/page_size/属性，不访问下一级页表，不重新解释 leaf 权限。,P0,mmu/rtl/twu.sv; mmu/rtl/ptw.sv; mmu/rtl/PDE_cache.sv,doc/ptw_uvm_review/ptwspec.md:2313,Planned/Assertion Spec,PTW-SVA-Spec-Import,doc/ptw_uvm_review/ptwspec.md,Imported from heading '13.21.9 MAEE、Sysmap 与大页降级断言'. Source row: SVA ID=PTW-SVA-MAEE-007 | Priority=P0 | 断言要求=降级只修改最终 PPN/page_size/属性，不访问下一级页表，不重新解释 leaf 权限。 | 绑定测试点=MAEE-TP-010
PTW-SPEC-IMPORT-PTW-SVA-MAEE-008,1G/2M PPN misaligned 时优先 page fault，不进入 sysmap/degrade。,PTW-SVA-MAEE-008,13.21.9 MAEE、Sysmap 与大页降级断言,PTW-SVA-MAEE-008,PTW-SVA-MAEE-008,1G/2M PPN misaligned 时优先 page fault，不进入 sysmap/degrade。,1G/2M PPN misaligned 时优先 page fault，不进入 sysmap/degrade。,MAEE-TP-011,Assertion,Assertion + cover property,MAEE-TP-011,PTW-SVA-MAEE-008,,1G/2M PPN misaligned 时优先 page fault，不进入 sysmap/degrade。,P0,mmu/rtl/twu.sv; mmu/rtl/ptw.sv; mmu/rtl/PDE_cache.sv,doc/ptw_uvm_review/ptwspec.md:2314,Planned/Assertion Spec,PTW-SVA-Spec-Import,doc/ptw_uvm_review/ptwspec.md,Imported from heading '13.21.9 MAEE、Sysmap 与大页降级断言'. Source row: SVA ID=PTW-SVA-MAEE-008 | Priority=P0 | 断言要求=1G/2M PPN misaligned 时优先 page fault，不进入 sysmap/degrade。 | 绑定测试点=MAEE-TP-011
PTW-SPEC-IMPORT-PTW-SVA-MAEE-009,进入 sysmap/degrade 后，即使 cp0_mmu_maee 后续变化，当前 CSR refill 不回退到 PTE 属性路径。,PTW-SVA-MAEE-009,13.21.9 MAEE、Sysmap 与大页降级断言,PTW-SVA-MAEE-009,PTW-SVA-MAEE-009,进入 sysmap/degrade 后，即使 cp0_mmu_maee 后续变化，当前 CSR refill 不回退到 PTE 属性路径。,进入 sysmap/degrade 后，即使 cp0_mmu_maee 后续变化，当前 CSR refill 不回退到 PTE 属性路径。,MAEE-TP-012,Assertion,Assertion + cover property,MAEE-TP-012,PTW-SVA-MAEE-009,,进入 sysmap/degrade 后，即使 cp0_mmu_maee 后续变化，当前 CSR refill 不回退到 PTE 属性路径。,P1,mmu/rtl/twu.sv; mmu/rtl/ptw.sv; mmu/rtl/PDE_cache.sv,doc/ptw_uvm_review/ptwspec.md:2315,Planned/Assertion Spec,PTW-SVA-Spec-Import,doc/ptw_uvm_review/ptwspec.md,Imported from heading '13.21.9 MAEE、Sysmap 与大页降级断言'. Source row: SVA ID=PTW-SVA-MAEE-009 | Priority=P1 | 断言要求=进入 sysmap/degrade 后，即使 cp0_mmu_maee 后续变化，当前 CSR refill 不回退到 PTE 属性路径。 | 绑定测试点=MAEE-TP-012
PTW-SPEC-IMPORT-PTW-SVA-MAEE-010,mmu_sysmap_pa* 等于 sysmap adder PA 的 [39:12]，所有 TWU port 都覆盖。,PTW-SVA-MAEE-010,13.21.9 MAEE、Sysmap 与大页降级断言,PTW-SVA-MAEE-010,PTW-SVA-MAEE-010,mmu_sysmap_pa* 等于 sysmap adder PA 的 [39:12]，所有 TWU port 都覆盖。,mmu_sysmap_pa* 等于 sysmap adder PA 的 [39:12]，所有 TWU port 都覆盖。,MAEE-TP-*,Assertion,Assertion + cover property,MAEE-TP-*,PTW-SVA-MAEE-010,,mmu_sysmap_pa* 等于 sysmap adder PA 的 [39:12]，所有 TWU port 都覆盖。,P1,mmu/rtl/twu.sv; mmu/rtl/ptw.sv; mmu/rtl/PDE_cache.sv,doc/ptw_uvm_review/ptwspec.md:2316,Planned/Assertion Spec,PTW-SVA-Spec-Import,doc/ptw_uvm_review/ptwspec.md,Imported from heading '13.21.9 MAEE、Sysmap 与大页降级断言'. Source row: SVA ID=PTW-SVA-MAEE-010 | Priority=P1 | 断言要求=mmu_sysmap_pa* 等于 sysmap adder PA 的 [39:12]，所有 TWU port 都覆盖。 | 绑定测试点=MAEE-TP-*
PTW-SPEC-IMPORT-PTW-SVA-MBUF-001,mbuf_grant onehot0；同拍有 IUTLB/fetch mbuf request 时优先写 entry8；DTLB/PFU 只写 entry0-7。,PTW-SVA-MBUF-001,13.21.7 MBUF、LSU 与 abort 断言,PTW-SVA-MBUF-001,PTW-SVA-MBUF-001,mbuf_grant onehot0；同拍有 IUTLB/fetch mbuf request 时优先写 entry8；DTLB/PFU 只写 entry0-7。,mbuf_grant onehot0；同拍有 IUTLB/fetch mbuf request 时优先写 entry8；DTLB/PFU 只写 entry0-7。,MBUF-TP-001/002,Assertion,Assertion + cover property,MBUF-TP-001/002,PTW-SVA-MBUF-001,,mbuf_grant onehot0；同拍有 IUTLB/fetch mbuf request 时优先写 entry8；DTLB/PFU 只写 entry0-7。,P0,mmu/rtl/ptw_mbuf.sv; mmu/rtl/mbuf_entry.sv; mmu/rtl/ptw.sv,doc/ptw_uvm_review/ptwspec.md:2243,Planned/Assertion Spec,PTW-SVA-Spec-Import,doc/ptw_uvm_review/ptwspec.md,Imported from heading '13.21.7 MBUF、LSU 与 abort 断言'. Source row: SVA ID=PTW-SVA-MBUF-001 | Priority=P0 | 断言要求=mbuf_grant onehot0；同拍有 IUTLB/fetch mbuf request 时优先写 entry8；DTLB/PFU 只写 entry0-7。 | 绑定测试点=MBUF-TP-001/002
PTW-SPEC-IMPORT-PTW-SVA-MBUF-002,tlboper_ptw_abort 当拍不得 create 新 mbuf entry；已在第一拍之前的 request 可被屏蔽。,PTW-SVA-MBUF-002,13.21.7 MBUF、LSU 与 abort 断言,PTW-SVA-MBUF-002,PTW-SVA-MBUF-002,tlboper_ptw_abort 当拍不得 create 新 mbuf entry；已在第一拍之前的 request 可被屏蔽。,tlboper_ptw_abort 当拍不得 create 新 mbuf entry；已在第一拍之前的 request 可被屏蔽。,MBUF-TP-009,Assertion,Assertion + cover property,MBUF-TP-009,PTW-SVA-MBUF-002,,tlboper_ptw_abort 当拍不得 create 新 mbuf entry；已在第一拍之前的 request 可被屏蔽。,P0,mmu/rtl/ptw_mbuf.sv; mmu/rtl/mbuf_entry.sv; mmu/rtl/ptw.sv,doc/ptw_uvm_review/ptwspec.md:2244,Planned/Assertion Spec,PTW-SVA-Spec-Import,doc/ptw_uvm_review/ptwspec.md,Imported from heading '13.21.7 MBUF、LSU 与 abort 断言'. Source row: SVA ID=PTW-SVA-MBUF-002 | Priority=P0 | 断言要求=tlboper_ptw_abort 当拍不得 create 新 mbuf entry；已在第一拍之前的 request 可被屏蔽。 | 绑定测试点=MBUF-TP-009
PTW-SPEC-IMPORT-PTW-SVA-MBUF-003,PTW->LSU single outstanding：pending 未返回时不得 accept 第二个 LSU PTE read。,PTW-SVA-MBUF-003,13.21.7 MBUF、LSU 与 abort 断言,PTW-SVA-MBUF-003,PTW-SVA-MBUF-003,PTW->LSU single outstanding：pending 未返回时不得 accept 第二个 LSU PTE read。,PTW->LSU single outstanding：pending 未返回时不得 accept 第二个 LSU PTE read。,MBUF-TP-003/004,Assertion,Assertion + cover property,MBUF-TP-003/004,PTW-SVA-MBUF-003,,PTW->LSU single outstanding：pending 未返回时不得 accept 第二个 LSU PTE read。,P0,mmu/rtl/ptw_mbuf.sv; mmu/rtl/mbuf_entry.sv; mmu/rtl/ptw.sv,doc/ptw_uvm_review/ptwspec.md:2245,Planned/Assertion Spec,PTW-SVA-Spec-Import,doc/ptw_uvm_review/ptwspec.md,Imported from heading '13.21.7 MBUF、LSU 与 abort 断言'. Source row: SVA ID=PTW-SVA-MBUF-003 | Priority=P0 | 断言要求=PTW->LSU single outstanding：pending 未返回时不得 accept 第二个 LSU PTE read。 | 绑定测试点=MBUF-TP-003/004
PTW-SPEC-IMPORT-PTW-SVA-MBUF-004,LSU request valid 拉高后，PA/size/entry grant 保持到 lsu_mmu_data_vld || lsu_mmu_bus_error，除非进入定义好的 abort outstanding hold。,PTW-SVA-MBUF-004,13.21.7 MBUF、LSU 与 abort 断言,PTW-SVA-MBUF-004,PTW-SVA-MBUF-004,LSU request valid 拉高后，PA/size/entry grant 保持到 lsu_mmu_data_vld || lsu_mmu_bus_error，除非进入定义好的 abort outstanding hold。,LSU request valid 拉高后，PA/size/entry grant 保持到 lsu_mmu_data_vld || lsu_mmu_bus_error，除非进入定义好的 abort outstanding hold。,MBUF-TP-003/010,Assertion,Assertion + cover property,MBUF-TP-003/010,PTW-SVA-MBUF-004,,LSU request valid 拉高后，PA/size/entry grant 保持到 lsu_mmu_data_vld || lsu_mmu_bus_error，除非进入定义好的 abort outstanding hold。,P0,mmu/rtl/ptw_mbuf.sv; mmu/rtl/mbuf_entry.sv; mmu/rtl/ptw.sv,doc/ptw_uvm_review/ptwspec.md:2246,Planned/Assertion Spec,PTW-SVA-Spec-Import,doc/ptw_uvm_review/ptwspec.md,Imported from heading '13.21.7 MBUF、LSU 与 abort 断言'. Source row: SVA ID=PTW-SVA-MBUF-004 | Priority=P0 | 断言要求=LSU request valid 拉高后，PA/size/entry grant 保持到 lsu_mmu_data_vld || lsu_mmu_bus_error，除非进入定义好的 abort outstanding hold。 | 绑定测试点=MBUF-TP-003/010
PTW-SPEC-IMPORT-PTW-SVA-MBUF-005,LSU response 只允许在 pending outstanding 存在时出现；合法 UVM 不产生 OOO response。,PTW-SVA-MBUF-005,13.21.7 MBUF、LSU 与 abort 断言,PTW-SVA-MBUF-005,PTW-SVA-MBUF-005,LSU response 只允许在 pending outstanding 存在时出现；合法 UVM 不产生 OOO response。,LSU response 只允许在 pending outstanding 存在时出现；合法 UVM 不产生 OOO response。,MBUF-TP-004,Assertion,Assertion + cover property,MBUF-TP-004,PTW-SVA-MBUF-005,,LSU response 只允许在 pending outstanding 存在时出现；合法 UVM 不产生 OOO response。,P0,mmu/rtl/ptw_mbuf.sv; mmu/rtl/mbuf_entry.sv; mmu/rtl/ptw.sv,doc/ptw_uvm_review/ptwspec.md:2247,Planned/Assertion Spec,PTW-SVA-Spec-Import,doc/ptw_uvm_review/ptwspec.md,Imported from heading '13.21.7 MBUF、LSU 与 abort 断言'. Source row: SVA ID=PTW-SVA-MBUF-005 | Priority=P0 | 断言要求=LSU response 只允许在 pending outstanding 存在时出现；合法 UVM 不产生 OOO response。 | 绑定测试点=MBUF-TP-004
PTW-SPEC-IMPORT-PTW-SVA-MBUF-006,normal data 返回且对应 CHK ready 时，只向原 TWU/lvl 写回一次，vpn/type/id/lvl/data 保持原 entry payload。,PTW-SVA-MBUF-006,13.21.7 MBUF、LSU 与 abort 断言,PTW-SVA-MBUF-006,PTW-SVA-MBUF-006,normal data 返回且对应 CHK ready 时，只向原 TWU/lvl 写回一次，vpn/type/id/lvl/data 保持原 entry payload。,normal data 返回且对应 CHK ready 时，只向原 TWU/lvl 写回一次，vpn/type/id/lvl/data 保持原 entry payload。,MBUF-TP-005,Assertion,Assertion + cover property,MBUF-TP-005,PTW-SVA-MBUF-006,,normal data 返回且对应 CHK ready 时，只向原 TWU/lvl 写回一次，vpn/type/id/lvl/data 保持原 entry payload。,P0,mmu/rtl/ptw_mbuf.sv; mmu/rtl/mbuf_entry.sv; mmu/rtl/ptw.sv,doc/ptw_uvm_review/ptwspec.md:2248,Planned/Assertion Spec,PTW-SVA-Spec-Import,doc/ptw_uvm_review/ptwspec.md,Imported from heading '13.21.7 MBUF、LSU 与 abort 断言'. Source row: SVA ID=PTW-SVA-MBUF-006 | Priority=P0 | 断言要求=normal data 返回且对应 CHK ready 时，只向原 TWU/lvl 写回一次，vpn/type/id/lvl/data 保持原 entry payload。 | 绑定测试点=MBUF-TP-005
PTW-SPEC-IMPORT-PTW-SVA-MBUF-007,normal data 返回但 CHK not ready 时，entry 置 get/hold，之后 ready 时只写回一次，不重复发 LSU。,PTW-SVA-MBUF-007,13.21.7 MBUF、LSU 与 abort 断言,PTW-SVA-MBUF-007,PTW-SVA-MBUF-007,normal data 返回但 CHK not ready 时，entry 置 get/hold，之后 ready 时只写回一次，不重复发 LSU。,normal data 返回但 CHK not ready 时，entry 置 get/hold，之后 ready 时只写回一次，不重复发 LSU。,MBUF-TP-006,Assertion,Assertion + cover property,MBUF-TP-006,PTW-SVA-MBUF-007,,normal data 返回但 CHK not ready 时，entry 置 get/hold，之后 ready 时只写回一次，不重复发 LSU。,P0,mmu/rtl/ptw_mbuf.sv; mmu/rtl/mbuf_entry.sv; mmu/rtl/ptw.sv,doc/ptw_uvm_review/ptwspec.md:2249,Planned/Assertion Spec,PTW-SVA-Spec-Import,doc/ptw_uvm_review/ptwspec.md,Imported from heading '13.21.7 MBUF、LSU 与 abort 断言'. Source row: SVA ID=PTW-SVA-MBUF-007 | Priority=P0 | 断言要求=normal data 返回但 CHK not ready 时，entry 置 get/hold，之后 ready 时只写回一次，不重复发 LSU。 | 绑定测试点=MBUF-TP-006
PTW-SPEC-IMPORT-PTW-SVA-MBUF-008,LSU bus error 不得进入 CHK，不得 page fault，不得 normal refill，不得 update PDE cache；必须生成 access fault pending。,PTW-SVA-MBUF-008,13.21.7 MBUF、LSU 与 abort 断言,PTW-SVA-MBUF-008,PTW-SVA-MBUF-008,LSU bus error 不得进入 CHK，不得 page fault，不得 normal refill，不得 update PDE cache；必须生成 access fault pending。,LSU bus error 不得进入 CHK，不得 page fault，不得 normal refill，不得 update PDE cache；必须生成 access fault pending。,MBUF-TP-007/008、PTW-FLOW-018,Assertion,Assertion + cover property,MBUF-TP-007/008、PTW-FLOW-018,PTW-SVA-MBUF-008,,LSU bus error 不得进入 CHK，不得 page fault，不得 normal refill，不得 update PDE cache；必须生成 access fault pending。,P0,mmu/rtl/ptw_mbuf.sv; mmu/rtl/mbuf_entry.sv; mmu/rtl/ptw.sv,doc/ptw_uvm_review/ptwspec.md:2250,Planned/Assertion Spec,PTW-SVA-Spec-Import,doc/ptw_uvm_review/ptwspec.md,Imported from heading '13.21.7 MBUF、LSU 与 abort 断言'. Source row: SVA ID=PTW-SVA-MBUF-008 | Priority=P0 | 断言要求=LSU bus error 不得进入 CHK，不得 page fault，不得 normal refill，不得 update PDE cache；必须生成 access fault pending。 | 绑定测试点=MBUF-TP-007/008、PTW-FLOW-018
PTW-SPEC-IMPORT-PTW-SVA-MBUF-009,bus error access fault 在写入异常寄存器/获 grant 前 entry 或 pending fault 不得丢失。,PTW-SVA-MBUF-009,13.21.7 MBUF、LSU 与 abort 断言,PTW-SVA-MBUF-009,PTW-SVA-MBUF-009,bus error access fault 在写入异常寄存器/获 grant 前 entry 或 pending fault 不得丢失。,bus error access fault 在写入异常寄存器/获 grant 前 entry 或 pending fault 不得丢失。,MBUF-TP-007/008,Assertion,Assertion + cover property,MBUF-TP-007/008,PTW-SVA-MBUF-009,,bus error access fault 在写入异常寄存器/获 grant 前 entry 或 pending fault 不得丢失。,P0,mmu/rtl/ptw_mbuf.sv; mmu/rtl/mbuf_entry.sv; mmu/rtl/ptw.sv,doc/ptw_uvm_review/ptwspec.md:2251,Planned/Assertion Spec,PTW-SVA-Spec-Import,doc/ptw_uvm_review/ptwspec.md,Imported from heading '13.21.7 MBUF、LSU 与 abort 断言'. Source row: SVA ID=PTW-SVA-MBUF-009 | Priority=P0 | 断言要求=bus error access fault 在写入异常寄存器/获 grant 前 entry 或 pending fault 不得丢失。 | 绑定测试点=MBUF-TP-007/008
PTW-SPEC-IMPORT-PTW-SVA-MBUF-010,abort 前一拍 LSU req 已经为 1 时，继续保持 req/PA 到 data valid；普通 data 返回丢弃，不 CHK、不 PDE update、不 refill。,PTW-SVA-MBUF-010,13.21.7 MBUF、LSU 与 abort 断言,PTW-SVA-MBUF-010,PTW-SVA-MBUF-010,abort 前一拍 LSU req 已经为 1 时，继续保持 req/PA 到 data valid；普通 data 返回丢弃，不 CHK、不 PDE update、不 refill。,abort 前一拍 LSU req 已经为 1 时，继续保持 req/PA 到 data valid；普通 data 返回丢弃，不 CHK、不 PDE update、不 refill。,MBUF-TP-010,Assertion,Assertion + cover property,MBUF-TP-010,PTW-SVA-MBUF-010,,abort 前一拍 LSU req 已经为 1 时，继续保持 req/PA 到 data valid；普通 data 返回丢弃，不 CHK、不 PDE update、不 refill。,P0,mmu/rtl/ptw_mbuf.sv; mmu/rtl/mbuf_entry.sv; mmu/rtl/ptw.sv,doc/ptw_uvm_review/ptwspec.md:2252,Planned/Assertion Spec,PTW-SVA-Spec-Import,doc/ptw_uvm_review/ptwspec.md,Imported from heading '13.21.7 MBUF、LSU 与 abort 断言'. Source row: SVA ID=PTW-SVA-MBUF-010 | Priority=P0 | 断言要求=abort 前一拍 LSU req 已经为 1 时，继续保持 req/PA 到 data valid；普通 data 返回丢弃，不 CHK、不 PDE update、不 refill。 | 绑定测试点=MBUF-TP-010
PTW-SPEC-IMPORT-PTW-SVA-MBUF-011,abort 同拍新形成 LSU bus error 不得上报 access fault，不得写入新的异常可见状态。,PTW-SVA-MBUF-011,13.21.7 MBUF、LSU 与 abort 断言,PTW-SVA-MBUF-011,PTW-SVA-MBUF-011,abort 同拍新形成 LSU bus error 不得上报 access fault，不得写入新的异常可见状态。,abort 同拍新形成 LSU bus error 不得上报 access fault，不得写入新的异常可见状态。,MBUF-TP-011,Assertion,Assertion + cover property,MBUF-TP-011,PTW-SVA-MBUF-011,,abort 同拍新形成 LSU bus error 不得上报 access fault，不得写入新的异常可见状态。,P0,mmu/rtl/ptw_mbuf.sv; mmu/rtl/mbuf_entry.sv; mmu/rtl/ptw.sv,doc/ptw_uvm_review/ptwspec.md:2253,Planned/Assertion Spec,PTW-SVA-Spec-Import,doc/ptw_uvm_review/ptwspec.md,Imported from heading '13.21.7 MBUF、LSU 与 abort 断言'. Source row: SVA ID=PTW-SVA-MBUF-011 | Priority=P0 | 断言要求=abort 同拍新形成 LSU bus error 不得上报 access fault，不得写入新的异常可见状态。 | 绑定测试点=MBUF-TP-011
PTW-SPEC-IMPORT-PTW-SVA-MBUF-012,abort 前已经存在并在异常寄存器中的异常，若当拍获顶层授权，可以可见并完成对应 type/id。,PTW-SVA-MBUF-012,13.21.7 MBUF、LSU 与 abort 断言,PTW-SVA-MBUF-012,PTW-SVA-MBUF-012,abort 前已经存在并在异常寄存器中的异常，若当拍获顶层授权，可以可见并完成对应 type/id。,abort 前已经存在并在异常寄存器中的异常，若当拍获顶层授权，可以可见并完成对应 type/id。,MBUF-TP-012,Assertion,Assertion + cover property,MBUF-TP-012,PTW-SVA-MBUF-012,,abort 前已经存在并在异常寄存器中的异常，若当拍获顶层授权，可以可见并完成对应 type/id。,P0,mmu/rtl/ptw_mbuf.sv; mmu/rtl/mbuf_entry.sv; mmu/rtl/ptw.sv,doc/ptw_uvm_review/ptwspec.md:2254,Planned/Assertion Spec,PTW-SVA-Spec-Import,doc/ptw_uvm_review/ptwspec.md,Imported from heading '13.21.7 MBUF、LSU 与 abort 断言'. Source row: SVA ID=PTW-SVA-MBUF-012 | Priority=P0 | 断言要求=abort 前已经存在并在异常寄存器中的异常，若当拍获顶层授权，可以可见并完成对应 type/id。 | 绑定测试点=MBUF-TP-012
PTW-SPEC-IMPORT-PTW-SVA-PDE-001,cpurst_b==0、regs_ptw_clr、pmp_regs_update、tlboper_ptw_abort 后，所有 L1PDE_entry_vld/L2PDE_entry_vld 下一拍为 0。,PTW-SVA-PDE-001,13.21.3 PDE cache 断言,PTW-SVA-PDE-001,PTW-SVA-PDE-001,cpurst_b==0、regs_ptw_clr、pmp_regs_update、tlboper_ptw_abort 后，所有 L1PDE_entry_vld/L2PDE_entry_vld 下一拍为 0。,cpurst_b==0、regs_ptw_clr、pmp_regs_update、tlboper_ptw_abort 后，所有 L1PDE_entry_vld/L2PDE_entry_vld 下一拍为 0。,PDE-TP-010/011、PTW-FLOW-022,Assertion,Assertion + cover property,PDE-TP-010/011、PTW-FLOW-022,PTW-SVA-PDE-001,,cpurst_b==0、regs_ptw_clr、pmp_regs_update、tlboper_ptw_abort 后，所有 L1PDE_entry_vld/L2PDE_entry_vld 下一拍为 0。,P0,mmu/rtl/PDE_cache.sv; mmu/rtl/L1PDE_cache.sv; mmu/rtl/L2PDE_cache.sv,doc/ptw_uvm_review/ptwspec.md:2126,Planned/Assertion Spec,PTW-SVA-Spec-Import,doc/ptw_uvm_review/ptwspec.md,Imported from heading '13.21.3 PDE cache 断言'. Source row: SVA ID=PTW-SVA-PDE-001 | Priority=P0 | 断言要求=cpurst_b==0、regs_ptw_clr、pmp_regs_update、tlboper_ptw_abort 后，所有 L1PDE_entry_vld/L2PDE_entry_vld 下一拍为 0。 | 绑定测试点=PDE-TP-010/011、PTW-FLOW-022
PTW-SPEC-IMPORT-PTW-SVA-PDE-002,tlboper_ptw_abort 当拍屏蔽 mbuf_cache_upd 对 PDE cache 的写入；abort 之后不得留下由该拍 update 产生的新 valid entry。,PTW-SVA-PDE-002,13.21.3 PDE cache 断言,PTW-SVA-PDE-002,PTW-SVA-PDE-002,tlboper_ptw_abort 当拍屏蔽 mbuf_cache_upd 对 PDE cache 的写入；abort 之后不得留下由该拍 update 产生的新 valid entry。,tlboper_ptw_abort 当拍屏蔽 mbuf_cache_upd 对 PDE cache 的写入；abort 之后不得留下由该拍 update 产生的新 valid entry。,PDE-TP-008/011,Assertion,Assertion + cover property,PDE-TP-008/011,PTW-SVA-PDE-002,,tlboper_ptw_abort 当拍屏蔽 mbuf_cache_upd 对 PDE cache 的写入；abort 之后不得留下由该拍 update 产生的新 valid entry。,P0,mmu/rtl/PDE_cache.sv; mmu/rtl/L1PDE_cache.sv; mmu/rtl/L2PDE_cache.sv,doc/ptw_uvm_review/ptwspec.md:2127,Planned/Assertion Spec,PTW-SVA-Spec-Import,doc/ptw_uvm_review/ptwspec.md,Imported from heading '13.21.3 PDE cache 断言'. Source row: SVA ID=PTW-SVA-PDE-002 | Priority=P0 | 断言要求=tlboper_ptw_abort 当拍屏蔽 mbuf_cache_upd 对 PDE cache 的写入；abort 之后不得留下由该拍 update 产生的新 valid entry。 | 绑定测试点=PDE-TP-008/011
PTW-SPEC-IMPORT-PTW-SVA-PDE-003,L2PDE_entry_hit_vld 为 1 时，L1PDE_xbar_hit_vld 必须为 0，L2PDE_xbar_hit_vld 为 1；双命中选择二级 PDE cache。,PTW-SVA-PDE-003,13.21.3 PDE cache 断言,PTW-SVA-PDE-003,PTW-SVA-PDE-003,L2PDE_entry_hit_vld 为 1 时，L1PDE_xbar_hit_vld 必须为 0，L2PDE_xbar_hit_vld 为 1；双命中选择二级 PDE cache。,L2PDE_entry_hit_vld 为 1 时，L1PDE_xbar_hit_vld 必须为 0，L2PDE_xbar_hit_vld 为 1；双命中选择二级 PDE cache。,PDE-TP-004,Assertion,Assertion + cover property,PDE-TP-004,PTW-SVA-PDE-003,,L2PDE_entry_hit_vld 为 1 时，L1PDE_xbar_hit_vld 必须为 0，L2PDE_xbar_hit_vld 为 1；双命中选择二级 PDE cache。,P0,mmu/rtl/PDE_cache.sv; mmu/rtl/L1PDE_cache.sv; mmu/rtl/L2PDE_cache.sv,doc/ptw_uvm_review/ptwspec.md:2128,Planned/Assertion Spec,PTW-SVA-Spec-Import,doc/ptw_uvm_review/ptwspec.md,Imported from heading '13.21.3 PDE cache 断言'. Source row: SVA ID=PTW-SVA-PDE-003 | Priority=P0 | 断言要求=L2PDE_entry_hit_vld 为 1 时，L1PDE_xbar_hit_vld 必须为 0，L2PDE_xbar_hit_vld 为 1；双命中选择二级 PDE cache。 | 绑定测试点=PDE-TP-004; Alternate source rows: doc/ptw_uvm_review/ptw_pde_cache_pmpflg_uvm_implementation_plan.md:921
PTW-SPEC-IMPORT-PTW-SVA-PDE-004,一级命中时 xbar_twu_hit_level==2'b10，二级命中时 xbar_twu_hit_level==2'b01，miss 时 2'b00。,PTW-SVA-PDE-004,13.21.3 PDE cache 断言,PTW-SVA-PDE-004,PTW-SVA-PDE-004,一级命中时 xbar_twu_hit_level==2'b10，二级命中时 xbar_twu_hit_level==2'b01，miss 时 2'b00。,一级命中时 xbar_twu_hit_level==2'b10，二级命中时 xbar_twu_hit_level==2'b01，miss 时 2'b00。,PDE-TP-002/003/004,Assertion,Assertion + cover property,PDE-TP-002/003/004,PTW-SVA-PDE-004,,一级命中时 xbar_twu_hit_level==2'b10，二级命中时 xbar_twu_hit_level==2'b01，miss 时 2'b00。,P0,mmu/rtl/PDE_cache.sv; mmu/rtl/L1PDE_cache.sv; mmu/rtl/L2PDE_cache.sv,doc/ptw_uvm_review/ptwspec.md:2129,Planned/Assertion Spec,PTW-SVA-Spec-Import,doc/ptw_uvm_review/ptwspec.md,Imported from heading '13.21.3 PDE cache 断言'. Source row: SVA ID=PTW-SVA-PDE-004 | Priority=P0 | 断言要求=一级命中时 xbar_twu_hit_level==2'b10，二级命中时 xbar_twu_hit_level==2'b01，miss 时 2'b00。 | 绑定测试点=PDE-TP-002/003/004; Alternate source rows: doc/ptw_uvm_review/ptw_pde_cache_pmpflg_uvm_implementation_plan.md:922
PTW-SPEC-IMPORT-PTW-SVA-PDE-005,命中输出 PDE_xbar_ppn 必须等于被命中 entry 的 PPN；二级命中优先于一级命中。,PTW-SVA-PDE-005,13.21.3 PDE cache 断言,PTW-SVA-PDE-005,PTW-SVA-PDE-005,命中输出 PDE_xbar_ppn 必须等于被命中 entry 的 PPN；二级命中优先于一级命中。,命中输出 PDE_xbar_ppn 必须等于被命中 entry 的 PPN；二级命中优先于一级命中。,PDE-TP-003/004,Assertion,Assertion + cover property,PDE-TP-003/004,PTW-SVA-PDE-005,,命中输出 PDE_xbar_ppn 必须等于被命中 entry 的 PPN；二级命中优先于一级命中。,P0,mmu/rtl/PDE_cache.sv; mmu/rtl/L1PDE_cache.sv; mmu/rtl/L2PDE_cache.sv,doc/ptw_uvm_review/ptwspec.md:2130,Planned/Assertion Spec,PTW-SVA-Spec-Import,doc/ptw_uvm_review/ptwspec.md,Imported from heading '13.21.3 PDE cache 断言'. Source row: SVA ID=PTW-SVA-PDE-005 | Priority=P0 | 断言要求=命中输出 PDE_xbar_ppn 必须等于被命中 entry 的 PPN；二级命中优先于一级命中。 | 绑定测试点=PDE-TP-003/004; Alternate source rows: doc/ptw_uvm_review/ptw_pde_cache_pmpflg_uvm_implementation_plan.md:923
PTW-SPEC-IMPORT-PTW-SVA-PDE-006,mbuf_cache_upd_lvl[1] 只允许更新一级 PDE cache；mbuf_cache_upd_lvl[0] 只允许更新二级 PDE cache；两级 update vector 各自 onehot0。,PTW-SVA-PDE-006,13.21.3 PDE cache 断言,PTW-SVA-PDE-006,PTW-SVA-PDE-006,mbuf_cache_upd_lvl[1] 只允许更新一级 PDE cache；mbuf_cache_upd_lvl[0] 只允许更新二级 PDE cache；两级 update vector 各自 onehot0。,mbuf_cache_upd_lvl[1] 只允许更新一级 PDE cache；mbuf_cache_upd_lvl[0] 只允许更新二级 PDE cache；两级 update vector 各自 onehot0。,PDE-TP-001/002/012,Assertion,Assertion + cover property,PDE-TP-001/002/012,PTW-SVA-PDE-006,,mbuf_cache_upd_lvl[1] 只允许更新一级 PDE cache；mbuf_cache_upd_lvl[0] 只允许更新二级 PDE cache；两级 update vector 各自 onehot0。,P0,mmu/rtl/PDE_cache.sv; mmu/rtl/L1PDE_cache.sv; mmu/rtl/L2PDE_cache.sv,doc/ptw_uvm_review/ptwspec.md:2131,Planned/Assertion Spec,PTW-SVA-Spec-Import,doc/ptw_uvm_review/ptwspec.md,Imported from heading '13.21.3 PDE cache 断言'. Source row: SVA ID=PTW-SVA-PDE-006 | Priority=P0 | 断言要求=mbuf_cache_upd_lvl[1] 只允许更新一级 PDE cache；mbuf_cache_upd_lvl[0] 只允许更新二级 PDE cache；两级 update vector 各自 onehot0。 | 绑定测试点=PDE-TP-001/002/012; Alternate source rows: doc/ptw_uvm_review/ptw_pde_cache_pmpflg_uvm_implementation_plan.md:924
PTW-SPEC-IMPORT-PTW-SVA-PDE-007,leaf PTE、page fault、LSU bus error、abort/flush 屏蔽的 PTE 返回不得产生 mbuf_cache_upd。,PTW-SVA-PDE-007,13.21.3 PDE cache 断言,PTW-SVA-PDE-007,PTW-SVA-PDE-007,leaf PTE、page fault、LSU bus error、abort/flush 屏蔽的 PTE 返回不得产生 mbuf_cache_upd。,leaf PTE、page fault、LSU bus error、abort/flush 屏蔽的 PTE 返回不得产生 mbuf_cache_upd。,PDE-TP-005/006/007/008,Assertion,Assertion + cover property,PDE-TP-005/006/007/008,PTW-SVA-PDE-007,,leaf PTE、page fault、LSU bus error、abort/flush 屏蔽的 PTE 返回不得产生 mbuf_cache_upd。,P0,mmu/rtl/PDE_cache.sv; mmu/rtl/L1PDE_cache.sv; mmu/rtl/L2PDE_cache.sv,doc/ptw_uvm_review/ptwspec.md:2132,Planned/Assertion Spec,PTW-SVA-Spec-Import,doc/ptw_uvm_review/ptwspec.md,Imported from heading '13.21.3 PDE cache 断言'. Source row: SVA ID=PTW-SVA-PDE-007 | Priority=P0 | 断言要求=leaf PTE、page fault、LSU bus error、abort/flush 屏蔽的 PTE 返回不得产生 mbuf_cache_upd。 | 绑定测试点=PDE-TP-005/006/007/008
PTW-SPEC-IMPORT-PTW-SVA-PDE-008,lookup/update 同拍同 tag 时，lookup 使用旧 entry；新的 tag/data 至少下一拍才可被 lookup 命中。,PTW-SVA-PDE-008,13.21.3 PDE cache 断言,PTW-SVA-PDE-008,PTW-SVA-PDE-008,lookup/update 同拍同 tag 时，lookup 使用旧 entry；新的 tag/data 至少下一拍才可被 lookup 命中。,lookup/update 同拍同 tag 时，lookup 使用旧 entry；新的 tag/data 至少下一拍才可被 lookup 命中。,PDE-TP-009,Assertion,Assertion + cover property,PDE-TP-009,PTW-SVA-PDE-008,,lookup/update 同拍同 tag 时，lookup 使用旧 entry；新的 tag/data 至少下一拍才可被 lookup 命中。,P0,mmu/rtl/PDE_cache.sv; mmu/rtl/L1PDE_cache.sv; mmu/rtl/L2PDE_cache.sv,doc/ptw_uvm_review/ptwspec.md:2133,Planned/Assertion Spec,PTW-SVA-Spec-Import,doc/ptw_uvm_review/ptwspec.md,Imported from heading '13.21.3 PDE cache 断言'. Source row: SVA ID=PTW-SVA-PDE-008 | Priority=P0 | 断言要求=lookup/update 同拍同 tag 时，lookup 使用旧 entry；新的 tag/data 至少下一拍才可被 lookup 命中。 | 绑定测试点=PDE-TP-009; Alternate source rows: doc/ptw_uvm_review/ptw_pde_cache_pmpflg_uvm_implementation_plan.md:925
PTW-SPEC-IMPORT-PTW-SVA-PDE-009,写入时 invalid entry 优先；无 invalid 时使用 PLRU victim；PLRU hit/write update onehot。,PTW-SVA-PDE-009,13.21.3 PDE cache 断言,PTW-SVA-PDE-009,PTW-SVA-PDE-009,写入时 invalid entry 优先；无 invalid 时使用 PLRU victim；PLRU hit/write update onehot。,写入时 invalid entry 优先；无 invalid 时使用 PLRU victim；PLRU hit/write update onehot。,PDE-TP-012,Assertion,Assertion + cover property,PDE-TP-012,PTW-SVA-PDE-009,,写入时 invalid entry 优先；无 invalid 时使用 PLRU victim；PLRU hit/write update onehot。,P1,mmu/rtl/PDE_cache.sv; mmu/rtl/L1PDE_cache.sv; mmu/rtl/L2PDE_cache.sv,doc/ptw_uvm_review/ptwspec.md:2134,Planned/Assertion Spec,PTW-SVA-Spec-Import,doc/ptw_uvm_review/ptwspec.md,Imported from heading '13.21.3 PDE cache 断言'. Source row: SVA ID=PTW-SVA-PDE-009 | Priority=P1 | 断言要求=写入时 invalid entry 优先；无 invalid 时使用 PLRU victim；PLRU hit/write update onehot。 | 绑定测试点=PDE-TP-012
PTW-SPEC-IMPORT-PTW-SVA-PDE-010,PDE cache entry 不携带 ASID/G/RSW/flg/permission；satp/PMP clear-only 后旧 in-flight 非叶返回仍可重新 update，除非被 abort/reset 屏蔽。,PTW-SVA-PDE-010,13.21.3 PDE cache 断言,PTW-SVA-PDE-010,PTW-SVA-PDE-010,PDE cache entry 不携带 ASID/G/RSW/flg/permission；satp/PMP clear-only 后旧 in-flight 非叶返回仍可重新 update，除非被 abort/reset 屏蔽。,PDE cache entry 不携带 ASID/G/RSW/flg/permission；satp/PMP clear-only 后旧 in-flight 非叶返回仍可重新 update，除非被 abort/reset 屏蔽。,PTW-AUD-007,Assertion,Assertion + cover property,PTW-AUD-007,PTW-SVA-PDE-010,,PDE cache entry 不携带 ASID/G/RSW/flg/permission；satp/PMP clear-only 后旧 in-flight 非叶返回仍可重新 update，除非被 abort/reset 屏蔽。,P1,mmu/rtl/PDE_cache.sv; mmu/rtl/L1PDE_cache.sv; mmu/rtl/L2PDE_cache.sv,doc/ptw_uvm_review/ptwspec.md:2135,Planned/Assertion Spec,PTW-SVA-Spec-Import,doc/ptw_uvm_review/ptwspec.md,Imported from heading '13.21.3 PDE cache 断言'. Source row: SVA ID=PTW-SVA-PDE-010 | Priority=P1 | 断言要求=PDE cache entry 不携带 ASID/G/RSW/flg/permission；satp/PMP clear-only 后旧 in-flight 非叶返回仍可重新 update，除非被 abort/reset 屏蔽。 | 绑定测试点=PTW-AUD-007; Alternate source rows: doc/ptw_uvm_review/ptw_pde_cache_pmpflg_uvm_implementation_plan.md:926
PTW-SPEC-IMPORT-PTW-SVA-PDE-011,"L1 entry hit iff valid && tag_match && allow(type,l1pmpflg,effective_m)；L1 tag match but deny 不得拉高 L1 hit。",PTW-SVA-PDE-011,6.4 新增 SVA,PTW-SVA-PDE-011,PTW-SVA-PDE-011,"L1 entry hit iff valid && tag_match && allow(type,l1pmpflg,effective_m)；L1 tag match but deny 不得拉高 L1 hit。","L1 entry hit iff valid && tag_match && allow(type,l1pmpflg,effective_m)；L1 tag match but deny 不得拉高 L1 hit。",PDE-TP-013、PTW-ADD-037/038,Assertion,Assertion + cover property,PDE-TP-013、PTW-ADD-037/038,PTW-SVA-PDE-011,,"L1 entry hit iff valid && tag_match && allow(type,l1pmpflg,effective_m)；L1 tag match but deny 不得拉高 L1 hit。",P0,mmu/rtl/PDE_cache.sv; mmu/rtl/L1PDE_cache.sv; mmu/rtl/L2PDE_cache.sv,doc/ptw_uvm_review/ptw_pde_cache_pmpflg_uvm_implementation_plan.md:932,Planned/Assertion Spec,PTW-PDE-PMPFLG-UVM-Plan,doc/ptw_uvm_review/ptw_pde_cache_pmpflg_uvm_implementation_plan.md,"Imported from heading '6.4 新增 SVA'. Source row: SVA ID=PTW-SVA-PDE-011 | 断言=L1 entry hit iff valid && tag_match && allow(type,l1pmpflg,effective_m)；L1 tag match but deny 不得拉高 L1 hit。 | 绑定测试点=PDE-TP-013、PTW-ADD-037/038"
PTW-SPEC-IMPORT-PTW-SVA-PDE-012,"L2 entry hit iff valid && tag_match && allow(type,l1pmpflg,effective_m) && allow(type,l2pmpflg,effective_m)。",PTW-SVA-PDE-012,6.4 新增 SVA,PTW-SVA-PDE-012,PTW-SVA-PDE-012,"L2 entry hit iff valid && tag_match && allow(type,l1pmpflg,effective_m) && allow(type,l2pmpflg,effective_m)。","L2 entry hit iff valid && tag_match && allow(type,l1pmpflg,effective_m) && allow(type,l2pmpflg,effective_m)。",PDE-TP-014/015,Assertion,Assertion + cover property,PDE-TP-014/015,PTW-SVA-PDE-012,,"L2 entry hit iff valid && tag_match && allow(type,l1pmpflg,effective_m) && allow(type,l2pmpflg,effective_m)。",P0,mmu/rtl/PDE_cache.sv; mmu/rtl/L1PDE_cache.sv; mmu/rtl/L2PDE_cache.sv,doc/ptw_uvm_review/ptw_pde_cache_pmpflg_uvm_implementation_plan.md:933,Planned/Assertion Spec,PTW-PDE-PMPFLG-UVM-Plan,doc/ptw_uvm_review/ptw_pde_cache_pmpflg_uvm_implementation_plan.md,"Imported from heading '6.4 新增 SVA'. Source row: SVA ID=PTW-SVA-PDE-012 | 断言=L2 entry hit iff valid && tag_match && allow(type,l1pmpflg,effective_m) && allow(type,l2pmpflg,effective_m)。 | 绑定测试点=PDE-TP-014/015"
PTW-SPEC-IMPORT-PTW-SVA-PDE-013,L2 valid tag match but either cached PMP deny 时，必须产生 PDE_cache_acc_err_vld，且不得产生 L2PDE_xbar_hit_vld。,PTW-SVA-PDE-013,6.4 新增 SVA,PTW-SVA-PDE-013,PTW-SVA-PDE-013,L2 valid tag match but either cached PMP deny 时，必须产生 PDE_cache_acc_err_vld，且不得产生 L2PDE_xbar_hit_vld。,L2 valid tag match but either cached PMP deny 时，必须产生 PDE_cache_acc_err_vld，且不得产生 L2PDE_xbar_hit_vld。,PTW-ADD-039/040,Assertion,Assertion + cover property,PTW-ADD-039/040,PTW-SVA-PDE-013,,L2 valid tag match but either cached PMP deny 时，必须产生 PDE_cache_acc_err_vld，且不得产生 L2PDE_xbar_hit_vld。,P0,mmu/rtl/PDE_cache.sv; mmu/rtl/L1PDE_cache.sv; mmu/rtl/L2PDE_cache.sv,doc/ptw_uvm_review/ptw_pde_cache_pmpflg_uvm_implementation_plan.md:934,Planned/Assertion Spec,PTW-PDE-PMPFLG-UVM-Plan,doc/ptw_uvm_review/ptw_pde_cache_pmpflg_uvm_implementation_plan.md,Imported from heading '6.4 新增 SVA'. Source row: SVA ID=PTW-SVA-PDE-013 | 断言=L2 valid tag match but either cached PMP deny 时，必须产生 PDE_cache_acc_err_vld，且不得产生 L2PDE_xbar_hit_vld。 | 绑定测试点=PTW-ADD-039/040
PTW-SPEC-IMPORT-PTW-SVA-PDE-014,L2 direct accerr 必须 gated by ptw_req && entry.valid && tag_match；invalid/idle tag match 不得误报。,PTW-SVA-PDE-014,6.4 新增 SVA,PTW-SVA-PDE-014,PTW-SVA-PDE-014,L2 direct accerr 必须 gated by ptw_req && entry.valid && tag_match；invalid/idle tag match 不得误报。,L2 direct accerr 必须 gated by ptw_req && entry.valid && tag_match；invalid/idle tag match 不得误报。,PTW-ADD-044,Assertion,Assertion + cover property,PTW-ADD-044,PTW-SVA-PDE-014,,L2 direct accerr 必须 gated by ptw_req && entry.valid && tag_match；invalid/idle tag match 不得误报。,P0,mmu/rtl/PDE_cache.sv; mmu/rtl/L1PDE_cache.sv; mmu/rtl/L2PDE_cache.sv,doc/ptw_uvm_review/ptw_pde_cache_pmpflg_uvm_implementation_plan.md:935,Planned/Assertion Spec,PTW-PDE-PMPFLG-UVM-Plan,doc/ptw_uvm_review/ptw_pde_cache_pmpflg_uvm_implementation_plan.md,Imported from heading '6.4 新增 SVA'. Source row: SVA ID=PTW-SVA-PDE-014 | 断言=L2 direct accerr 必须 gated by ptw_req && entry.valid && tag_match；invalid/idle tag match 不得误报。 | 绑定测试点=PTW-ADD-044
PTW-SPEC-IMPORT-PTW-SVA-PDE-015,"FST update 保存 {0,l1}，SCD update 保存 {l2,l1}，THD 不更新 PDE cache。",PTW-SVA-PDE-015,6.4 新增 SVA,PTW-SVA-PDE-015,PTW-SVA-PDE-015,"FST update 保存 {0,l1}，SCD update 保存 {l2,l1}，THD 不更新 PDE cache。","FST update 保存 {0,l1}，SCD update 保存 {l2,l1}，THD 不更新 PDE cache。",PTW-ADD-041,Assertion,Assertion + cover property,PTW-ADD-041,PTW-SVA-PDE-015,,"FST update 保存 {0,l1}，SCD update 保存 {l2,l1}，THD 不更新 PDE cache。",P0,mmu/rtl/PDE_cache.sv; mmu/rtl/L1PDE_cache.sv; mmu/rtl/L2PDE_cache.sv,doc/ptw_uvm_review/ptw_pde_cache_pmpflg_uvm_implementation_plan.md:936,Planned/Assertion Spec,PTW-PDE-PMPFLG-UVM-Plan,doc/ptw_uvm_review/ptw_pde_cache_pmpflg_uvm_implementation_plan.md,"Imported from heading '6.4 新增 SVA'. Source row: SVA ID=PTW-SVA-PDE-015 | 断言=FST update 保存 {0,l1}，SCD update 保存 {l2,l1}，THD 不更新 PDE cache。 | 绑定测试点=PTW-ADD-041"
PTW-SPEC-IMPORT-PTW-SVA-PDE-016,PLRU/read-hit update 只允许 qualified hit；tag hit deny 不得更新 PLRU hit state。,PTW-SVA-PDE-016,6.4 新增 SVA,PTW-SVA-PDE-016,PTW-SVA-PDE-016,PLRU/read-hit update 只允许 qualified hit；tag hit deny 不得更新 PLRU hit state。,PLRU/read-hit update 只允许 qualified hit；tag hit deny 不得更新 PLRU hit state。,PDE-TP-012/013/014/015,Assertion,Assertion + cover property,PDE-TP-012/013/014/015,PTW-SVA-PDE-016,,PLRU/read-hit update 只允许 qualified hit；tag hit deny 不得更新 PLRU hit state。,P0,mmu/rtl/PDE_cache.sv; mmu/rtl/L1PDE_cache.sv; mmu/rtl/L2PDE_cache.sv,doc/ptw_uvm_review/ptw_pde_cache_pmpflg_uvm_implementation_plan.md:937,Planned/Assertion Spec,PTW-PDE-PMPFLG-UVM-Plan,doc/ptw_uvm_review/ptw_pde_cache_pmpflg_uvm_implementation_plan.md,Imported from heading '6.4 新增 SVA'. Source row: SVA ID=PTW-SVA-PDE-016 | 断言=PLRU/read-hit update 只允许 qualified hit；tag hit deny 不得更新 PLRU hit state。 | 绑定测试点=PDE-TP-012/013/014/015
PTW-SPEC-IMPORT-PTW-SVA-PDE-017,direct accerr pending 在 grant 前 type/id stable；grant 后清 pending。,PTW-SVA-PDE-017,6.4 新增 SVA,PTW-SVA-PDE-017,PTW-SVA-PDE-017,direct accerr pending 在 grant 前 type/id stable；grant 后清 pending。,direct accerr pending 在 grant 前 type/id stable；grant 后清 pending。,PTW-ADD-042,Assertion,Assertion + cover property,PTW-ADD-042,PTW-SVA-PDE-017,,direct accerr pending 在 grant 前 type/id stable；grant 后清 pending。,P0,mmu/rtl/PDE_cache.sv; mmu/rtl/L1PDE_cache.sv; mmu/rtl/L2PDE_cache.sv,doc/ptw_uvm_review/ptw_pde_cache_pmpflg_uvm_implementation_plan.md:938,Planned/Assertion Spec,PTW-PDE-PMPFLG-UVM-Plan,doc/ptw_uvm_review/ptw_pde_cache_pmpflg_uvm_implementation_plan.md,Imported from heading '6.4 新增 SVA'. Source row: SVA ID=PTW-SVA-PDE-017 | 断言=direct accerr pending 在 grant 前 type/id stable；grant 后清 pending。 | 绑定测试点=PTW-ADD-042
PTW-SPEC-IMPORT-PTW-SVA-PMP-001,pmp_grant onehot0；同一 TWU 内 fst/scd/thd PMP stage 串行访问 PMP port。,PTW-SVA-PMP-001,13.21.5 PMP/TWU PMP-stage 断言,PTW-SVA-PMP-001,PTW-SVA-PMP-001,pmp_grant onehot0；同一 TWU 内 fst/scd/thd PMP stage 串行访问 PMP port。,pmp_grant onehot0；同一 TWU 内 fst/scd/thd PMP stage 串行访问 PMP port。,PTW-AUD-009,Assertion,Assertion + cover property,PTW-AUD-009,PTW-SVA-PMP-001,,pmp_grant onehot0；同一 TWU 内 fst/scd/thd PMP stage 串行访问 PMP port。,P0,mmu/rtl/twu.sv; mmu/rtl/pmp/rtl/ct_pmp_top.v,doc/ptw_uvm_review/ptwspec.md:2183,Planned/Assertion Spec,PTW-SVA-Spec-Import,doc/ptw_uvm_review/ptwspec.md,Imported from heading '13.21.5 PMP/TWU PMP-stage 断言'. Source row: SVA ID=PTW-SVA-PMP-001 | Priority=P0 | 断言要求=pmp_grant onehot0；同一 TWU 内 fst/scd/thd PMP stage 串行访问 PMP port。 | 绑定测试点=PTW-AUD-009
PTW-SPEC-IMPORT-PTW-SVA-PMP-002,fst/scd/thd_pmp_wait 必须贡献到 twu_mask，并阻止同 stage 发 mbuf request。,PTW-SVA-PMP-002,13.21.5 PMP/TWU PMP-stage 断言,PTW-SVA-PMP-002,PTW-SVA-PMP-002,fst/scd/thd_pmp_wait 必须贡献到 twu_mask，并阻止同 stage 发 mbuf request。,fst/scd/thd_pmp_wait 必须贡献到 twu_mask，并阻止同 stage 发 mbuf request。,PTW-AUD-008/009,Assertion,Assertion + cover property,PTW-AUD-008/009,PTW-SVA-PMP-002,,fst/scd/thd_pmp_wait 必须贡献到 twu_mask，并阻止同 stage 发 mbuf request。,P0,mmu/rtl/twu.sv; mmu/rtl/pmp/rtl/ct_pmp_top.v,doc/ptw_uvm_review/ptwspec.md:2184,Planned/Assertion Spec,PTW-SVA-Spec-Import,doc/ptw_uvm_review/ptwspec.md,Imported from heading '13.21.5 PMP/TWU PMP-stage 断言'. Source row: SVA ID=PTW-SVA-PMP-002 | Priority=P0 | 断言要求=fst/scd/thd_pmp_wait 必须贡献到 twu_mask，并阻止同 stage 发 mbuf request。 | 绑定测试点=PTW-AUD-008/009
PTW-SPEC-IMPORT-PTW-SVA-PMP-003,PMP deny 的 stage 不得发 twu_mbuf_req、不得产生同 type/id normal refill。,PTW-SVA-PMP-003,13.21.5 PMP/TWU PMP-stage 断言,PTW-SVA-PMP-003,PTW-SVA-PMP-003,PMP deny 的 stage 不得发 twu_mbuf_req、不得产生同 type/id normal refill。,PMP deny 的 stage 不得发 twu_mbuf_req、不得产生同 type/id normal refill。,PTW-AUD-009/010,Assertion,Assertion + cover property,PTW-AUD-009/010,PTW-SVA-PMP-003,,PMP deny 的 stage 不得发 twu_mbuf_req、不得产生同 type/id normal refill。,P0,mmu/rtl/twu.sv; mmu/rtl/pmp/rtl/ct_pmp_top.v,doc/ptw_uvm_review/ptwspec.md:2185,Planned/Assertion Spec,PTW-SVA-Spec-Import,doc/ptw_uvm_review/ptwspec.md,Imported from heading '13.21.5 PMP/TWU PMP-stage 断言'. Source row: SVA ID=PTW-SVA-PMP-003 | Priority=P0 | 断言要求=PMP deny 的 stage 不得发 twu_mbuf_req、不得产生同 type/id normal refill。 | 绑定测试点=PTW-AUD-009/010
PTW-SPEC-IMPORT-PTW-SVA-PMP-004,PMP deny 必须转换为 access fault，且返回原始 type/id。,PTW-SVA-PMP-004,13.21.5 PMP/TWU PMP-stage 断言,PTW-SVA-PMP-004,PTW-SVA-PMP-004,PMP deny 必须转换为 access fault，且返回原始 type/id。,PMP deny 必须转换为 access fault，且返回原始 type/id。,PTW-FLOW-009..011,Assertion,Assertion + cover property,PTW-FLOW-009..011,PTW-SVA-PMP-004,,PMP deny 必须转换为 access fault，且返回原始 type/id。,P0,mmu/rtl/twu.sv; mmu/rtl/pmp/rtl/ct_pmp_top.v,doc/ptw_uvm_review/ptwspec.md:2186,Planned/Assertion Spec,PTW-SVA-Spec-Import,doc/ptw_uvm_review/ptwspec.md,Imported from heading '13.21.5 PMP/TWU PMP-stage 断言'. Source row: SVA ID=PTW-SVA-PMP-004 | Priority=P0 | 断言要求=PMP deny 必须转换为 access fault，且返回原始 type/id。 | 绑定测试点=PTW-FLOW-009..011
PTW-SPEC-IMPORT-PTW-SVA-PMP-005,PMP deny 使用原始 request type：fetch 查 X，load/PFU 查 R，store 查 W。,PTW-SVA-PMP-005,13.21.5 PMP/TWU PMP-stage 断言,PTW-SVA-PMP-005,PTW-SVA-PMP-005,PMP deny 使用原始 request type：fetch 查 X，load/PFU 查 R，store 查 W。,PMP deny 使用原始 request type：fetch 查 X，load/PFU 查 R，store 查 W。,PTW-ADD-014,Assertion,Assertion + cover property,PTW-ADD-014,PTW-SVA-PMP-005,,PMP deny 使用原始 request type：fetch 查 X，load/PFU 查 R，store 查 W。,P0,mmu/rtl/twu.sv; mmu/rtl/pmp/rtl/ct_pmp_top.v,doc/ptw_uvm_review/ptwspec.md:2187,Planned/Assertion Spec,PTW-SVA-Spec-Import,doc/ptw_uvm_review/ptwspec.md,Imported from heading '13.21.5 PMP/TWU PMP-stage 断言'. Source row: SVA ID=PTW-SVA-PMP-005 | Priority=P0 | 断言要求=PMP deny 使用原始 request type：fetch 查 X，load/PFU 查 R，store 查 W。 | 绑定测试点=PTW-ADD-014
PTW-SPEC-IMPORT-PTW-SVA-PMP-006,mmu_pmp_fetch* 必须只由 fetch type stage 拉高，不得把 PTW PTE bus read 统一当 load。,PTW-SVA-PMP-006,13.21.5 PMP/TWU PMP-stage 断言,PTW-SVA-PMP-006,PTW-SVA-PMP-006,mmu_pmp_fetch* 必须只由 fetch type stage 拉高，不得把 PTW PTE bus read 统一当 load。,mmu_pmp_fetch* 必须只由 fetch type stage 拉高，不得把 PTW PTE bus read 统一当 load。,PTW-ADD-014,Assertion,Assertion + cover property,PTW-ADD-014,PTW-SVA-PMP-006,,mmu_pmp_fetch* 必须只由 fetch type stage 拉高，不得把 PTW PTE bus read 统一当 load。,P0,mmu/rtl/twu.sv; mmu/rtl/pmp/rtl/ct_pmp_top.v,doc/ptw_uvm_review/ptwspec.md:2188,Planned/Assertion Spec,PTW-SVA-Spec-Import,doc/ptw_uvm_review/ptwspec.md,Imported from heading '13.21.5 PMP/TWU PMP-stage 断言'. Source row: SVA ID=PTW-SVA-PMP-006 | Priority=P0 | 断言要求=mmu_pmp_fetch* 必须只由 fetch type stage 拉高，不得把 PTW PTE bus read 统一当 load。 | 绑定测试点=PTW-ADD-014
PTW-SPEC-IMPORT-PTW-SVA-PMP-007,effective M 且 pmp_mmu_flg[3]==0 时跳过 PMP deny；fetch 不受 MPRV，data/PFU 在 MPRV=1 时用 MPP。,PTW-SVA-PMP-007,13.21.5 PMP/TWU PMP-stage 断言,PTW-SVA-PMP-007,PTW-SVA-PMP-007,effective M 且 pmp_mmu_flg[3]==0 时跳过 PMP deny；fetch 不受 MPRV，data/PFU 在 MPRV=1 时用 MPP。,effective M 且 pmp_mmu_flg[3]==0 时跳过 PMP deny；fetch 不受 MPRV，data/PFU 在 MPRV=1 时用 MPP。,PTW-ADD-015/030,Assertion,Assertion + cover property,PTW-ADD-015/030,PTW-SVA-PMP-007,,effective M 且 pmp_mmu_flg[3]==0 时跳过 PMP deny；fetch 不受 MPRV，data/PFU 在 MPRV=1 时用 MPP。,P0,mmu/rtl/twu.sv; mmu/rtl/pmp/rtl/ct_pmp_top.v,doc/ptw_uvm_review/ptwspec.md:2189,Planned/Assertion Spec,PTW-SVA-Spec-Import,doc/ptw_uvm_review/ptwspec.md,Imported from heading '13.21.5 PMP/TWU PMP-stage 断言'. Source row: SVA ID=PTW-SVA-PMP-007 | Priority=P0 | 断言要求=effective M 且 pmp_mmu_flg[3]==0 时跳过 PMP deny；fetch 不受 MPRV，data/PFU 在 MPRV=1 时用 MPP。 | 绑定测试点=PTW-ADD-015/030
PTW-SPEC-IMPORT-PTW-SVA-PMP-008,"PTE PA 公式正确：fst={satp_ppn,vpn[26:18],3'b0}，scd={parent_ppn,vpn[17:9],3'b0}，thd={parent_ppn,vpn[8:0],3'b0}。",PTW-SVA-PMP-008,13.21.5 PMP/TWU PMP-stage 断言,PTW-SVA-PMP-008,PTW-SVA-PMP-008,"PTE PA 公式正确：fst={satp_ppn,vpn[26:18],3'b0}，scd={parent_ppn,vpn[17:9],3'b0}，thd={parent_ppn,vpn[8:0],3'b0}。","PTE PA 公式正确：fst={satp_ppn,vpn[26:18],3'b0}，scd={parent_ppn,vpn[17:9],3'b0}，thd={parent_ppn,vpn[8:0],3'b0}。",PTW-AUD-009,Assertion,Assertion + cover property,PTW-AUD-009,PTW-SVA-PMP-008,,"PTE PA 公式正确：fst={satp_ppn,vpn[26:18],3'b0}，scd={parent_ppn,vpn[17:9],3'b0}，thd={parent_ppn,vpn[8:0],3'b0}。",P0,mmu/rtl/twu.sv; mmu/rtl/pmp/rtl/ct_pmp_top.v,doc/ptw_uvm_review/ptwspec.md:2190,Planned/Assertion Spec,PTW-SVA-Spec-Import,doc/ptw_uvm_review/ptwspec.md,"Imported from heading '13.21.5 PMP/TWU PMP-stage 断言'. Source row: SVA ID=PTW-SVA-PMP-008 | Priority=P0 | 断言要求=PTE PA 公式正确：fst={satp_ppn,vpn[26:18],3'b0}，scd={parent_ppn,vpn[17:9],3'b0}，thd={parent_ppn,vpn[8:0],3'b0}。 | 绑定测试点=PTW-AUD-009"
PTW-SPEC-IMPORT-PTW-SVA-PMP-009,PMP pass 后才允许进入 mbuf；PMP wait/deny 期间不得产生 CHK/page fault。,PTW-SVA-PMP-009,13.21.5 PMP/TWU PMP-stage 断言,PTW-SVA-PMP-009,PTW-SVA-PMP-009,PMP pass 后才允许进入 mbuf；PMP wait/deny 期间不得产生 CHK/page fault。,PMP pass 后才允许进入 mbuf；PMP wait/deny 期间不得产生 CHK/page fault。,PTW-AUD-009,Assertion,Assertion + cover property,PTW-AUD-009,PTW-SVA-PMP-009,,PMP pass 后才允许进入 mbuf；PMP wait/deny 期间不得产生 CHK/page fault。,P1,mmu/rtl/twu.sv; mmu/rtl/pmp/rtl/ct_pmp_top.v,doc/ptw_uvm_review/ptwspec.md:2191,Planned/Assertion Spec,PTW-SVA-Spec-Import,doc/ptw_uvm_review/ptwspec.md,Imported from heading '13.21.5 PMP/TWU PMP-stage 断言'. Source row: SVA ID=PTW-SVA-PMP-009 | Priority=P1 | 断言要求=PMP pass 后才允许进入 mbuf；PMP wait/deny 期间不得产生 CHK/page fault。 | 绑定测试点=PTW-AUD-009
PTW-SPEC-IMPORT-PTW-SVA-REQ-001,l2tlb_ptw_req && !ptw_jtlb_ready 时，l2tlb_ptw_vpn/type/id 必须保持稳定直到 ready。,PTW-SVA-REQ-001,13.21.2 L2TLB->PTW request、ready 与输入约束断言,PTW-SVA-REQ-001,PTW-SVA-REQ-001,l2tlb_ptw_req && !ptw_jtlb_ready 时，l2tlb_ptw_vpn/type/id 必须保持稳定直到 ready。,l2tlb_ptw_req && !ptw_jtlb_ready 时，l2tlb_ptw_vpn/type/id 必须保持稳定直到 ready。,PTW-AUD-008、XBAR-TP-002/004,Assertion,Assertion + cover property,PTW-AUD-008、XBAR-TP-002/004,PTW-SVA-REQ-001,,l2tlb_ptw_req && !ptw_jtlb_ready 时，l2tlb_ptw_vpn/type/id 必须保持稳定直到 ready。,P0,mmu/rtl/one_to_four_xbar.sv; mmu/rtl/ptw.sv; mmu/rtl/twu.sv,doc/ptw_uvm_review/ptwspec.md:2096,Planned/Assertion Spec,PTW-SVA-Spec-Import,doc/ptw_uvm_review/ptwspec.md,Imported from heading '13.21.2 L2TLB->PTW request、ready 与输入约束断言'. Source row: SVA ID=PTW-SVA-REQ-001 | Priority=P0 | Bind=ptw | 断言要求=l2tlb_ptw_req && !ptw_jtlb_ready 时，l2tlb_ptw_vpn/type/id 必须保持稳定直到 ready。 | 绑定测试点=PTW-AUD-008、XBAR-TP-002/004
PTW-SPEC-IMPORT-PTW-SVA-REQ-002,ptw_jtlb_ready 必须等于 pde_cache_ready && !abort_flop 或等价实现；abort outstanding 等待期间不提前 accept 新请求。,PTW-SVA-REQ-002,13.21.2 L2TLB->PTW request、ready 与输入约束断言,PTW-SVA-REQ-002,PTW-SVA-REQ-002,ptw_jtlb_ready 必须等于 pde_cache_ready && !abort_flop 或等价实现；abort outstanding 等待期间不提前 accept 新请求。,ptw_jtlb_ready 必须等于 pde_cache_ready && !abort_flop 或等价实现；abort outstanding 等待期间不提前 accept 新请求。,PTW-ADD-012/024,Assertion,Assertion + cover property,PTW-ADD-012/024,PTW-SVA-REQ-002,,ptw_jtlb_ready 必须等于 pde_cache_ready && !abort_flop 或等价实现；abort outstanding 等待期间不提前 accept 新请求。,P0,mmu/rtl/one_to_four_xbar.sv; mmu/rtl/ptw.sv; mmu/rtl/twu.sv,doc/ptw_uvm_review/ptwspec.md:2097,Planned/Assertion Spec,PTW-SVA-Spec-Import,doc/ptw_uvm_review/ptwspec.md,Imported from heading '13.21.2 L2TLB->PTW request、ready 与输入约束断言'. Source row: SVA ID=PTW-SVA-REQ-002 | Priority=P0 | Bind=ptw | 断言要求=ptw_jtlb_ready 必须等于 pde_cache_ready && !abort_flop 或等价实现；abort outstanding 等待期间不提前 accept 新请求。 | 绑定测试点=PTW-ADD-012/024
PTW-SPEC-IMPORT-PTW-SVA-REQ-003,每周期最多 accept 一个 L2TLB request；accept 定义为 l2tlb_ptw_req && ptw_jtlb_ready。,PTW-SVA-REQ-003,13.21.2 L2TLB->PTW request、ready 与输入约束断言,PTW-SVA-REQ-003,PTW-SVA-REQ-003,每周期最多 accept 一个 L2TLB request；accept 定义为 l2tlb_ptw_req && ptw_jtlb_ready。,每周期最多 accept 一个 L2TLB request；accept 定义为 l2tlb_ptw_req && ptw_jtlb_ready。,§4、PTW-AUD-008,Assertion,Assertion + cover property,§4、PTW-AUD-008,PTW-SVA-REQ-003,,每周期最多 accept 一个 L2TLB request；accept 定义为 l2tlb_ptw_req && ptw_jtlb_ready。,P0,mmu/rtl/one_to_four_xbar.sv; mmu/rtl/ptw.sv; mmu/rtl/twu.sv,doc/ptw_uvm_review/ptwspec.md:2098,Planned/Assertion Spec,PTW-SVA-Spec-Import,doc/ptw_uvm_review/ptwspec.md,Imported from heading '13.21.2 L2TLB->PTW request、ready 与输入约束断言'. Source row: SVA ID=PTW-SVA-REQ-003 | Priority=P0 | Bind=ptw | 断言要求=每周期最多 accept 一个 L2TLB request；accept 定义为 l2tlb_ptw_req && ptw_jtlb_ready。 | 绑定测试点=§4、PTW-AUD-008
PTW-SPEC-IMPORT-PTW-SVA-REQ-004,accepted request 的 type 只能为 fetch/load/store/PFU；其他编码必须被 TB constraint 屏蔽或报 testbench error。,PTW-SVA-REQ-004,13.21.2 L2TLB->PTW request、ready 与输入约束断言,PTW-SVA-REQ-004,PTW-SVA-REQ-004,accepted request 的 type 只能为 fetch/load/store/PFU；其他编码必须被 TB constraint 屏蔽或报 testbench error。,accepted request 的 type 只能为 fetch/load/store/PFU；其他编码必须被 TB constraint 屏蔽或报 testbench error。,§2.1,Assertion,Assertion + cover property,§2.1,PTW-SVA-REQ-004,,accepted request 的 type 只能为 fetch/load/store/PFU；其他编码必须被 TB constraint 屏蔽或报 testbench error。,P1,mmu/rtl/one_to_four_xbar.sv; mmu/rtl/ptw.sv; mmu/rtl/twu.sv,doc/ptw_uvm_review/ptwspec.md:2099,Planned/Assertion Spec,PTW-SVA-Spec-Import,doc/ptw_uvm_review/ptwspec.md,Imported from heading '13.21.2 L2TLB->PTW request、ready 与输入约束断言'. Source row: SVA ID=PTW-SVA-REQ-004 | Priority=P1 | Bind=ptw | 断言要求=accepted request 的 type 只能为 fetch/load/store/PFU；其他编码必须被 TB constraint 屏蔽或报 testbench error。 | 绑定测试点=§2.1
PTW-SPEC-IMPORT-PTW-SVA-REQ-005,IUTLB/fetch request 的 id[2:0] 固定为 0；L1 DTLB id 不参与 fetch scoreboard 匹配。,PTW-SVA-REQ-005,13.21.2 L2TLB->PTW request、ready 与输入约束断言,PTW-SVA-REQ-005,PTW-SVA-REQ-005,IUTLB/fetch request 的 id[2:0] 固定为 0；L1 DTLB id 不参与 fetch scoreboard 匹配。,IUTLB/fetch request 的 id[2:0] 固定为 0；L1 DTLB id 不参与 fetch scoreboard 匹配。,PTW-AUD-004,Assertion,Assertion + cover property,PTW-AUD-004,PTW-SVA-REQ-005,,IUTLB/fetch request 的 id[2:0] 固定为 0；L1 DTLB id 不参与 fetch scoreboard 匹配。,P1,mmu/rtl/one_to_four_xbar.sv; mmu/rtl/ptw.sv; mmu/rtl/twu.sv,doc/ptw_uvm_review/ptwspec.md:2100,Planned/Assertion Spec,PTW-SVA-Spec-Import,doc/ptw_uvm_review/ptwspec.md,Imported from heading '13.21.2 L2TLB->PTW request、ready 与输入约束断言'. Source row: SVA ID=PTW-SVA-REQ-005 | Priority=P1 | Bind=ptw | 断言要求=IUTLB/fetch request 的 id[2:0] 固定为 0；L1 DTLB id 不参与 fetch scoreboard 匹配。 | 绑定测试点=PTW-AUD-004
PTW-SPEC-IMPORT-PTW-SVA-REQ-006,Bare 模式、纯 M 态无翻译模式下不得向 PTW 发 request；如果 test 选择负向注入，只能标为 illegal stimulus。,PTW-SVA-REQ-006,13.21.2 L2TLB->PTW request、ready 与输入约束断言,PTW-SVA-REQ-006,PTW-SVA-REQ-006,Bare 模式、纯 M 态无翻译模式下不得向 PTW 发 request；如果 test 选择负向注入，只能标为 illegal stimulus。,Bare 模式、纯 M 态无翻译模式下不得向 PTW 发 request；如果 test 选择负向注入，只能标为 illegal stimulus。,PTW-ADD-036,Assertion,Assertion + cover property,PTW-ADD-036,PTW-SVA-REQ-006,,Bare 模式、纯 M 态无翻译模式下不得向 PTW 发 request；如果 test 选择负向注入，只能标为 illegal stimulus。,P1,mmu/rtl/one_to_four_xbar.sv; mmu/rtl/ptw.sv; mmu/rtl/twu.sv,doc/ptw_uvm_review/ptwspec.md:2101,Planned/Assertion Spec,PTW-SVA-Spec-Import,doc/ptw_uvm_review/ptwspec.md,Imported from heading '13.21.2 L2TLB->PTW request、ready 与输入约束断言'. Source row: SVA ID=PTW-SVA-REQ-006 | Priority=P1 | Bind=TB/top | 断言要求=Bare 模式、纯 M 态无翻译模式下不得向 PTW 发 request；如果 test 选择负向注入，只能标为 illegal stimulus。 | 绑定测试点=PTW-ADD-036
PTW-SPEC-IMPORT-PTW-SVA-XBAR-001,xbar_twu_req 必须等于 ptw_hash_onehot(PDE_xbar_vpn) 与 request/ready 条件的组合，不允许 idle-first、round-robin 或 pointer fallback。,PTW-SVA-XBAR-001,13.21.4 Xbar/ready/backpressure 断言,PTW-SVA-XBAR-001,PTW-SVA-XBAR-001,xbar_twu_req 必须等于 ptw_hash_onehot(PDE_xbar_vpn) 与 request/ready 条件的组合，不允许 idle-first、round-robin 或 pointer fallback。,xbar_twu_req 必须等于 ptw_hash_onehot(PDE_xbar_vpn) 与 request/ready 条件的组合，不允许 idle-first、round-robin 或 pointer fallback。,XBAR-TP-001/006,Assertion,Assertion + cover property,XBAR-TP-001/006,PTW-SVA-XBAR-001,,xbar_twu_req 必须等于 ptw_hash_onehot(PDE_xbar_vpn) 与 request/ready 条件的组合，不允许 idle-first、round-robin 或 pointer fallback。,P0,mmu/rtl/one_to_four_xbar.sv; mmu/rtl/ptw.sv; mmu/rtl/twu.sv,doc/ptw_uvm_review/ptwspec.md:2159,Planned/Assertion Spec,PTW-SVA-Spec-Import,doc/ptw_uvm_review/ptwspec.md,Imported from heading '13.21.4 Xbar/ready/backpressure 断言'. Source row: SVA ID=PTW-SVA-XBAR-001 | Priority=P0 | 断言要求=xbar_twu_req 必须等于 ptw_hash_onehot(PDE_xbar_vpn) 与 request/ready 条件的组合，不允许 idle-first、round-robin 或 pointer fallback。 | 绑定测试点=XBAR-TP-001/006
PTW-SPEC-IMPORT-PTW-SVA-XBAR-002,hash 目标 twu_mask=1 时，xbar_pde_ready=0，xbar_twu_req=0。,PTW-SVA-XBAR-002,13.21.4 Xbar/ready/backpressure 断言,PTW-SVA-XBAR-002,PTW-SVA-XBAR-002,hash 目标 twu_mask=1 时，xbar_pde_ready=0，xbar_twu_req=0。,hash 目标 twu_mask=1 时，xbar_pde_ready=0，xbar_twu_req=0。,XBAR-TP-002/004,Assertion,Assertion + cover property,XBAR-TP-002/004,PTW-SVA-XBAR-002,,hash 目标 twu_mask=1 时，xbar_pde_ready=0，xbar_twu_req=0。,P0,mmu/rtl/one_to_four_xbar.sv; mmu/rtl/ptw.sv; mmu/rtl/twu.sv,doc/ptw_uvm_review/ptwspec.md:2160,Planned/Assertion Spec,PTW-SVA-Spec-Import,doc/ptw_uvm_review/ptwspec.md,Imported from heading '13.21.4 Xbar/ready/backpressure 断言'. Source row: SVA ID=PTW-SVA-XBAR-002 | Priority=P0 | 断言要求=hash 目标 twu_mask=1 时，xbar_pde_ready=0，xbar_twu_req=0。 | 绑定测试点=XBAR-TP-002/004
PTW-SPEC-IMPORT-PTW-SVA-XBAR-003,非 hash 目标 twu_mask=1 不得阻塞当前请求；hash 目标未 mask 时 ready 必须为 1。,PTW-SVA-XBAR-003,13.21.4 Xbar/ready/backpressure 断言,PTW-SVA-XBAR-003,PTW-SVA-XBAR-003,非 hash 目标 twu_mask=1 不得阻塞当前请求；hash 目标未 mask 时 ready 必须为 1。,非 hash 目标 twu_mask=1 不得阻塞当前请求；hash 目标未 mask 时 ready 必须为 1。,XBAR-TP-003,Assertion,Assertion + cover property,XBAR-TP-003,PTW-SVA-XBAR-003,,非 hash 目标 twu_mask=1 不得阻塞当前请求；hash 目标未 mask 时 ready 必须为 1。,P0,mmu/rtl/one_to_four_xbar.sv; mmu/rtl/ptw.sv; mmu/rtl/twu.sv,doc/ptw_uvm_review/ptwspec.md:2161,Planned/Assertion Spec,PTW-SVA-Spec-Import,doc/ptw_uvm_review/ptwspec.md,Imported from heading '13.21.4 Xbar/ready/backpressure 断言'. Source row: SVA ID=PTW-SVA-XBAR-003 | Priority=P0 | 断言要求=非 hash 目标 twu_mask=1 不得阻塞当前请求；hash 目标未 mask 时 ready 必须为 1。 | 绑定测试点=XBAR-TP-003
PTW-SPEC-IMPORT-PTW-SVA-XBAR-004,tlboper_ptw_abort 当拍不得产生新的 xbar_twu_req。,PTW-SVA-XBAR-004,13.21.4 Xbar/ready/backpressure 断言,PTW-SVA-XBAR-004,PTW-SVA-XBAR-004,tlboper_ptw_abort 当拍不得产生新的 xbar_twu_req。,tlboper_ptw_abort 当拍不得产生新的 xbar_twu_req。,XBAR-TP-005,Assertion,Assertion + cover property,XBAR-TP-005,PTW-SVA-XBAR-004,,tlboper_ptw_abort 当拍不得产生新的 xbar_twu_req。,P0,mmu/rtl/one_to_four_xbar.sv; mmu/rtl/ptw.sv; mmu/rtl/twu.sv,doc/ptw_uvm_review/ptwspec.md:2162,Planned/Assertion Spec,PTW-SVA-Spec-Import,doc/ptw_uvm_review/ptwspec.md,Imported from heading '13.21.4 Xbar/ready/backpressure 断言'. Source row: SVA ID=PTW-SVA-XBAR-004 | Priority=P0 | 断言要求=tlboper_ptw_abort 当拍不得产生新的 xbar_twu_req。 | 绑定测试点=XBAR-TP-005
PTW-SPEC-IMPORT-PTW-SVA-XBAR-005,派发到 TWU 的 vpn/type/id/ppn/hit_level 必须等于 PDE cache 输出字段。,PTW-SVA-XBAR-005,13.21.4 Xbar/ready/backpressure 断言,PTW-SVA-XBAR-005,PTW-SVA-XBAR-005,派发到 TWU 的 vpn/type/id/ppn/hit_level 必须等于 PDE cache 输出字段。,派发到 TWU 的 vpn/type/id/ppn/hit_level 必须等于 PDE cache 输出字段。,PTW-AUD-008,Assertion,Assertion + cover property,PTW-AUD-008,PTW-SVA-XBAR-005,,派发到 TWU 的 vpn/type/id/ppn/hit_level 必须等于 PDE cache 输出字段。,P1,mmu/rtl/one_to_four_xbar.sv; mmu/rtl/ptw.sv; mmu/rtl/twu.sv,doc/ptw_uvm_review/ptwspec.md:2163,Planned/Assertion Spec,PTW-SVA-Spec-Import,doc/ptw_uvm_review/ptwspec.md,Imported from heading '13.21.4 Xbar/ready/backpressure 断言'. Source row: SVA ID=PTW-SVA-XBAR-005 | Priority=P1 | 断言要求=派发到 TWU 的 vpn/type/id/ppn/hit_level 必须等于 PDE cache 输出字段。 | 绑定测试点=PTW-AUD-008
PTW-SPEC-IMPORT-PTW-SVA-XBAR-006,backpressure 期间 PDE_xbar_req/vpn/type/id/ppn/hit_level 保持稳定，直到 xbar_pde_ready。,PTW-SVA-XBAR-006,13.21.4 Xbar/ready/backpressure 断言,PTW-SVA-XBAR-006,PTW-SVA-XBAR-006,backpressure 期间 PDE_xbar_req/vpn/type/id/ppn/hit_level 保持稳定，直到 xbar_pde_ready。,backpressure 期间 PDE_xbar_req/vpn/type/id/ppn/hit_level 保持稳定，直到 xbar_pde_ready。,PTW-AUD-008,Assertion,Assertion + cover property,PTW-AUD-008,PTW-SVA-XBAR-006,,backpressure 期间 PDE_xbar_req/vpn/type/id/ppn/hit_level 保持稳定，直到 xbar_pde_ready。,P1,mmu/rtl/one_to_four_xbar.sv; mmu/rtl/ptw.sv; mmu/rtl/twu.sv,doc/ptw_uvm_review/ptwspec.md:2164,Planned/Assertion Spec,PTW-SVA-Spec-Import,doc/ptw_uvm_review/ptwspec.md,Imported from heading '13.21.4 Xbar/ready/backpressure 断言'. Source row: SVA ID=PTW-SVA-XBAR-006 | Priority=P1 | 断言要求=backpressure 期间 PDE_xbar_req/vpn/type/id/ppn/hit_level 保持稳定，直到 xbar_pde_ready。 | 绑定测试点=PTW-AUD-008
PTW-SPEC-IMPORT-TC-GAP-PTW-001,TC-TWU-CSR-FSM-001、TC-TWU-CSR-REFILL-001、TC-TWU-DATA-RDY-001,TC-GAP-PTW-001,13.6 现有 PTW 相关 UVM 测试点归属,TC-GAP-PTW-001,TC-TWU-CSR-FSM-001、TC-TWU-CSR-REFILL-001、TC-TWU-DATA-RDY-001,TC-TWU-CSR-FSM-001、TC-TWU-CSR-REFILL-001、TC-TWU-DATA-RDY-001,TC-TWU-CSR-FSM-001、TC-TWU-CSR-REFILL-001、TC-TWU-DATA-RDY-001,,Requirement Traceability,Source-side scoreboard / monitor / SVA coverage,,,TC-TWU-CSR-FSM-001、TC-TWU-CSR-REFILL-001、TC-TWU-DATA-RDY-001,TC-TWU-CSR-FSM-001、TC-TWU-CSR-REFILL-001、TC-TWU-DATA-RDY-001,Audit,mmu/rtl/ptw.sv; mmu/rtl/twu.sv; mmu/rtl/ptw_mbuf.sv; mmu/rtl/PDE_cache.sv,doc/ptw_uvm_review/ptwspec.md:1489,modify,PTW-Spec-Traceability-Import,doc/ptw_uvm_review/ptwspec.md,Imported from heading '13.6 现有 PTW 相关 UVM 测试点归属'. Source row: Legacy gap ID=TC-GAP-PTW-001 | 包含测试点=TC-TWU-CSR-FSM-001、TC-TWU-CSR-REFILL-001、TC-TWU-DATA-RDY-001 | 本文归属=modify | 必须修正/关闭方向=归 TWU/MAEE/refill wait 检查；需绑定 leaf level、MAEE path、refill grant/wait，不替代 MAEE 4K/degrade correctness。
PTW-SPEC-IMPORT-TC-GAP-PTW-002,TC-PMBUF-FFZ-001、TC-PMBUF-RR-001、TC-PMBUF-ITLB-SLOT-001、TC-PMBUF-MULTI-TWU-001、TC-PMBUF-DEDUP-001、TC-PMBUF-WB-FAIR-001,TC-GAP-PTW-002,13.6 现有 PTW 相关 UVM 测试点归属,TC-GAP-PTW-002,TC-PMBUF-FFZ-001、TC-PMBUF-RR-001、TC-PMBUF-ITLB-SLOT-001、TC-PMBUF-MULTI-TWU-001、TC-PMBUF-DEDUP-001、TC-PMBUF-WB-FAIR-001,TC-PMBUF-FFZ-001、TC-PMBUF-RR-001、TC-PMBUF-ITLB-SLOT-001、TC-PMBUF-MULTI-TWU-001、TC-PMBUF-DEDUP-001、TC-PMBUF-WB-FAIR-001,TC-PMBUF-FFZ-001、TC-PMBUF-RR-001、TC-PMBUF-ITLB-SLOT-001、TC-PMBUF-MULTI-TWU-001、TC-PMBUF-DEDUP-001、TC-PMBUF-WB-FAIR-001,,Requirement Traceability,Source-side scoreboard / monitor / SVA coverage,,,TC-PMBUF-FFZ-001、TC-PMBUF-RR-001、TC-PMBUF-ITLB-SLOT-001、TC-PMBUF-MULTI-TWU-001、TC-PMBUF-DEDUP-001、TC-PMBUF-WB-FAIR-001,TC-PMBUF-FFZ-001、TC-PMBUF-RR-001、TC-PMBUF-ITLB-SLOT-001、TC-PMBUF-MULTI-TWU-001、TC-PMBUF-DEDUP-001、TC-PMBUF-WB-FAIR-001,Audit,mmu/rtl/ptw.sv; mmu/rtl/twu.sv; mmu/rtl/ptw_mbuf.sv; mmu/rtl/PDE_cache.sv,doc/ptw_uvm_review/ptwspec.md:1490,modify,PTW-Spec-Traceability-Import,doc/ptw_uvm_review/ptwspec.md,Imported from heading '13.6 现有 PTW 相关 UVM 测试点归属'. Source row: Legacy gap ID=TC-GAP-PTW-002 | 包含测试点=TC-PMBUF-FFZ-001、TC-PMBUF-RR-001、TC-PMBUF-ITLB-SLOT-001、TC-PMBUF-MULTI-TWU-001、TC-PMBUF-DEDUP-001、TC-PMBUF-WB-FAIR-001 | 本文归属=modify | 必须修正/关闭方向=FFZ/RR/ITLB slot 可归 MBUF-TP-001/002；dedup 不是当前 PTW spec requirement，需删除强 expected 或转为 implementation-only coverage。
PTW-SPEC-IMPORT-TC-GAP-PTW-003,TC-MBUF-FSM-001,TC-GAP-PTW-003,13.6 现有 PTW 相关 UVM 测试点归属,TC-GAP-PTW-003,TC-MBUF-FSM-001,TC-MBUF-FSM-001,TC-MBUF-FSM-001,,Requirement Traceability,Source-side scoreboard / monitor / SVA coverage,,,TC-MBUF-FSM-001,TC-MBUF-FSM-001,Audit,mmu/rtl/ptw.sv; mmu/rtl/twu.sv; mmu/rtl/ptw_mbuf.sv; mmu/rtl/PDE_cache.sv,doc/ptw_uvm_review/ptwspec.md:1491,keep + modify,PTW-Spec-Traceability-Import,doc/ptw_uvm_review/ptwspec.md,Imported from heading '13.6 现有 PTW 相关 UVM 测试点归属'. Source row: Legacy gap ID=TC-GAP-PTW-003 | 包含测试点=TC-MBUF-FSM-001 | 本文归属=keep + modify | 必须修正/关闭方向=作为 mbuf FSM/SVA coverage；必须与 CHK not ready、bus error、abort clear、entry release 条件交叉。
PTW-SPEC-IMPORT-TC-GAP-PTW-004,TC-PDE-ASID-STALE-001、TC-PDE-MUX-001、TC-PDE-CLR-001,TC-GAP-PTW-004,13.6 现有 PTW 相关 UVM 测试点归属,TC-GAP-PTW-004,TC-PDE-ASID-STALE-001、TC-PDE-MUX-001、TC-PDE-CLR-001,TC-PDE-ASID-STALE-001、TC-PDE-MUX-001、TC-PDE-CLR-001,TC-PDE-ASID-STALE-001、TC-PDE-MUX-001、TC-PDE-CLR-001,,Requirement Traceability,Source-side scoreboard / monitor / SVA coverage,,,TC-PDE-ASID-STALE-001、TC-PDE-MUX-001、TC-PDE-CLR-001,TC-PDE-ASID-STALE-001、TC-PDE-MUX-001、TC-PDE-CLR-001,Audit,mmu/rtl/ptw.sv; mmu/rtl/twu.sv; mmu/rtl/ptw_mbuf.sv; mmu/rtl/PDE_cache.sv,doc/ptw_uvm_review/ptwspec.md:1492,modify,PTW-Spec-Traceability-Import,doc/ptw_uvm_review/ptwspec.md,Imported from heading '13.6 现有 PTW 相关 UVM 测试点归属'. Source row: Legacy gap ID=TC-GAP-PTW-004 | 包含测试点=TC-PDE-ASID-STALE-001、TC-PDE-MUX-001、TC-PDE-CLR-001 | 本文归属=modify | 必须修正/关闭方向=PDE cache 不存 ASID；“ASID match”旧口径删除，改 satp change clear-only、双命中 mux、reset/abort/satp/PMP clear 差异。
PTW-SPEC-IMPORT-TC-GAP-PTW-005,PTW-LSU-ID-001、PTW-LSU-ID-002、PTW-LSU-GRANT-001、PTW-LSU-MULTI-001、PTW-LSU-MULTI-002,TC-GAP-PTW-005,13.6 现有 PTW 相关 UVM 测试点归属,TC-GAP-PTW-005,test_pmbuf_req_resp_id_basic_001、test_pmbuf_multi_outstanding_id_001、test_pmbuf_ooo_response_by_id_001、test_pmbuf_grant_hold_addr_id_001,ID/grant multi outstanding and OOO-by-ID legal,旧 single outstanding/no-tag/mandatory in-order expected obsolete,LSUID-TP-001、LSUID-TP-002、LSUMULTI-TP-001、LSUOOO-TP-001、LSUGRANT-TP-001,Requirement Traceability,Source-side scoreboard / monitor / SVA coverage,cp_lsu_two_outstanding;cp_lsu_ooo_response;cp_lsu_grant_wait,PTW-SVA-LSUID-001;PTW-SVA-LSUID-003;PTW-SVA-LSUID-004;PTW-SVA-GRANT-001,,PTW-LSU-ID/MULTI/GRANT rows close TC-GAP-PTW-005,P0,mmu/rtl/ptw_mbuf.sv;mmu/rtl/mbuf_entry.sv,doc/ptw_uvm_review/ptw_lsu_id/ptw_lsu_id_uvm_implementation_plan.md:1448,phase14-updated,PTW-LSU-ID-Traceability,mmu_verification/simu/ptw_source_closure_matrix.csv,Phase14 update: TC-PMBUF-LSU-CHN/MULTI-RESP/NO-DEADLOCK old gap is superseded by request ID echo response ID route grant fire multi-outstanding and OOO-by-ID requirements
PTW-SPEC-IMPORT-TC-GAP-PTW-006,TC-TWU-ADDR-BOUND-001,TC-GAP-PTW-006,13.6 现有 PTW 相关 UVM 测试点归属,TC-GAP-PTW-006,TC-TWU-ADDR-BOUND-001,TC-TWU-ADDR-BOUND-001,TC-TWU-ADDR-BOUND-001,,Requirement Traceability,Source-side scoreboard / monitor / SVA coverage,,,TC-TWU-ADDR-BOUND-001,TC-TWU-ADDR-BOUND-001,Audit,mmu/rtl/ptw.sv; mmu/rtl/twu.sv; mmu/rtl/ptw_mbuf.sv; mmu/rtl/PDE_cache.sv,doc/ptw_uvm_review/ptwspec.md:1494,keep as boundary,PTW-Spec-Traceability-Import,doc/ptw_uvm_review/ptwspec.md,Imported from heading '13.6 现有 PTW 相关 UVM 测试点归属'. Source row: Legacy gap ID=TC-GAP-PTW-006 | 包含测试点=TC-TWU-ADDR-BOUND-001 | 本文归属=keep as boundary | 必须修正/关闭方向=作为 VPN/PPN/PA 边界 smoke；需不引入 PPN 超范围检查。
PTW-SPEC-IMPORT-TC-GAP-PTW-007,TC-AD-A-PGFLT-001、TC-AD-D-PGFLT-001、TC-AD-TRAP-ONLY-001,TC-GAP-PTW-007,13.6 现有 PTW 相关 UVM 测试点归属,TC-GAP-PTW-007,TC-AD-A-PGFLT-001、TC-AD-D-PGFLT-001、TC-AD-TRAP-ONLY-001,TC-AD-A-PGFLT-001、TC-AD-D-PGFLT-001、TC-AD-TRAP-ONLY-001,TC-AD-A-PGFLT-001、TC-AD-D-PGFLT-001、TC-AD-TRAP-ONLY-001,,Requirement Traceability,Source-side scoreboard / monitor / SVA coverage,,,TC-AD-A-PGFLT-001、TC-AD-D-PGFLT-001、TC-AD-TRAP-ONLY-001,TC-AD-A-PGFLT-001、TC-AD-D-PGFLT-001、TC-AD-TRAP-ONLY-001,Audit,mmu/rtl/ptw.sv; mmu/rtl/twu.sv; mmu/rtl/ptw_mbuf.sv; mmu/rtl/PDE_cache.sv,doc/ptw_uvm_review/ptwspec.md:1495,modify,PTW-Spec-Traceability-Import,doc/ptw_uvm_review/ptwspec.md,Imported from heading '13.6 现有 PTW 相关 UVM 测试点归属'. Source row: Legacy gap ID=TC-GAP-PTW-007 | 包含测试点=TC-AD-A-PGFLT-001、TC-AD-D-PGFLT-001、TC-AD-TRAP-ONLY-001 | 本文归属=modify | 必须修正/关闭方向=归 PTW-ADD-018/019/033；A=0 all leaf fault，store D=0 fault，PFU 不检查 D。
PTW-SPEC-IMPORT-TC-GAP-PTW-008,PTW-LSU-ABORT-001、PTW-LSU-ABORT-002、PTW-LSU-ABORT-003、PTW-LSU-ID-003、PDE-UPD-022,TC-GAP-PTW-008,13.6 现有 PTW 相关 UVM 测试点归属,TC-GAP-PTW-008,test_pmbuf_abort_drain_multi_001、test_pmbuf_no_new_req_during_drain_001、test_pmbuf_abort_before_grant_cancel_001、test_pmbuf_bus_error_route_by_id_001、test_pde_abort_drain_no_update_001,abort drain with ID response and bus-error by ID,旧 abort/buserr split updated to response-ID drain no-create no-update semantics,ABDRN-TP-002、ABDRN-TP-003、ABDRN-TP-004、LSUGRANT-TP-003、BUSERR-TP-001,Requirement Traceability,Source-side scoreboard / monitor / SVA coverage,cp_lsu_abort_drain_multi;cp_lsu_abort_before_grant;cp_lsu_buserr_by_id;cp_pde_abort_drain_no_update,PTW-SVA-ABDRN-002;PTW-SVA-ABDRN-003;PTW-SVA-ABDRN-004;PTW-SVA-ABDRN-005;PTW-SVA-GRANT-003;PTW-SVA-BUSERR-001;PTW-SVA-PDE-UPD-025,,PTW-LSU-ABORT/ID/PDE-UPD rows close TC-GAP-PTW-008,P0,mmu/rtl/ptw.sv;mmu/rtl/ptw_mbuf.sv;mmu/rtl/PDE_cache.sv,doc/ptw_uvm_review/ptw_lsu_id/ptw_lsu_id_uvm_implementation_plan.md:1448,phase14-updated,PTW-LSU-ID-Traceability,mmu_verification/simu/ptw_source_closure_matrix.csv,Phase14 update: abort waits response-ID drain blocks new request and PDE update and bus-error route is by response ID
PTW-SPEC-IMPORT-TC-GAP-PTW-009,TC-SATP-WALK-CONSIST-001,TC-GAP-PTW-009,13.6 现有 PTW 相关 UVM 测试点归属,TC-GAP-PTW-009,TC-SATP-WALK-CONSIST-001,TC-SATP-WALK-CONSIST-001,TC-SATP-WALK-CONSIST-001,,Requirement Traceability,Source-side scoreboard / monitor / SVA coverage,,,TC-SATP-WALK-CONSIST-001,TC-SATP-WALK-CONSIST-001,Audit,mmu/rtl/ptw.sv; mmu/rtl/twu.sv; mmu/rtl/ptw_mbuf.sv; mmu/rtl/PDE_cache.sv,doc/ptw_uvm_review/ptwspec.md:1497,modify,PTW-Spec-Traceability-Import,doc/ptw_uvm_review/ptwspec.md,Imported from heading '13.6 现有 PTW 相关 UVM 测试点归属'. Source row: Legacy gap ID=TC-GAP-PTW-009 | 包含测试点=TC-SATP-WALK-CONSIST-001 | 本文归属=modify | 必须修正/关闭方向=按 satp clear-only/in-flight not flushed 建模；普通 UVM 可约束 ASID/PPN change with abort。
PTW-SPEC-IMPORT-TC-GAP-PTW-010,TC-PTW-BUSY-CONSIST-001、TC-PTW-WATCHDOG-001,TC-GAP-PTW-010,13.6 现有 PTW 相关 UVM 测试点归属,TC-GAP-PTW-010,TC-PTW-BUSY-CONSIST-001、TC-PTW-WATCHDOG-001,TC-PTW-BUSY-CONSIST-001、TC-PTW-WATCHDOG-001,TC-PTW-BUSY-CONSIST-001、TC-PTW-WATCHDOG-001,,Requirement Traceability,Source-side scoreboard / monitor / SVA coverage,,,TC-PTW-BUSY-CONSIST-001、TC-PTW-WATCHDOG-001,TC-PTW-BUSY-CONSIST-001、TC-PTW-WATCHDOG-001,Audit,mmu/rtl/ptw.sv; mmu/rtl/twu.sv; mmu/rtl/ptw_mbuf.sv; mmu/rtl/PDE_cache.sv,doc/ptw_uvm_review/ptwspec.md:1498,keep as liveness/stress,PTW-Spec-Traceability-Import,doc/ptw_uvm_review/ptwspec.md,Imported from heading '13.6 现有 PTW 相关 UVM 测试点归属'. Source row: Legacy gap ID=TC-GAP-PTW-010 | 包含测试点=TC-PTW-BUSY-CONSIST-001、TC-PTW-WATCHDOG-001 | 本文归属=keep as liveness/stress | 必须修正/关闭方向=不关闭具体功能；作为 no-deadlock/forward-progress 辅助。若 tlb_busy 指 L1DTLB busy，则重归属 L1DTLB。
PTW-SPEC-IMPORT-TC-GAP-PTW-011,TC-PMP-MIDWALK-001、TC-SYSMAP-MIDWALK-001,TC-GAP-PTW-011,13.6 现有 PTW 相关 UVM 测试点归属,TC-GAP-PTW-011,TC-PMP-MIDWALK-001、TC-SYSMAP-MIDWALK-001,TC-PMP-MIDWALK-001、TC-SYSMAP-MIDWALK-001,TC-PMP-MIDWALK-001、TC-SYSMAP-MIDWALK-001,,Requirement Traceability,Source-side scoreboard / monitor / SVA coverage,,,TC-PMP-MIDWALK-001、TC-SYSMAP-MIDWALK-001,TC-PMP-MIDWALK-001、TC-SYSMAP-MIDWALK-001,Audit,mmu/rtl/ptw.sv; mmu/rtl/twu.sv; mmu/rtl/ptw_mbuf.sv; mmu/rtl/PDE_cache.sv,doc/ptw_uvm_review/ptwspec.md:1499,modify,PTW-Spec-Traceability-Import,doc/ptw_uvm_review/ptwspec.md,Imported from heading '13.6 现有 PTW 相关 UVM 测试点归属'. Source row: Legacy gap ID=TC-GAP-PTW-011 | 包含测试点=TC-PMP-MIDWALK-001、TC-SYSMAP-MIDWALK-001 | 本文归属=modify | 必须修正/关闭方向=PMP change 只清 PDE cache、不 flush；sysmap/MAEE 使用点采样，进入 sysmap 后不回退。
PTW-SPEC-IMPORT-TC-GAP-PTW-012,TC-PTE-RSW-001、TC-MBUF-MULTI-LEVEL-001、TC-CSR-REFILL-PRIO-001,TC-GAP-PTW-012,13.6 现有 PTW 相关 UVM 测试点归属,TC-GAP-PTW-012,TC-PTE-RSW-001、TC-MBUF-MULTI-LEVEL-001、TC-CSR-REFILL-PRIO-001,TC-PTE-RSW-001、TC-MBUF-MULTI-LEVEL-001、TC-CSR-REFILL-PRIO-001,TC-PTE-RSW-001、TC-MBUF-MULTI-LEVEL-001、TC-CSR-REFILL-PRIO-001,,Requirement Traceability,Source-side scoreboard / monitor / SVA coverage,,,TC-PTE-RSW-001、TC-MBUF-MULTI-LEVEL-001、TC-CSR-REFILL-PRIO-001,TC-PTE-RSW-001、TC-MBUF-MULTI-LEVEL-001、TC-CSR-REFILL-PRIO-001,Audit,mmu/rtl/ptw.sv; mmu/rtl/twu.sv; mmu/rtl/ptw_mbuf.sv; mmu/rtl/PDE_cache.sv,doc/ptw_uvm_review/ptwspec.md:1500,modify,PTW-Spec-Traceability-Import,doc/ptw_uvm_review/ptwspec.md,Imported from heading '13.6 现有 PTW 相关 UVM 测试点归属'. Source row: Legacy gap ID=TC-GAP-PTW-012 | 包含测试点=TC-PTE-RSW-001、TC-MBUF-MULTI-LEVEL-001、TC-CSR-REFILL-PRIO-001 | 本文归属=modify | 必须修正/关闭方向=RSW 进 flg 且 no fault；multi-level 覆盖 fst/scd/thd lvl；CSR/refill priority 归 assertion/monitor。
PTW-SPEC-IMPORT-TC-GAP-PTW-013,TC-WAKEUP-COMPLETE-BCAST-001,TC-GAP-PTW-013,13.6 现有 PTW 相关 UVM 测试点归属,TC-GAP-PTW-013,TC-WAKEUP-COMPLETE-BCAST-001,TC-WAKEUP-COMPLETE-BCAST-001,TC-WAKEUP-COMPLETE-BCAST-001,,Requirement Traceability,Source-side scoreboard / monitor / SVA coverage,,,TC-WAKEUP-COMPLETE-BCAST-001,TC-WAKEUP-COMPLETE-BCAST-001,Audit,mmu/rtl/ptw.sv; mmu/rtl/twu.sv; mmu/rtl/ptw_mbuf.sv; mmu/rtl/PDE_cache.sv,doc/ptw_uvm_review/ptwspec.md:1501,re-scope,PTW-Spec-Traceability-Import,doc/ptw_uvm_review/ptwspec.md,Imported from heading '13.6 现有 PTW 相关 UVM 测试点归属'. Source row: Legacy gap ID=TC-GAP-PTW-013 | 包含测试点=TC-WAKEUP-COMPLETE-BCAST-001 | 本文归属=re-scope | 必须修正/关闭方向=归 L1DTLB wakeup consumer-side；不关闭 PTW requirement。
PTW-SPEC-IMPORT-XBAR-TP-001,选择不同 VPN 使 hash 结果为 TWU0/1/2/3,XBAR-TP-001,13.12 PDE cache 类测试点最小矩阵,XBAR-TP-001,XBAR-TP-001,选择不同 VPN 使 hash 结果为 TWU0/1/2/3,xbar_twu_req one-hot 等于 vpn[1:0]^vpn[10:9]^vpn[19:18]^vpn[26:25]，不按 idle-first/round-robin。,选择不同 VPN 使 hash 结果为 TWU0/1/2/3,Requirement Traceability,Source-side scoreboard / monitor / SVA coverage,,,,xbar_twu_req one-hot 等于 vpn[1:0]^vpn[10:9]^vpn[19:18]^vpn[26:25]，不按 idle-first/round-robin。,P0/P1,mmu/rtl/one_to_four_xbar.sv; mmu/rtl/ptw.sv; mmu/rtl/twu.sv,doc/ptw_uvm_review/ptwspec.md:1670,Planned/Spec-Imported,PTW-Spec-Traceability-Import,doc/ptw_uvm_review/ptwspec.md,Imported from heading '13.12 PDE cache 类测试点最小矩阵'. Source row: Testpoint=XBAR-TP-001 | Required scenario=选择不同 VPN 使 hash 结果为 TWU0/1/2/3 | Expected=xbar_twu_req one-hot 等于 vpn[1:0]^vpn[10:9]^vpn[19:18]^vpn[26:25]，不按 idle-first/round-robin。
PTW-SPEC-IMPORT-XBAR-TP-002,hash 目标 TWU mask=1，其他 TWU mask=0,XBAR-TP-002,13.12 PDE cache 类测试点最小矩阵,XBAR-TP-002,XBAR-TP-002,hash 目标 TWU mask=1，其他 TWU mask=0,xbar_pde_ready/ptw_l2tlb_ready 拉低；PDE/L2TLB 请求字段保持；不派发到其他 TWU。,hash 目标 TWU mask=1，其他 TWU mask=0,Requirement Traceability,Source-side scoreboard / monitor / SVA coverage,,,,xbar_pde_ready/ptw_l2tlb_ready 拉低；PDE/L2TLB 请求字段保持；不派发到其他 TWU。,P0/P1,mmu/rtl/one_to_four_xbar.sv; mmu/rtl/ptw.sv; mmu/rtl/twu.sv,doc/ptw_uvm_review/ptwspec.md:1671,Planned/Spec-Imported,PTW-Spec-Traceability-Import,doc/ptw_uvm_review/ptwspec.md,Imported from heading '13.12 PDE cache 类测试点最小矩阵'. Source row: Testpoint=XBAR-TP-002 | Required scenario=hash 目标 TWU mask=1，其他 TWU mask=0 | Expected=xbar_pde_ready/ptw_l2tlb_ready 拉低；PDE/L2TLB 请求字段保持；不派发到其他 TWU。
PTW-SPEC-IMPORT-XBAR-TP-003,hash 目标 TWU mask=0，非目标 TWU mask=1,XBAR-TP-003,13.12 PDE cache 类测试点最小矩阵,XBAR-TP-003,XBAR-TP-003,hash 目标 TWU mask=0，非目标 TWU mask=1,当前请求可 accept；只派发到 hash 目标；非目标 mask 不影响该请求。,hash 目标 TWU mask=0，非目标 TWU mask=1,Requirement Traceability,Source-side scoreboard / monitor / SVA coverage,,,,当前请求可 accept；只派发到 hash 目标；非目标 mask 不影响该请求。,P0/P1,mmu/rtl/one_to_four_xbar.sv; mmu/rtl/ptw.sv; mmu/rtl/twu.sv,doc/ptw_uvm_review/ptwspec.md:1672,Planned/Spec-Imported,PTW-Spec-Traceability-Import,doc/ptw_uvm_review/ptwspec.md,Imported from heading '13.12 PDE cache 类测试点最小矩阵'. Source row: Testpoint=XBAR-TP-003 | Required scenario=hash 目标 TWU mask=0，非目标 TWU mask=1 | Expected=当前请求可 accept；只派发到 hash 目标；非目标 mask 不影响该请求。
PTW-SPEC-IMPORT-XBAR-TP-004,四路 TWU 全 mask,XBAR-TP-004,13.12 PDE cache 类测试点最小矩阵,XBAR-TP-004,XBAR-TP-004,四路 TWU 全 mask,ready 拉低；请求保持；unmask 后同一请求继续按 hash 派发。,四路 TWU 全 mask,Requirement Traceability,Source-side scoreboard / monitor / SVA coverage,,,,ready 拉低；请求保持；unmask 后同一请求继续按 hash 派发。,P0/P1,mmu/rtl/one_to_four_xbar.sv; mmu/rtl/ptw.sv; mmu/rtl/twu.sv,doc/ptw_uvm_review/ptwspec.md:1673,Planned/Spec-Imported,PTW-Spec-Traceability-Import,doc/ptw_uvm_review/ptwspec.md,Imported from heading '13.12 PDE cache 类测试点最小矩阵'. Source row: Testpoint=XBAR-TP-004 | Required scenario=四路 TWU 全 mask | Expected=ready 拉低；请求保持；unmask 后同一请求继续按 hash 派发。
PTW-SPEC-IMPORT-XBAR-TP-005,tlboper_ptw_abort 与 xbar dispatch/ready stall 交叉,XBAR-TP-005,13.12 PDE cache 类测试点最小矩阵,XBAR-TP-005,XBAR-TP-005,tlboper_ptw_abort 与 xbar dispatch/ready stall 交叉,abort 屏蔽未 accept 请求和后续 lookup/update/refill；不产生双派发。,tlboper_ptw_abort 与 xbar dispatch/ready stall 交叉,Requirement Traceability,Source-side scoreboard / monitor / SVA coverage,,,,abort 屏蔽未 accept 请求和后续 lookup/update/refill；不产生双派发。,P0/P1,mmu/rtl/one_to_four_xbar.sv; mmu/rtl/ptw.sv; mmu/rtl/twu.sv,doc/ptw_uvm_review/ptwspec.md:1674,Planned/Spec-Imported,PTW-Spec-Traceability-Import,doc/ptw_uvm_review/ptwspec.md,Imported from heading '13.12 PDE cache 类测试点最小矩阵'. Source row: Testpoint=XBAR-TP-005 | Required scenario=tlboper_ptw_abort 与 xbar dispatch/ready stall 交叉 | Expected=abort 屏蔽未 accept 请求和后续 lookup/update/refill；不产生双派发。
PTW-SPEC-IMPORT-XBAR-TP-006,CSV 旧 idle-first/pointer/round-robin 测试名保留运行,XBAR-TP-006,13.12 PDE cache 类测试点最小矩阵,XBAR-TP-006,XBAR-TP-006,CSV 旧 idle-first/pointer/round-robin 测试名保留运行,expected 必须改为 hash/ready-hold 或标 obsolete-by-spec，不得要求 TWU0>1>2>3、pointer fallback 或 round-robin fairness。,CSV 旧 idle-first/pointer/round-robin 测试名保留运行,Requirement Traceability,Source-side scoreboard / monitor / SVA coverage,,,,expected 必须改为 hash/ready-hold 或标 obsolete-by-spec，不得要求 TWU0>1>2>3、pointer fallback 或 round-robin fairness。,P0/P1,mmu/rtl/one_to_four_xbar.sv; mmu/rtl/ptw.sv; mmu/rtl/twu.sv,doc/ptw_uvm_review/ptwspec.md:1675,Planned/Spec-Imported,PTW-Spec-Traceability-Import,doc/ptw_uvm_review/ptwspec.md,Imported from heading '13.12 PDE cache 类测试点最小矩阵'. Source row: Testpoint=XBAR-TP-006 | Required scenario=CSV 旧 idle-first/pointer/round-robin 测试名保留运行 | Expected=expected 必须改为 hash/ready-hold 或标 obsolete-by-spec，不得要求 TWU0>1>2>3、pointer fallback 或 round-robin fairness。
PTW-LSU-ID-001,PTW LSU request ID equals MBUF entry index,PTW-LSU-ID,PTW_LSU_ID,TC-PMBUF-REQ-RESP-ID-BASIC-001,test_pmbuf_req_resp_id_basic_001,PTW to LSU request carries ID equal to MBUF entry,Verify req ID legality and entry-on after fire,ptw_mem_normal_rsp_seq + lsu_mapped_pipe0_rr_seq,Directed,Assertion + Function Coverage,cp_lsu_req_fire;cp_lsu_req_id_all,PTW-SVA-LSUID-001;PTW-SVA-LSUID-003,ptw_mem_normal_rsp_seq;lsu_mapped_pipe0_rr_seq,req ID mask legal and matching entry set after grant,P0,mmu/rtl/ptw_mbuf.sv;mmu/rtl/mbuf_entry.sv,doc/ptw_uvm_review/ptw_lsu_id/mmu_ptw_mbuf_lsu_id_grant_update.md,Active,Phase14:ptw-lsu-id,mmu_verification/testbench/test/ptw_lsu_protocol_tests/ptw_lsu_id_phase12_tests.svh,test_name=test_pmbuf_req_resp_id_basic_001; checker=mmu_ptw_lsu_protocol_sva; source_matrix=PTW-LSU-ID-001
PTW-LSU-ID-002,PTW LSU response ID routes normal data,PTW-LSU-ID,PTW_LSU_ID,TC-PMBUF-REQ-RESP-ID-BASIC-001,test_pmbuf_req_resp_id_basic_001,PTW normal response data routes by response ID,Verify data only updates matching entry and source key,ptw_mem_normal_rsp_seq + lsu_mapped_pipe0_rr_seq,Directed,Assertion + Function Coverage,cp_lsu_rsp_id_match,PTW-SVA-LSUID-004;PTW-SVA-LSUID-005,ptw_mem_normal_rsp_seq;lsu_mapped_pipe0_rr_seq,response ID match and no other entry side effect,P0,mmu/rtl/ptw_mbuf.sv;mmu/rtl/mbuf_entry.sv,doc/ptw_uvm_review/ptw_lsu_id/mmu_ptw_mbuf_lsu_id_grant_update.md,Active,Phase14:ptw-lsu-id,mmu_verification/testbench/test/ptw_lsu_protocol_tests/ptw_lsu_id_phase12_tests.svh,test_name=test_pmbuf_req_resp_id_basic_001; checker=ptw_source_ref_model; source_matrix=PTW-LSU-ID-002
PTW-LSU-ID-003,PTW LSU bus error response routes by ID,PTW-LSU-ID,PTW_LSU_ID,TC-PMBUF-BUS-ERROR-ROUTE-BY-ID-001,test_pmbuf_bus_error_route_by_id_001,Bus error response uses response ID to select MBUF/source key,Verify access fault source and no normal CHK or PDE update,ptw_mem_bus_error_by_count1_seq + lsu_mapped_pipe0_rr_seq,Directed,Assertion + Function Coverage,cp_lsu_bus_error_data_vld;cp_lsu_bus_error_pending;cp_lsu_bus_error_no_chk;cp_lsu_buserr_by_id,PTW-SVA-BUSERR-001;PTW-SVA-PDE-UPD-026,ptw_mem_bus_error_by_count1_seq;lsu_mapped_pipe0_rr_seq,bus error affects only matching response ID,P0,mmu/rtl/ptw_mbuf.sv;mmu/rtl/mbuf_entry.sv,doc/ptw_uvm_review/ptw_lsu_id/mmu_ptw_mbuf_lsu_id_grant_update.md,Active,Phase14:ptw-lsu-id,mmu_verification/testbench/test/ptw_lsu_protocol_tests/ptw_lsu_id_phase12_tests.svh,test_name=test_pmbuf_bus_error_route_by_id_001; checker=ptw_source_sb; source_matrix=PTW-LSU-ID-003
PTW-LSU-ID-004,PTW LSU invalid response ID no side effect,PTW-LSU-ID,PTW_LSU_ID,TC-PMBUF-INVALID-RSP-ID-IGNORED-001,test_pmbuf_invalid_rsp_id_ignored_001,Invalid response ID 9..15 is illegal stimulus with no entry side effect,Verify no entry clear no get no writeback no PDE update,ptw_mem_invalid_rsp_id_negative_seq,Negative,Assertion + Function Coverage,cp_lsu_invalid_id_ignored,PTW-SVA-LSUID-006,ptw_mem_invalid_rsp_id_negative_seq,invalid response ID ignored and isolated to P2 illegal list,P2,mmu/rtl/ptw_mbuf.sv;mmu/rtl/mbuf_entry.sv,doc/ptw_uvm_review/ptw_lsu_id/mmu_ptw_mbuf_lsu_id_grant_update.md,Active,Phase14:ptw-lsu-id,mmu_verification/testbench/test/ptw_lsu_protocol_tests/ptw_lsu_id_phase12_tests.svh,test_name=test_pmbuf_invalid_rsp_id_ignored_001; negative_only=ptw_p2_illegal_list; source_matrix=PTW-LSU-ID-004
PTW-LSU-GRANT-001,PTW LSU req&&grant fire semantics,PTW-LSU-GRANT,PTW_LSU_GRANT,TC-PMBUF-GRANT-HOLD-ADDR-ID-001,test_pmbuf_grant_hold_addr_id_001,Only req&&grant accepts PTW memory request,Verify ungranted request does not create outstanding,ptw_mem_grant_backpressure_seq + lsu_mapped_pipe0_rr_seq,Directed,Assertion + Function Coverage,cp_lsu_grant_wait,PTW-SVA-GRANT-001;PTW-SVA-GRANT-002,ptw_mem_grant_backpressure_seq,fire occurs only with grant and sets matching entry,P0,mmu/rtl/ptw_mbuf.sv;mmu/rtl/mbuf_entry.sv,doc/ptw_uvm_review/ptw_lsu_id/mmu_ptw_mbuf_lsu_id_grant_update.md,Active,Phase14:ptw-lsu-id,mmu_verification/testbench/test/ptw_lsu_protocol_tests/ptw_lsu_id_phase12_tests.svh,test_name=test_pmbuf_grant_hold_addr_id_001; checker=mmu_ptw_lsu_protocol_sva; source_matrix=PTW-LSU-GRANT-001
PTW-LSU-GRANT-002,PTW LSU address ID size stable before grant,PTW-LSU-GRANT,PTW_LSU_GRANT,TC-PMBUF-GRANT-HOLD-ADDR-ID-001,test_pmbuf_grant_hold_addr_id_001,Pending PTW LSU request fields hold stable while grant is low,Verify addr ID and size stability until grant,ptw_mem_grant_backpressure_seq + lsu_mapped_pipe0_rr_seq,Directed,Assertion + Function Coverage,cp_lsu_grant_wait,PTW-SVA-GRANT-001,ptw_mem_grant_backpressure_seq,addr ID size stable during grant wait,P0,mmu/rtl/ptw_mbuf.sv;mmu/rtl/mbuf_entry.sv,doc/ptw_uvm_review/ptw_lsu_id/mmu_ptw_mbuf_lsu_id_grant_update.md,Active,Phase14:ptw-lsu-id,mmu_verification/testbench/test/ptw_lsu_protocol_tests/ptw_lsu_id_phase12_tests.svh,test_name=test_pmbuf_grant_hold_addr_id_001; checker=ptw_mem_monitor; source_matrix=PTW-LSU-GRANT-002
PTW-LSU-MULTI-001,PTW LSU multiple outstanding IDs legal,PTW-LSU-MULTI,PTW_LSU_MULTI,TC-PMBUF-MULTI-OUTSTANDING-ID-001,test_pmbuf_multi_outstanding_id_001,Different PTW LSU IDs can be outstanding concurrently,Verify at least two different IDs outstanding and credit model tracks peak,ptw_mem_slow_rsp_seq + ptw_mem_max_outstanding_seq,Directed,Function Coverage,cp_lsu_two_outstanding;cp_lsu_max_pressure,PTW-SVA-LSUID-002,ptw_mem_slow_rsp_seq;ptw_mem_max_outstanding_seq,two or more different IDs outstanding without duplicate same ID,P0,mmu/rtl/ptw_mbuf.sv;mmu/rtl/mbuf_entry.sv,doc/ptw_uvm_review/ptw_lsu_id/mmu_ptw_mbuf_lsu_id_grant_update.md,Active,Phase14:ptw-lsu-id,mmu_verification/testbench/test/ptw_lsu_protocol_tests/ptw_lsu_id_phase12_tests.svh,test_name=test_pmbuf_multi_outstanding_id_001; checker=ptw_source_sb; source_matrix=PTW-LSU-MULTI-001
PTW-LSU-MULTI-002,PTW LSU response may be OOO by ID,PTW-LSU-MULTI,PTW_LSU_MULTI,TC-PMBUF-OOO-RESPONSE-BY-ID-001,test_pmbuf_ooo_response_by_id_001,Response order may differ from accept order when ID routes completion,Verify OOO response completes matching source key,ptw_mem_slow_rsp_seq + ptw_mem_ooo_rsp_seq,Directed,Assertion + Function Coverage,cp_lsu_ooo_response,PTW-SVA-LSUID-004;PTW-SVA-LSUID-005,ptw_mem_ooo_rsp_seq,OOO response by ID has no stale or cross-entry completion,P0,mmu/rtl/ptw_mbuf.sv;mmu/rtl/mbuf_entry.sv,doc/ptw_uvm_review/ptw_lsu_id/mmu_ptw_mbuf_lsu_id_grant_update.md,Active,Phase14:ptw-lsu-id,mmu_verification/testbench/test/ptw_lsu_protocol_tests/ptw_lsu_id_phase12_tests.svh,test_name=test_pmbuf_ooo_response_by_id_001; checker=ptw_source_ref_model; source_matrix=PTW-LSU-MULTI-002
PTW-LSU-ABORT-001,PTW LSU abort drains outstanding responses by ID,PTW-LSU-ABORT,PTW_LSU_ABORT,TC-PMBUF-ABORT-DRAIN-MULTI-001,test_pmbuf_abort_drain_multi_001,Abort keeps granted entries on until all response IDs drain,Verify multi outstanding drain completes by response ID,ptw_mem_slow_rsp_seq + ptw_mem_ooo_rsp_seq + mmu_sfence_during_walk_vseq,Error-Injection,Assertion + Function Coverage,cp_lsu_abort_drain_multi,PTW-SVA-ABDRN-005,ptw_mem_slow_rsp_seq;mmu_sfence_during_walk_vseq,drain ends only after all outstanding response IDs clear,P0,mmu/rtl/ptw_mbuf.sv;mmu/rtl/ptw.sv,doc/ptw_uvm_review/ptw_lsu_id/mmu_ptw_mbuf_lsu_id_grant_update.md,Active,Phase14:ptw-lsu-id,mmu_verification/testbench/test/ptw_lsu_protocol_tests/ptw_lsu_id_phase12_tests.svh,test_name=test_pmbuf_abort_drain_multi_001; checker=ptw_source_ref_model; source_matrix=PTW-LSU-ABORT-001
PTW-LSU-ABORT-002,PTW LSU drain blocks create req and PDE update,PTW-LSU-ABORT,PTW_LSU_ABORT,TC-PMBUF-NO-NEW-REQ-DURING-DRAIN-001;TC-PDE-ABORT-DRAIN-NO-UPDATE-001,test_pmbuf_no_new_req_during_drain_001;test_pde_abort_drain_no_update_001,Abort drain prevents new MBUF entry LSU request and PDE update,Verify no create no req no cache update while draining,ptw_mem_slow_rsp_seq + mmu_sfence_during_walk_vseq,Error-Injection,Assertion + Function Coverage,cp_lsu_abort_no_create;cp_lsu_abort_drain_no_req;cp_lsu_abort_drain_no_cache_upd,PTW-SVA-ABDRN-002;PTW-SVA-ABDRN-003;PTW-SVA-ABDRN-004;PTW-SVA-PDE-UPD-025,ptw_mem_slow_rsp_seq;mmu_sfence_during_walk_vseq,drain blocks new PTW LSU traffic and PDE update,P0,mmu/rtl/ptw_mbuf.sv;mmu/rtl/PDE_cache.sv,doc/ptw_uvm_review/ptw_lsu_id/mmu_ptw_mbuf_lsu_id_grant_update.md,Active,Phase14:ptw-lsu-id,mmu_verification/testbench/test/ptw_lsu_protocol_tests/ptw_lsu_id_phase12_tests.svh;mmu_verification/testbench/test/ptw_tests/ptw_lsu_id_phase12_pde_tests.svh,test_name=test_pmbuf_no_new_req_during_drain_001; pde_test=test_pde_abort_drain_no_update_001; source_matrix=PTW-LSU-ABORT-002
PTW-LSU-ABORT-003,PTW LSU abort before grant cancels held req,PTW-LSU-ABORT,PTW_LSU_ABORT,TC-PMBUF-ABORT-BEFORE-GRANT-CANCEL-001,test_pmbuf_abort_before_grant_cancel_001,Held request aborted before grant creates no outstanding,Verify no outstanding and no response expected after cancel,ptw_mem_grant_long_backpressure_seq + mmu_sfence_during_walk_vseq,Error-Injection,Assertion + Function Coverage,cp_lsu_abort_before_grant,PTW-SVA-GRANT-003,ptw_mem_grant_long_backpressure_seq;mmu_sfence_during_walk_vseq,no ungranted request survives abort,P0,mmu/rtl/ptw_mbuf.sv;mmu/rtl/mbuf_entry.sv,doc/ptw_uvm_review/ptw_lsu_id/mmu_ptw_mbuf_lsu_id_grant_update.md,Active,Phase14:ptw-lsu-id,mmu_verification/testbench/test/ptw_lsu_protocol_tests/ptw_lsu_id_phase12_tests.svh,test_name=test_pmbuf_abort_before_grant_cancel_001; checker=ptw_mem_monitor; source_matrix=PTW-LSU-ABORT-003
PDE-UPD-020,PDE consecutive L1 update uses current PLRU way,PDE-UPD,PTW_PDE_UPDATE,TC-PDE-CONSECUTIVE-L1-UPDATE-PLRU-001,test_pde_consecutive_l1_update_plru_001,L1 PDE consecutive nonleaf updates use same-cycle PLRU way,Verify consecutive L1 refill update vectors advance and match PLRU,fast_rsp_l1_consecutive_update,Directed,Assertion + Function Coverage,cp_pde_consecutive_refill;cp_pde_l1_plru_refill,PTW-SVA-PDE-UPD-020;PTW-SVA-PDE-UPD-022,phase12_lsu_id_drive_pde_burst,L1 consecutive update uses current PLRU way,P0,mmu/rtl/PDE_cache.sv;mmu/rtl/pplru.sv,doc/ptw_uvm_review/ptw_lsu_id/mmu_ptw_mbuf_lsu_id_grant_update.md,Active,Phase14:ptw-lsu-id,mmu_verification/testbench/test/ptw_tests/ptw_lsu_id_phase12_pde_tests.svh,test_name=test_pde_consecutive_l1_update_plru_001; checker=mmu_pde_cache_sva; source_matrix=PDE-UPD-020
PDE-UPD-021,PDE consecutive L2 update uses current PLRU way,PDE-UPD,PTW_PDE_UPDATE,TC-PDE-CONSECUTIVE-L2-UPDATE-PLRU-001,test_pde_consecutive_l2_update_plru_001,L2 PDE consecutive nonleaf updates use same-cycle PLRU way,Verify consecutive L2 refill update vectors advance and match PLRU,fast_rsp_l2_consecutive_update,Directed,Assertion + Function Coverage,cp_pde_consecutive_refill;cp_pde_l2_plru_refill,PTW-SVA-PDE-UPD-020;PTW-SVA-PDE-UPD-023,phase12_lsu_id_drive_pde_burst,L2 consecutive update uses current PLRU way,P0,mmu/rtl/PDE_cache.sv;mmu/rtl/pplru.sv,doc/ptw_uvm_review/ptw_lsu_id/mmu_ptw_mbuf_lsu_id_grant_update.md,Active,Phase14:ptw-lsu-id,mmu_verification/testbench/test/ptw_tests/ptw_lsu_id_phase12_pde_tests.svh,test_name=test_pde_consecutive_l2_update_plru_001; checker=mmu_pde_cache_sva; source_matrix=PDE-UPD-021
PDE-UPD-022,PDE abort drain response does not update cache,PDE-UPD,PTW_PDE_UPDATE,TC-PDE-ABORT-DRAIN-NO-UPDATE-001,test_pde_abort_drain_no_update_001,Abort drain late response may carry nonleaf data but must not update PDE,Verify no L1/L2 update vector during abort drain late response,ptw_mem_slow_rsp_seq + mmu_sfence_during_walk_vseq,Error-Injection,Assertion + Function Coverage,cp_pde_abort_drain_no_update;cp_lsu_abort_drain_no_cache_upd,PTW-SVA-PDE-UPD-025;PTW-SVA-ABDRN-004,ptw_mem_slow_rsp_seq;mmu_sfence_during_walk_vseq,no PDE update during abort drain response,P0,mmu/rtl/PDE_cache.sv;mmu/rtl/ptw_mbuf.sv,doc/ptw_uvm_review/ptw_lsu_id/mmu_ptw_mbuf_lsu_id_grant_update.md,Active,Phase14:ptw-lsu-id,mmu_verification/testbench/test/ptw_tests/ptw_lsu_id_phase12_pde_tests.svh,test_name=test_pde_abort_drain_no_update_001; checker=mmu_pde_cache_sva; source_matrix=PDE-UPD-022
PHASE11-MANIFEST-TC-PMBUF-SERIAL-OUTSTANDING-001,Phase11 ptw_lsu_protocol manifest item,F4.42a,ptw_lsu_protocol,TC-PMBUF-SERIAL-OUTSTANDING-001,test_pmbuf_serial_outstanding_001,Phase11 B-stage manifest row for test_pmbuf_serial_outstanding_001,Track source manifest coverage for F4.42a with status Planned,phase11_protocol:94101-94103,Manifest / Regression,Regression list membership,,,phase11_protocol:94101-94103,list_membership=mmu_ptw_lsu_protocol_list|mmu_v3_regression_list; xfail_required=0; blocked_reason=,P0,,doc/archive_merged_20260607/csv/phase11_b_stage_manifest.csv,Planned,Phase11:ptw_lsu_protocol,mmu_ptw_lsu_protocol_list|mmu_v3_regression_list,Imported exact trace_id from doc/archive_merged_20260607/csv/phase11_b_stage_manifest.csv; owner=B; review_mode=A+B; seed_policy=phase11_protocol:94101-94103; legacy wrapper may be superseded by Phase14 ID/grant-compatible rows.
PHASE11-MANIFEST-TC-PMBUF-ADDR-STABLE-001,Phase11 ptw_lsu_protocol manifest item,F4.42a,ptw_lsu_protocol,TC-PMBUF-ADDR-STABLE-001,test_pmbuf_addr_stable_001,Phase11 B-stage manifest row for test_pmbuf_addr_stable_001,Track source manifest coverage for F4.42a with status Planned,phase11_protocol:94101-94103,Manifest / Regression,Regression list membership,,,phase11_protocol:94101-94103,list_membership=mmu_ptw_lsu_protocol_list|mmu_v3_regression_list; xfail_required=0; blocked_reason=,P0,,doc/archive_merged_20260607/csv/phase11_b_stage_manifest.csv,Planned,Phase11:ptw_lsu_protocol,mmu_ptw_lsu_protocol_list|mmu_v3_regression_list,Imported exact trace_id from doc/archive_merged_20260607/csv/phase11_b_stage_manifest.csv; owner=B; review_mode=A+B; seed_policy=phase11_protocol:94101-94103; legacy wrapper may be superseded by Phase14 ID/grant-compatible rows.
PHASE11-MANIFEST-TC-PMBUF-NO-TAG-001,Phase11 ptw_lsu_protocol manifest item,F4.42b,ptw_lsu_protocol,TC-PMBUF-NO-TAG-001,test_pmbuf_no_tag_001,Phase11 B-stage manifest row for test_pmbuf_no_tag_001,Track source manifest coverage for F4.42b with status Planned,phase11_protocol:94101-94103,Manifest / Regression,Regression list membership,,,phase11_protocol:94101-94103,list_membership=mmu_ptw_lsu_protocol_list|mmu_v3_regression_list; xfail_required=0; blocked_reason=,P0,,doc/archive_merged_20260607/csv/phase11_b_stage_manifest.csv,Planned,Phase11:ptw_lsu_protocol,mmu_ptw_lsu_protocol_list|mmu_v3_regression_list,Imported exact trace_id from doc/archive_merged_20260607/csv/phase11_b_stage_manifest.csv; owner=B; review_mode=A+B; seed_policy=phase11_protocol:94101-94103; legacy wrapper may be superseded by Phase14 ID/grant-compatible rows.
PHASE11-MANIFEST-TC-PMBUF-INORDER-RESP-001,Phase11 ptw_lsu_protocol manifest item,F4.42b,ptw_lsu_protocol,TC-PMBUF-INORDER-RESP-001,test_pmbuf_inorder_resp_001,Phase11 B-stage manifest row for test_pmbuf_inorder_resp_001,Track source manifest coverage for F4.42b with status Planned,phase11_protocol:94101-94103,Manifest / Regression,Regression list membership,,,phase11_protocol:94101-94103,list_membership=mmu_ptw_lsu_protocol_list|mmu_v3_regression_list; xfail_required=0; blocked_reason=,P0,,doc/archive_merged_20260607/csv/phase11_b_stage_manifest.csv,Planned,Phase11:ptw_lsu_protocol,mmu_ptw_lsu_protocol_list|mmu_v3_regression_list,Imported exact trace_id from doc/archive_merged_20260607/csv/phase11_b_stage_manifest.csv; owner=B; review_mode=A+B; seed_policy=phase11_protocol:94101-94103; legacy wrapper may be superseded by Phase14 ID/grant-compatible rows.
PHASE11-MANIFEST-TC-PMBUF-PTR-HOLD-001,Phase11 ptw_lsu_protocol manifest item,F4.42c,ptw_lsu_protocol,TC-PMBUF-PTR-HOLD-001,test_pmbuf_ptr_hold_001,Phase11 B-stage manifest row for test_pmbuf_ptr_hold_001,Track source manifest coverage for F4.42c with status Planned,phase11_protocol:94101-94103,Manifest / Regression,Regression list membership,,,phase11_protocol:94101-94103,list_membership=mmu_ptw_lsu_protocol_list|mmu_v3_regression_list; xfail_required=0; blocked_reason=,P1,,doc/archive_merged_20260607/csv/phase11_b_stage_manifest.csv,Planned,Phase11:ptw_lsu_protocol,mmu_ptw_lsu_protocol_list|mmu_v3_regression_list,Imported exact trace_id from doc/archive_merged_20260607/csv/phase11_b_stage_manifest.csv; owner=B; review_mode=A+B; seed_policy=phase11_protocol:94101-94103; legacy wrapper may be superseded by Phase14 ID/grant-compatible rows.
P12-B-00,范围冻结与场景基线,Phase12,doc_frozen,all tests in mmu_v4_phase12_list,范围冻结与场景基线,冻结 Phase 12 runnable scope、F-ID、CG、A/B 边界,22 个 runnable tests、9 个 covergroups、3-seed 策略、A-side pending 项全部书面化,all tests in mmu_v4_phase12_list,Manifest / Stage Task,all 9 phase12 CG,all 9 phase12 CG,handoff doc frozen,all tests in mmu_v4_phase12_list,后续执行不再需要重新定义 Phase 12/13 边界,,doc/phase12_scene_matrix.md; doc/phase12_covergroup_matrix.md; doc/phase12_a_handoff.md; doc/phase12_exit_checklist.md,doc/phase12_b_stage_manifest.csv,doc_frozen,Phase12:P12-B-00,doc/phase12_scene_matrix.md; doc/phase12_covergroup_matrix.md; doc/phase12_a_handoff.md; doc/phase12_exit_checklist.md,Imported from doc/phase12_b_stage_manifest.csv; owner=B; a_handoff=handoff doc frozen
P12-B-01,MAEE wrapper family,Phase12,implementation_frozen,test_mmu_twu_maee0_csr_path|test_mmu_twu_maee0_csr_symmetric|test_mmu_twu_maee1_direct_refill|test_mmu_twu_maee_dynamic_switch,MAEE wrapper family,4 个 MAEE 专项 wrapper，覆盖 MAEE=0/1/switch,每个 wrapper 明确 trace_id、checker、reviewer、目标路径；至少一条用例覆盖 mid-translation switch,test_mmu_twu_maee0_csr_path|test_mmu_twu_maee0_csr_symmetric|test_mmu_twu_maee1_direct_refill|test_mmu_twu_maee_dynamic_switch,Manifest / Stage Task,cg_maee_leaf_level|cg_maee_path,cg_maee_leaf_level|cg_maee_path,A 实现 3 条 MAEE SVA + cover property,test_mmu_twu_maee0_csr_path|test_mmu_twu_maee0_csr_symmetric|test_mmu_twu_maee1_direct_refill|test_mmu_twu_maee_dynamic_switch,`cg_maee_leaf_level` 与 `cg_maee_path` 都有直接 stimulus owner；A 可据此实现 `mmu_maee_twu_sva.sv`,,mmu_verification/testbench/test/maee_twu_tests/test_mmu_twu_maee0_csr_path.svh; mmu_verification/testbench/test/maee_twu_tests/test_mmu_twu_maee0_csr_symmetric.svh; mmu_verification/testbench/test/maee_twu_tests/test_mmu_twu_maee1_direct_refill.svh; mmu_verification/testbench/test/maee_twu_tests/test_mmu_twu_maee_dynamic_switch.svh; mmu_verification/testbench/test/maee_twu_tests/maee_twu_tests_suite.svh,doc/phase12_b_stage_manifest.csv,implementation_frozen,Phase12:P12-B-01,mmu_verification/testbench/test/maee_twu_tests/test_mmu_twu_maee0_csr_path.svh; mmu_verification/testbench/test/maee_twu_tests/test_mmu_twu_maee0_csr_symmetric.svh; mmu_verification/testbench/test/maee_twu_tests/test_mmu_twu_maee1_direct_refill.svh; mmu_verification/testbench/test/maee_twu_tests/test_mmu_twu_maee_dynamic_switch.svh; mmu_verification/testbench/test/maee_twu_tests/maee_twu_tests_suite.svh,Imported from doc/phase12_b_stage_manifest.csv; owner=B; a_handoff=A 实现 3 条 MAEE SVA + cover property
P12-B-02,PTW-ready family,Phase12,implementation_frozen,test_mmu_ptw_ready_all_mask_low|test_mmu_ptw_ready_one_unblock|test_mmu_ptw_ready_l2tlb_stall,PTW-ready family,3 个 ready 反压 wrapper,分别承担 ready fall、ready rise、ready=0 stall protocol，且不混淆责任,test_mmu_ptw_ready_all_mask_low|test_mmu_ptw_ready_one_unblock|test_mmu_ptw_ready_l2tlb_stall,Manifest / Stage Task,cg_ptw_ready_transition,cg_ptw_ready_transition,A 复核 `sva_ptw_l2tlb_ready_when_all_mask` 绑定口径,test_mmu_ptw_ready_all_mask_low|test_mmu_ptw_ready_one_unblock|test_mmu_ptw_ready_l2tlb_stall,`F4.NEW.6` 三条路径都可单独定位；`cg_ptw_ready_transition` 的 rise/fall/hold-low 都有 owner,,mmu_verification/testbench/test/ptw_tests/test_mmu_ptw_ready_all_mask_low.svh; mmu_verification/testbench/test/ptw_tests/test_mmu_ptw_ready_one_unblock.svh; mmu_verification/testbench/test/ptw_tests/test_mmu_ptw_ready_l2tlb_stall.svh; mmu_verification/testbench/test/ptw_tests/ptw_tests_suite.svh,doc/phase12_b_stage_manifest.csv,implementation_frozen,Phase12:P12-B-02,mmu_verification/testbench/test/ptw_tests/test_mmu_ptw_ready_all_mask_low.svh; mmu_verification/testbench/test/ptw_tests/test_mmu_ptw_ready_one_unblock.svh; mmu_verification/testbench/test/ptw_tests/test_mmu_ptw_ready_l2tlb_stall.svh; mmu_verification/testbench/test/ptw_tests/ptw_tests_suite.svh,Imported from doc/phase12_b_stage_manifest.csv; owner=B; a_handoff=A 复核 `sva_ptw_l2tlb_ready_when_all_mask` 绑定口径
P12-B-03,TWU idle vs mask family,Phase12,implementation_frozen,test_mmu_twu_idle_implies_no_mask|test_mmu_mbuf_have_no_resend|test_mmu_mbuf_multi_twu_independent_ready,TWU idle vs mask family,1 个 idle/mask 语义 wrapper，外加 busy 补充场景来自 MBUF tests,明确 `idle=1 -> mask=0` 与 `mask=0 / idle=0` 合法忙态的区分,test_mmu_twu_idle_implies_no_mask|test_mmu_mbuf_have_no_resend|test_mmu_mbuf_multi_twu_independent_ready,Manifest / Stage Task,cg_twu_idle_vs_mask_state,cg_twu_idle_vs_mask_state,A 复核 `sva_twu_idle_implies_no_mask` 的非法组合定义,test_mmu_twu_idle_implies_no_mask|test_mmu_mbuf_have_no_resend|test_mmu_mbuf_multi_twu_independent_ready,`cg_twu_idle_vs_mask_state` 至少覆盖 legal idle、legal busy、illegal reserved 三类 bin intent,,mmu_verification/testbench/test/ptw_tests/test_mmu_twu_idle_implies_no_mask.svh; mmu_verification/testbench/test/ptw_tests/ptw_tests_suite.svh,doc/phase12_b_stage_manifest.csv,implementation_frozen,Phase12:P12-B-03,mmu_verification/testbench/test/ptw_tests/test_mmu_twu_idle_implies_no_mask.svh; mmu_verification/testbench/test/ptw_tests/ptw_tests_suite.svh,Imported from doc/phase12_b_stage_manifest.csv; owner=B; a_handoff=A 复核 `sva_twu_idle_implies_no_mask` 的非法组合定义
P12-B-04,PDE Cache hit-level family,Phase12,implementation_frozen,test_mmu_pde_cache_hit_l3_skip_thd|test_mmu_pde_cache_hit_l2_skip_scd|test_mmu_pde_cache_full_miss_full_ptw,PDE Cache hit-level family,3 个 hit-level wrapper,L3/L2/MISS 三种命中编码一一对应；同时固化 skip-stage 语义,test_mmu_pde_cache_hit_l3_skip_thd|test_mmu_pde_cache_hit_l2_skip_scd|test_mmu_pde_cache_full_miss_full_ptw,Manifest / Stage Task,cg_xbar_hit_level,cg_xbar_hit_level,A 复核命中编码与 skip-stage 解释,test_mmu_pde_cache_hit_l3_skip_thd|test_mmu_pde_cache_hit_l2_skip_scd|test_mmu_pde_cache_full_miss_full_ptw,`cg_xbar_hit_level` 的 `100/010/000` 都可由单独 test 解释；A 可据此 review `sva_twu_skip_stage_on_hit`,,mmu_verification/testbench/test/ptw_tests/test_mmu_pde_cache_hit_l3_skip_thd.svh; mmu_verification/testbench/test/ptw_tests/test_mmu_pde_cache_hit_l2_skip_scd.svh; mmu_verification/testbench/test/ptw_tests/test_mmu_pde_cache_full_miss_full_ptw.svh; mmu_verification/testbench/test/ptw_tests/ptw_tests_suite.svh,doc/phase12_b_stage_manifest.csv,implementation_frozen,Phase12:P12-B-04,mmu_verification/testbench/test/ptw_tests/test_mmu_pde_cache_hit_l3_skip_thd.svh; mmu_verification/testbench/test/ptw_tests/test_mmu_pde_cache_hit_l2_skip_scd.svh; mmu_verification/testbench/test/ptw_tests/test_mmu_pde_cache_full_miss_full_ptw.svh; mmu_verification/testbench/test/ptw_tests/ptw_tests_suite.svh,Imported from doc/phase12_b_stage_manifest.csv; owner=B; a_handoff=A 复核命中编码与 skip-stage 解释
P12-B-05,TWU exception bypass family,Phase12,implementation_frozen,test_mmu_twu_pgflt_bypass_arb|test_mmu_twu_accerr_bypass_arb|test_mmu_twu_except_conflict_pgflt_accflt,TWU exception bypass family,3 个异常直通 wrapper,pgflt 直通、accerr 直通、互斥性检查分离实现，不做大杂烩组合 test,test_mmu_twu_pgflt_bypass_arb|test_mmu_twu_accerr_bypass_arb|test_mmu_twu_except_conflict_pgflt_accflt,Manifest / Stage Task,cg_twu_except_while_arb_busy,cg_twu_except_while_arb_busy,A 复核 `sva_twu_except_bypasses_arb` / `sva_twu_pgflt_acc_mutex`,test_mmu_twu_pgflt_bypass_arb|test_mmu_twu_accerr_bypass_arb|test_mmu_twu_except_conflict_pgflt_accflt,`cg_twu_except_while_arb_busy` 的 except_type 与 arb_busy 关键交叉有 owner,,mmu_verification/testbench/test/ptw_tests/test_mmu_twu_pgflt_bypass_arb.svh; mmu_verification/testbench/test/ptw_tests/test_mmu_twu_accerr_bypass_arb.svh; mmu_verification/testbench/test/ptw_tests/test_mmu_twu_except_conflict_pgflt_accflt.svh; mmu_verification/testbench/test/ptw_tests/ptw_tests_suite.svh,doc/phase12_b_stage_manifest.csv,implementation_frozen,Phase12:P12-B-05,mmu_verification/testbench/test/ptw_tests/test_mmu_twu_pgflt_bypass_arb.svh; mmu_verification/testbench/test/ptw_tests/test_mmu_twu_accerr_bypass_arb.svh; mmu_verification/testbench/test/ptw_tests/test_mmu_twu_except_conflict_pgflt_accflt.svh; mmu_verification/testbench/test/ptw_tests/ptw_tests_suite.svh,Imported from doc/phase12_b_stage_manifest.csv; owner=B; a_handoff=A 复核 `sva_twu_except_bypasses_arb` / `sva_twu_pgflt_acc_mutex`
P12-B-06,MBUF ready/have gating family,Phase12,implementation_frozen,test_mmu_mbuf_ready_gate_no_early_vld|test_mmu_mbuf_have_no_resend|test_mmu_mbuf_multi_twu_independent_ready,MBUF ready/have gating family,3 个 MBUF 门控 wrapper,覆盖 ready=0 不提前发 vld、have=1 不重发、multi-TWU 独立 ready 三条主线,test_mmu_mbuf_ready_gate_no_early_vld|test_mmu_mbuf_have_no_resend|test_mmu_mbuf_multi_twu_independent_ready,Manifest / Stage Task,cg_twu_data_ready_per_stage,cg_twu_data_ready_per_stage,A 复核 `sva_mbuf_waits_twu_ready` / `sva_mbuf_have_no_resend`,test_mmu_mbuf_ready_gate_no_early_vld|test_mmu_mbuf_have_no_resend|test_mmu_mbuf_multi_twu_independent_ready,`cg_twu_data_ready_per_stage` 的 stage/data_ready/have/share_mode 都有主 owner,,mmu_verification/testbench/test/ptw_tests/test_mmu_mbuf_ready_gate_no_early_vld.svh; mmu_verification/testbench/test/ptw_tests/test_mmu_mbuf_have_no_resend.svh; mmu_verification/testbench/test/ptw_tests/test_mmu_mbuf_multi_twu_independent_ready.svh; mmu_verification/testbench/test/ptw_tests/ptw_tests_suite.svh,doc/phase12_b_stage_manifest.csv,implementation_frozen,Phase12:P12-B-06,mmu_verification/testbench/test/ptw_tests/test_mmu_mbuf_ready_gate_no_early_vld.svh; mmu_verification/testbench/test/ptw_tests/test_mmu_mbuf_have_no_resend.svh; mmu_verification/testbench/test/ptw_tests/test_mmu_mbuf_multi_twu_independent_ready.svh; mmu_verification/testbench/test/ptw_tests/ptw_tests_suite.svh,Imported from doc/phase12_b_stage_manifest.csv; owner=B; a_handoff=A 复核 `sva_mbuf_waits_twu_ready` / `sva_mbuf_have_no_resend`
P12-B-07,Arb grant / fairness family,Phase12,implementation_frozen,test_mmu_arb_grant_onehot_check|test_mmu_arb_refill_except_priority|test_mmu_arb_multi_twu_fairness,Arb grant / fairness family,3 个 arb 行为 wrapper,one-hot、except 优先级、fairness 各自独立成用例,test_mmu_arb_grant_onehot_check|test_mmu_arb_refill_except_priority|test_mmu_arb_multi_twu_fairness,Manifest / Stage Task,cg_arb_grant_type,cg_arb_grant_type,A 复核 arb grant 与 exception priority 的 SVA 解释,test_mmu_arb_grant_onehot_check|test_mmu_arb_refill_except_priority|test_mmu_arb_multi_twu_fairness,`cg_arb_grant_type` 的 grant_type/concurrent_req/priority_case 至少有一条 test 命中,,mmu_verification/testbench/test/ptw_tests/test_mmu_arb_grant_onehot_check.svh; mmu_verification/testbench/test/ptw_tests/test_mmu_arb_refill_except_priority.svh; mmu_verification/testbench/test/ptw_tests/test_mmu_arb_multi_twu_fairness.svh; mmu_verification/testbench/test/ptw_tests/ptw_tests_suite.svh,doc/phase12_b_stage_manifest.csv,implementation_frozen,Phase12:P12-B-07,mmu_verification/testbench/test/ptw_tests/test_mmu_arb_grant_onehot_check.svh; mmu_verification/testbench/test/ptw_tests/test_mmu_arb_refill_except_priority.svh; mmu_verification/testbench/test/ptw_tests/test_mmu_arb_multi_twu_fairness.svh; mmu_verification/testbench/test/ptw_tests/ptw_tests_suite.svh,Imported from doc/phase12_b_stage_manifest.csv; owner=B; a_handoff=A 复核 arb grant 与 exception priority 的 SVA 解释
P12-B-08,PTW->arb VPN / PGS family,Phase12,implementation_frozen,test_mmu_arb_vpn_match_tag_din|test_mmu_arb_pgs_bank_select,PTW->arb VPN / PGS family,2 个 PTW->arb 一致性 wrapper,vpn 字段一致性与 4K/2M/1G bank 选择拆开实现,test_mmu_arb_vpn_match_tag_din|test_mmu_arb_pgs_bank_select,Manifest / Stage Task,cg_ptw_arb_pgs_type,cg_ptw_arb_pgs_type,A 复核 `sva_ptw_arb_vpn_matches_tag`,test_mmu_arb_vpn_match_tag_din|test_mmu_arb_pgs_bank_select,`cg_ptw_arb_pgs_type` 的 pgs/vpn_match/bank_select 维度有直接 owner,,mmu_verification/testbench/test/ptw_tests/test_mmu_arb_vpn_match_tag_din.svh; mmu_verification/testbench/test/ptw_tests/test_mmu_arb_pgs_bank_select.svh; mmu_verification/testbench/test/ptw_tests/ptw_tests_suite.svh,doc/phase12_b_stage_manifest.csv,implementation_frozen,Phase12:P12-B-08,mmu_verification/testbench/test/ptw_tests/test_mmu_arb_vpn_match_tag_din.svh; mmu_verification/testbench/test/ptw_tests/test_mmu_arb_pgs_bank_select.svh; mmu_verification/testbench/test/ptw_tests/ptw_tests_suite.svh,Imported from doc/phase12_b_stage_manifest.csv; owner=B; a_handoff=A 复核 `sva_ptw_arb_vpn_matches_tag`
P12-B-09,Phase 12 whitebox covergroups / probes,Phase12,joint_pending,phase12 full list,Phase 12 whitebox covergroups / probes,9 个 Phase 12 CG 的宿主、采样口、probe 缺口与命中责任冻结,每个 CG 至少定义 feature、bin intent、candidate tests、probe status,phase12 full list,Manifest / Stage Task,cg_ptw_ready_transition|cg_twu_idle_vs_mask_state|cg_xbar_hit_level|cg_twu_except_while_arb_busy|cg_twu_data_ready_per_stage|cg_arb_grant_type|cg_ptw_arb_pgs_type|cg_maee_leaf_level|cg_maee_path,cg_ptw_ready_transition|cg_twu_idle_vs_mask_state|cg_xbar_hit_level|cg_twu_except_while_arb_busy|cg_twu_data_ready_per_stage|cg_arb_grant_type|cg_ptw_arb_pgs_type|cg_maee_leaf_level|cg_maee_path,A review probe 命名与 SVA 采样节拍,phase12 full list,不存在“以后看波形再说”的采样口灰区；probe 缺口都已书面列出,,mmu_verification/testbench/env/mmu_env_cg_whitebox.svh; mmu_verification/testbench/env/mmu_dut_probes_if.sv; mmu_verification/testbench/top/tb_top.sv; doc/phase12_covergroup_matrix.md,doc/phase12_b_stage_manifest.csv,joint_pending,Phase12:P12-B-09,mmu_verification/testbench/env/mmu_env_cg_whitebox.svh; mmu_verification/testbench/env/mmu_dut_probes_if.sv; mmu_verification/testbench/top/tb_top.sv; doc/phase12_covergroup_matrix.md,Imported from doc/phase12_b_stage_manifest.csv; owner=B 主，A review; a_handoff=A review probe 命名与 SVA 采样节拍
P12-B-10,回归列表与执行口径,Phase12,implementation_frozen,all tests in mmu_v4_phase12_list,回归列表与执行口径,1 份主 list + 1 份退出清单,list 按 MAEE / PTW-ready / TWU-bypass 三大桶分组；默认 seed 为 95101 95102 95103,all tests in mmu_v4_phase12_list,Manifest / Stage Task,phase12 union,phase12 union,A 在 Makefile 中消费该 list,all tests in mmu_v4_phase12_list,Phase 12 runnable scope 只有一个主 list；执行命令与证据要求明确,,mmu_verification/simu/mmu_v4_phase12_list; doc/phase12_exit_checklist.md,doc/phase12_b_stage_manifest.csv,implementation_frozen,Phase12:P12-B-10,mmu_verification/simu/mmu_v4_phase12_list; doc/phase12_exit_checklist.md,Imported from doc/phase12_b_stage_manifest.csv; owner=B; a_handoff=A 在 Makefile 中消费该 list
P12-B-11,A handoff 与最终 gate,Phase12,joint_pending,phase12 full list,A handoff 与最终 gate,明确 B done / A pending / joint review hooks；闭环 TaskDivision Phase 12 退出准则,A 侧要件、B 侧触发测试、review 证据、最终 gate 全部对应起来,phase12 full list,Manifest / Stage Task,all 9 phase12 CG + 3 MAEE SVA cover property,all 9 phase12 CG + 3 MAEE SVA cover property,A 完成后按 exit checklist 合并签收,phase12 full list,Phase 12 结束时能提交 compile log、3-seed summary、SVA cover 统计、CG 报告和场景矩阵,,doc/phase12_a_handoff.md; doc/phase12_exit_checklist.md; testbench/top/mmu_maee_twu_sva.sv; testbench/top/mmu_pmp_twu_sva.sv; Makefile,doc/phase12_b_stage_manifest.csv,joint_pending,Phase12:P12-B-11,doc/phase12_a_handoff.md; doc/phase12_exit_checklist.md; testbench/top/mmu_maee_twu_sva.sv; testbench/top/mmu_pmp_twu_sva.sv; Makefile,Imported from doc/phase12_b_stage_manifest.csv; owner=B 文档，A 实现; a_handoff=A 完成后按 exit checklist 合并签收
